motif_id,prevalence,env_MI,spatial_moran,pareidolic_kw,name,description,prev_decile,z_env,z_spatial,env_lock
i123_2,7,0.023154768643435325,0.04529637086807413,True,Altair is the Sun’s messenger,Altair or Vega with a weak nearby star are believed to appear on the sky immediately after winter solstice though really it is not so,0,4.800344387425825,0.016596523176258295,4.783747864249566
g8a_10,20,0.04268772748993193,0.04584096130048014,False,Cutting tree to make a canoe,"To make some object (usually a canoe), person cuts a tree, goes away, returns, finds the tree intact. Usually another person who was restoring the tree by magic fells it down himself and makes a canoe for the hero",5,3.0492567984469514,-1.0319043117561462,4.081161110203098
a31a_5,9,0.02336953919724215,0.05328965541577114,False,The cut off breast,"When a woman gets know that her husband or lover did something against accepted rules of behavior, she cuts off her breast and shows it to him",1,3.5958689535481803,-0.26350760101717297,3.8593765545653533
m29b_9,339,0.13477872953921183,0.3677114108365402,False,"Trickster-fox, jackal or coyote","In episodes related to deception, absurd, obscene or anti-social behavior the protagonist is fox, jackal or coyote",9,5.675737595994154,2.1070956660825395,3.5686419299116148
b4_3,34,0.0556199296849437,0.11486391280328444,False,The fished out earth,Islands or continent are fished out of the ocean or pulled to their present place by rope,6,3.2667596219919397,-0.22771875296936928,3.494478374961309
a32f_2,69,0.07169394417824762,0.17475764972007393,True,Water-carrier in the Moon,Person who went to fetch water and/or holds in hands a container for liquid is seen in the moon,8,3.48872583369198,0.055682883954709404,3.4330429497372705
L72b_10,48,0.058770275462086026,0.1100792849699003,False,,,7,3.0018483839286603,-0.3414776879559682,3.3433260718846283
m5a_9,17,0.035774429267627875,0.06713436416737632,False,Rat in the water,A rat or other animal which cannot swim well rides a canoe with other creatures who can swim or fly and unlike them gets into trouble when the canoe sinks. Usually a water creature carries the rat to the shore but the latter defecates on its savior or kills it,4,2.7659760125263793,-0.4295410318041538,3.195517044330533
m101_11,12,0.02813506608689202,0.07007980280420341,False,Who is afraid of whom? (Fox and Bear),"Fox tells that he is afraid of people, Bear tells that he is afraid of partridges. Fox hunts partridges, Bear attacks people and is wounded or killed",2,2.9890306238319098,-0.202867906951586,3.191898530783496
b42b_2,62,0.06567999316328577,0.15476624754734597,True,Sky hunters pursue an ungulate,"In the cosmic hunt tale the game pursued by the hunters is an ungulate (elk, deer, mountain sheep, etc.)",8,3.0238995875217176,-0.16181369571055287,3.1857132832322703
b38b_7,17,0.03643229389341787,0.07507743475614367,False,Raven and loon paint each other,Raven and loon paint each other,4,2.8584104237099175,-0.2766691564190083,3.135079580128926
b42f_2,47,0.059412448867826526,0.13721209429912942,True,Ursus major is an ungulate,"Ursus major (seven stars or only four stars of a dipper) is identified with an ungulate (elk, deer, mountain sheep, etc.)",7,3.05537088509405,-0.04597594206281283,3.101346827156863
f91_10,10,0.02683080999126714,0.06429021305167595,False,A worm-breeder,A man lets his wife to be eaten up by worms. She either dies or has a narrow escape,2,2.7334652556053607,-0.30917478295725387,3.0426400385626144
c6d_3,146,0.09679332247904533,0.23862718242526115,False,The earth-diver,Persons or creatures get from the bottom of the ocean or from the lower world small amount of solid substance which turns into the earth,9,3.610414431870272,0.7079853530520118,2.90242907881826
c6c_3,70,0.061319598295026576,0.15601116414675759,False,The diver is a bird,An aquatic bird brings the desired object from under the water,8,2.6868788879199847,-0.1482696181115383,2.835148506031523
c6_10,161,0.09342850510637402,0.23844902467207355,False,The diver,Persons or animals dive to get something from the bottom of the water body,9,3.4274642991570157,0.7060543475922515,2.7214099515647643
h22a_7,9,0.015952371515979405,0.015352365241368609,False,Animals disperse after being touched by people,"Big game animals were concentrated in one place, had no fear of people. They escape and disperse after somebody slightly strikes or stains them",1,1.5513162908635192,-1.159550418036815,2.710866708900334
b38c_7,19,0.03558797088151596,0.09294232711185622,False,Tail base of the loon,Person kicks loon or other water bird. Since then this bird has flat tail base and it walks on dry land with difficulty,4,2.7397773533268657,0.06715752464229476,2.672619828684571
k44b_10,7,0.015352240137628662,0.03378098657039184,False,,,0,2.2508318267526137,-0.3728804657688091,2.623712292521423
f30a_5,14,0.027497940172658834,0.08032129130734673,False,Worm-baby,"Woman is nursing a worm, caterpillar or reptile as her baby. People kill the monster",3,2.662188400640117,0.05222629785229912,2.609962102787818
b42k_2,21,0.02892248331645951,0.028294698104977107,False,Cosmic hunt and the Pleiades,In the cosmic hunt tale either hunters or game is identified with the Pleiades,5,1.279860185601252,-1.2826337883360044,2.562493973937256
e9a_5,10,0.024246520359827915,0.06372134260054817,False,Fox-wife,Man maries fox-woman,2,2.227080862633528,-0.31962022781540284,2.546701090448931
a32d_2,250,0.08957804643954727,0.2367084464889765,True,Man in the Moon,Human being or imprint of human being is seen in the moon,9,3.218109125879481,0.6871886742518339,2.5309204516276473
k45_7,12,0.022622358392673205,0.048082161053792566,False,Sedna (fingers cut off),"A man throws a woman into the water. She tries to snatch at something, he cuts her fingers off. Usually the woman or/and the cut off fingers turn into water creatures",2,1.9088308252460615,-0.6067826356173178,2.5156134608633796
k37a_10,37,0.04973751686714347,0.11828390522046286,False,To recognize a man,Person must recognize her (or his) son or husband among several identical persons or (if the son or husband is temporarily transformed) animals,7,2.2490052607117854,-0.2521216769726242,2.5011269376844094
k37d_10,6,0.01331833433114046,0.01831535003681494,False,,,0,1.5862436234530286,-0.8959641417889586,2.482207765241987
h23_7,10,0.019933168482267862,0.02233128137976675,False,Fat horns,"Objects that are now stiff and inedible  (animal horns, tree fungi, heartwood) contained fat or marrow",2,1.381891513258727,-1.07961330057911,2.461504813837837
a32e_2,126,0.08120458185202692,0.20128504794385962,True,Person with an object in hands,Person who holds some object in his or her hands is seen in the moon,9,2.7628313833194413,0.3032436885859238,2.4595876947335173
b71_3,35,0.0438196563606326,0.10692637910628604,False,Aurora borealis,"Aurora borealis is spirits (of the dead) who run holding burning torches, play or fight with each other",6,2.1378201524819156,-0.31765862473443085,2.4554787772163467
b42mn_2,17,0.03411014577247946,0.09418333788578621,False,,,4,2.5321329711380542,0.09104194594557938,2.441091025192475
b81_7,10,0.023125918430398146,0.05820693698936864,False,Rifle for dog,Creator and his opponent ponder upon should the dog be able to use a bow or fire-arms,2,2.0075020194210764,-0.42087424729004796,2.4283762667111244
b11a_3,7,0.01529720003656548,0.040094014406215364,False,Mammoth creates the landscape,Mammoth described as an underground creature moves across the earth while it is still wet creating the present landscape,0,2.232847217161393,-0.15935923112639927,2.392206448287792
i56_8,26,0.03825259029690305,0.12419715590706243,False,Ghosts do not see people from earth,Person who gets into another world is invisible for its inhabitants and his touch makes local person ill,5,2.4791603564256346,0.08777612627199505,2.3913842301536397
b64_7,19,0.03238702588308358,0.08429660699146918,False,The bony fish,Bones of fresh-water fish are result of a fighting or military expedition. The bones are arrows that have pierced the fish bodies (gill openings are pierced by arrows) or the small bones are fragments of originally big ones,4,2.2900230200463905,-0.09923750283331532,2.389260522879706
d4c_3,22,0.03884493671000773,0.1319229750626767,False,Acquisition of summer,Warm season is obtained from its original owners,5,2.555301086206408,0.1981751651701616,2.3571259210362463
b64b_7,8,0.015871168904444927,0.0324444172363695,False,Small bones: war between different fish,Fish of two species shoot arrows into each other. Since then there are many small bones in the fish or some bones are forked,1,1.5289326772303566,-0.7558523587436808,2.2847850359740374
B42m1_2,7,0.018438446239072363,0.07408087992196435,False,,,0,3.2592640567151694,0.9901553402126659,2.2691087165025037
e9i_5,65,0.051924990037430487,0.1420801698720261,False,Swan-wife,"Man marries swan- (or goose-, duck-, crane-)woman; supernatural woman takes form of a swan, etc.",8,1.9607571619939814,-0.29983195375520133,2.2605891157491826
f65d_11,9,0.018037449642984395,0.06066717973918308,False,The feigned burial: wife does not believe,"A man feigns death and is abandoned at the burial place. His wife (mother, aunt) gets to know about the deceit and provokes the man to show that he is alive",1,2.126070997736727,-0.08925747279263982,2.2153284705293665
k54_10,28,0.04361278249392773,0.12677880766282926,False,Two giants,"A man meets a dangerous giant (or serpent) who proves to be friendly to him. When another giant fights with the first one, the man helps his friend",6,2.118028401315261,-0.09271156349855289,2.2107399648138135
m94_11,23,0.03570867581452461,0.11401025205780925,False,Sliding downhill,"Person tricks another to slide down a hill knowing that sharp poles, etc. or an open water are below",5,2.1521633477445996,-0.057790883730864294,2.209954231475464
i84_2,24,0.03884035906962866,0.14264996804792424,False,Milky Way is a snow-shoes track,Milky Way is a path of a person who was walking on snow-shoes,5,2.5547126722793116,0.3514598450190449,2.2032528272602665
f49_5,63,0.045590802576688766,0.10419347249422813,False,The abnormal birth,Cesarean operation upon a woman at childbirth as a custom,8,1.471179416417017,-0.7120205047776574,2.1831999211946744
f67_5,10,0.018774940945951564,0.02745493825200138,False,Old woman pretends to be man,"An old woman makes herself false penis and testicles, marries or attempts to marry her (step)daughter",2,1.1549400366263824,-0.9855341034176094,2.1404741400439917
k27a_10,15,0.01872579938068596,0.022433404687494413,False,Ordeal: survive frosty night,An ordeal: to survive frosty night outdoors or in chamber with ice,3,1.104599384287964,-1.0310250512607517,2.1356244355487157
i22b_3,23,0.02919138685709381,0.061432753484719924,True,Birds fly to the outer world,Migratory birds fly from our world to the outer world under the edge of the sky which is rising and falling or through a narrow opening. Many birds perish. Eventual details: person who lives at this place feeds on these birds; it can be mistress of birds lives on another side of the pulsating obstacle,5,1.3144252836107353,-0.8091034880287161,2.1235287716394513
m140a_11,8,0.017867492615143896,0.06281644301528691,False,,,1,2.0792221049051567,-0.03849391241224234,2.1177160173173992
L59a_7,8,0.015820748216245805,0.039079053724541485,False,,,1,1.5150341438896142,-0.5991485366880361,2.1141826805776502
m97_11,24,0.03642777340688659,0.1272075134000769,False,Blind directed by trees,"Person becomes blind or loses his way. He walks asking different trees their names, makes decisions accordingly to their answers and ultimately reaches his destination",5,2.24459678577128,0.1307929983051936,2.1138037874660864
m91d_11,10,0.022990750862156285,0.07551106145002971,False,Drowned shaman,"Person deceives the other (giving out a corpse for alive person, accusing incent people of murder, etc.). When a shaman (almost) gets to know the truth, the trickster kills her or him and gets to avoid any punishment",2,1.9810163089337751,-0.10314060949246774,2.0841569184262427
L102_10,13,0.021367297258762574,0.05114076979632643,False,,,3,1.5736260653661553,-0.4938264454826896,2.067452510848845
b42c_2,19,0.02669903818962825,0.059800482253660595,False,Sky hunters pursue a bear,In the cosmic hunt tale the game pursued by the hunters is a bear,4,1.490822435834418,-0.5706884973181056,2.0615109331525234
f70c_10,7,0.01198099195421452,0.018061556751151866,False,The castrated youth becomes a man again,"A young man falls victim of an intrigue and is mutilated (usually castrated). His members are restored by magic, he marries happily",0,1.1492607677856845,-0.9045480189883,2.0538087867739847
k27x1_10,30,0.03630297086105387,0.08186794576087791,False,Invisible servant (“Bring don’t know what”),Hero receives a difficult task (usually to bring an object or creature that have no particular indications and properties) and comes across an invisible person who is a powerful and well-disposed servant to anybody who becomes his master. The hero is kind with him and the person helps him,6,1.4186941875870724,-0.601594714677786,2.0202889022648582
L38a_10,27,0.03917204378589749,0.1061388144573868,False,,,6,1.6931801742027786,-0.326582487767035,2.0197626619698137
c19_3,189,0.04840503954036737,0.0778844143295923,True,Acquisition of the sun,The primeval ancestors acquire with difficulty the hidden or stolen sun or daylight. (for computing all cases for motif C19A are included into C19),9,0.9794714103268303,-1.0342636215568328,2.0137350318836633
k56aa_10,5,0.011785170048162959,0.01792917336560511,False,The dog tests his bride,"Two or three girls in succession become brides of the dog. The first one or two act in a wrong way, perish or do not succeed. The last one behaves correctly, gets a reward",0,1.085275047161674,-0.909025531944553,1.994300579106227
b74_7,11,0.025536694950466135,0.10795544193764864,False,The red-eyed wood-grouse,Eyes of wood-grouse became red because it shed tears,2,2.4798869989736616,0.49259430109810076,1.987292697875561
m53a_11,6,0.012423280958882963,0.024359253420441773,False,Raven and seals,Raven tricks seals or other water mammals to gather around him and kills them by deception,0,1.293780761786433,-0.691545319934818,1.985326081721251
b42_2,121,0.05544844248246661,0.1166109497872373,False,Cosmic hunt,"Certain stars or constellations are interpreted as hunters, their dogs and game which the hunters pursue",9,1.3624317199934999,-0.6145167956773734,1.9769485156708733
L42f_10,5,0.013108657811318404,0.03149292889940031,False,,,0,1.517730843196379,-0.45026787978761923,1.9679987229839981
L99_10,14,0.02050579697273454,0.04840287139174278,False,,,3,1.4206573186345244,-0.545060517301138,1.9657178359356624
c27_8,12,0.020521979308132873,0.05736397320848408,False,A horn in the ice,"A horned monster breaks ice on river or lake. Usually people walk across frozen body of water, get to see a horn protruding from the ice and try to cut it off. The monster breaks the ice, many people drown",2,1.4972673631648559,-0.4363525194927793,1.9336198826576352
b42mm_2,7,0.013861204941546891,0.04021395714726985,False,The boaster and the hurried one,"In the cosmic hunt tales according to which stars of the handle of the Big Dipper are three hunters, each of the hunters demonstrates particular psychological characteristics (one is a boaster, another is a hurried one, etc.). Usually these hunters are identified with peoples of different ethnic groups or with different species of birds",0,1.7636291259887145,-0.15530248960357212,1.9189316155922866
k27n_10,337,0.05410095492767669,0.11565496550884431,False,Tasks of the in-laws,Father or other kinsmen of hero's wife or bride try to kill or test him and/or suggest him difficult tasks,9,1.2891668144504798,-0.6248784601460421,1.9140452745965217
m123d_11,7,0.013789894164761986,0.039688831659022705,False,Raven the filth-eater,Raven is going to marry a girl but is rejected after they see that he eats filth,0,1.7403279972598444,-0.17306345082672223,1.9133914480865666
i85a1_2,6,0.011360190203429371,0.016284519879812224,False,,,0,0.9464109018560983,-0.9646515250461073,1.9110624269022056
b45_7,26,0.029426925495990595,0.0796530216581598,False,Marriage of winter and summer,"A coming of warm (light, abundant, etc.) or cold (dark, barren, etc.) time is related to the marriage of certain person",5,1.3447016277573518,-0.5487427347805793,1.8934443625379311
m123c_11,16,0.029622319312030382,0.09011015184101027,False,Unlucky flight with migratory birds,A bird-person who usually does not fly away in the autumn makes attempt to fly with migratory birds but is unable to reach destination,4,1.9015631242377662,0.012649643812692067,1.8889134804250742
a43_3,15,0.022291034930869345,0.069913924708385,True,The Moon in one moccasin ,"The Moon-person runs out of the lodge and flies up. He forgets to put his footwear on one foot, or somebody attempts to seize him grasping his foot or cuts the foot off. Now the Moon-person lacks one foot or footwear on one of his (or her) feet",3,1.7376457369816427,-0.14252591314261936,1.880171650124262
b64a_7,10,0.02413567335396422,0.09973767004643648,False,Small bones: war between fish and birds,Fish and birds shoot arrows into each other. Since then there are many small bones inside the fish,2,2.2053606989590824,0.3417018035596388,1.8636588953994435
b45b_7,8,0.016292574457063592,0.05563205172777407,False,The bull of cold,"Bull or cow are related to winter and cold, responsible for existence of the cold season",1,1.6450937081927728,-0.20818242148182195,1.8532761296745948
j67_10,6,0.011337408235105963,0.01827569514732487,False,Stones on eyes,At night person puts light stones or shells on his eyes. The antagonist believes that his eyes are opened and does not dare to attack,0,0.9389667875085296,-0.8973053620692623,1.8362721495777918
i50_8,42,0.04445792661654062,0.13943680703034247,False,Animal with more than four legs,"An animal (a horse, an elk, a moose, a bear) with six, eight or ten legs is described or represented in art",7,1.8089732182530565,-0.021746733498110737,1.8307199517511672
i57_3,61,0.04823635818155335,0.1558569120521581,False,Thunder pursues his enemy,"Thunder's enemies are evil spirits, reptiles, animals living in burrows. They hide from him in different objects, Thunder destroys these objects",8,1.6756579161228717,-0.1499478046985381,1.8256057208214098
i91_3,14,0.018574380621213957,0.038486110709436465,False,Water body a the base of a tree,There is a source or body of water at the base of a tree which connects layers of the universe and/or has gigantic dimensions and considered to be the main tree of the world,3,1.077713336490022,-0.7306320593835803,1.8083453958736024
a32g_2,17,0.028435321831396423,0.08565197654099826,True,Holding a bush,Person who had been carried up to the moon took hold of a bush or a small tree and is seen now on the lunar disc together with this bush,4,1.7347819828031028,-0.0731521391744,1.8079341219775027
L5h_10,5,0.013108657811318404,0.036537117620341265,False,,,0,1.517730843196379,-0.27966172510651405,1.797392568302893
k67_11,22,0.03475453692203523,0.1347470715224522,False,Burned moccasins,"Two men spend a night in a forest, take their moccasins or clothes off usually to dry them near the fire. One plans to burn the moccasins or the clothes of another at night. The latter imperceptible interchange their things and the first man burns his own property",5,2.029517493934861,0.23853043736008386,1.790987056574777
L72_10,228,0.06433638108645985,0.17910986651636646,False,,,9,1.8456821811788344,0.06289267583727584,1.7827895053415586
k53_10,21,0.029586503474417943,0.08913004853238365,False,Animal skins as metamorphosis amulets,Person temporarily turns into a bird or an animal putting on corresponding skin or animal skins are amulets that become alive and help the person,5,1.3652139216880512,-0.4133195987411979,1.7785335204292492
a44_2,44,0.03675812867727522,0.08737729563214505,True,Moon the protector,A woman tyrannized by her husband or an orphan girl or boy asks the Moon to take her or him to the sky. The request is granted and the person is seen now on the lunar disc,7,1.1672268605034968,-0.5887236477515022,1.7559505082549989
c6c1_3,10,0.018884501398758316,0.05065643122324977,False,Birds: successful and unsuccessful divers,Two or more different birds (often a loon and a duck) dive one after another to get earth from under the ocean. Only one of them is successful,2,1.176408103793981,-0.5595145853050986,1.7359226890990795
b42t_2,53,0.037738786562363964,0.09044325710253055,True,Ursa major is a big mammal,"Seven main stars of Ursa major are interpreted as a figure of a mammal: bear, deer, mountain sheep, camel, dog",8,0.8642866898671758,-0.8616160554806812,1.725902745347857
h43aa_5,20,0.03199310894847349,0.11487761067015456,False,Figure of the first man smeared with filth,"After making human body, creator goes away for a time. In his absence another person spits on the human figure that was not yet alive, smears it with filth, etc.",5,1.6745611094739419,-0.04539665662636556,1.7199577661003074
h27a_8,18,0.035545320665393676,0.14224534537875383,False,A hole in the ground,During the creation of the earth Creator's antagonist demands for himself as much earth as would be enough to put his staff. He thrusts the stake into the ground (rare: pulls out a certain pole). Insects and reptiles come out of the opening and/or the antagonist falls down through it into the underworld,4,2.7337847106773543,1.0160405517259512,1.717744158951403
m186a_11,5,0.013108657811318404,0.039140663239963645,False,,,0,1.517730843196379,-0.19160377738211748,1.7093346205784965
b44b_7,23,0.027526612201190463,0.07622718837333205,False,"Council on seasons: toes, claws, hairs, feathers","Toes, claws, feathers, hairs, color stripes, etc. are counted and compared to establish the number of period of time or particular way of alternation of periods",5,1.1004336827219239,-0.5976965990184565,1.6981302817403803
m39b_11,5,0.013108657811318404,0.039507005317174694,False,Fool attacks his own dwelling,"Person does not put attention to which direction his canoe goes. As a result he returns to his own dwelling, attack its inhabitants killing his own kin",0,1.517730843196379,-0.17921323917100815,1.6969440823673871
b70_7,15,0.02318605297839908,0.08866884182788803,False,Ears of hare,"Person beats hares, foxes or other medium size animals who became helpless (usually closed in his house). Tale explains why tips of the animals' ears or tails have a particular color",3,1.8965659268564947,0.2084333368576692,1.6881325899988255
m29m_9,16,0.020275931127134415,0.03234865785683025,False,Trickster is a rat,"In episodes related to deception, absurd, obscene or anti-social behavior the protagonist is a rat",4,0.5883326286381727,-1.0990247158356348,1.6873573444738075
b42l_2,20,0.02722134663939262,0.07432512853533331,False,"Animal is the dipper, hunters are the handle","Stars of the handle of the Big Dipper are identified with the hunters, the dipper itself with the game (bear or elk)",5,1.0611945784781749,-0.6248763159924513,1.6860708944706262
f81_11,10,0.02406898869759131,0.10920067812792057,False,Bride in a river,A man mistakes his own reflection in river for a beautiful woman and makes attempts to marry her,2,2.1922940253064374,0.5154589901236435,1.6768350351827939
b57a_3,10,0.019094760155488243,0.05621773780576271,True,Red sunset contains a message,When person gets to see that the sky becomes red he or she understands that another person's blood is shed or that another person spilled a red liquid,2,1.2176077246098571,-0.4573993829216108,1.6750071075314679
b109_7,22,0.031094874378238657,0.11046722980798156,False,Person turns into bear,Person turns into bear (origin of bears),5,1.5591012464969158,-0.10841933403461693,1.6675205805315327
g30_6,14,0.01720825569607457,0.033441577450537746,False,Chopped penis turns into plants,A cut off long penis turns into many edible plants,3,0.8351429960425504,-0.8250300030195753,1.6601729990621257
k44a_10,15,0.015325629787310509,0.01571487084619211,False,Frog pretends to be mother,"An amphibian (frog, toad, rare newt) steals or finds a boy, lies him that she is his real mother",3,0.5008622877262625,-1.1567484326556516,1.6576107203819141
h40_5,45,0.04345674406930511,0.15013392825425634,False,Dog is the guard of man,Dog guards (successfully or unsuccessfully) the (still unfinished) physical body of man,7,1.7255287878668595,0.09475495120919422,1.6307738366576652
c4_3,38,0.04563442591118505,0.16687741508855589,False,The flood: fruits fall from a tree,"During the flood or in the beginning of times fruits, seeds or other objects are dropped into water one by one, usually by a person who has climbed a tree. As far as the objects fall, water recedes and the dry land appears",7,1.9070295754702724,0.2771072292884339,1.6299223461818384
b68_7,17,0.0290942696164209,0.09989780842531802,False,The giant grouse,Hazel-grouse was big and dangerous. He is torn to pieces which are shared between other birds and animals. What remains is the present grouse,4,1.827368585155055,0.20102231417329763,1.6263462709817573
k70_10,15,0.021141116458075867,0.07407760918093081,False,Two wives: the woman and the frog,"One brother takes a girl, another a frog or toad for a wife, both bring them to their parents, or one man takes two wives, a woman and a frog. Both wives are suggested to pass a test. The girl’s behavior is approved, the frog’s poor qualities are revealed",3,1.533465203928349,-0.06461122173601475,1.5980764256643636
i41_3,178,0.049527795893688095,0.1232975166633709,True,Rainbow serpent,"Rainbow is a reptile (usually a snake) or (more rare) a fish, or it is related to snake, to its tongue, breath, or to scorpion's tail",9,1.0405173456911039,-0.5420428397936241,1.582560185484728
b42s_2,11,0.019972580349381295,0.07086346144511549,False,Hit with a projectile,"Ursa major or Polaris are identified with a middle size animal (ermine, fisher, woodchuck) or person (identified with an animal?) hit with a dart or arrow",2,1.3896141594208786,-0.1884785796363229,1.5780927390572015
a32k_2,9,0.011721722427839035,0.014279418393910497,True,"First to the Sun, then to the Moob",Person seen in the Moon initially had to get to the Sun or the Sun and the Moon argue who of them should get the person,1,0.38513194263947687,-1.184892405070918,1.5700243477103948
m17_10,39,0.04975280074971611,0.2039531937283596,False,Woman lies that man missed,"A blind man or lad kills an animal. His wife or (grand)mother lies that he has missed, cooks and eats all the meat alone",7,2.250279109201139,0.6808972381102527,1.5693818710908864
i6_3,39,0.042291064447856,0.149076718801639,False,Weather birds,"A man gets to the nest of giant birds. When the birds come, they bring with them clouds, rain, hail, etc. Usually, nestlings tell the man what kind of weather their father or mother brings",7,1.6283742057247699,0.0832409485406012,1.5451332571841687
k89a_10,6,0.014020606304560713,0.05285558701797217,False,In search of the place to abandon the sister,A girl with her maimed sister or brother escapes from a danger. The sister (brother) rejects some places where the girl wants to abandon her or him but agrees with her last suggestion,0,1.8157142644011828,0.27226673519339284,1.54344752920779
h11_8,43,0.040565224566673115,0.1362897717508634,False,The call of God,People become mortal because they do not hear or answer a call of a being who promises them immortality (or do not pronounce his name) or answer a call (pronouns the name) of a being who brings death,7,1.484532579419221,-0.05602089981053958,1.5405534792297606
m60_10,36,0.03046863872924967,0.059110985159907724,False,Sham doctor: finished off enemy,"Hero wounds monstrous enemy, then masks as a doctor, kills his patient instead of curing him",7,0.6430238491926639,-0.8965702843880566,1.5395941335807204
b97_7,18,0.02769581792056449,0.09431932844791902,False,Kingfisher’s necklace,"Thankful person decorates a bird who lives near water (kingfisher, loon, goose), thence its appearance (crest, beak, feathers)",4,1.630876702163353,0.09365921240891918,1.5372174897544337
m74ab_11,10,0.017915891688499413,0.05122666109766872,False,Fox in a boat,"Travelling in a boat or on a sledge, animal person (always the fox) steals food supplies or ruins objects and accordingly to his deeds, names different places. These names seem strange to the person’s companions (“River of broken arrows” and the like)",2,0.9866117148021956,-0.5490441790853626,1.5356558938875582
h4_4,117,0.05295708405158214,0.1449020846105782,False,The shed skin,"Those who change their skin become young again. In many cases, people are contrasted to snakes, invertebrates or some trees who shed their skin or bark and rejuvenate",9,1.2269728510312445,-0.3078765578587091,1.5348494088899536
d13hh_8,14,0.01731958953893417,0.04138389956870791,False,Not to laugh visiting the dead,Person who visits the other world should not laugh or demonstrate his surprise seeing strange and funny things,3,0.8549115308733038,-0.6764059703942813,1.5313175012675853
L88_10,9,0.01780878205368967,0.08712266731185397,False,,,1,2.0630384563876523,0.5355960552603162,1.527442401127336
b48a_7,16,0.02498999747696993,0.07558598848443861,False,Other creatures’ flesh,"Particular pieces of flesh or inner organs in the bodies of animals, birds, or fish originally belonged to other creatures",4,1.2506907039092316,-0.26688156089033516,1.5175722647995669
m190_11,7,0.018438446239072363,0.09676545413449963,False,The beaver and the porcupine,The beaver ferries the porcupine and usually throws him into water or abandons on an island,0,3.2592640567151694,1.7574002216168771,1.5018638350982922
k27z6_10,25,0.026442578849531512,0.08159781237673469,False,The stone of patience,Being a victim of the injustice and after much suffering a young woman tells about her fate to certain inanimate objects (often it is “the stone of patience”) or her story is told by her husband. The woman is rescued and the justice restored,5,0.9610910806972145,-0.5209524096559327,1.4820434903531472
m81c_10,23,0.028812520942612364,0.1030968112659451,True,Blinds met in the sky,"Getting to the sky or (rare) to the lower world a man comes across one or two blind persons, then returns to the earth. Usually he cures their eyes",5,1.2657255251932245,-0.213739832344075,1.4794653575372996
b48b_7,8,0.01329025131761841,0.036683403662242,False,Human flesh in the animals,Some game animals have a piece of human flesh in their body that remained since the time when these animals were anthropomorphic,1,0.8174991285934374,-0.6557315193035023,1.4732306478969397
g21_6,27,0.03229062451984362,0.09635062521253233,False,Coconut palm from a human head,Coconut palm grows out of the human head,6,1.0348305239713973,-0.437492062340214,1.4723225863116114
i96_3,18,0.018070596948112864,0.02794984582592176,True,Bloody rainbow,"Rainbow is blood, associated with war and death",4,0.2784683217437303,-1.183683996792129,1.4621523185358594
m82_11,9,0.014699604312400737,0.05379103294555076,False,Rattles tied to tail,"An animal person sees that another has something tied to his tail, wants the same tail for himself and has a trouble as a result",1,1.2059892560883363,-0.25166553923287593,1.4576547953212122
i113_8,7,0.013713649719528685,0.05247197359746284,False,Pig with the golden bristle,A pig made of gold or having golden bristles is a treasure,0,1.7154147693672197,0.2592920401179569,1.456122729249263
k12_10,234,0.05992936853045114,0.18759468474595256,False,Woman lost and returned,A rival or adversary kidnaps man's wife or bride or takes her sending her man off. The man gets her back,9,1.6060663439155203,0.15485740952557878,1.4512089343899415
k63_8,12,0.018419945467226674,0.06163007662898694,False,Hunting wild people,A man gets to a country which inhabitants hunts of fish people whom they consider wild and equivalent to the real game or fish,2,1.0853796561586035,-0.3580194861111361,1.4433991422697396
k51_10,31,0.04247718641945103,0.18609810082297812,False,The deceived wife,"A Man disappears or goes away for long time. His wife sets off, comes to a house where her husband lives now or first sends her son there. She gets to know that he has married another woman",6,2.0093852203767177,0.5794329367553979,1.4299522836213199
a4b_1,5,0.007676807184799586,-0.00496739961971934,True,The Sun is afraid of the night,"Being afraid of the night, the Sun decided to travel across the sky only at the day time",0,-0.2571516695306467,-1.6834407032454368,1.4262890337147902
b87_2,85,0.04905712967144183,0.13560655820376147,True,Alcor,Alcor (a weak star near the second star of the handle of the Big Dipper) is selected as a particular sky object,9,1.014926522093079,-0.4086283462134244,1.4235548683065034
i71_2,9,0.011546618986055324,0.018758665305267683,False,Stars are plants,Stars are plants or roots of the plants which grow in the upper world,1,0.3368644335944088,-1.0790968408087367,1.4159612744031456
m171b_11,11,0.017347437894983362,0.05183502380884229,False,Shoulder-blade with no meat,"Person pretends that he has not a bare should-blade but a good piece of meat, asks people to cook it and then blames them for stealing the meat",2,0.8752247689814787,-0.5378735880646486,1.4130983570461273
b38a_7,36,0.030865288650645684,0.07422547132627301,False,Two birds paint each other,"Two birds paint each other, one becomes worse than it was before",7,0.6760829819602215,-0.7319593516886751,1.4080423336488965
i22_8,166,0.04052850744225662,0.09507746876281543,False,Symplegades (obstacle opens and closes),"Souls on their way to the land of the dead, heroes or shamans have to go between moving rocks, trees, river banks, etc. which are incessantly meeting and parting",9,0.5512126274361641,-0.8479125849811217,1.3991252124172857
h4a_4,31,0.02846344310170673,0.07052989896909093,False,Process of rejuvenation is broken,People do not become young (usually do not shed their skin) anymore because certain person was bothered during rejuvenation or was not recognized by his family in his new guise,6,0.6686817034175034,-0.7300656621340731,1.3987473655515765
k38e2_8,12,0.022894304253002457,0.11181890216309334,False,The packed kingdom,"Coming back from the underworld, abducted princess puts objects that she used there (clothes, house, “kingdom”) into a small container (an egg, a ball, etc.) and brings them with her",2,1.962117863095352,0.5635341093910602,1.3985837537042918
L5g_10,5,0.010393201609123867,0.022202232917380816,False,,,0,0.6304428710600692,-0.7645007531976094,1.3949436242576785
b82_7,127,0.04417372198758669,0.1140542299179036,False,The white raven,Raven or other carrion-eating bird of dark color and a similar size was originally white,9,0.7494083721006023,-0.6422284160723734,1.3916367881729756
L42_10,180,0.04628123692030426,0.12541284129153893,False,,,9,0.8639970983023295,-0.5191153873921752,1.3831124856945047
b44f_7,5,0.009853848498007864,0.017906459620365637,False,Fox stands for day,"In a dispute about should it be dark or light, Fox stands for light",0,0.45420672781431504,-0.909793763457705,1.36400049127202
f63_11,53,0.03770316153517165,0.12377411179832187,False,Trickster poses as woman and marries man,"A male person turns into woman and marries a man. He is either unmasked or abandons his ""husband"" by his own will",8,0.8615331842901733,-0.49899282220173036,1.3605260064919036
m109_11,102,0.06292361429211922,0.21111358995433527,False,The tail-fisher,"Animal person advices another animal to put its tail into ice-hole to fish, to get treasure, etc. The tail sticks to ice, to snags, etc.",9,1.7688679461428614,0.4097726941674355,1.3590952519754258
e1c_5,19,0.020093711646785726,0.04834188089639961,False,Person of excrements,Certain person is made of human excrement or carrion,4,0.5627295642509136,-0.7912200737656842,1.3539496380165978
b46_2,70,0.04581878320145811,0.18240010896945377,True,Ursa major as seven men,"Every star of the Ursa mayor is a separate person. Usually the constellation represents seven men, rare it is seven women or seven persons and animals",8,1.4888003411214987,0.13882906512847562,1.3499712759930231
k54a_10,14,0.028794829233310143,0.16034060572450012,False,Cut tendons,A man and a friendly giant live together. The friendly giant fights with another one and asks the man for help. This help proves to be crucial because the man badly injures a foot of another giant,3,2.8924651602363833,1.549621268698515,1.3428438915378684
a7_1,36,0.033116509748512823,0.098090086364659,True,The sun pursues the moon,The Sun and the Moon are persons of different sex. The man pursues the woman or vice versa. Details of pursuit usually explain why the luminaries are not equally bright and/or why there are stains on the lunar disc,7,0.8637129628299579,-0.4720513073965484,1.3357642702265062
h36e_4,10,0.01592133429221712,0.04093363802856677,False,Death and the rat,Rat is responsible for introduction of permanent death,2,0.5957837193342888,-0.7380418756238465,1.3338255949581352
b77a_3,52,0.029772670594488675,0.07029652520102474,True,Giant pushed the sky up,One or several (animal)-persons push sky up to its present height,8,0.24857502665404504,-1.0808025458604407,1.3293775725144856
m120b_11,15,0.020054917635381107,0.07815955195976827,False,Baby-sitter kills babies of bear-mother,"Trickster sends a woman (usually bear-woman) or two women to pick up berries or an animal allegedly killed by him and suggests to look after their children. He kills the children, feeds their meat to their mother. (The false baby-sitter kills the cabs not because he is hungry and not because of his carelessness)",3,1.340598787858949,0.011773843955112615,1.3288249439038362
d1_3,64,0.03659808928800614,0.11899815496335263,False,Female spirit of fire,"Fire is personified as an (elder) woman, alone or with her husband, master of fire",8,0.7761206853990199,-0.5509528731906399,1.3270735585896598
b78_3,13,0.012836131417782535,0.01016150315036645,False,Shaking bed makes snowfall,"When person or creature shakes himself or itself, shakes his or her bed, clothes, plucks birds, etc., snow falls down to earth",3,0.05882477276165358,-1.2606681540324023,1.3194929267940558
j64_10,28,0.022068128354793867,0.023607091271125015,True,The column of smoke,Person ascends to the sky on a column of smoke (but not being burned in a fire),6,0.05683797409855207,-1.2617460893689951,1.3185840634675472
i107_2,7,0.009157895150234446,0.012621579230370135,True,Stars are nails,"Stars are nails in the firmament or pegs, or stars are nailed to the sky",0,0.22680072725046804,-1.0885406682956587,1.3153413955461266
m84_8,69,0.04078828309972372,0.1499074153395277,False,Revived from bones,"Person, animal or (rare) a fruit is eaten up. After this all bones (all seeds) are put together and the eaten up is revived",8,1.0999863197184407,-0.21467538981470802,1.3146617095331488
m100_11,22,0.02330526928387302,0.06539091645971369,False,Sleep at the edge of a cliff,"One animal-person suggests another to lie asleep at the edge of a bluff or cliff. At night he tells him to move a little, the companion falls down and dies",5,0.5578185452472153,-0.7525428334961708,1.310361378743386
b46c_2,90,0.05752303186645329,0.1885661184394217,False,,,9,1.4752302350655246,0.16538652617821586,1.3098437088873087
h53_8,14,0.02473550912662192,0.12361687070587374,False,Wolf is the master of the dead,Wolf takes part in creation and/or is a brother of the creator who wins demons of the lower world. Wolf is the first person who died and/or becomes the master of the dead,3,2.1716887201431296,0.8624129799482647,1.309275740194865
m11a_10,8,0.012410172629181905,0.03347324980264866,False,Fish extracted from body,Person serves people fish extracted from her or his own body,1,0.5749042051484081,-0.7315523091963269,1.306456514344735
m93_11,32,0.040695962363713215,0.18351941454657925,False,Body part as a guard,"Before falling asleep, person tells his eyes (which he extracts and puts aside) or his anus to awake him in case of danger. Eyes or anus do not make an alarm or person himself does not react to it. As a result he suffers a damage",6,1.838974409940635,0.5502139473469696,1.2887604625936655
m123_11,22,0.032568957210962896,0.15038707852262406,False,Raven marries goose,"A bird of prey or a carrion-eater (raven, owl, hawk; coyote) marries or tries to marry goose-person or other water bird. This marriage is not realized or is a short one",5,1.7485811524402266,0.46202023260397596,1.2865609198362506
b38_7,71,0.03247728981747046,0.09350755861339088,False,The ruined painting,Person paints birds or animals or they paint each other. It is made not according to the original plan,8,0.4576186317001911,-0.8282779688413952,1.2858966005415864
k27p1_10,34,0.03222520755359978,0.11231508228260702,False,Antagonist in animal guise,Antagonist asks the hero to kill or to tame a dangerous animal or not to kill certain animal during a hunt. This animal is the antagonist himself (or his daughter or wife),6,1.028572042227917,-0.25659944802295886,1.285171490250876
b52b_3,19,0.029581372039390545,0.12124373813053489,False,Some earth is concealed,Person spits out earth that he swallowed or concealed otherwise. This way the broken landscape is created,4,1.8958097566182655,0.6118448379578169,1.2839649186604487
m29n_9,11,0.016802204285817697,0.05305239378288507,False,Trickster is a mouse,"In episodes related to deception, absurd, obscene or anti-social behavior the protagonist is a mouse",2,0.7683877539478989,-0.5155205709398873,1.2839083248877863
f83_11,20,0.02479315120438259,0.08076023415990619,False,News precede man,"Person commits something shameful, obscene. Presumably, nobody could see him doing it. When he asks people, ""What's the news?"", they answer that so-and-so (this person) has done such a thing",5,0.7490721980910556,-0.5329210861519017,1.2819932842429573
h5_4,125,0.03265354302711854,0.06653154056881637,False,People and snakes,Reptiles or invertebrates are contrasted with men as immortal with mortals and/or are responsible for originating of death; or a snake's bite inflicts the first death,9,0.12303908180390963,-1.157314461746442,1.2803535435503515
f62_11,17,0.016638150935855994,0.026974175744304777,False,Incognito at the dancing party,An (ostensibly) sick person remains at home when other go to the dancing party. The person comes by himself or herself looking like a handsome man or beautiful girl. The man (woman) does not recognize him (her) and suggests to make love,4,0.07720000831804644,-1.2024616865365574,1.2796616948546038
m7_10,18,0.021851833027942878,0.06504311382303953,True,Waiting to be picked up,"Getting into the lower or upper world, to an island, a country at the horizon, etc. a man is unable to move further and waits for somebody who could bring him to his destination. Some animals, birds or celestial bodies pass by, the last one (often the Sun or the Moon) picks him up and brings to the place he is eager to go",4,0.8097574606989091,-0.4697891145154784,1.2795465752143875
d4c1_11,6,0.011615764924895801,0.037442950118335046,False,Swimming elk diverts attention,Animal-people come to steal summer from its owner. One of them in guise of an elk or caribou diverts the owners' attention or puts to float a log that the owner takes for an elk and pursues. The summer is successfully stolen and brought to the people,0,1.0299211334540097,-0.249024370356815,1.2789455038108246
m30a_11,9,0.014772647853095048,0.06226591411912522,False,Person defecates on a trickster,Trickster who flies over a village falls to the ground. They bind him and defecate on him,1,1.2261238104136665,-0.051496882858989644,1.2776206932726561
b50_7,60,0.04152200596494016,0.15881995901079354,False,Bloodsuckser’s lie,An insect feeds on human blood (flesh). Dangerous person asks it where it got to suck blood or whose blood (flesh) is the most delicious. The insect lies or cannot answer (its tongue is cut off). Thanks to this dangerous person attacks certain plants or animals and not people,8,1.1566967326099586,-0.11771131756658887,1.2744080501765476
j66_10,37,0.02901665389365438,0.0725519055935367,False,The bitten through bow-strings,"Hero or his helpers cut or gnaw through bow- and other strings of the enemies, make holes in their canoes, making the enemies unable to fight or to pursue the hero",7,0.5220069099040245,-0.7501860524290878,1.2721929623331123
L94a_10,34,0.03926970402526499,0.17315408158257323,False,,,6,1.702523389888861,0.4327647807453333,1.2697586091435276
f86a_10,11,0.012879961330058597,0.012335766198561958,False,An eaten up pet,"Person take care for a fish, crab or other small creature. Another person spies on him or her, kills the pet and eats it up or try to do it",2,-0.00016488584812836575,-1.2631482380100796,1.2629833521619511
L72a_10,92,0.06154778376764981,0.21326017833155778,False,,,9,1.694061991119276,0.4330390061977056,1.2610229849215704
i36_3,25,0.019099367428656384,0.031325559069076525,False,Thunder and lightning are two siblings,"Two siblings turn into thunder and lightning or into two thunders or one turns into thunder, another into an animal",5,0.017188215498080053,-1.2393239294419618,1.2565121449400418
m60a2_10,12,0.016997175949899558,0.05695953549419636,False,False servant licks soles,A servant has to lick soles or a wound of his master or mistress. The hero comes disguised as the servant and instead of licking the soles rubs them (rubs the wound) with a cut off animal tongue,2,0.8065919113154371,-0.44377869505660594,1.250370606372043
m75c_10,41,0.0417752839887809,0.17221830923757264,True,Treasure on mountain top,A man sends another one to top of a mountain or a tree to obtain treasure for him. To go back is impossible but the man survives,7,1.5853860346557744,0.33527457666903887,1.2501114579867356
g6a_3,8,0.012547994473778473,0.037848464479930566,False,,,1,0.6128949896978619,-0.628213887646583,1.241108877344445
h6c_4,28,0.030825034958252524,0.10539831078687961,False,The immortal raven,Raven is contrasted with people as an immortal with mortals (usually is sent to bring water of immortality or drinks itself water of immortality),6,0.8946166614015081,-0.3349731047658842,1.2295897661673922
b10_3,36,0.03295291734318721,0.10770393046509308,False,Drunk out water,"Person drinks a lake or all the water in the world or all the water is originally inside person's belly. When a hole is made in it, the water pours out",7,0.8500782114895589,-0.3673475267466589,1.2174257382362177
c26_3,16,0.01631923124634347,0.028068098694702136,False,Guardian at the border of the non-human world,Monsters or ghosts try to invade our world. Powerful person or creature is on guard and prevents the invasion,4,0.032389643754779304,-1.1814081089452184,1.2137977526999977
i125_2,15,0.020209118901055527,0.08577550028950384,False,The Hiades are a jaw-bone,The Hyades are a jaw bone or a head of a big animal or anthropomorphic creature,3,1.3679788998997702,0.1542904702251077,1.2136884296746624
h42_4,50,0.03826983549675622,0.14197854291652315,False,Creator goes away for a while,"After creating the bodies of the first people or after getting a conception how to do it the Creator goes away for a while. During his absence another person, because of his or her ignorance or intentionally, spoils the creation or makes himself or herself what the Creator would make in a better way. Usually because of this people are mortal and subject to diseases",8,0.9053321659763351,-0.30093760482623216,1.2062697708025674
c28_11,9,0.012152518335838157,0.03482444716826275,False,Unconsidered promise ,A demon obtains valuables essential for another person's (and for all the people) survival but is tricked to return the valuables,1,0.5038814382182676,-0.6996383087954419,1.2035197470137096
k48_10,22,0.023111521959844616,0.07129942906688305,False,Singing bird of the hero,"Hero has or obtains an unusual bird. An imposter steals it, takes the hero’s place but the bird is mute or cries differently. The hero returns, his bird sings again",5,0.5329140935307374,-0.6681124190623585,1.201026512593096
m129_10,10,0.012582786039706037,0.012765096062272033,False,Lost primogeniture,"Father or mother is going to give primogeniture to the son he or she has chosen. Another son comes in disguise of the chosen one, receives primogeniture",2,-0.058395560607134446,-1.2552649995531522,1.1968694389460177
k29b_10,28,0.024732178602236057,0.05693004229115204,False,Posthole murder,"Hero is asked to climb into a hole or pit. When he does it, they fill it with soil or throw down a post, a stone, etc. The hero demonstrates his magic capacities coming back uninjured",6,0.31170931397669127,-0.8841650854977289,1.19587439947442
k56a4a_10,5,0.013311231343972042,0.05630190083960528,False,,,0,1.5839226892852514,0.38882905699793663,1.1950936322873147
i128_2,18,0.02755093847805967,0.11157353856983476,False,Ursa major is a dipper,"Ursa major is a dipper, a ladle",4,1.6105201646090637,0.425732738654133,1.1847874259549307
i55_2,47,0.02666662933933755,0.06268324343840986,False,Stars are openings,Stars are openings in the firmament; holes in dwelling's covering are thought to be stars,7,0.3261420690016226,-0.8576650407300955,1.1838071097317182
k15b_10,19,0.027951750794127827,0.11466101103285545,False,Substituted barrel of water,"Because containers with alive and dead water (one makes one stronger, another weaker) are imperceptibly exchanged, during the battle the hero drinks the alive water and overcomes his enemy who drinks the dead water",4,1.6668369948176807,0.48515405442204595,1.1816829403956346
b3a_3,291,0.05274452017967532,0.17654922658748487,False,Primeval waters,"Water is the original element, the dry earth appears later",9,1.2154154366850023,0.03513856693838464,1.1802768697466177
m75b_10,15,0.023881511747376263,0.1224611148565796,False,Hero inside carcass,A man hides in a skin or carcass of a big animal. A bird carries it to its nest without knowing that the man is inside,3,2.0200521961233866,0.8407854140428992,1.1792667820804874
f7_5,131,0.035317625769560046,0.08923496418132172,False,The water-maiden,"Man takes or attempts to take a wife who is connected with the underwater world (fish, crab, snake, water animal and the like)",9,0.26788922887201927,-0.9112379696117797,1.179127198483799
L44a_10,15,0.020349236068639486,0.08897678067602466,False,,,3,1.392858227125213,0.21419577166339798,1.178662455461815
i98b_2,8,0.016181783726974538,0.08292139821554338,False,The Pleiades are a duck’s nest,"The Pleiades are wild ducks, a nest or eggs of a wild duck",1,1.6145540882275151,0.43636606337608436,1.1781880248514307
j41a_10,7,0.011943308750616463,0.04383389006576072,False,Son transforms mother into a bird,"When hero returns, he finds his mother being tormented during his absence and transforms her (and usually himself) into a certain bird",0,1.13694760535018,-0.032867967504234104,1.169815572854414
h24f_10,13,0.015055731403083233,0.039281883368794485,False,Meat in a package,"Putting a lot of meat or fish in a small package, person gives it to another warning him not to open it on the way. The warning is ignored, meat or fish falls out and cannot be put back",3,0.4529388937939301,-0.7157408298505742,1.1686797236445043
m29q_9,9,0.014072471480711555,0.05882517874366457,False,Trickster is a racoon,"In episodes related to deception, absurd, obscene or anti-social behavior the protagonist is a racoon",1,1.0331192124291915,-0.1327637894902683,1.1658830019194597
L101_10,18,0.022702091050427173,0.07751637861947866,False,,,4,0.92922444004597,-0.22972938442776228,1.1589538244737323
m62b_11,19,0.01959656229203689,0.055122641432716724,False,Trying to hit the hero hit each other,Two or more personages direct their weapons against the hero who is between them but hit each other,4,0.4928767311983669,-0.6607179501675046,1.1535946813658715
k8c2_11,7,0.01355059011901728,0.05988580647847874,False,,,0,1.6621342847995824,0.5100450529914552,1.152089231808127
a36_4,66,0.029915508174314275,0.08780505663062564,True,The immortal Moon,"Moon, unlike people, revives or rejuvenates every month; or those who live in the Moon are immortal; or the Moon makes decision if people should die forever or regularly revive",8,0.2596151325473586,-0.8903183733147634,1.1499335058621218
a32_2,337,0.06106969041385205,0.22118349819033964,True,Figure on lunar disc,A figure or an imprint of some being or object are seen in the Moon. (For statistical analysis motifs A32A – A32J are also included into A32),9,1.6680673433154978,0.5189178053685938,1.1491495379469039
d13h_8,10,0.016099153866682214,0.053229915895606494,False,The dead should not laugh,Person should not laugh in the world of the dead,2,0.6306269722648313,-0.5122609580774903,1.1428879303423216
m92_11,5,0.013200705480823343,0.05688324864197999,False,Red eyelashes,Girls stick something red to old man's eyebrows and he thinks it is a fire,0,1.5478078482863178,0.4084915872049662,1.1393162610813516
i85_2,49,0.0382825783026713,0.1557103690518624,False,"Polaris is a pole, a nail",Polaris is a (tethering) pole or a nail,7,1.2942834407394128,0.1554876225506482,1.1387958181887645
k89_10,15,0.024510623134799864,0.13093114123084856,False,A girl and a witch: presents of kinsfolk,"A girl and a witch marry two brothers. Both daughters-in-law have to bring presents from their kinsfolk. The girl finds her brother, brothers or sister whose disappearance was described in the beginning of the tale and receives treasure. Presents brought by the witch worth nothing",3,2.1317577661034925,0.999284333811779,1.1324734322917136
d5a_3,17,0.018801683599482522,0.050929499533177214,False,Fire in woman’s genitals,First fire was hidden in genitals or anus of a woman,4,0.38119092073185595,-0.7414189157166616,1.1226098364485175
m81d_10,32,0.036798924089168406,0.16546930725609957,True,Blind persons cured,A man comes across (often in the sky) one or two blind persons and cures their eyes,6,1.4661423405968752,0.34568891513636646,1.1204534254605087
h34e_4,16,0.015396953336819084,0.026251227981763357,True,The edible snow,Snow was edible or something edible was falling from the sky instead of the snow,4,-0.09719661483466607,-1.2163754972008478,1.1191788823661817
b6_5,16,0.017270939407616027,0.04022583749240608,False,First man and woman meets each other,"The first or the only survived man and woman walk or run to each other around a post, a hill, etc. When they come together they marry each other",4,0.1661110509518258,-0.9474209739100542,1.11353202486188
h44_3,5,0.00812085225858048,0.008594340814135161,True,Sky and Earth divide their children,"Two persons, one of whom is connected with the sky or the water and another with the earth, divide their child or people created by them. Sky or Water takes the imperishable part, and Earth, the perishable",0,-0.1120578717615082,-1.224751206439383,1.112693334677875
f9e_5,8,0.015188303834225229,0.07414172582888343,False,Mice in vagina,There are small mammals with sharp teeth in woman's genitals.,1,1.3406999639402155,0.2289985275903989,1.1117014363498166
m152c_11,7,0.00977101789460851,0.024665464829137083,False,The donkey and the lion crossing a river,"A weak companion of a big predator pretends to be strong and brave. Almost drowned сrossing a river and saved by the predator, he pretends to be angry (“Because of you I let a fish go”, etc.)",0,0.42714144203962867,-0.6811885403123368,1.1083299823519654
m29a_9,78,0.07728421948251768,0.30636720963153563,False,Trickster-raven,"In episodes related to deception, absurd, obscene or anti-social behavior the protagonist is raven",9,2.549675441599976,1.4422018552206524,1.1074735863793235
i121_2,53,0.03732312748800995,0.145244306154039,False,Ursa major and Ursa minor as twin constellations,"Constellations of Ursa major and Ursa minor are interpreted as twin objects of the same type (two animals, two carts, etc.)",8,0.8321598490036727,-0.2654077141252576,1.0975675631289303
b44e_7,60,0.03937942772839567,0.1601274358640187,False,Dispute of animals,"Participants of the discussion concerning number of the units of time, etc. are animals (rare: animals and elements, in particular Wind)",8,0.9910940204592689,-0.103486615311541,1.0945806357708099
b38e_7,5,0.009621432412719703,0.023649908360201085,False,Swan marries crow,A bird with white or bright feathers marries a bird with black feathers but flies away after getting know that his or her marriage partner eats carrion or excrements,0,0.3782636885413809,-0.7155370140931455,1.0938007026345264
m29j_9,12,0.02271004030832093,0.12671546426985814,False,Trickster is a water bird,"In episodes related to deception, absurd, obscene or anti-social behavior the protagonist is a water bird",2,1.9260118536763589,0.8370607405488636,1.0889511131274952
b1b_3,5,0.007794981284660464,0.006183873897605247,False,Two female creators,"In the beginning of times two supernatural females compete in producing things. One has positive, another negative characteristics",0,-0.21853773153383704,-1.3062787848798811,1.087741053346044
i95b_2,11,0.022527937955530663,0.12485188521303967,False,Orion is a shoulder-yoke,Orion is a shoulder-yoke,2,1.8903294021993213,0.8028422075978069,1.0874871946015143
L15b_8,10,0.01224841812086328,0.015171526360260033,False,,,2,-0.12391402786892854,-1.2110787794167748,1.0871647515478462
j19b_10,5,0.009907611491082696,0.026822671089731832,False,Belly burned through,An evil spirit kills a woman burning her belly through,0,0.4717740364171175,-0.6082268242991773,1.0800008607162948
b33b_7,7,0.014066893894507628,0.06707620338001623,False,A bird of march,In the late winter or early spring a bird (usually a thrush) flies out before time and dies of cold or her nestlings die of cold,0,1.8308389501854292,0.7532409431272642,1.077598007058165
i60_2,10,0.013868459338744548,0.03300950594167437,True,Milky Way is a seam in the sky,"Milky Way is a sky seam, a concealed fissure or crack between two half of the sky vault",2,0.1935285601157948,-0.8835426387558211,1.077071198871616
b87a_2,19,0.01938255506596953,0.05754351034137915,False,Alcor is a dog,Alcor is interpreted as a dog,4,0.46280727442098835,-0.6141260477044739,1.0769333221254622
a38c_10,12,0.01900127035577411,0.08789447596643694,True,The Sun’s cloak,A boy or a girl has a cloak. The Sun spoils it or gives instead a better one,2,1.1992886573886903,0.12424028756466764,1.0750483698240227
d13i_11,12,0.020340163655573035,0.10223125925714094,False,Broken tooth,"Person knows that the deceiver and trickster has one of his teeth broken. To identify him, person makes others laugh and thus open their mouths",2,1.4616410898036085,0.38748841200036754,1.0741526778032409
f45a_5,19,0.015696987892341425,0.03105069644167324,True,Conception from wind,"Before women got know how to conceive children from men, they exposed their genitals to the wind, sun and water; the women who live alone without men conceive children this way",4,-0.05503973880395011,-1.1240052058734806,1.0689654670695306
j54b_10,9,0.010079105908834367,0.016783683983074366,False,Kills own mother to rescue his half-brother,"A hero and a son of the antagonist live together. They are half-brothers friends. When the antagonist makes attempt to kill the hero, the antagonist's son kills his own mother (or his both parents) or helps his human brother to do it",1,-0.06765760210613236,-1.1257440267137893,1.058086424607657
b1_3,72,0.027983061943477567,0.08265092831960763,False,Two male creators,In the beginning of times two companions or brothers compete in producing things. Usually one of them is or becomes master of the underworld,8,0.11025380167336618,-0.9463927431421872,1.0566465448155533
j57_10,26,0.022949905361194248,0.08010367941648026,True,Son of the Sun,"A virgin girl is impregnated by the Sun and gives birth to a son or twin boys. When her son (or the twins) grows up, he (they) comes to his father",5,0.5121397535606046,-0.542303005557248,1.0544427591178525
m106b_11,7,0.012005928198162652,0.04802652807336907,False,“Last year” in a demon’s house,"After doing damage or injury to his antagonist, person lies that his name is so and so. Other demons understand it not as a name but as a common word and it makes them believe that the injury had been done so long ago that there is no sense to investigate the case",0,1.1574088017357638,0.10893676820646284,1.048472033529301
h13_10,34,0.020194787621887443,0.031714752614279085,False,Dead person returns and revives,Person comes to the land of the dead and brings back somebody who has recently died. This person becomes alive and lives normal life,6,-0.12238569598896817,-1.1698785081587795,1.0474928121698113
b110_7,6,0.008580550641007397,0.014975073351636064,False,,,0,0.03815071757544505,-1.008940041850646,1.047090759426091
h48_8,18,0.023699713011221948,0.09070441593342918,False,Daughters of evil spirit,"Diseases are sisters (rare: brothers), usually children of evil spirit",4,1.0693970453431405,0.02408681603304208,1.0453102293100984
h46_4,25,0.02720560643776093,0.1190455950255358,False,The dog’s part,"To punish people, God deprives them of bread but keeps a small part for a dog or other domestic animal. That’s because cereals still exist",5,1.0591713190937686,0.014162266215143517,1.045009052878625
g29_8,20,0.017791674241784752,0.03439215204426302,False,Demon made of artifacts,Demonic person turns into or consists of different household objects or tools (and into elements of a landscape),5,-0.15090381878280382,-1.195503473599886,1.0445996548170822
k27x2_10,36,0.023049579720605617,0.04878026769184238,False,To steal an egg from under a bird,"Person is able to steal an egg (a nestling, to put it back) from under the bird (to change the bird’s feather; to steal an embryo from animal’s womb, etc.)",7,0.024675921846843026,-1.0090814884841848,1.0337574103310279
b61_7,6,0.01750032558309298,0.10170699561238973,True,The mole’s paw,Mole had to support the sky or the Sun that had fallen down. Usually its paw (hand) remained crooked after this,0,2.9527287593347777,1.9245346086076058,1.028194150727172
k98_10,30,0.024958134830632125,0.07429698224002575,False,Animal turns into household,An animal or (rare) a person that gave birth to the hero or supported him for a long time asks his master to kill him. Its remains turn into a house with a household where the hero can live,6,0.3333266865245289,-0.6873809946731577,1.0207076811976865
b57_3,34,0.022739741158017874,0.055634718315707925,True,Blood reddens world,"When some person or animal is killed, blood paints the sky or vegetation (origin of the sunrise or sunset, of reddish colors of Aurora borealis or of the red color of the autumn leaves)",6,0.1210915876335686,-0.8988423488257206,1.0199339364592892
k40_10,13,0.016883027512293924,0.06468735670944362,False,"One laughs, another weeps",Hero sees two persons or creatures one of which laughs and another cries. The one who cries will be eaten by monster today and the one who laughs he will be eaten tomorrow. The hero kills the monster,3,0.7773951943510357,-0.24033025817363515,1.0177254525246708
b51_7,14,0.013590017427035065,0.03364707471444182,False,Mosquito and thunder,Bloodsucking insect does not tell thunder that it has sucked human blood,3,0.1926854340802469,-0.8211845493096314,1.0138699833898783
m83_11,71,0.02809204239766531,0.08795410615428292,False,Who is older?,"Somebody claims that he has been born before present world came into being. His opponent claims the same, and they argue who of them is the older",8,0.11867704544438995,-0.8886967881294872,1.007373833573877
a43a_10,18,0.02286306005699556,0.0868275608610125,True,Person with a shoe on one foot,"While being transformed into a bird or ascending to the sky a person was in a hurry and put a footwear only on one foot, or somebody attempted to seize him grasping his foot. Now the corresponding bird or a sky-person is believed to have different feet",4,0.9518416697276546,-0.05052691160458742,1.002368581332242
a15_1,13,0.011217789756515512,0.012890331254203654,True,Eclipses: crossing of the paths,An eclipse happens when the Sun or the Moon turns to a wrong path or when their paths cross,3,-0.2285293926663841,-1.2096038140195902,0.9810744213532061
k18c_10,10,0.019094760155488243,0.09422341163824224,False,Urinates at his father’s arms,"A baby boy has to recognize his father among many men. When his father takes him, the boy urinates at his arms",2,1.2176077246098571,0.24045048698626537,0.9771572376235917
d13e_10,5,0.008023496667161074,0.011741650847510249,False,Hunters laugh at killed animals,Hunters perish because they were laughing at the killed (and revived) animal,0,-0.14386926507981834,-1.1183018858272826,0.9744326207474643
e1b_5,74,0.028618628716725786,0.09517465428241897,False,Person of unfit materials,Certain person is made of improper material and proves to be short-lived or unfit for fulfilling his functions,8,0.15937760009881613,-0.8101407915260881,0.9695183916249042
d4n_11,12,0.016411815529427023,0.06608222188780784,False,Person weeps asking for summer,"A boy or (among the Kutenai) a woman weeps, asking for an element that is absent, i.e. for summer, fire, or rain",2,0.6918921587859024,-0.2762704029775551,0.9681625617634575
i124_2,13,0.010955461412298383,0.011099902370570224,False,Ursa major is a boat,Ursa major is a boat,3,-0.2751086436519982,-1.2431079651803227,0.9679993215283245
b14_3,59,0.017841466439598237,0.018751038393662316,False,Tears turn into water,"Rivers, fountains, ocean, waters of flood, rain, etc. emerge from somebody's tears",8,-0.6736035587403589,-1.6415919782833497,0.9679884195429908
i109_2,11,0.011329104323908733,0.012178643231499394,True,Milky Way is the path of the Sun,Milky Way is the path of the Sun and/or Moon,2,-0.30405101923324457,-1.266033287295285,0.9619822680620405
a29a_10,6,0.01204887451528543,0.05101311417010858,True,Torn in half by two wives,The sky wife and the wife from the earth each pull the man to her side tearing him in half,0,1.1714417110494169,0.2099500327327215,0.9614916783166954
L79_10,14,0.022257761149317892,0.11890708439527338,False,,,3,1.7317376151324735,0.7742791289321463,0.9574584862003271
h34b_4,25,0.017925518896737058,0.04170397275085219,False,Rivers flow in both directions,Rivers were flowing or according to the original plan had to flow in both directions; somewhere there is a river that flows in both directions,5,-0.1336993089219105,-1.0910203162357168,0.9573210073138063
L74a_10,12,0.01628041185068247,0.06634371692596511,False,,,2,0.6661439720169648,-0.2714689020447219,0.9376128740616867
L38_10,60,0.03492477170424757,0.1434036963335997,False,,,8,0.6467877511642499,-0.2854326396900066,0.9322203908542566
m200_13,6,0.009241711528685522,0.024774532475387405,False,,,0,0.2541881196184843,-0.6774996197036297,0.931687739322114
k62a_10,29,0.03268113292358187,0.14737709060929938,False,Quarrel of mouse and bird,"The war between animals and birds begins because a mouse (rat, mole, etc.) and a small bird cannot divide supplies for winter",6,1.0721907052179789,0.14068674352048327,0.9315039616974956
h10_4,29,0.024956913487195163,0.08238741855769506,False,"Stone sinks, stick floats",People are mortal because stone thrown into the water sank. They have missed a chance to be like wood or other organic matter that floated,6,0.333209839840226,-0.5957085895267407,0.9289184293669667
b72_7,20,0.022957154047484545,0.08912099070946419,False,The thirsty cuckoo,"Children do not give water to their mother or mother to her child. The offended person turns into a bird, usually a cuckoo",5,0.5130715060822453,-0.4134490316109916,0.9265205376932368
k33f_10,8,0.012743207622518479,0.053547588533158025,False,Basin of honey and basin of oil,"Person promises to fill one basin (fountain, dry river-bed, etc.) with honey and another with oil (milk, etc.) if his wish would be granted. He fulfills the promise either really or formally (honey etc. from broken containers is spilled on earth) ",1,0.6667057676388409,-0.25741546538904775,0.9241212330278887
b42p_2,34,0.023580978342907608,0.07129144950575363,False,Ursa major is a bear,Ursa major is identified with a bear,6,0.20157327099296365,-0.721436563950092,0.9230098349430557
j49_7,10,0.013567172253388191,0.038558847834439545,True,Moon’s wife cannot follow him,The Moon's wife or sister tries to follow him to the sky but is unable to do it,2,0.1344921905183729,-0.7816471287588115,0.9161393192771844
c25c_2,9,0.008493101458002578,0.004291321844026914,True,The Bid Dipper and the end of the world,Change in configuration of the stars of certain constellation (usually Big Dipper) or its disappearance from the sky will be a signal of approaching world cataclysm,1,-0.504841950947199,-1.4208017736124945,0.9159598226652955
i133_2,11,0.02013985082568183,0.10871806438515176,False,,,2,1.4223903457945333,0.5065973675382508,0.9157929782562825
b47_2,13,0.014863536896536637,0.05104259319067696,False,The Pleiades bring cold,In former times or regularly the Pleiades or other group of stars produced or produce till now severe cold. (The heliacal set of the Pleiades is in May-June while in the Northern Hemisphere they are seen best of all in the winter time),3,0.41881266856574684,-0.4956636163785547,0.9144762849443016
i12_3,41,0.021569558073802723,0.04851602452872882,False,The world axis,A tree or post pierces and unites different layers of the universe,7,-0.09867776986274471,-1.0119593444073556,0.9132815745446109
a4_1,209,0.03741808290536588,0.12431234407010443,True,Female sun,"The Sun is female, the Moon is male or (much more rare) also female",9,0.38209421214250977,-0.531043389991104,0.9131376021336137
b55_7,13,0.015508490376489966,0.057237266890810386,False,Leaves are fish,Fish grows on branches of a tree or leaves of a tree turn into fish,3,0.5333311743964625,-0.37974318751488667,0.9130743619113492
m91a_11,52,0.0290926325468182,0.10397528188313089,False,Simulating killing (a bag with blood),"Person conceals under clothes a bladder with blood or red juice and piercing it, simulates killing or suicide or demonstrates that he can cut his bowels and remain alive ",8,0.19601398447641327,-0.7143943108378177,0.910408295314231
k27m_10,32,0.02663944194042323,0.09828661868035947,False,Task: to kill an animal of unusual color,A task: to kill an animal of special (often unusual) color or form,6,0.49417838075609544,-0.41555539902876065,0.9097337797848561
L42a_10,11,0.012432881266962932,0.02695155296303802,False,,,2,-0.08776898548398263,-0.9947771274977774,0.9070081420137948
a39_1,35,0.03203488097129903,0.14459036168673361,False,The twelve months,Every one of the months of a year is a separate object or creature,6,1.0103633800256953,0.10911043134251641,0.9012529486831788
f70b_10,64,0.02822239641892545,0.09933247175774478,False,Revenge of a rejected woman,A woman revenges on a man who rejected her love,8,0.12875228054770302,-0.7649057914024114,0.8936580719501145
j46_10,153,0.03298013149743858,0.10415584556219902,False,Enemy drowns,Antagonist perishes falling into the water or trying to cross a water body,9,0.14079618341451988,-0.7495144246332475,0.8903106080477674
f93_11,7,0.011961618338588585,0.05234616008838273,False,The talking penis,A man's member speaks and can be silenced only by his mother-in-law,0,1.1429303485700137,0.255036735612401,0.8878936129576127
f77a_8,6,0.0071155540434016526,0.005614925578549545,False,Penis bridge,Huge penis is used as a bridge across water body,0,-0.4405437497577722,-1.3255219358197738,0.8849781860620016
k89c_10,12,0.018209304567132892,0.08980490130315151,False,Helpful brother is married to bear,A girl parts with her brother or sister who marries a bear and helps the girl,2,1.0441051554093872,0.15931899919523554,0.8847861562141517
L10_8,16,0.018167987997493737,0.05873597909422481,False,,,4,0.29215242019066767,-0.59117586332068,0.8833282835113476
i45a_8,36,0.024245408748379202,0.07174944623542165,True,Not to point at the Moon or a star,Person who points at the Moon or a star or looks intently at them will get sick or die or his pointing finger will rot or wither,7,0.12434333248776577,-0.758925587596788,0.8832689200845537
j40a_10,9,0.011439233549438547,0.040079173960435005,False,Avenged prisoners,"After the hero comes back after a long absence and finds his parents enslaved, he tells them to demonstrate openly a lack of respect to their masters and punishes those who were cruel with them",1,0.3072634875455515,-0.5755266451557559,0.8827901327013075
d12_6,57,0.02731348220554377,0.09420107860845485,True,Food baked in the sun,First people or inhabitants of a distant country cook food in the sun; or fire owner lies that he or she cooks food in the sun,8,0.05850109611904443,-0.8207328139016554,0.8792339100206998
b42m_2,10,0.017029964821480302,0.07758241621879464,True,Second hunter’s cooking pot,Hunter identified with Mizar (the second star of the handle of the Big Dipper) carries a cooking pot identified with Alcor (weak star near Mizar),2,0.8130167998533366,-0.06510695529948916,0.8781237551528258
L22_10,46,0.035695191795616366,0.15989853329465245,False,,,7,1.0786354613911031,0.201100659918604,0.8775348014724991
b42r_2,11,0.013186146715307908,0.03702352135659961,False,The Belt of Orion: one runs after another,Three stars of the Belt of Orion are three persons or animals who pursue each other,2,0.05983129204156536,-0.8098383769274226,0.8696696689689879
b3b_3,277,0.048984501821720074,0.18645342326899655,False,Earth grows big,Original earth was small and later increased in size or the fertile soil grew from a small amount of original substance,9,1.0109776377187911,0.14248757378401827,0.8684900639347728
L65d_10,26,0.02981061626508684,0.15491880282366474,False,,,5,1.3940215772376086,0.5267768619411765,0.8672447152964321
i32_5,34,0.023632999507077982,0.07691589497931971,False,Tree of the babies,"There is (or was) a tree on which souls of still unborn babies grow, which leaves transform into people, or which trunk is covered with female breasts or flowers that innumerable babies are sucking",6,0.20655016804167883,-0.6577062008483382,0.864256368890017
b69_7,34,0.02574287331790507,0.09484060613121052,False,Chipmunk's back scratched: hence his stripes,"(Animal)-person wants to thank or to punish small animal (chipmunk, ground squirrel, etc.) and scratches or paints it producing stripes on its back",6,0.40840310443264854,-0.4546020271883931,0.8630051316210416
k32b_10,19,0.021843031349299113,0.0866337934934536,False,Mother substitutes daughterMother takes the appearance of her daughter to replace her,,4,0.8085207655629056,-0.0542561471106977,0.8627769126736033
m120a_11,8,0.013850042825198814,0.06907979003167355,False,Cannibal mourner ,"Somebody dies, animal person suggests to be a mourner, eats the corpse",1,0.9718064419177769,0.10944040442310726,0.8623660374946696
j63_10,11,0.01295106837223139,0.03494921986716298,False,"Son saves, daughter betrays","Enemies attack household. The master's wife agrees to live with the enemies' leader, her former husband lies outdoors alive but tied up. His daughter refuses to release him, but his son does it. The man kills the enemies, usually cruelly kills his wife and daughter",2,0.013768342048869694,-0.8479261380057695,0.8616944800546392
k9_10,15,0.013258223462023681,0.03865482214623705,True,God’s wife thrown down from the sky,"The sky chief discovers or thinks that his wife, sister or lover is untrue or incestuous. He throws her down from the sky. She becomes the mistress of the lower or middle world or a part of it or one of her sons gets power over the lower world",3,0.1337718065120974,-0.727474975886558,0.8612467823986554
m13a_10,9,0.017537017899857465,0.11223426456084719,False,Transformed into stone,God agrees or suggests to fulfill a demand of a man. As a result the latter is transformed into a stone,1,1.9881262866461582,1.128708168313471,0.8594181183326872
k19e_10,13,0.019177078161869778,0.09533947090480352,True,Wolverine under a tree,"When a woman or two sisters descend from sky back to earth, they get to the top of a tree. Some animals who walk by cannot help them or do not want to help. Wolverine gets women down because he plans to marry them but they escape from him",3,1.184728840660565,0.3332602802638799,0.8514685603966851
m39a_11,17,0.020766892044317344,0.07948662539068622,False,Fool takes off boots from animals’ legs,"Two brothers live with their mother. One of them makes stupid actions like (all or some of them): lets free animals that got into a snare but kills his mother; thinks that an animals (reindeer, cow, horse, etc.) does not want to step into the water because they are afraid to make their shoes or clothes wet, cuts their hooves off or flays them; thinks that a certain place on a head of a baby is a tumor, sucks baby's brains out; cuts a cloth into pieces and ties them to reeds of to branches of a tree; hearing a murmur of water throws food into the water; tries to build a hut not on a river bank but in the river",4,0.6573159445284859,-0.1918101294595436,0.8491260739880294
L103_10,93,0.021464040986951267,0.05034748009265639,False,,,9,-0.48535081176664524,-1.3327292757604416,0.8473784639937965
e9g_5,16,0.02511671929623184,0.11150285707150637,False,Vulture-wife,Man marries vulture-woman,4,1.2684959730913457,0.42437240664099773,0.8441235664503479
L73_10,44,0.025980472154054975,0.08881295810365379,False,,,7,0.26895370146625425,-0.5730879366942216,0.8420416381604758
m40_11,49,0.021270932336476738,0.053261970304923294,False,The distorted instructions,"A weaker (animal) person comes to a wife or a son of a stronger one and tells her or him that her (him) husband or father has ordered to give him food, to make love to him, etc.",7,-0.12356699173205411,-0.960271542906133,0.8367045511740789
b42o_2,6,0.009121304375460956,0.026481933044449835,True,Broken back constellation,Certain constellation is a male person whose back is broken or wounded,0,0.2148445210257358,-0.619751374801775,0.8345958958275108
h6d_4,7,0.00796558004436383,0.015334465551244974,False,Stolen immortality,"Person brings a remedy that gets immortality. While he is asleep, somebody else steals the remedy",0,-0.16279379155651857,-0.996784564609457,0.8339907730529383
j25_10,152,0.030645327177701548,0.09765972848870598,False,Babies escape and return,"Heroes (one, two, one of the two), usually beings still babies or embryos, escape into the water, are carried away into the wilderness or thrown into the water. They are caught (often with difficulty) by some persons or come to them by their own will",9,0.013849394675058692,-0.8199241447364638,0.8337735394115225
k139_10,6,0.007946346922432682,0.015289810759779863,False,Pheasant gets burnt,"Servant is roasting meat for his master but is so impressed with a girl’s beauty, that the meat gets burnt. The master comes himself and decides to marry the girl",0,-0.16907830380250766,-0.9982948931640412,0.8292165893615335
b85b_3,17,0.010925994428620753,0.008683184807218402,False,Bag of winds,"Wind was or is in a particular enclosure (bag, cave, etc.). It was released from it or comes out from time to time",4,-0.7253964570268686,-1.5544890361561485,0.8290925791292799
L39a_10,9,0.011222130046829527,0.04007036444723528,False,,,1,0.24741860289250972,-0.5757347175032473,0.8231533203957571
b44c_7,66,0.04209844094380393,0.20452602735482106,False,Should warmth and light exist?,"It is discussed if darkness or light, cold or warm periods should exist",8,1.2012501562610456,0.37954812671261134,0.8217020295484343
j12j_10,13,0.01847241207371913,0.09033397455662345,False,Imposter is a buffoon ,In village where valuable marriage-partner lives an imposter plays the role of a buffoon,3,1.0596077117220448,0.23959283118677036,0.8200148805352745
L9b_8,24,0.022472803546913937,0.0923134369852863,False,,,5,0.4508126660399213,-0.36783017961797354,0.8186428456578949
e17_6,12,0.012575120362923532,0.03334128538441738,False,Origin of design,"Humans acquire (the idea of) ornamentation of the vessels, baskets, body, etc. after somebody gets to see the pattern on the skin of zoomorphic and/or supernatural creature. Design on the objects copies (is an imprint of) a pattern on such a skin",2,-0.05989762873332412,-0.8774505946579619,0.8175529659246378
i130_2,7,0.007777768590208837,0.014111325434513714,False,The sky net,"Orion, the Pleiades, Ursa Major or Ursa Minor is a hunting or fishing net",0,-0.2241620596826923,-1.0381539985256392,0.8139919388429468
h9_4,50,0.020293927578821674,0.05069838707871187,False,Strong and weak,People are mortal because they have been likened to something subject to decay and easy destruction (e.g. to the soft wood and not to the stone),8,-0.4840495862541186,-1.294020606933982,0.8099710206798634
i60a_2,5,0.007926857812314956,0.015703389856817414,False,Milky Way is a stripe on belly,"Milky Way is a longitudinal streak, associated with a white line, stripe along the middle of a belly of an animal",0,-0.1754464613817475,-0.9843066894497088,0.8088602280679613
h41_4,57,0.03566628416515579,0.160334646427656,False,Death and the dog,Dog is responsible for people being mortal or imperfect. Usually the antagonist bribes dog with a warm fur and the dog lets him spoil the half-ready human figures,8,0.704100232232842,-0.10123226674347996,0.805332498976322
k30_10,74,0.02103743405028541,0.05680131260619734,False,Flying enemy abducts woman,Flying person or creature abducts a woman but is ultimately killed or the woman escapes from him,8,-0.4265829854663872,-1.2276237921077222,0.801040806641335
k56a1_10,5,0.011593164201994993,0.05140141639619165,False,Mother-in-law helps the girl to fulfill a task,"Coming to powerful man, a girl must make work that she is unable to do. His mother makes the work for her, and she marries the man",0,1.0225362418931492,0.22308331408104262,0.7994529278121065
m193_11,8,0.01016978541487344,0.028865994956285352,False,Flight inside pumpkin,"To pass unnoticed dangerous animals on his or her way back, person crawls into a gourd, a big cattle, etc. and is rolling inside it along the road, or he walks transforming his appearance in a bizarre way",1,-0.04266166922578611,-0.8403712994901636,0.7977096302643776
b72b_7,22,0.022271095800163888,0.0920273597119521,False,Offended one turns into bird,"Children do not give water to their thirsty mother or mother (step mother, stepfather) does not give water to thirsty child. The offended one turns into a bird and flies away",5,0.4248849745738974,-0.3719181158472021,0.7968030904210994
b54_7,46,0.027345725555064124,0.1041454268603919,False,Chips turn into fish,"Chips of wood, branches or pieces of bark thrown or fallen into the water turn into fish and/or aquatic animals",7,0.3827419338865988,-0.40610296910417026,0.788844902990769
b101_7,9,0.014699604312400737,0.08230932175568961,False,Slashes on birch bark,"Angry against the birch, person beats or cuts it, whence scratches and slashes on its bark",1,1.2059892560883363,0.42190939784205433,0.784079858246282
i6a_3,28,0.03562669112031778,0.18530741940539763,False,Male and female birds: different kinds of precipitation,"The male and the female birds bring with them different kinds of precipitations (e.g. the male comes with a hail, the female with a rain)",6,1.3539940852450318,0.5704737577435219,0.7835203275015099
a13a_1,8,0.014539820618485145,0.08054522482777692,True,Raven steals the Sun,Raven steals (hides) the Sun or tries to do it,1,1.1619446570058605,0.380243101342861,0.7817015556629995
e5a_5,153,0.040550203829607584,0.152424951347274,True,Mankind ascends from the underworld,"First people (or only first men or first women) are not created but come to earth from the underworld or from a small enclosure under the earth or on its surface (tree trunk, rock, gourd, etc.). Many people of both sexes and of different age or people and different species of animals come out together",9,0.5523922923349179,-0.22633816572198467,0.7787304580569026
k89b_10,11,0.018291687575336165,0.09651901245056811,True,Brother abandoned in a tree,"A girl becomes separated with her brothers (or brother) who die, remain in a tree, on a hill, ascend to the sky, etc. After being happily married, the girl once again meets her brothers who have acquired a non-human nature",2,1.060247877607663,0.28260168618097536,0.7776461914266876
a32c_2,15,0.010722076064791971,0.01907609714474831,True,A man and a dog in the Moon,A human being and a dog together are seen in the moon,3,-0.31654875074491695,-1.0938500762776422,0.7773013255327252
c6b_3,42,0.04585283170671417,0.24694814763300998,False,The diver is muskrat or beaver,"A muskrat, a beaver or a nutria brings the desired object from under the water",7,1.9252327965025349,1.1491526181284668,0.7760801783740681
m108_11,6,0.011305150102366183,0.04942642304686679,False,Trickster carries away property,Person suggests to ferry people's property across river but rides away with boat and load,0,0.9284262922648753,0.1562844610860628,0.7721418311788124
k59_10,25,0.022621811131189506,0.09698670470977398,False,Box for Osiris,"One man puts another into a box, closes the lid (or ties him to a board, to canoe, etc.) and puts the box adrift. It floats to another land, man is released there, returns home, revenges on his enemy",5,0.4699662321941352,-0.30105094819856526,0.7710171803927004
a23a_11,39,0.025801540168626468,0.09411759246417499,True,Who will see the Sun first?,Two persons or animals argue about who of them will be the first to see the rising sun. One who seemed to have less chances wins,7,0.2540404594773876,-0.5153154924243171,0.7693559519017047
j52b_10,12,0.014623998985607128,0.05783562497457509,False,Hare-woman or hare-children as heroes ,"A girl, a young woman, or children who are associated with a hare or rabbit are heroes of the story",2,0.3415744605397304,-0.42769217774856466,0.7692666382882951
k1j_10,6,0.011275981790834977,0.04931631960748226,True,A marooned man returns home before his adversary,"A man marooned on an islet or rock in the sea turns into a bird and flies home. When the man who marooned him comes home, the hero is already there",0,0.9188954105042899,0.1525605075526481,0.7663349029516417
m13_10,12,0.02417645324453719,0.16009648340865953,False,God grants requests to his visitors,Some persons ask the supreme deity (usually coming to him) to fulfill their demands. The deity does it according to the letter and not to the spirit of the demand,2,2.2133514055277383,1.449993955891492,0.7633574496362463
c16_10,42,0.03780992445337287,0.18662316221906614,False,Processed objects turn into animals,"Against person's will, butchered, dried or cooked meat, tanned hides, etc. turn back into animals or fish and escape.",7,1.2548896944805963,0.4921569383041836,0.7627327561764127
L60_10,5,0.009474685527251144,0.03214475514241616,False,,,0,0.33031345965553527,-0.42822160535314063,0.758535065008676
j51_10,54,0.023190052798879902,0.07603411731606487,False,One piece is missing,"Person or animal is eaten up or destroyed otherwise. His bones are put together and he or it is revived. Because one bone was broken, swallowed or lost, the person or animal cannot be revived or being revived misses some part of his or its body",8,-0.26020422882943217,-1.0183803780828355,0.7581761492534034
m30_11,190,0.01921507318788989,0.04734314120024557,True,Trickster falls down,"Person or creature who has no wings or is unable to fly on a long distance attempts to ascend to the sky or to fly far away but falls down or, deprived of his wings, remains in a place from which he is unable to return",9,-0.6076305410166971,-1.3652925220992438,0.7576619810825467
L6_8,81,0.02172052443456824,0.06008490553756439,False,,,9,-0.47140542466736673,-1.2271878588885858,0.7557824342212192
i94_2,32,0.035593344927848325,0.18756120166985066,False,The Pleiades are openings,The Pleiades are holes in the firmament,6,1.3508038343243955,0.5960112729956372,0.7547925613287584
m78a_11,8,0.009983922923175351,0.028514863025007355,False,Tail-boy,A wee boy is a transformed tail of a sheep or goat,1,-0.09389492545302544,-0.8486647027195848,0.7547697772665594
m62a_11,53,0.01999582732774437,0.05398800801415678,False,Quarrel provoked by action,Hero imperceptibly causes detriment to two persons or creatures. They accuse each other and fight,8,-0.5070901498280397,-1.258231156265506,0.7511410064374663
k147_10,5,0.008465609054554903,0.0227168251379294,False,,,0,0.0005930184031503674,-0.7470960515035324,0.7476890699066828
d13d_11,13,0.009297246552148457,0.007176680583697292,False,To make hidden woman laugh,Woman is hidden somewhere inside the house. Man makes her laugh to discover her,3,-0.5695427292613975,-1.3165228977621308,0.7469801685007333
c30a_11,33,0.026501029728700592,0.11180994203068846,False,,,6,0.48093639859336573,-0.2623231716901864,0.743259570283552
i132_8,5,0.009907611491082696,0.036786156002405354,False,Climbing a deer antlers up to the sky,"A giant deer’s or deer-like creature’s antlers reach the upper world, a person climbs them to get there",0,0.4717740364171175,-0.27123866976848293,0.7430127061856004
k8d_10,59,0.014651094944065171,0.01703563478594746,False,Jonah: swallowed by anthropomorphic being,Person (often an animal-person) gets into the belly of anthropomorphic being. He kills it from the inside and/or returns to earth by himself (i.e. not extracted by other people),8,-0.9201916008557381,-1.6602547221069122,0.740063121251174
m23_11,131,0.02630030952773193,0.08453200491794778,False,Mock plea,Рerson or creature pretends to be afraid of a particular sort of treatment that really cannot do him any harm,9,-0.22239568720060293,-0.9622121194992805,0.7398164322986776
b38d_7,6,0.008074237649652562,0.01927286485071724,False,Raven and owl paint each other,Raven and owl paint each other,0,-0.12728941252219236,-0.8635787713186023,0.7362893587964099
k1f_10,176,0.032071774533491096,0.11390542470159282,False,Conflict because of a woman,A man maroons another because of jealousy or because he plans to take hold of his wife,9,0.09140746221528584,-0.6438412770340535,0.7352487392493393
a33_2,11,0.010363022881044648,0.014271093960396775,True,The Sun ram,"The Sun has appearance of one a hoofed animal (bull, ram, pig, etc.)",2,-0.493352001234103,-1.2276122748068345,0.7342602735727315
e5aa_5,15,0.009926382491005251,0.01387520057998743,False,People grew like a grass,"The first people grew or crawled out of the earth like a grass, mushrooms, worms, etc.",3,-0.4578327999072709,-1.1911740338332553,0.7333412339259844
L55_10,24,0.01724057506024127,0.05142848731525356,False,,,5,-0.22174259308106536,-0.952060674541156,0.7303180814600906
a23b_11,19,0.01604491580129804,0.05129628699733396,True,First beams on the tree tops,Two persons or animals argue who would see the rising sun first. One who looks not to the east but to the opposite direction gets to see the first beams on trees or mountain tops and wins,4,-0.006153524014540194,-0.7343597454767927,0.7282062214622526
k56a_10,40,0.024353155134522287,0.0868630009714255,False,"The unworthy girl fails, the worthy one succeeds","Two or three sisters are sent in succession to powerful person. The first or the first and the second sister behave in a wrong way, perish or do not succeed. The last one behaves correctly, gets a reward",7,0.13332354877570116,-0.5943247990477831,0.7276483478234843
k114_10,26,0.020985984628422504,0.08544391010872412,False,Brothers leave home after their sister is born,"Several brothers leave home immediately after their mother gives birth to a girl. Usually they do not want to have another brother and hope that this time a girl will be born but chance or by evil intent a signal is given that not a girl but a boy is born again. The brothers are disappointed and leave, the girl grows up and travels in search of them",5,0.25969565241196696,-0.46599312513637525,0.7256887775483423
f45_5,147,0.01918305282759872,0.05023007889392697,False,The amazons,There are (or were) women who live apart from men in their own village or villages,9,-0.6093715357025825,-1.334001756759291,0.7246302210567085
f52_5,10,0.01607662001359602,0.07592225072209662,False,Pubic hair for a bird’s crest,A bird person gets his crest putting on his head a pubic hair of a woman or part of her genitals,2,0.6262115261872901,-0.0955904636567642,0.7218019898440543
c25b_2,45,0.021340058635521648,0.06440805074909348,True,A spinner in the Moon,"Somewhere outside of our world (in the sky, on the Moon, etc.) certain person is spinning, weaving, plaiting, or embroidering",7,-0.11780560020117324,-0.8388802711379832,0.72107467093681
L125_10,34,0.02828861584393949,0.12936702386953294,False,,,6,0.6519558712087683,-0.06338459083710624,0.7153404620458745
m60a_10,59,0.030971768137484704,0.13550674041180635,False,Unrecognized hero comes to one whom he wounded,"Hero wounds an animal or a supernatural creature, then masks as a doctor, comes unrecognized to the one whom he wounded, either cures or kills him",8,0.34125486530191024,-0.3713476189354578,0.712602484237368
m77_11,39,0.022473112533673338,0.07411922648668078,False,A soiled bed,"While person is asleep, another smears with excrements or something that reminds excrements his or her bed or clothes. The ashamed person runs away or agrees to make what the trickster wants in exchange of his silence",7,-0.02337023735031894,-0.7331164576562398,0.7097462203059208
L65a_10,53,0.035260021217353915,0.16629153853271175,False,,,8,0.6726996304462628,-0.03642422341112784,0.7091238538573906
b41a_7,19,0.011434861054044176,0.018698196382464227,False,Animal reveals master’s secrets,The dog or other domestic animal speaks aloud about those details of its masters' life that they would prefer to conceal. He is punished by depriving his ability to speak,4,-0.6538972685190746,-1.3617407048399386,0.707843436320864
a45_2,31,0.02471524980464848,0.1001655369965097,True,The insulted Moon,Person who teases or insults the Moon is punished,6,0.3100897254093158,-0.39426545194160934,0.7043551773509251
k22a_10,25,0.014473333393759407,0.028496360597065274,False,Dwarfs attacked,Birds or other creatures which not dangerous for common people attack dwarfs who live in another world,5,-0.5774462747516352,-1.2797521074604996,0.7023058327088644
i82h_12,37,0.04068340918416185,0.21416305455107656,False,,,7,1.4943827791794833,0.7920921999673304,0.7022905792121529
f65b_11,24,0.020058931119602615,0.07881757942980752,False,Death feigned to eat burial food,Man pretends to die because he does not want to share food with the others and eats it alone at his burial place,5,0.1405313776805551,-0.5606808888076522,0.7012122664882073
k1i_10,12,0.010636598440917073,0.019053344873485634,True,Tree to descend from a rock,A tree or vine quickly grows up near the rock or in the bottom of a pit where the hero was marooned. He gets to the ground climbing down (or up) this tree (vine),2,-0.43974562827474734,-1.1398018812251836,0.7000562529504362
i65_2,89,0.029391497890646667,0.1039382379560482,False,Milky Way of the dead,Milky Way is the path over which souls travel to the beyond or a path of the funeral procession,9,-0.05432317133982366,-0.751873016768837,0.6975498454290133
k130_10,14,0.012695049387006527,0.042092048588872166,False,Is me the most beautiful?,A woman asks if she is the most beautiful among female folk and always receives a positive answer. She tries to get rid of her rival when the answer becomes a negative one,3,0.03377412358118781,-0.6631544349477801,0.696928558528968
i99_2,88,0.012390273455573973,0.018916550355329593,False,The Pleiades are boys or men,"The Pleiades are a group of boys or men, or a group of different people but predominantly males",9,-0.9787050685407087,-1.6734009324365826,0.6946958638958739
m104_11,68,0.04025108672427417,0.2031816250405629,False,Make believe killing of kinsfolk,"Person conceals his or her close relatives (children, mother, brothers) and tells another that he or she has killed them. Another believes and agrees to kill his or her own children, mother, etc.",8,1.0584656997407822,0.36492169368311095,0.6935440060576712
m53b_11,15,0.02339403936697889,0.1438395638615133,False,Bag with songs,Trickster pretends to have songs in his bag,3,1.9334961725154687,1.2408386044213682,0.6926575680941005
m108a_11,10,0.015790344134182108,0.07446409419773384,False,Trickster as an adopted child,An old couple live alone and adopt a boy (a trickster-animal) as a son. He steals their property and runs away,2,0.5701165608026408,-0.12236473808002858,0.6924812988826694
k26a_10,14,0.01728237990579263,0.08588207127706023,False,Sky opening covered with a stone,"Opening in the firmament is covered with a flat stone. When person puts the stone aside, he or she gets to see the earth",3,0.848304555762189,0.15628472451193068,0.6920198312502583
m38b_11,23,0.02549572879807029,0.1284240769092722,False,Stupid wives imitate magic one,A rejected wife acts using magic. Other wives try to imitate her and perish,5,0.8393821409344961,0.14817723154551507,0.691204909388981
i2_3,56,0.027257438511411058,0.11116956248902911,False,Lightning from eyes,Lightning emerges from eyes or mouth of the being who is thought to produce thunderstorms,8,0.05416940470679105,-0.6361240918999194,0.6902934966067105
L15c_11,20,0.017566391176129938,0.05721182068013596,False,,,5,-0.17986190251002984,-0.8694190242189704,0.6895571217089406
h8_4,17,0.017456777596647904,0.06374075849810486,False,The failed test,"People lose immortality because they do not dare to touch or drink something loathsome, poisonous, hot or otherwise dangerous",4,0.1922225682840561,-0.49485416948579936,0.6870767377698555
i46c_3,6,0.007519346193294766,0.015399732632596433,True,Rainbow rope,Rainbow is a rope to which a domestic animal is tied,0,-0.3086027825075281,-0.9945770806328158,0.6859742981252877
k27w_10,37,0.022384708091969664,0.07583349472672314,False,Monster brought by the hero kills the task-giver,"Task-giver asks to bring him dangerous being or object possessed by a moster or deity. Hero fulfills the task. The beast, monster, deity or the object itself kills the task-giver",7,-0.030738382452270625,-0.7144464684297279,0.6837080859774572
m123a_11,5,0.011593164201994993,0.05485115447239998,False,Three-toed foot,"Raven marries or tries to marry a girl pretending to be handsome chief. They notice that somebody is eating carrion. Usually when everybody have to take off there footgear, raven's three-toes feet are exposed. He is driven away or runs away being ashamed",0,1.0225362418931492,0.3397614521125451,0.682774789780604
k47b_9,20,0.014792071701767658,0.033103137901257115,False,Dog turns into handsome man,A girl marries a handsome man whom she had first seen in guise of a dog,5,-0.5364753718408951,-1.2139229990440692,0.6774476272031741
b16b_3,5,0.009164070704721528,0.03154145616047839,False,Wolverine makes the sea salty,Wolverine or fox bathes in the sea making the water salty,0,0.22881861846640142,-0.4486265753345628,0.6774451938009642
b84_7,9,0.008752237920746968,0.01745613629603703,False,Fungi and excrescences (ogress transformed),"A female demonic person, usually while she is pursuing a man, dies and her flesh turns into objects that are found on trees, like fungi, pitch, fruits or nuts",1,-0.4334106219452737,-1.1098613407852884,0.6764507188400147
i119_8,19,0.015294060414112944,0.04858277653502239,False,The dead shake the earth,The earthquakes are produced by the dead who are in the underworld or during the earthquakes the inhabitants of the lower world try to come out,4,-0.11165376354345151,-0.7865838102908961,0.6749300467474446
i46_3,76,0.029911608497420104,0.1086548097978285,True,Rainbow belt,"Rainbow is the ornamented part of the clothes, its decoration, a belt",9,-0.026043982903742168,-0.7007513236913611,0.6747073407876188
k44_10,37,0.024622206837239285,0.09441988247341665,False,False parent,"Spirit or animal person steals a boy, tells him that she or he is his real mother or father. The boy gets to know the truth, leaves the false parent",7,0.155747897002354,-0.5120232706564539,0.667771167658808
i38_8,46,0.02979819599283536,0.1342489572998009,False,The dog-heads,Some beings are half-men and half-dogs (usually anthropomorphic with heads of dogs),7,0.5871452160691327,-0.07824728359613936,0.665392499665272
L120_10,24,0.03356215216047963,0.20293206022384158,False,,,5,1.8762473062275336,1.2128681830793249,0.6633791231482087
e36_5,29,0.024914251138547002,0.10549127474976815,False,Hard covering of the body,Human body was protected with a hard layer now preserved only on fingers and toes as nails,6,0.3291283064784792,-0.33391973388014823,0.6630480403586274
b106_7,5,0.007763946132217321,0.018466258639786775,True,The sky cock,"When the sky cock cries, all the cocks on earth cry after him, not before",0,-0.228678612264656,-0.8908600630390026,0.6621814507743465
h36j_4,5,0.00837041094811634,0.02433326803847442,False,Death and the lark,Lark is responsible for introduction of permanent death,0,-0.03051340664057684,-0.6924242057855724,0.6619107991449955
g13b_6,8,0.00762828837469412,0.005031731572504554,False,People ate fungi,Before acquisition of cultivated plants people ate fungi,1,-0.7432288889517902,-1.40331399797528,0.6600851090234898
k22c_10,8,0.007716872500948113,0.006136964223805943,False,Birds attacked,Inhabitants of a distant country suffer from periodic assaults of the enemies which are not dangerous for common people. These enemies (and sometimes the inhabitants of the country too) are birds,1,-0.7188105504447979,-1.37720945087185,0.6583989004270521
m2_10,10,0.011734928215425188,0.03313648283212184,True,Riding down a tree,A man descends from top of a tree or rock down a chain of animals or on the back of an animal who climbs or runs down the trunk,2,-0.22453095210958393,-0.8812111235491535,0.6566801714395696
m85_11,88,0.05797727765182286,0.2511368935764746,False,The fox bluffs,An animal person (usually a fox or a jackal) threatens to cut down a tree on which mother bird (squirrel) made its nest unless she will throw down one of her nestlings (squirrel children) or eggs. Another bird lets the mother bird know that the predator is unable to realize his threat,9,1.4999282550510264,0.8435748522504006,0.6563534028006258
k27z5_10,13,0.013127485682259132,0.04836702165035158,False,An agreement to marry the would be born children,"Two men agree to marry their future children if a girl and a boy will be born. The boy is poor or he loses his former status after his father’s death, the girl’s parents decide to evade the given obligation. The boy grows up and finds his bride",3,0.11055789161804229,-0.5457313706176944,0.6562892622357367
f70d_10,6,0.007945985485396085,0.020419346339492356,False,A disgraced informer,A castrate or girl pretends to be a man or a cripple girl conceles her injury. Some person gets to know about it and plans to expose the deception. At the last moment the hero or heroine magically becomes a real man (gets back the lost members) and the informer is disgraced,0,-0.1691964050390505,-0.8248021098901805,0.65560570485113
k64b_10,22,0.029393139690411647,0.16631024549360324,False,Object sticks to a body,"Hero's adversary provokes him to touch an object that proves to be sticky. The hero sticks to it, sometimes has to cut off his finger",5,1.3403587705439026,0.6895562769253969,0.6508024936185057
f4_5,20,0.01466110588837424,0.033828931419499345,False,Child born in jug,"In the beginning of times, a particular person or children in general was or were conceived and grown up in pots, heaps of mud, etc. and not in a womb",5,-0.5533098328716318,-1.203551683687272,0.6502418508156401
L14_8,68,0.016433796823281298,0.03826516045215243,False,,,8,-0.7824042094228598,-1.4292879704793346,0.6468837610564748
i46d_3,5,0.010393201609123867,0.04433850832330456,True,Rainbow snare,"Rainbow is a snare, a noose",0,0.6304428710600692,-0.01580060835804905,0.6462434794181183
h54_8,14,0.01150413351301486,0.03353626566476443,False,The eyelids of Viy,"Eyelids or eyebrows of personage hang long down over his eyes. To make him see, eyelids should be propped up with poles, folks, etc.",3,-0.1776859440030287,-0.8232581101107922,0.6455721661077635
k27e_10,113,0.03559090138584319,0.1401180541947466,False,Ordeal: to eat much,An ordeal: to eat or drink much or eat or drink poisonous beverage or food,9,0.2827476311949385,-0.3597294168409524,0.6424770480358909
e7_5,21,0.014238425156352753,0.030603505197047146,True,Person stuck in a cosmic hole,"To descend from the sky, ascend from the underworld or come out of the cave, people must pass through narrow hole. A person is stuck in the hole blocking forever communication between different parts of the universe",5,-0.6076415865353445,-1.2496418066662578,0.6420002201309133
b52c_3,18,0.01877111439399979,0.07569354032527408,True,Earth bigger than sky,"When the earth and the sky were created, they p[roved to be of unequal size. The earth was squeezed, this way mountains appeared",4,0.3768957414527576,-0.2648116244059618,0.6417073658587193
a29b_1,10,0.014666355830619445,0.06528397326474294,True,The Moon torn in half,"Person, connected with the upper world and another person connected with the lower world or the earth both are eager to possess a hero or heroin who is associated with the Moon",2,0.3498741669614983,-0.2909276275860534,0.6408017945475517
k23a_8,7,0.008633117124400898,0.027530525922970176,False,Feathers are the birds’ weapon,Birds use their feathers as arrows or their arrows and down stick mouth openings of them enemies,0,0.055327061062356166,-0.5842855330723293,0.6396125941346855
e1a_5,7,0.005656993240816072,-0.0011875967766888896,False,First people of unstable materials,"First human beings are made of unstable materials (mud, wax, fire, honey, etc.) and unviable",0,-0.917135291067763,-1.5555990097288945,0.6384637186611315
k137_10,6,0.007355914184109632,0.015276963466204104,False,Sister tricks women to come and revive her brother,"When her brother is killed, a girl puts on his clothes and in a guise of a man wins competitions and gets women who are able to revive the dead. She puts the clothes back on her brother and the women come and revive him taking him for their husband. Or a sister is killed and her brother after winning wives tricks them to revive her",0,-0.3620049533452855,-0.9987294184120599,0.6367244650667744
C15_3,6,0.008897543402060837,0.03019474578781986,False,,,0,0.1417295799079284,-0.4941754417349401,0.6359050216428686
k76e_9,7,0.011807429468808778,0.05834825522427453,False,Son the pig,"An (adoptive) son is a pig. He marries a princess, turns into handsome man.",0,1.09254841661974,0.45804150561903295,0.6345069110007069
m84c_8,6,0.006338205910879668,0.005620967147811603,False,Guest of bush spirits,A man spends a night in a forest under a tree. He listens how a bush spirit explains to another that he has a guest (i.e. this same man) tonight,0,-0.6945458756591076,-1.3253175959433217,0.630771720284214
k14c_10,18,0.015716981707975797,0.053968052574326,False,,,4,-0.052230473032506504,-0.6829391003018854,0.6307086272693789
m32a_11,9,0.017633217193213313,0.12304455351053252,False,Eating pieces of flesh that fall out,Person's intestines or pieces of flesh from his bottom part fall out. He eats them up taking for a good meat or fat,1,2.014643756633516,1.3840369416323446,0.6306068150011712
m39a4_11,12,0.013030400361152798,0.04839580236867253,True,Fool and his shadow,Fool takes his own shadow for a person who pursues him and gives it his possessions,2,0.029313225472343798,-0.6010236389014203,0.6303368643737641
b110a_3,5,0.007397989206912635,0.015979770387418168,False,,,0,-0.34825674351214775,-0.9749588592706424,0.6267021157584947
k27n3c_10,42,0.029423509405700172,0.13497116734605322,False,,,7,0.555916636502724,-0.07038173871357423,0.6262983752162983
g5_6,49,0.044009489254762585,0.24662628865286484,False,Food tree,Fruits and shoots of different cultivated plants grow on the branches of one tree or certain plant has a tree form that is alien to it in nature,7,1.771597816213957,1.1456472719105275,0.6259505443034294
c2a_3,7,0.013173441535799862,0.07191594555659696,False,Conflagration of the woodpecker,"Two persons meet a woodpecker and as a consequence, the earth burns. The strong and smart person survives, the weak and stupid is burned",0,1.5388992271593152,0.9169322417827939,0.6219669853765213
b30b_7,11,0.011159302994829578,0.028912250467202485,False,Murdered person turns into game animals,Different game animals emerge from remains of a murdered person,2,-0.33732311919661917,-0.9587753319700647,0.6214522127734455
j59a_10,24,0.018797580320641664,0.07307438259812268,False,Flight after arrow,"Shooting and arrow, person flies on it, after it or ahead of it",5,-0.02160376523196774,-0.6427490032237461,0.6211452379917783
h37a_11,5,0.009515187561910603,0.03660109525928121,False,Jump over brushwood kindles fire,"Person gives a trickster ability to kindle fire easily. He uses it without need, it is lost",0,0.3435476882803029,-0.2774978530610836,0.6210455413413865
L5f_9,29,0.02039026677552587,0.07116456268140801,False,,,6,-0.10368408409035415,-0.7228743134004831,0.619190229310129
i62_2,92,0.010886555365770986,0.01845738549918018,True,Milky Way is a river,"Milky Way is a sky river, water body, chain of beings that swim",9,-1.060464460990105,-1.6783777006562677,0.6179132396661626
L45_11,25,0.02099332077383747,0.09322694343278508,False,,,5,0.26063864700654144,-0.35477651737196336,0.6154151643785049
h24_10,169,0.024578632520279507,0.08740647514685893,False,Container opened too early,Container with valuables or with dangerous creatures is opened (before time). Its content goes out of control or disappear,9,-0.316005830669614,-0.931056485761012,0.6150506550913979
b77_3,192,0.01946164941756117,0.06188553018557306,True,Primeval sky close to earth,"Originally the sky was close to the earth, then it has risen up",9,-0.5942238241147092,-1.2076713575628069,0.6134475334480977
m123b_11,5,0.011593164201994993,0.05700714090354529,False,Trickster tied to a boat ,"A man gets a woman thanks to a trick, carries her away in his canoe. She asks permission to go to shore to relieve herself, runs away",0,1.0225362418931492,0.4126819106662302,0.6098543312269189
k102b_10,16,0.01791468984101541,0.07117987714835715,False,To ride for the last time,A boy or a girl asks permission to ride for the last time his or her favorite animal; then he or she rides away saving his or her life,4,0.2565623230337735,-0.35168132385039846,0.608243646884172
k130a_10,28,0.021956302278490502,0.08537680478051264,False,,,6,0.046139504004709654,-0.5618359757149559,0.6079754797196656
L110a_10,5,0.007480185444345349,0.017389848694805678,False,,,0,-0.321398739774151,-0.9272667424345086,0.6058680026603576
i81_3,19,0.013737008595416735,0.040839712674916526,False,Waters rush down into the underworld,Waters of all rivers on earth run to the precipice where they rush down into the underworld,4,-0.3304300320965889,-0.9356063677884016,0.6051763356918127
L81a_10,15,0.011237185680197555,0.03319874112495552,False,,,3,-0.2250854354379731,-0.8295741795763748,0.6044887441384017
b67_7,9,0.01528198825346576,0.09678284991521353,True,Tree turns to rocks,People fell giant tree. The fallen tree and/or its stump turns into mountain(s) or rocks,1,1.3665242053543836,0.7637604073541531,0.6027637980002305
g8f_10,11,0.015475157418141582,0.07607700292236387,False,Chips destroyed,A deep notch in the tree is magically restored when persons or creatures who cut it go away to take a rest. They get to fell the tree after they begin to burn the cut off chips or to carry them far way,2,0.5083565970844562,-0.09274894574813629,0.6011055428325925
h46A_4,26,0.022484405892173265,0.10764988036198754,False,,,5,0.45230404172089056,-0.14867819394489548,0.600982235665786
b40a_7,56,0.013679471554611735,0.02329172996573612,False,Missed opportunity to have horns,Animal who has no horns now had them before or missed opportunity to get them,8,-0.9952896606316262,-1.592191497131098,0.5969018364994718
j27_10,45,0.03203343332018652,0.15775274475273976,False,Lodge-boy and Thrown-away,"One of two small boys (or one of two pairs of boys, two of three boys) lives in a lodge with his (adoptive) father or mother. The young male who lives in the lodge can be also a pup (allegedly) born by the woman. Another boy (or couple of boys) has been thrown away or born by his mother after her death, grows up by himself or is grown up by some spirit, comes to his brother(s) and ultimately to his (adoptive) parent. Usually (adoptive) father or mother catches him and domesticates with much difficulty",7,0.7734430156800047,0.17773100981128342,0.5957120058687213
e35_5,29,0.013625173016078813,0.016208870129498863,False,Webbed fingers,"First people or people made by Creator's rival were imperfect, not completely anthropomorphic (often: had webbed fingers)",6,-0.7509048009394366,-1.3455750324850468,0.5946702315456103
k25a2_10,7,0.011207395847640151,0.05374261158607895,False,Thrown down feathers,Magic wife flies away or makes attempt to fly away when her bird relatives throw down her feathers (wings),0,0.8964846338527601,0.3022679621586156,0.5942166716941445
i85a_2,16,0.01580816071760635,0.056533443791116605,False,Horses around Polaris,Hoofed animals are walking around Polaris,4,-0.039419208013692746,-0.6335657298874321,0.5941465218737394
L1d_10,6,0.011816946483268009,0.059746042843167854,False,,,0,1.095658145457752,0.5053179228811855,0.5903402225765666
m100a_11,8,0.010239891688940001,0.03858340223774742,False,Jump from a cliff,"An animal-person provokes another to jump from of a bluff or cliff because his father (grandfather, etc.) could do it. The one yielded to provocation jumps and dies",1,-0.023336776561463008,-0.6108553547671669,0.5875185782057039
L1c2_10,7,0.008261327067230177,0.025480365322738525,False,,,0,-0.06615707321344282,-0.6536267167263345,0.5874696435128918
a38b_7,22,0.03089045373504286,0.18454580459700717,True,Mouse gnaws snare open,"After the Sun is caught into snare only mouse, shrew or other small animal is able to cut it open",5,1.5328248369317714,0.9501355317897235,0.5826893051420479
b26_10,54,0.030165601254308026,0.14188407987522653,False,Man joins wild animals,Person who follows the wild animals turns into one of them or into their master,8,0.278945158228885,-0.30196531604975113,0.5809104742786362
L116a_10,13,0.010347262352892423,0.026042658300250533,False,,,3,-0.38310100231925776,-0.963485379775001,0.5803843774557433
i27_8,92,0.022709789006507226,0.0813004626857982,False,Chthonic canine,"A dog is the lord, guard or guide of/to the land of the dead; or dogs live on the way to the land of the dead",9,-0.41761763630336524,-0.9972379636294307,0.5796203273260655
k56a3_10,6,0.01038663402049346,0.04631980260423558,False,Not to fix laces on clothes and shoes,"Though laces on her clothes or shoes get loose, a girl on her way to the powerful persons or back should not tie them up",0,0.6282968808603414,0.05121135674904762,0.5770855241112938
k56a4_10,19,0.029144242085079396,0.15484947975298063,False,Dog the messenger,"When the kind girl returns home, a dog barks saying that everything is well with her and when the unkind girl returns (or her dead body is brought home), the dog barks that everything is bad",4,1.8343900536073052,1.2586189901096196,0.5757710634976856
L42c_10,8,0.011774757708295011,0.05699787541336597,False,,,1,0.3997511919988271,-0.17592296127357346,0.5756741532724006
f70a_10,50,0.020726029308082476,0.07544140624272823,False,Disordered clothes as evidence against innocent man,"To accuse a man or boy of (sexual) abbuse, a woman tears her clothes, smears or scratches her body pretending to be attacked",8,-0.45065187079613,-1.0248287817549053,0.5741769109587753
b31_7,37,0.01851661770288331,0.056328628650193426,False,Woman turns into water mammal,"After a conflict with a man or remaining alone, a woman turns into water mammal",7,-0.35312774100718797,-0.9268727568059072,0.5737450157987192
k29a_10,151,0.023527543239948167,0.08610494053965458,False,Survives in a fire,"Hero demonstrates his supernatural abilities remaining alive in a burning hot chamber, stove, bonfire, among burning vegetation",9,-0.3731551205216918,-0.9451634801949396,0.5720083596732477
h28a_8,30,0.021182973691060106,0.0821580034382962,False,Mosquitoes from sparks and smoke,A burned person or creature immediately turns into a multitude of mosquitoes or biting flies,6,-0.02784532170707749,-0.5983080829219628,0.5704627612148853
m60b_11,35,0.017688707550863186,0.052728877130728026,False,False doctor: a finished off victim,The deceiver who promised to cure a sick or wounded person or animal devours him,6,-0.36214393108874177,-0.9317683172087661,0.5696243861200243
b42h_2,35,0.031939377019427895,0.17326088846391316,False,The object of cosmic hunt is the Belt of Orion,The object of hunt in the cosmic hunt tale is identified with the Belt of Orion,6,1.0012264577020928,0.4339750051775108,0.567251452524582
b53_5,20,0.013968070629870922,0.03351902410029769,False,Creatures or objects from cut off genitals,Supernaturally big genitals are cut off and turn into snakes or other creatures and objects,5,-0.6423931955439468,-1.2079801422750591,0.5655869467311123
L33d_10,7,0.010220492809073261,0.04507190973988826,False,,,0,0.5740094655633602,0.009004727533047341,0.5650047380303128
g8d_3,17,0.009589328500442041,0.012695576642694462,True,Falling or growing up of a tree is dangerous to the world,"To save the world (gods, king, etc.) certain persons or creatures try to cut or gnaw a tree (post, mountain) or do not permit the others to do. The notch disappears and the tree (post, etc.) becomes intact",4,-0.9132070234818247,-1.477266775845799,0.5640597523639742
m46b_11,35,0.044013459974644356,0.27557657467208385,False,Baby born by woman,"Person turns into tiny object or creature. Touching or swallowing it, the woman conceives and gives birth to a baby-boy. The boy steals valuables or make love to the woman",6,2.1563614644649864,1.5933098878246248,0.5630515766403617
a12a_1,82,0.01552978070411219,0.04683732146882198,True,Eclipses: a predator animal,"During an eclipse or at the sunset the Sun or the Moon are attacked by a predator animal (a bear, a feline, a canine, a racoon)",9,-0.8080053828937861,-1.370774970353993,0.562769587460207
g20_6,48,0.01996236647845707,0.06846048329032876,False,Woman turns into plants,Food crops emerge from remains of a woman or girl,7,-0.23263055156615375,-0.7947454793249127,0.5621149277587589
m29k_9,128,0.015820598213657715,0.048376318260168284,False,"Trickster is a turtle, a toad or a frog","In episodes related to deception, absurd, obscene or anti-social behavior the protagonist is a turtle (or tortoise), a toad or a frog",9,-0.7921932017041564,-1.3540941851876362,0.5619009834834798
d4aa_7,9,0.012909931887201612,0.07083673452613752,False,Moth is sent to steal fire,Moths try to get fire from people and to bring it to somebody else,1,0.7126635447770286,0.1509377672270766,0.561725777549952
a13b_1,7,0.006839827613367308,0.012525584446042879,True,Ants shade the Sun,During an eclipse or during the first night ants shade or shaded the Sun,0,-0.5306386460672178,-1.0917874344119867,0.5611487883447689
b69a_7,8,0.009459710872288878,0.030673154885655807,False,"Council on seasons, chipmunk participates","Chipmunk or an animal of similar size (weasel, pika) is engaged into argument with another animal person (bear, elk, puma, snake) if it should be warm and light or cold and dark",1,-0.2383947116933791,-0.7976878957342804,0.5592931840409013
k42_10,10,0.018162976854482444,0.10705766816841551,False,Bird-woman kills men (The loon-woman),"Bird-woman is energetically searching a man whom she likes, takes him by force for her husband. Turning into a monster, she kills men but is ultimately destroyed",2,1.0350273684760372,0.47610962276224067,0.5589177457137965
L84_10,12,0.011630944928066966,0.03739745431103647,False,,,2,-0.24490618916023318,-0.8029723214863786,0.5580661323261454
m134b_11,7,0.01489523121940117,0.09048654371232047,False,Wolf measured by tailor,"When a predator is going to eat a man, the latter asks permission first to measure him and beats with his (feigned) measuring tool",0,2.101502032379731,1.545032916986119,0.5564691153936119
i18_10,24,0.016448803474401034,0.056499393931472214,False,A spouse or husband without anus or mouth,Person visits people who have no anus or mouth. He or his sister marries or tries to marry a local dweller,5,-0.32351761025315656,-0.8795993334850329,0.5560817232318764
f86_10,102,0.023809845621046644,0.08900587540727535,False,Signal for paramour to come out,"Person summons with a certain signal his or her sexual partner or ward who is of non-human nature. Another person spies, uses the same signal or pronounces the same words, kills those who come to him or uses them sexually himself",9,-0.35780591954968416,-0.9137210031342529,0.5559150835845688
b83_10,12,0.009796162683155954,0.017995011562493647,False,Too heavy bag,Person tries to pick up a small object or creature but it proves to be of enormous size and weight,2,-0.6044266864070252,-1.1592347102982932,0.5548080238912679
L17_8,12,0.008329933777041765,0.002351977103460333,False,,,2,-0.8917301780697975,-1.446467864229947,0.5547376861601496
i21_8,21,0.011416494821009359,0.011786597714828997,True,Red-haired people scorched by the sun,"People who live in the underworld, at the sunrise or sunset (often dwarfs) are scorched by the Sun which moves by at a short distance from them. They are red-haired, dark-skinned, etc.",5,-0.9703749978805329,-1.5185283103793303,0.5481533124987974
k23_10,35,0.015187392927614304,0.033634511153420525,False,Battle with birds,Birds attack the inhabitants of a distant land or a man who had got to this land,6,-0.6014462528434893,-1.1481258021645286,0.5466795493210393
L117_10,11,0.01524889632263525,0.07667660757001157,False,,,2,0.46402136232313135,-0.08173916791334586,0.5457605302364772
L13_10,63,0.019182855957784316,0.06716910312257576,False,,,8,-0.5699257847047273,-1.114827353092832,0.5449015683881048
i25_10,84,0.045286407916579265,0.1977835998921848,False,The bribed guards,"Way to the place of a certain person is guided by dangerous creatures (which often stand on the both sides of the pathway). Person placates them by gifts or nice talk, and they let him or her go the both ways, sometimes being punished for this by their master",9,0.8099067634934622,0.2652924056140775,0.5446143578793847
f55_5,16,0.014414738834707749,0.04894765323257604,False,What do you want?,"A woman cannot understand what does her partner want. She points at, names or suggests different things. At last she points at, names or exposes her genitals. This is the right answer",4,-0.23520436840489023,-0.7795614145541333,0.5443570461492431
f74_10,19,0.015441662536380418,0.056447536262537464,False,Naked person shams dead,"When a person sees a dangerous enemy, he or she shams dead taking his or her clothes off, or the enemy takes off them himself. The enemy believes that it is a corpse, lets it alone",4,-0.09091467114301914,-0.6352191011947661,0.544304430051747
f28c_10,12,0.01899431062818557,0.1168168000177999,False,Bear penis in hands of old woman,Woman masturbates with penis of a big animal killed by her husband or grandson,2,1.19792491805108,0.6553041535979642,0.5426207644531158
k38b2_10,6,0.009674637492517058,0.04051347252329648,False,"Birds carries hero to its place, hero kills the monster",Bird carries a man to its place where he kills a monster who regularly devoured the nestlings,0,0.3956486963800615,-0.14517218532696372,0.5408208817070252
b3e_3,68,0.01571380755841226,0.04312634714378648,True,Earth falls on waters,"In the beginning there are only air and water. 1) Person descends from the sky, creates the dry land or a hard support created for her or him grows into the earth. 2) The earth is sent or dropped from the sky, put on the surface of the water. 3) The earth is brought from somewhere (not from the underworld) and put on the water",8,-0.8380531341379681,-1.3764006607544048,0.5383475266164367
k27x_10,18,0.01642849194627461,0.06400798443575652,False,Former husband of magic wife,"A man marries a non-human woman. In her world, she has another husband or suitor. She returns to her world, human husband follows her. He stands tests and/or fights with local inhabitants, gets his wife back",4,0.04774150805590105,-0.48971115460461057,0.5374526626605116
m88_11,7,0.013799989492100885,0.08046881302031766,False,Involved into dance,A man joins a group of dancing women and is killed or injured as a result,0,1.7436266925270871,1.2062100444599166,0.5374166480671705
m29v_9,35,0.031500809293823165,0.17230953939693497,False,Trickster is a small ungulate,"In episodes related to deception, absurd, obscene or anti-social behavior the protagonist is a small ungulate (deer, gazelle, antelope)",6,0.9592684113178302,0.4231953075593217,0.5360731037585085
m81_10,85,0.02915214038302455,0.11774934710852544,False,Blind persons,A man travels and comes to two or several blind (usually old) persons,9,-0.0673373955711422,-0.6021780037727118,0.5348406082015696
m57a_8,96,0.021364005687759608,0.07869095770486034,False,Bears discharged from body,"Instead of common body discharges man or woman urinates, spits, etc. beads, flowers, gold and other valuables",9,-0.49078987999417134,-1.0255217080935661,0.5347318280993948
f23_5,18,0.011070857546872292,0.025056120758911945,False,Origin of menses: sexual act,Women menstruate because they bled in primeval time after the first defloration,4,-0.7050422131401228,-1.2393764614251854,0.5343342482850626
b35a_7,6,0.010281746381649217,0.046572305599317826,False,Tree fulfills wishes and then transforms into bear,Tree grants a man the fulfillment of his wishes but ultimately transforms him into a bear,0,0.5940243559354093,0.059751593330126265,0.534272762605283
c32_8,31,0.029902879391201995,0.15903569295140504,False,Beware of cut off nails,The cut off nails (and hair) have special significance for the fate of the soul in the beyond or for the future of the entire world,6,0.806393466221195,0.27278989289109334,0.5336035733301017
i17_8,94,0.019449468757132302,0.06935107935439079,True,Body anomalies of inhabitants of a distant land,"A race of anthropomorphic beings without mouth, anus, genitals, whose women do not know how to give birth lives in the underworld, in the sky, in a far-away land",9,-0.5948861047662821,-1.1267542156076342,0.5318681108413521
i31_8,13,0.008837173055894411,0.01435122961904427,False,Master and mistress of the dead,"In the Beyond, every soul is treated by the mythological characters of the opposite sex",3,-0.6512337829590058,-1.1822661408545114,0.5310323578955056
k56d_10,10,0.009558529439308834,0.016845473958327993,False,Broken leg of a nestling,"A man cures injured bird, it brings him a seed from which something valuable grows. Another man intentionally injures and then cures a bird, kit brings him a seed from which something harmful grows",2,-0.6509902621268397,-1.1803422078539778,0.5293519457271381
m39a6f_10,10,0.01125710348404613,0.03500375536242646,False,,,2,-0.3181593843111096,-0.8469247720401841,0.5287653877290746
m197_11,43,0.028770702159054022,0.13911323352928723,False,The effectiveness of fire,"Seriously or demonstrating absurdity of the situation, a person tries to cook something using a fire (a source of light) that is far away from the object to be cooked",7,0.5015078486160572,-0.025270752457090487,0.5267786010731478
k49_10,40,0.01815371904493734,0.05791169737953525,False,Dead mother returns to nurse her baby,Dead or driven away woman returns to the human world to her baby that needs mother's care,7,-0.383373845360317,-0.9096316533243953,0.5262578079640783
i85b_2,23,0.013953539997485534,0.03619923466180147,False,Polaris is a man,Polaris is a man,5,-0.6442609758318372,-1.1696809452482024,0.5254199694163653
k27s_10,100,0.03329762033627237,0.13953865319263412,False,Contest: a race,Contest: a race,9,0.1580585245066032,-0.3660093933137789,0.5240679178203821
k97_10,18,0.02798512028374313,0.14920736579883664,True,Now you are grieved as I was,A man is going to kill but spares a giant bird. Later when the bird carries him high in the air he pretends to drop him or to abandon him on a rock. This way the bird wants him to feel the same terror that he felt when the man was going to kill him. Or it is the bird that first drops and picks up a man who later makes the bird feel a similar terror,4,1.6715256328796246,1.1500311925233286,0.521494440356296
m154a_11,31,0.02548511558014134,0.12295193971052067,False,,,6,0.38374326175480306,-0.13607364875465883,0.5198169105094619
j12l_10,8,0.012026193203003122,0.06234548983107655,False,A hypocritical murderer,"A murderer of a valuable marriage-partner pretends to mourn over him. His trick is exposed, people chase him",1,0.4690597383726073,-0.049617380006376215,0.5186771183789834
k43c_10,9,0.014892338603974693,0.09580433186010975,False,Dog unfastens children,Abandoned children are tied to a tree. Helpful dog or other animal unfastens them,1,1.2591167335786506,0.7406487388462275,0.5184679947324231
k1e_10,79,0.038505871679892424,0.16629330032898157,False,Marooned on islet,Person is marooned on an islet or on another side of a sea or wide river,9,0.4412389081607748,-0.0760227451332516,0.5172616532940264
m9a_10,12,0.0199705869555675,0.12867273858960498,False,Transformed into tree-frog,Person who sucks honey greedily from a tree hollow and/or is stuck in it turns into tree-frog,2,1.389223559426175,0.8729996804931959,0.5162238789329792
j10_10,13,0.015862143633704827,0.08188522939448162,False,Insect’s bite,"A woman loses her way after being bitter by insect (wasp, bee, ant). She accuses her unborn sons of being the cause of the bite and/or slaps herself on her abdomen to punish the sons or to kill the insect. As a consequence her sons are offended and do not show her the correct way anymore",3,0.5961261570692319,0.08149214502242455,0.5146340120468074
i35_3,26,0.014491291636861903,0.04182174650655255,False,Dragging a hide produces thunder,Thunder is produced by dragging behind a dry animal skin or (rare) a person (rare) or by shaking clothes,5,-0.5751379063625403,-1.0893373737315166,0.5141994673689764
f66_11,10,0.00914408499432999,0.013327843345067389,False,The false house,"Person’s father, grandson, brother, or sister pretends to be a stranger to commit incest (accordingly with the daughter, grandmother, sister, or brother), or a husband shams to be his wife’s brother because he wants to be taken by her as her blood relative. To realize his or her stratagem, the hero imperceptibly runs to another house where the object of his or her interest later comes and takes him or her for a stranger",2,-0.7321995028164298,-1.2449319866503752,0.5127324838339454
j47a_10,14,0.021039032403498727,0.13118931843481713,True,Beanstalk to the sky,A bean or a pea grows up to the sky and a person climbs by it there,3,1.515339069621482,1.0041155829873754,0.5112234866341065
i43b_3,38,0.014083216855283683,0.028278851471643364,False,Milky Way is a serpent or fish,"Milky Way is a reptile, fish, or chain of fish",7,-0.722633391523299,-1.2323611427522299,0.5097277512289309
m68_11,10,0.012934706680567115,0.053964414739615434,False,Breaking wind scares game,"Because of his own obstinacy, person suffers of breaking wind permanently and starves because a loud noise produced by him scaring game",2,0.010562313900704487,-0.49877428961323894,0.5093366035139434
h47_3,35,0.019048295295696103,0.06955356167716925,True,Offended sky or earth,The sky (or the earth) is offended by people’s behavior in respect to it and reacts accordingly (e.g. rises higher than it was before),6,-0.23207132808879308,-0.7411285003136564,0.5090571722248634
k37_10,130,0.04726726977822919,0.2110545805848175,False,To recognize his own among several identical ones,"To return or to get his or her son, wife, husband, domestic animal or (rare) object, person must recognize her, him or it among several identical persons, animals or objects",9,0.9176091735614936,0.40913310698878574,0.5084760665727079
m29x1_9,9,0.009583471588196325,0.03430265080711607,False,Trickster is a badger,"In episodes related to deception, absurd, obscene or anti-social behavior the protagonist is a badger",1,-0.2042798969665194,-0.7119626440129304,0.507682747046411
L42d_10,6,0.012820643711689589,0.07189925462452595,False,,,0,1.4236208935681034,0.9163677157715335,0.5072531777965699
b3c_3,11,0.014081042999189651,0.06638732192813178,False,An attempt to drown God,"When dry land is created, Creator takes a rest and sleeps. His antagonist decides to drown him and drags him to the edge of the earth. The dry land grows in size as long as the antagonist drags the Creator's body, the edge never reached",2,0.23518373937303344,-0.2706682388273436,0.505851978200377
i82c_2,56,0.01988482513431284,0.07587211239745593,True,Venus is the Moon’s wife,Venus or some other bright star seen near the eastern or western horizon is female and wife of the Moon,8,-0.5156696565052771,-1.0201429115650773,0.5044732550598002
k125_10,25,0.0136421916272795,0.03497242106645747,False,House utensil betrays its master,"An enemy asks house utensils or personal objects where their master hid himself or herself or what direction he or she ran away. One of the objects, not treated by the master in a proper way, betrays him or her",5,-0.6842819696271558,-1.187211648349732,0.5029296787225761
L62_10,11,0.011284996007915646,0.036776554672027784,False,,,2,-0.3126939215408818,-0.8143731121740514,0.5016791906331696
k27v_10,17,0.01390278287701935,0.047446451444523745,False,Task: to hit an aim,"A task: to hit with an arrow or a stone an animal, a bird, or object (usually placed at the top of a tree or pole)",4,-0.30713762890511026,-0.8084534570088009,0.5013158281036907
k93a_10,28,0.022287833930972528,0.09794087795577601,False,Sword of chastity,"Sleeping in one bed with a woman, man puts a sharp or thorny object between them as a sign of chastity",6,0.07785734287101327,-0.41947297312923404,0.4973303160002473
e9b_5,7,0.008486075047720863,0.030361310972283638,False,Turtle-wife or snail-wife,"The mysterious housekeeper is a water creature (turtle, snail, shellfish)",0,0.007280377072130014,-0.48854182110787264,0.49582219818000267
i86_7,13,0.018125242766847245,0.10446873286303583,False,"Hairs into animals, scales into fish","Master of living beings sends down, hairs, scales, etc. which turn into birds, animals, fish",3,0.9979640249616752,0.5040954222963432,0.49386860266533206
b65_7,5,0.007636407402889009,0.02235382972924983,False,Intestines turn into creepers,Person plays imitating other animal person. His belly is cut open as a result and intestines turn into vines,0,-0.27035248659306715,-0.7593733976275222,0.48902091103445505
f40a_5,36,0.021112094477665946,0.08400063658331929,False,Husband of the first women,An anthropomorphic male or an androgyne is the only possessor or leader of women,7,-0.13680547125691933,-0.6254986323137914,0.4886931610568721
i33_8,24,0.009988243123047915,0.003164609605466443,False,Tree of the dead,The ultimate aim of the afterlife journey is to reach certain tree,5,-1.1539637293855114,-1.6417332652834769,0.48776953589796546
a32j_2,5,0.011593164201994993,0.06063535257411702,True,A shaman in the moon,"A shaman with his drum ascends to the moon and remains there, his figure is seen in the moon",0,1.0225362418931492,0.5353964393506134,0.48713980254253575
m81b_10,10,0.015574427507142762,0.08335514174177629,False,Not to climb after an arrow stuck in a tree,"Despite a warning not to do so, person climbs in a tree to get his arrow that was stuck and gets into trouble",2,0.5278082959759335,0.04089026429944033,0.48691803167649317
k24a_10,38,0.024739144461908096,0.11229594882446188,False,Supernatural male hides clothes of human girl,"Supernatural male person (often a snake, a dragon) hides clothes of a human girl or sits on it. To return her clothes she had to become his wife",7,0.1654941650612083,-0.317336139208358,0.4828303042695663
j11_10,15,0.0175602362100156,0.09974531160221463,False,Unborn child asks to pick up some flowers,A quarrel between a mother and her sons in her womb flares up after they ask her to pick up flowers or fruits (usually the insect bites her when she picks flowers up),3,0.8976409649518282,0.41570642155747173,0.4819345433943565
i22a_3,42,0.019861598916048294,0.0751635648701716,True,Rising and falling sky,The sky is constantly moving up and down in respect to earth,7,-0.24102911171866914,-0.7217426330043144,0.48071352128564526
b102_3,6,0.005253718578613839,-0.0003004795460899789,False,Clouds from smoke,Clouds are formed from smoke that ascends from the earth,0,-1.0489071668027485,-1.5255946487034016,0.476687481900653
b36c_7,14,0.017352142757653066,0.0981005553704818,False,Fat animals,"Animals get meat and fat extracted from some original creature or created otherwise. Some get a lot, some remain lean",3,0.8606917089536485,0.3849282309718154,0.47576347798183316
j22b_10,8,0.009762790291460212,0.03778349774706873,False,Two women from one,"A woman is torn or cut in half, two new women appear",1,-0.1548504451889205,-0.62974834026717,0.4748978950782495
g8e_2,7,0.008814283219650025,0.03421596749103327,True,Cutting the Moon tree,Person tries to cut down the tree in the Moon but the notch disappears and the tree becomes intact,0,0.11452392718877023,-0.35816840277199913,0.4726923299607694
m152b_11,17,0.01929916229375333,0.08839763467449095,False,Brave donkey and cowardly lion,Getting to see a donkey or horse a strong predator thinks that this animal is dangerous. His further interpretation of the herbivorous’ behavior supports this impression,4,0.45109002820561234,-0.02030936214720478,0.47139939035281714
i32a_5,14,0.01072142689283722,0.035472783640319666,False,Tree of human life,"When a leave or a fruit of a certain tree drops, one of the people on the earth dies",3,-0.3166640182868343,-0.787020205566485,0.4703561872796507
L59_10,17,0.012607276280891843,0.03964945591389614,False,,,4,-0.48916503196487365,-0.9585139803059523,0.4693489483410786
i27c_8,18,0.014346975825942562,0.05240375971745245,True,The four-eyed dog,Dogs having spots over the eyes are called the four-eyed and believed to have special properties (e.g. to see ghosts),4,-0.2447255275760697,-0.7130453898040862,0.46831986222801647
h16_8,53,0.014779296579916706,0.04301834433568529,False,Rivers of tears and blood,"Rivers or lakes of tears, milk, blood, or water used for washing corpses exist in the world of the dead or separate it from our world",8,-0.9102827264739048,-1.3775756779519626,0.4672929514780577
a14_1,96,0.01611171940182323,0.05860766795293602,True,Eclipses: relations between the Sun and the Moon,Coming together of the Sun and the Moon is the reason of their eclipses,9,-0.7763645090556045,-1.2431992521074748,0.46683474305187034
m74_11,18,0.014930018226452948,0.05675023986308719,False,Exchanges vomits,"Two animals or persons compare their vomits to know about the diet and habits of each other. The weaker one gets to exchange vomits, to swallow the unusual food before, or to swallow his partner's vomits",4,-0.1628041430336243,-0.6293932852732366,0.46658914223961223
k128_10,21,0.025645635797834826,0.1455131493618234,False,Grazing animals to be preserved by a herdsman ,"A man had to graze animals or birds. If at least one is lost, the master would kill (not reward) him",5,0.8586513187480214,0.39237362501814804,0.4662776937298733
m80_11,19,0.025195691812415162,0.13171810103827195,False,Quail scares trickster,"Person insults a partridge-like bird, kills or injures her chickens. The partridge scares him, he falls, usually into a river or lake",4,1.2795921435600373,0.8134338183497005,0.46615832521033673
b2c_3,11,0.01015099923878839,0.026972808643002485,False,The earth as a child’s body,"The earth as a whole or fertile soil is the body of a child, has been born by a woman",2,-0.5348974464788837,-0.9943868364700906,0.4594893899912069
b48_7,51,0.026548517731542112,0.12735034099154435,False,Predators become herbivorous ,Weak or herbivorous animals were dangerous predators but have been transformed,8,-0.0006240221300364804,-0.4600852152762872,0.4594611931462507
f70_10,78,0.023893998613769063,0.09833953064258569,False,Potiphar's wife: false accusation of sexual abuse,"Woman makes vain overtures to young man and/or falsely accuses him of sexual abuse. Her husband believes that the young man is guilty, kills or tries to kill him",9,-0.35323039598284,-0.812555946343682,0.459325550360842
L111_10,15,0.011577132684867684,0.044184784318979854,False,,,3,-0.16472414699393279,-0.6239932401737632,0.45926909317983045
m29nn_9,7,0.0071933481648748365,0.01906482589244429,False,Trickster is a ground squirrel ,"In episodes related to deception, absurd, obscene or anti-social behavior the protagonist is a ground squirrel (Xerux sp.)",0,-0.41512415792996704,-0.8706151311097146,0.4554909731797475
j9_10,20,0.021584882569260288,0.10981640417966423,False,Unborn children talk from the womb,A woman is in search of her husband or other person or object. Her unborn children speak from her stomach and shows her the correct way,5,0.33667852133926196,-0.11771938654805361,0.4543979078873156
j15_10,79,0.037151440685706937,0.16532419369632964,False,Woman gets to dangerous creatures,"Walking in search of her husband, boyfriend, kinsmen, shelter woman or girl gets to the house of dangerous creatures where she is injured or killed",9,0.3675964774750165,-0.08652663938011164,0.45412311685512813
i34_8,8,0.0077849889077699595,0.015662791944836545,False,The dangerous tree,"It is necessary to approach a tree which is surrounded with fire, ejects fire, shoots sharp splints, etc.",1,-0.7000341674742558,-1.1522184336864618,0.452184266212206
i95_2,24,0.03539275654367088,0.2342356306398531,False,The Pleiades are a sieve for grain,The Pleiades are a sieve to process agricultural products,5,2.1115548063531926,1.6601843858534213,0.4513704204997713
g8_10,110,0.017708382223620773,0.06820255185017833,True,Restored tree,A deep notch in the tree (or in the sky support) is magically restored as soon as persons or creatures who cut or gnaw it stop working,9,-0.6895515730791482,-1.1392028059251362,0.44965123284598807
b46d_2,9,0.009558321603448836,0.03648475922471071,False,,,1,-0.21121252549692937,-0.6604233125384055,0.4492107870414761
j41_10,13,0.01596963168406353,0.08664628664162585,False,Foxes jeer at the abandoned person,"When the hero returns home after a long absence, his relation does not believe at first that it is really he because all this time somebody jeered at him or her imitating the hero's voice, telling that the hero is back, etc.",3,0.6152118296089414,0.1705854249350609,0.4446264046738805
m25_11,42,0.01645835176069777,0.05253273062563934,True,Banquet in the sky,"To take part in a feast or to visit God or celestial object, person ascends to the sky. To return, he either uses a rope but falls before reaching ground or jumps (falls) down from the sky and is badly hurt, dead, and/or transformed",7,-0.5246757065637432,-0.9682136470866549,0.44353794052291173
f9d_5,14,0.019553629671147744,0.12086139348035708,False,Scorpions in vagina,There are dangerous insects in woman's genitals,3,1.2515896570622904,0.8108499570728095,0.4407396999894809
m103_11,13,0.019205125612807822,0.11774695013783441,False,Children with pretty spots,"Person asks another how her or his children got their pretty colors. Another answers that she or he put them into the fire. roasted, etc. The first person believes, kills his or her children",3,1.1897089706600457,0.7525696302286292,0.43713934043141645
k56a8a_10,6,0.008294495077993607,0.030314840767705766,False,Kind girl returns with a handsome man,"One girl goes to the other world, acts correctly and brings back an animal or a box with a handsome man inside. Another girl acts wrongly and suffers a reverse",0,-0.05531927108417434,-0.49011355114195354,0.4347942800577792
h18b_7,14,0.012819022799797576,0.057365721266905104,True,Cattle returns into water,"Because of a broken taboo (to look, to speak in a loud voice, etc.) domestic animals are lost (disappear in water, remain in the sky, scatter in various directions, etc.)",3,0.055786951539869144,-0.37733943114495977,0.4331263826848289
L118_11,74,0.04161366844016859,0.23698690339927408,False,,,8,1.1637814468301282,0.7327064220440878,0.43107502478604043
i116_2,12,0.011578496489694093,0.04375803205390957,True,Milky Way is the border between the seasons,"The Milky Way is the border-line between seasons of the year or parts of the universe (the wet and the dry seasons, the sky and the earth, etc.)",2,-0.25518331534015626,-0.686181118942047,0.43099780360189077
h28_8,139,0.02852366155373147,0.12431635750142159,False,Plagues from the body of a person or creature,"Killed and destroyed (often burned) person or creature (usually ogre, fierce animal, powerful shaman) turns into a multitude of biting insects or into other small molesting creatures",9,-0.10150872568863939,-0.5309998894549379,0.42949116376629853
a38_1,60,0.025067771299590688,0.11976866095045681,True,The Sun caught in snare,"Person prepares a snare, loop, noose, etc. to catch the Sun and/or the Sun is caught in a snare, tied by a rope, etc.",8,-0.11507287676513803,-0.5425701486894351,0.4274972719242971
m22a_9,7,0.009529885474754243,0.04249952535991205,False,Stock guardian,"A long-necked bird living near water (stork, heron, swan) is a guard in a strange house or land where hero comes",0,0.3483502998161216,-0.07799927483655746,0.42634957465267903
i7_3,70,0.01681001736615443,0.06123618754879255,False,The cloud serpent,"A flying reptile produces rain, thunderstorm",8,-0.7533256249380865,-1.1793745436096108,0.4260489186715243
k27c_10,27,0.015302480310794123,0.04541753896230933,False,Ordeal: knives and thorns,An ordeal: to remain alive after contact with sharp points or blades,6,-0.5904357714975492,-1.0146127928860464,0.4241770213884972
L65_10,65,0.012002642413210399,0.027608212970884265,False,,,8,-1.1248940078116025,-1.5452302944254828,0.42033628661388023
m21_10,138,0.012130799157710367,0.04299462494441231,False,A protector hides fugitives,Person is pursued by an enemy. A man or an animal hides him on his own body or nearby,9,-0.9928130726230041,-1.4124249565941276,0.4196118839711235
a32i_2,5,0.009130607182146547,0.03884572923037301,True,A shepherd in the moon,"A shepherd or herdsman (alone or with a girl, with his herd, dogs) is seen in the moon",0,0.21788425647518372,-0.20157912922651725,0.41946338570170094
L29_10,12,0.009617220347771812,0.023485799605218297,False,,,2,-0.6394899412288143,-1.058414350206887,0.4189244089780727
j43_10,12,0.009860107071282211,0.026082141442995723,False,Bait for antagonists,"To kill his antagonists, hero lures them with an attractive object which is delicious to eat and is usually on the other side of a body of water or a canyon",2,-0.591896960724832,-1.0107410259102145,0.41884406518538253
e3_5,11,0.008806376496619864,0.014841524218216608,False,New people from bones,"After destruction of previous world, new people (rare: new earth) are made from the bones of the perished race",2,-0.7983725472515203,-1.2171381892014665,0.41876564194994625
h34g_4,34,0.015870879006531433,0.050765936660839554,False,One grain porridge,"One cereal grain (cob, etc.) is enough to prepare a meal",6,-0.5360567156570499,-0.9540103159055375,0.4179536002484876
k55_10,13,0.015344046385185477,0.08229485556606898,False,Chastity rewarded,A powerful supernatural wants to check if his guest made love with his wife or daughter. The person is impotent or (successfully pretends to be) chaste and is rewarded or at least gets no harm. Usually the same episodes repeats with another person who is dissolute or unable to control himself. This person is punished,3,0.5041323550050361,0.08915744650281844,0.41497490850221763
L12_10,5,0.009832180322964042,0.045806761350257456,False,,,0,0.4471265506127863,0.03385911233943482,0.41326743827335144
L43_10,32,0.01491110471621272,0.0432278299393589,False,,,6,-0.6278789174300773,-1.0394242968424245,0.41154537941234726
j22c_8,5,0.0074400259603559955,0.02275568536537397,False,The double woman,A demonic creature has a form of two women half merged like Siamese twins,0,-0.33452103837066555,-0.7457817085355885,0.4112606701649229
i82d_2,19,0.007098519874561892,0.0024687995183051456,False,Morning and Evening stars are a man and a woman,Morning and Evening stars are opposed as a man and a woman or vice versa,4,-1.2631824130654041,-1.6740907346259408,0.4109083215605367
i52_3,67,0.03497889469616558,0.1917599142198605,False,Fish the earth-holder,World is supported by fish or fish-like monster or the earth itself is such a monster,8,0.6509709889562044,0.24065912240547538,0.41031186655072904
k58_10,10,0.010547286448272951,0.03400769985776158,False,Construction of watercourse: a tragic love,"Person builds a watercourse as a condition of marriage. When the work is fulfilled, the woman breaks her promise. She or her bridegroom usually die",2,-0.4572460657760235,-0.8652140729328678,0.4079680071568443
m117_11,13,0.010637028794405524,0.03800821766889963,False,Head under wing,"Fox or other predator asks a bird what does it do when the wind blows. When the bird demonstrates how it puts its head under its wing, the fox kills it",3,-0.33164981870154164,-0.7395748332715414,0.40792501456999974
k35_10,75,0.03049391250625441,0.1603160252021935,False,False husband,Imposter takes appearance of the hero to take his position and/or to marry or to violate a woman,8,0.3043207701083352,-0.10143485647742018,0.40575562658575537
f43c_5,6,0.009906793485792586,0.046758482821684884,False,Bat-husbands,"Marriage partners of the primeval women, the amazons or a solitary woman are small animals (usually flying foxes)",0,0.4715067493754514,0.06604853853865678,0.4054582108367946
m91c4_11,16,0.013528784336210941,0.04979820601837078,False,Pot that does not need fire to cook,Man takes a pot from the fire but it is still boiling or he cooks the food beforehand and tells that his pot cooks it in no time. Another man buys the pot,4,-0.35968694307687327,-0.7631917250209221,0.4035047819440489
k28_10,171,0.011922983635751849,0.043451820254557925,False,Father or uncle is rival and enemy,Maternal uncle or father (or grandfather if he replaces father who is not mentioned) of the young man is his rival or enemy and tries to kill him,9,-1.004112312109515,-1.4074695357703235,0.4033572236608085
L95_10,20,0.019970646915745516,0.09889654897804175,False,,,5,0.12918324834089775,-0.27375999465498996,0.4029432429958877
c5b_3,33,0.019412884347992824,0.08202314899124832,False,Animal-scouts,"During the creation of the world or after the world cataclysm animals run around making the earth big, reporting about its condition or they are sent to report the size of the growing earth",6,-0.1971908672742931,-0.5998361131814148,0.4026452459071217
m16a_10,33,0.044600701355921556,0.2947388020964728,False,Diving bird’s medicine,A supernatural helper (usually a loon) makes a blind man to regain his eyesight diving with him into water,6,2.212543211720584,1.8104363080795982,0.40210690364098567
i27a_8,20,0.01245288165522275,0.0313481824225546,False,Towns and paths of dogs,Souls of the dead dogs have their own towns in the Beyond or their own paths to travel there,5,-0.8371569211834987,-1.2390006502620683,0.4018437290785696
h12a_10,5,0.007794981284660464,0.026494211184461852,False,Dead woman pursues her husband,"Wife dies, husband comes after her or he kills his untrue wife. The dead wife turns into monster and pursues him",0,-0.21853773153383704,-0.6193360996465473,0.4007983681127103
j12d_10,32,0.025104077148238934,0.1303922191907297,False,Imposter kills his rival,"After a girl marries a valuable suitor, a rejected imposter or his relations kill him",6,0.34728907858867314,-0.05176814431323867,0.3990572229019118
k126_10,16,0.012366248125763426,0.04158258477910371,False,Wolf pays for the eaten up horse,A wolf eats up hero's horse but gives him a fare compensation (usually provides a wife),4,-0.5230311112835416,-0.921309094401583,0.3982779831180414
k116_10,10,0.012124979660615494,0.05137298544000991,False,Woman who never laughs (a wife),A woman never laughs. To make her laugh a man commits something that ruins him,2,-0.14810145214270923,-0.5463574112170373,0.3982559590743281
m133_11,5,0.009585476257340207,0.043905040650659075,False,Wind saves situation,"Cumulative tale: a small bird cuts itself with a sharp blade of grass or a thorn and asks the others to punish the plant. Everyone finds an excuse why they cannot do anything (sheep, wolves, boys, etc.). The last one is the wind, it blows making all other persons act",0,0.36651484716190746,-0.030461489800014507,0.39697633696192197
m93a_11,22,0.030454160762416676,0.1936855426879172,False,Guard punished,"Person punishes the part of his body which he selected as his guard for the time of his sleep or absence (he burns his buttocks, breaks eyes)",5,1.476743353868735,1.0807389384568584,0.3960044154118765
m16_10,47,0.03777639288318871,0.22032396603102464,False,Ugly or sick becomes healthy and handsome,"A wife, bride or mother of a sick or ugly boy or man does not care for him. He becomes healthy and handsome, punishes and/or abandons her",7,1.2520949765925369,0.8591903053100978,0.3929046712824391
i42_3,39,0.010789012536255669,0.01396637254578248,True,Rainbow is a pair of creatures,"Rainbow is two creatures or persons, usually a male and a female",7,-0.9971917163123764,-1.3882374642688062,0.3910457479564299
i43a_3,43,0.011366009467190071,0.018571996850076017,True,The celestial monster,"Giant reptilian monster (serpent, more rare fish, chain of fish) extends in the sky and/or supports the sky being associated with Milky Way or the rainbow",7,-0.9491014051405023,-1.338077895227035,0.38897649008653257
m199a_11,9,0.01029131777210938,0.04762632588136778,False,,,1,-0.009161104688625677,-0.39727007393995706,0.38810896925133137
b16a_3,8,0.006981103294345586,0.00915486889105333,False,Sea from the urine,"Initially there is no sea, it is produced from some person's urine",1,-0.9216263630467956,-1.3059294045874248,0.3843030415406292
i122_2,7,0.008284822410709708,0.0317217745448761,False,The Pleiades are insects,"The Pleiades are a nest, a congestion of insects",0,-0.05847986020822051,-0.4425277896066046,0.3840479293983841
m132_11,6,0.009305399870651395,0.04170298902489232,False,Ears as sandals,"Enemy is ready to cease person who asks him first to throw away his clothes and shoes and exposes his ears. The enemy takes him by ears and throws away, the person escapes",0,0.2749985822383396,-0.10493998001226433,0.37993856225060396
b7c_3,8,0.006973051835779697,0.009256066521343883,False,Water splashed out,Person or creature possesses all the fresh water. Another person splashes it out of a container or pond making it available for everybody,1,-0.9238457588804597,-1.3035392125282554,0.3796934536477957
c12a_7,6,0.006187996223022751,0.011760599602768696,False,The dog and the world cataclysm,"A dog warns people about approaching flood or world conflagration, instructs them what should be done",0,-0.7436275913671646,-1.1176609950023189,0.37403340363515425
k64_10,70,0.052442917134785785,0.3191705826328418,False,Escape from Polyphemos’ cave,Person gets into dwelling of master of animals or monstrous shepherd. The host can kill him. The hero escapes sticking to hair of one of the animals who are going out,8,2.0007884339239626,1.6268242524578262,0.3739641814661363
m66_11,23,0.03148099200569338,0.20457179277480503,False,Itch after artichoke eating,"After eating certain plant, small animal, or rubbing it over his body, person suffers from itch, diarrhea, or from breaking wind",5,1.6087331464885646,1.236299342161641,0.3724338043269235
j22d_7,11,0.01817883802171317,0.11744015989441782,False,Two animals from one cut in two,Two halves of one animal cut in two turn into two new animals or into foreigners,2,1.0381353202482548,0.6667501185010216,0.3713852017472332
a19b_1,5,0.004671195720864418,-0.0027494240910192844,True,"By snail in summer, by bird in winter","For its sky voyage, the Sun chooses draught animals according to the season, riding a slow animal in the summer time and a quick one in the winter time",0,-1.2392492259962717,-1.608423629725293,0.3691744037290212
L24_10,45,0.0403503718823677,0.2422828996888891,False,,,7,1.466625495532956,1.0983436917182159,0.3682818038147402
f71_10,67,0.04238402101312961,0.24844698094381082,False,Susan and the old men (the innocent slandered maiden),"An innocent girl or young woman rejects a man who attempts to seduce her. The man accuses her of loose conduct, ultimately the truth comes to light",8,1.2233230183903592,0.8573864043234546,0.3659366140669046
a12b_1,21,0.020649820027432764,0.10769068663029743,True,Eclipses: a frog or toad,During an eclipse or at the sunset the Sun or the Moon are attacked by a frog or toad,5,0.21648475844931908,-0.14809508777690306,0.36457984622622214
f38_5,59,0.027357279735776282,0.1419695223900528,False,Women and sacred knowledge,"Women were possessors of the sacred knowledge, sanctuaries or ritual objects which are now taboo for them or they made attempts to acquire such a knowledge or objects",8,0.06188626528967101,-0.3010357436979895,0.3629220089876605
L93_10,15,0.012588548611692497,0.05908139725657838,False,,,3,0.014863752464718882,-0.3452341248542119,0.3600978773189308
g17_6,29,0.025237077289320013,0.1350365600132081,False,Gift of a reptile,Serpent or alligator is the original possessor or the source of cultivated plants or wild staples,6,0.36001328459562143,0.0008566928153149442,0.3591565917803065
k8c_10,144,0.027768234584669347,0.1271275013714077,False,Jonah: swallowed by terrestrial animal,Person gets into the belly of ground animal or bird. He kills it from the inside and/or returns to earth by himself (i.e. not extracted by other people),9,-0.14258241526465568,-0.5005306336185181,0.3579482183538625
i10a_3,15,0.007118694295886296,0.007338963689428687,True,Colored layers of the sky,Different sky levels or different categories of clouds have different colors,3,-0.9563683795072577,-1.3134861071054567,0.35711772759819893
L1c1_10,13,0.017122072834202598,0.10229686857091659,False,,,3,0.819840291465303,0.46345350112933703,0.356386790335966
f59_11,17,0.013392415876782597,0.05125144433342073,False,Man to woman: modified body,"To make believe that he is a female, a trickster transforms particular objects or creatures into female body parts or into a baby child",4,-0.37884763018043704,-0.7352227847829492,0.3563751546025122
L83_8,8,0.010188471422073454,0.047790505027677246,False,,,1,-0.0375108451622767,-0.39339231819939885,0.35588147303712214
c3_7,23,0.024814891575842116,0.14577556466612493,False,Hole in arch,During the flood a hole is opened in the arch. An animal stops it up with its own body,5,0.7518667245911104,0.39612344064333066,0.3557432839477797
f64b_11,31,0.015484093387255638,0.0529966577034589,False,Incestuous woman,"A woman pretends to be a stranger to have sexual relations with her (grand)son, daughter or brother",6,-0.5730607358045928,-0.9287341064208865,0.35567337061629367
k27u_10,64,0.04006604504309334,0.2330837339993549,False,Hide-and-seek,Hero and his adversary play hide-and-seek. The hero finds his adversary but the adversary cannot find him,8,1.0441635829070515,0.6902418671818664,0.35392171572518505
c25a_2,5,0.008099652129250217,0.03087491181093733,True,Cooking soup in the Moon,"The destiny of creation depends on a person (usually an old woman) who is cooking soup somewhere outside of our world (in the sky, in the Moon, etc.)",0,-0.11898511284434136,-0.47117065024744703,0.35218553740310565
k38e1_10,15,0.01870430620635108,0.11757014404709651,False,Forest of metal trees,"Person travels across a forest with trees of two or more kinds of metal (copper, silver, etc.)",3,1.1007830373933511,0.7492610721259474,0.35152196526740376
m44b_11,41,0.015374118928797609,0.05281638783101759,False,Thieves of food: the women,Person discovers that somebody steals game or fish from his trap or devastates his garden. He or his guards catch the thieves who prove to be (the first) women or the thief is the water being whom the hero lets go after receiving a woman for ransom,7,-0.6150420351755825,-0.9651243540316176,0.350082318856035
m75a_11,11,0.021630571974529833,0.15545260129790386,True,Revenge for falling from the sky,Vulture suggests person to carry him in the sky but drops to earth. The person attracts vulture to revenge on him. Or the vulture drops the person (or abandons him on a high rock) to revenge on him for his attempt to catch him,2,1.7144930245601746,1.3647242527113097,0.3497687718488649
m8a_10,57,0.02202363267791847,0.10548728721535304,True,Birds peck a rock to release prisoners,"Birds and sometimes also animals work hard to break from the outside or from the inside a rock, a tree truck, bonds, etc. to release some beings or themselves from confinement in a small enclosure or trap",8,-0.3503583862103442,-0.6979444397706157,0.3475860535602715
j16_10,14,0.010079285715321467,0.035979638487334695,False,Rejects to eat insects,"Person perishes because being forced to clean ogre's or animal’s head infected with insects, refuses to bite the insects, spits in disgust or is suspected to do it",3,-0.43068316922901034,-0.7775354717319417,0.34685230250293136
m39a6e_10,13,0.017024242772588752,0.10198451796306406,False,,,3,0.8024694998817686,0.45760850942019937,0.34486099046156926
i63_2,15,0.014705524247827232,0.0800715486016745,False,Milky Way is a path of tapir,"Milky Way is a path of tapir, or tapir is seen in the Milky Way",3,0.39075580400884236,0.04755288276241709,0.34320292124642526
m44c_11,31,0.014329119467978952,0.044346715311463156,False,Thieves of food: a young hero,A boy or young man comes to steal food of a person who is elder than he. Usually he is caught but not punished and invited to live with the elder person,6,-0.6835578071766457,-1.026746252158984,0.34318844498233836
h3_4,7,0.0069579492221802045,0.02012877736511187,False,Sham funerals bring death,People become mortal because they imitated real funerals burying an animal,0,-0.49204185976502246,-0.8346298261258729,0.3425879663608504
e15a_6,7,0.012345711332223489,0.07225632848064392,False,Breast bone as a canoe model,Frame of canoe is made according to breast bone of a bird,0,1.2684345246854876,0.9284447812620722,0.33998974342341537
f9c_5,24,0.009993838980229444,0.013668350851448446,False,Snake in vagina,"Snake or (in Polynesia: eel) is in vagina, vagina is a mouth of a snake$ or a woman with toothed vagina is associated with a snake$ or a snake crawls out of woman's mouth to bite a man during the copulation",5,-1.1532444329736071,-1.4916387685013752,0.3383943355277681
k109_10,7,0.008436977448626386,0.03456321014707538,False,A puppy turns into wife,A man is advised to ask for his service rendered to a powerful being a puppy or a small object (a beaker). The puppy or object turns into beautiful girl who is a daughter of a deity. Other person makes attempts to take the woman away,0,-0.00876249229990891,-0.34642385125618147,0.3376613589562726
i58_2,31,0.0356425864237362,0.22484191536746734,False,Milky Way is the way of birds,Milky Way is the path of migratory birds (especially wild geese),6,1.3555147987840925,1.018437524936032,0.3370772738480605
a29_1,13,0.01307853681271905,0.06509021444198457,True,The Sun and a demon compete for the hero,"Two persons one of whom is connected with the upper and another with the lower or middle world, both are eager to possess another person and pull him or her to his or her side. One or both rivals are female. Person connected with the upper world and/or the object of the competition are luminaries – the Sun, the Moon, or Venus",3,0.10186648739112271,-0.23279161394671063,0.33465810133783336
k116a_10,10,0.010510372728133415,0.03765487600932003,False,,,2,-0.4644792069602726,-0.7982456141149882,0.33376640715471556
e2_5,23,0.011676583751967057,0.02915458508017763,False,People made for a test,"Making people, creator does not reach perfection immediately. First variants of creation are rejected, then proper form and material found",5,-0.9369429375642995,-1.2703463281054341,0.33340339054113466
k46_10,8,0.009006077479709019,0.03495813433545744,False,Woman throws herself into the ocean,"Giving way to a burst of horror or shame, woman or girl runs to the ocean, throws herself into the water or remains on the beach. Her husband or suitor pursues but cannot catch her",1,-0.36343939189183566,-0.6964807446852532,0.33304135279341757
h12b_8,8,0.008365457372015746,0.02750128515132387,False,Ghosts feed on excrements,Inhabitants of the land of the dead eat excrements,1,-0.5400272220769865,-0.872604450894243,0.3325772288172565
k60c_10,15,0.016151727149081366,0.09437967362926185,False,"Touchy with king, patient with stableman","King’s wife is extremely touchy and cannot suffer a slightest pain. She does not say a word, however, when her lover who is a servant or a demon is beating her",3,0.6475448601616272,0.31529967132969594,0.3322451888319312
b76_3,10,0.00812238368699819,0.012312790041426193,True,Waves turn into mountains,Waves of the sea petrified and turned into dry land with mountain chains,2,-0.932399043153404,-1.263570119972727,0.3311710768193229
b1a_3,6,0.005844300186835252,0.009731575812624103,False,Three worlds: the universe divided between gods,"Anthropomorphic persons agree to divide between them levels of universe (upper world, earth, lower world)",0,-0.8559318733267254,-1.1862872827452717,0.33035540941854635
k95_10,33,0.01875266710785476,0.08290658183338938,False,United in death,Two persons (usually two lovers) are buried in one grave or not far from each other. Two plants which grow on this place interweave or smoke of two funeral pyres is merged,6,-0.26035426021937563,-0.5898259715469601,0.3294717113275845
m9_10,29,0.027817681778744136,0.15964658773206392,False,Stuck in a tree hollow,Person who puts her or his head or hand into a tree hollow or (rare) other hole is stuck fast or falls into the hollow and dies or undergoes a metamorphosis,6,0.6069013170366613,0.2797119168259563,0.327189400210705
L123_11,5,0.00462581377348031,-0.0019041833918206708,False,,,0,-1.2540779888514781,-1.5798356300591456,0.3257576412076675
k143_10,7,0.006983379518372053,0.02087263614139816,False,Hero is a bird-catcher,Protagonist of the story is a bird-catcher or a son of a bird-catcher,0,-0.48373239194128964,-0.8094707980900774,0.32573840614878774
k134_10,10,0.009077028098475078,0.02287764277190658,False,The planted treasure,"To accuse a guest of theft, a host plants a treasure into his guest’s bag",2,-0.7453391157642069,-1.0695811609541674,0.3242420451899606
k27d_10,12,0.008917448738850168,0.021190790424189622,False,Ordeal: chamber with dangerous beings,"An ordeal: to remain alive in a closed room full of beasts of prey, poisonous or other dangerous creatures",2,-0.7766082491351017,-1.1005546860282596,0.32394643689315783
f25_5,26,0.01648232375515134,0.07312297447732885,False,Origin of menses: girl smeared with blood,Woman is smeared with blood or red paint. Since then women menstruate,5,-0.3192088838351007,-0.6420546436154555,0.3228457597803548
L65c_10,5,0.009474685527251144,0.04514066333523854,False,,,0,0.33031345965553527,0.011330133494667272,0.318983326160868
b40_7,35,0.013115239353741905,0.03641072623214455,False,Rabbit as deer’s proxy,"Hare or rabbit is a false deer or it was deer in the past or a close kin of the deer or had horns or antlers or missed opportunity to get them, its ears are the false horns",6,-0.7996904707643804,-1.116668621923884,0.31697815115950356
e9j_5,7,0.008628823834550074,0.0370313612536112,False,Monkey-wife,Man marries monkey-woman; supernatural woman takes form of a monkey or the man pretends that the house-keeper is a monkey,0,0.05392420859047577,-0.2629452598010541,0.31686946839152985
b94a_10,9,0.01129598445951138,0.06243897085695219,False,Tree grants a wish,"When a man has felled a tree or is going to cut it, the tree or a bird who lived in the trunk grants the man’s wishes",1,0.26777667521722615,-0.04740944682563435,0.3151861220428605
m29f_9,19,0.026833996217642618,0.15152761674302456,False,Trickster-wolverine,"In episodes related to deception, absurd, obscene or anti-social behavior the protagonist is wolverine",4,1.5097849478239014,1.1946866074838554,0.315098340340046
j23_10,77,0.014785542974652064,0.06625415623115738,False,A late son kills monsters,"People disappear one by one. A lonely woman has a baby or finds a baby or she becomes pregnant magically and gives birth to a boy or twins. The boy grows up, exterminates the antagonists, usually revives and releases those who had disappeared",9,-0.848470696845386,-1.1603209582973244,0.3118502614519384
k6_10,22,0.015862535415271585,0.06832433329589281,False,Vine from body excretions,"A vine grows from person's or animal's tears, mucus, urine, etc.",5,-0.3988770230590966,-0.7106254144006772,0.31174839134158056
m150_11,20,0.011588873803341372,0.02992873234936774,False,The deceitful herdsman`,An animal person becomes a herdsman but eats the entrusted animals up,5,-0.9482172516306084,-1.259284055903253,0.31106680427264455
L100_10,45,0.03397498709615718,0.1987984115434953,False,,,7,0.9352635042086876,0.624756824604107,0.31050667960458067
b44a_7,50,0.03154166414955202,0.1766748076744607,False,Council on seasons: units of time,The number of discrete units of time in a certain calendar period of time is discussed,8,0.38530288354110326,0.0765406154011812,0.308762268139922
m200a_13,5,0.006969560921332034,0.02128341628797137,False,,,0,-0.4882476829393543,-0.795577261368255,0.30732957842890074
m65a_11,20,0.03623226869679355,0.25199440807665374,False,Squeaking tree ,"Trees squeak in the wind. Trickster hears a noise, climbs up the tree and is caught between limbs",5,2.2194664381018465,1.913950610707976,0.3055158273938705
L42b_10,43,0.01603284390797574,0.06202363087310157,False,,,7,-0.5601400287228584,-0.8648488403247688,0.30470881160191043
b8_3,14,0.009417984147356463,0.03204456230649429,False,Frog hides the water,Frog hides all the water but other person makes it available for everybody,3,-0.5481044559121087,-0.8511722346310755,0.30306777871896684
f2_5,89,0.004720162425610358,0.016664392413563912,False,Pregnant limb,"Child is born from a tumor or swelling on person's body (on thigh, knee, finger, etc.) or is temporarily placed there or child grows from blood that flew out from a cut",9,-1.3957404304757377,-1.6978114854660236,0.30207105499028586
b75c_7,5,0.004560152903716357,-0.001802112382992527,False,Sounds of the time of creation: a murmur of forest and waves,The murmur of leaves or waves of the time of creation is still heard,0,-1.2755329841242724,-1.5763833519458592,0.3008503678215868
k47d_10,10,0.011302350496936616,0.04790873567264663,False,Dog fulfills conditions of marriage,A girl marries a dog because only the dog fulfilled the condition of marriage put by the girl's father,2,-0.3092933575014223,-0.6099670254061916,0.30067366790476935
b42d_2,5,0.007012423425012196,0.021978147202532987,False,Sky hunters pursue a tapir,In the cosmic hunt tale the game pursued by the hunters is a tapir,0,-0.47424216005877146,-0.7720798514915415,0.29783769143277
k25c_10,10,0.021135116873576797,0.15302852273199155,False,Baby under a tussock,"Digging roots or gathering sea food on a beach, a woman finds baby-boy. Usually her mother warns her not to dig a certain bulb or not to do it in a certain way. Breaking taboo, the woman finds or conceives baby-boy",2,1.6174099702892115,1.32021397986824,0.29719599042097156
i39_3,92,0.006640198012498766,0.026760676489513812,True,Rainbow road or bridge,Rainbow is a road or bridge by which some ascend to the sky or descend from it,9,-1.2913452355720283,-1.5883804934091108,0.2970352578370825
f94_10,8,0.008541481391332068,0.031103768979425888,True,Rival wives in the sky,"A man gets to the sky where he has a choice to marry one of two women, one of them being connected with life and another with death",1,-0.49150595454533874,-0.7875171992017577,0.2960112446564189
k112_10,11,0.010928069576942165,0.044250785635656806,True,Farm-hand revenges on the Sun,"A poor man condemns the Sun and other supernatural personages responsible for weather, wild animals, etc. that because of them he lost his property. He finds them and punishes them",2,-0.3826326667516698,-0.6771333113848217,0.2945006446331519
k1c_10,17,0.012008503541364048,0.04456247747677946,True,One who comes to look at adversary’s bones dies himself,"A man is marooned on an islet, a rock but survives thanks to helpful birds and animals. The next time the hero and the antagonist exchange roles. Usually the antagonist comes to the islet to see the bones of the abandoned man but the man takes the canoe of the antagonist and paddles away. The antagonist dies",4,-0.5732966350960532,-0.8639582525515315,0.29066161745547825
d4h_7,6,0.007887323239805809,0.030665364632358888,False,Swallow obtains fire,Swallow steals fire for people,0,-0.1883645672390865,-0.4782580215452588,0.2898934543061723
k77a_10,89,0.021883003555205716,0.10405006464359756,False,Small objects and animals defeat the ogre,"Small objects and animals (rare: animals alone but including harmless and passive ones, e.g. on the dry land fishes) revenge on a powerful enemy making attack on him in succession (usually they hide in his or her house); the enemy is badly injured, runs away or dies",9,-0.4625711928528298,-0.750660956443978,0.2880897635911482
i76a_8,23,0.017869102838628158,0.08810308273161976,False,Snake turns into dragon,After certain time a snake or fish turn into a dragon,5,-0.1409510787321668,-0.42799455230948463,0.28704347357731785
f88_7,18,0.009150541669050018,0.023888740436333943,False,Odor of women,Initially women's genitals were fragrant or had no smell. Because of a bad chance they acquire unpleasant odor or do not acquire fragrant odor,4,-0.9748595288830794,-1.2618437953366557,0.28698426645357633
j18_10,25,0.027257259131816862,0.17266656004102443,True,Woman falls from the sky,A woman who is pregnant or has a small child falls from the sky. She or a daughter born by her dies but her (grand)son is grown up,5,1.0658108018922687,0.7803856120205362,0.2854251898717325
a42_1,16,0.01088199718519697,0.03662927697969274,True,Phaethon: false Sun fails to fulfill his duty,"Person comes to the sun, attempts to fulfill the sun's duty but intentionally or because of a lack of skill does it wrong and the earth suffers from heat etc.",4,-0.7315783660855788,-1.0166401687252387,0.28506180263965986
b79a_3,31,0.01636449322007012,0.0666885370258618,False,The bird lain an egg,"In the beginning of time a bird flies, lays an egg or eggs, different objects and creatures emerge from them or a bird drops some solid substance on the waters and the dry land or an island appear",6,-0.4888323376227805,-0.7735919782123107,0.28475964058953024
k27b_10,16,0.021593053602665103,0.11486250791404189,False,Ordeal: to smoke a pipe,An ordeal: to smoke a huge or poisonous pipe or to remain alive in poisonous smoke,4,0.7733972083548327,0.4890320516986645,0.28436515665616824
i87a2_10,33,0.024131717821255314,0.13239269532589554,False,What is Two?,"Antagonist names numbers from one to seven or nine, every time asking what it is. The hero gives answers that the antagonist accepts as correct ones.",6,0.2542628585504947,-0.029100830518537124,0.2833636890690318
h43_5,25,0.01217696373033849,0.03722160617356618,False,"One creates the body, another the soul","One supernatural creates the body of the first people, another revives them",5,-0.8726236543239446,-1.1550716423351686,0.28244798801122395
i14_8,101,0.03751616125752095,0.18300812428340996,False,No-anus people,Person or creature has no anus opening,9,0.38742687824462946,0.1051448759073299,0.28228200233729955
b29_8,50,0.018544743106392272,0.08682384951508877,False,Eschatological feast,"People turn into animals, birds or stones at a feast, after the feast, after performing a ritual or after a victory over dangerous enemy",8,-0.6192463728850498,-0.9009934220046256,0.2817470491195758
k33a_10,63,0.04697228982823268,0.28881779577571676,False,Younger brother transformed into animal,"Siblings (most often younger brother and elder sister) leave their home. One of them (most often the brother, most rare several brothers) turn into animal (usually an ungulate) or (rare) a bird but (in the most cases) ultimately acquires his or her human form again",8,1.5779563974183002,1.2966009260650788,0.28135547135322136
f40c_10,12,0.008621548293038926,0.02039432103083577,False,Patriarch kills the boys,A powerful man kills every baby boy born by his wives or by his sister,2,-0.8345891216384569,-1.1151792409036054,0.28059011926514854
k26_10,86,0.03529572014664038,0.1720695770469568,True,A hole in the firmament,"Finding a hole in the ground or making it, person gets to see below another world. Usually the earth is seen from the sky",9,0.2666981875237225,-0.013415187056612689,0.2801133745803352
h36ff_4,35,0.01411935439889158,0.04815350514435609,False,Death and the raven,Raven is responsible for introduction of permanent death,6,-0.7036261614688593,-0.9836116712580671,0.2799855097892079
j51a_10,9,0.012172179217480325,0.07417003832485097,True,Ladder made of limbs of a girl,"To help a man to ascend a rock, a girl tells him to cut her into pieces, make a ladder of her limbs, then put them together again. The girl revives but a finger is missing",1,0.5093009877875421,0.2296672418956904,0.27963374589185164
j31_10,38,0.01429500152445728,0.05104027872576391,False,Father’s weapon,A young hero obtains and uses weapons or other powerful objects which belonged to his murdered father,7,-0.7049820140272399,-0.9844678482909383,0.27948583426369833
m157b_11,39,0.03252774505467806,0.19065508641714693,False,To take the one thing she holds dearest,Husband casts his wife out but allows her to take the one thing she holds dearest. She takes her sleeping or drunk husband with her and thus moves him to forgive her,7,0.8146418572216926,0.5360683750221737,0.27857348219951883
i8g_3,64,0.011718862057996549,0.03862839075778748,True,Atlas,One giant supports the earth or the sky,8,-1.1468277676514729,-1.4253362041938178,0.2785084365423449
L64_8,31,0.010757278093491585,0.02007446351419791,False,,,6,-1.0252780873484726,-1.3017741509282008,0.2764960635797282
e9_10,219,0.01838463162330388,0.08759307682251792,False,The mysterious housekeeper,"A man (rare, a woman) lives alone. In his or her absence, somebody puts his or her house in order, prepares his or her meals or (rare) eats food up, makes a disorder. He or she discovers that a woman (a young man) lives unrecognized (in animal form, hiding in an object) in or near the house or comes during his or her absence",9,-0.6527828858915093,-0.9290339588260292,0.2762510729345199
L6a_10,26,0.014324495436175602,0.05700472131285876,False,,,5,-0.5965780369414535,-0.8723783959882677,0.2758003590468142
k10f_7,16,0.0208881549754483,0.11019786096205984,False,Nestlings turn into eagles,Hero transforms nestlings or monster bird into common eagles or owls,4,0.6743542031580935,0.3992565272852827,0.27509767587281075
k11a_7,17,0.01591132452026657,0.07391204042354703,False,Feathers turn into birds,Feathers of giant bird turn into different present day birds,4,-0.02492399884675971,-0.29909826808260187,0.27417426923584215
i100_2,76,0.018670779139826368,0.08924666525286674,False,The Pleiades are girls,The Pleiades are a group of girls or women (with children),9,-0.6372246191788655,-0.9111111447465452,0.2738865255676797
L51_10,7,0.005767969611684796,0.010666303956831066,False,,,0,-0.8808732445712741,-1.1546726102621991,0.273799365690925
L122_8,11,0.017062350060403415,0.110853313460228,False,,,2,0.8193625976903212,0.5458042316457211,0.27355836604460004
i82b_2,147,0.00567206124389874,0.024252611758238448,True,Venus is female,Morning and/or Evening Star is a female personage,9,-1.3439842737969594,-1.6155647534419877,0.2715804796450283
L17a_8,63,0.025329950025463184,0.13622878683471284,False,,,8,-0.0948087354926492,-0.3634921105531626,0.26868337506051343
k74a_10,71,0.03517200424321721,0.20617172368138892,False,Demon claims food and is wounded,"A demonic person comes to the hero and claims food that the latter possesses or cooks. The hero overcomes and wounds him, follows his trace and comes to his world",8,0.6658966818380275,0.3974524897534632,0.2684441920845643
k148_10,12,0.012174309463284072,0.0589914843753135,False,,,2,-0.13843541398821776,-0.4064686010796578,0.2680331870914401
i115a_2,30,0.010624793162114985,0.019719639866029866,False,Orion and the Pleiades as a man and a woman,Orion and the Pleiades are opposed as a man or men and a woman or women. Orion is usually male,6,-1.0379530029233712,-1.3057946432667105,0.26784164034333924
L9d_8,9,0.006396729168470091,0.00742016324111311,False,,,1,-1.0827099095440695,-1.3469015069734067,0.2641915974293372
L48_10,40,0.012036734779815535,0.03545862771013357,False,,,7,-0.8931992204568232,-1.1541666444291059,0.2609674239722827
b99_7,13,0.015344046385185477,0.09075484345701634,False,Turned into nest of insects,Person abandoned in a tree turns into a nest of insects,3,0.5041323550050361,0.247468516943693,0.2566638380613431
k127a_10,9,0.01192950010661275,0.07239795824509807,False,Temporarily mute heroine,"A girl or young woman is bewitched to be mute or must keep silence for a period of time. Just when she has to be put to death, the period of her muteness is over and she is saved",1,0.4424061508869726,0.18781239092065777,0.25459375996631484
m60a1_10,10,0.01322596524595109,0.07102679235675255,False,Herdsman explains how to ferry cattle,"To come unnoticed to his adversaries, the hero takes the guise of a herdsman and before that gets know from the real herdsman how to ferry the cattle across a river",2,0.06763362279562604,-0.1854795417573931,0.25311316455301913
f18d_5,14,0.007445474198314385,0.016020407313231982,False,Long clitoris,Female genitals are as long as a big snake,3,-0.8983450532911099,-1.1510309534134455,0.2526859001223356
m90a_10,33,0.01647764723032265,0.07075214101056095,False,To marry a man who would give a correct answer,"A girl is promised to a man who would know her name or whose finger would fit her ring, or who would guess a material from which certain object is made or grown. Person finds a correct answer by deception",6,-0.4780068232642067,-0.7275474465933721,0.24954062332916543
k27k_10,23,0.016680947047660766,0.0801803304240162,False,Diving contest,A contest: to dive deep or for a long time,5,-0.29367767083448293,-0.5412076915986764,0.2475300207641935
b30a_7,7,0.007176494636370325,0.025053739453798806,False,Murdered person turns into fish,Fish emerges from remains of a killed person or creature,0,-0.4206311269313541,-0.668056192508064,0.2474250655767099
g18_6,26,0.013750065023787277,0.05386136295617709,False,Person wants to be killed,"A boy, woman or (more rare) man asks other people to abandon him or her in the forest, to burn or drag her or him on or around the future garden plot, to burn her in her house, etc. A woman usually asks to kill her when she understands that people know her way of producing food which she extracts from her own body. People fulfill person's wish and find cultivated plants on the place",5,-0.6704158282066603,-0.9172958001496113,0.24687997194295097
i51b_3,23,0.009893625793777146,0.019320488797941057,True,The earth is an animal,The earth or the sky are identified with a big quadruped mammal or are made of parts of its body,5,-1.1661259242451447,-1.4108718511759557,0.244745926930811
L78_10,21,0.020227109881711145,0.1123656389253626,False,,,5,0.16214922392267886,-0.08129178447994193,0.24344100840262078
m182a_11,11,0.018182198487614928,0.12447812474373596,False,Captured wild animals ransom themselves,"Person smears with pitch a domestic animal (or a figure of an animal, some object); wild animals stick to it one after another; are released for a promise of gifts ",2,1.0387937942308392,0.7959793192819735,0.24281447494886566
L42e_10,34,0.016431359810474534,0.07101170389697876,False,,,6,-0.48243516943655024,-0.7246063500751657,0.24217118063861548
b75b_7,6,0.008775699618000966,0.04068464347361399,False,Sounds of the time of creation: a creaking of trees,"Man pushes his mother-in-law or his wife into a tree hollow, she turns into the creaking of trees or into echo",0,0.10191655549290524,-0.13938278702282308,0.24129934251572832
e16_6,9,0.006507478168015552,0.009684813048578673,False,Paddles edgewise,"Riding in canoe, people first turn paddles edgewise, then learn the correct way to use them",1,-1.0521817926616175,-1.2934126261462355,0.24123083348461805
j41b_10,10,0.01302541266734473,0.06958694547715344,False,Son returns and burns tormentors using magic,"When hero returns and finds his mother being tormented during his absence, he burns the tormentors producing fire and heat by magic",2,0.028335900690089694,-0.21191761945190837,0.24025352014199808
L75_10,11,0.022527937955530663,0.17104166865115533,False,,,2,1.8903294021993213,1.650966477290805,0.2393629249085163
a38d_10,10,0.013935135376723947,0.07948362458252388,True,The Sun ruins cloak,"Because the Sun does damage to a person or animal (spoils, burns his cloak, skin, etc.), the person or animal kills him or catches him in a snare",2,0.20659354501811064,-0.030197483225812238,0.23679102824392287
i46a_3,29,0.017450942417309892,0.08035292536889697,True,Old woman’s rainbow,Rainbow is associated with an old woman,6,-0.38489106891889935,-0.6187613491738067,0.2338702802549073
a24a_3,5,0.004582862613874284,0.0004270247422033335,False,The first day or night: transformed into spirits,"At the moment when the first day or the first night come, (some) people turn into supernatural beings",0,-1.2681124804691055,-1.5009887673602897,0.23287628689118423
e22_6,9,0.01015821363373027,0.052655568220361035,False,Swallowed person obtains knowledge,"Getting into the body of certain being, person obtain knowledge of rituals, songs, ornaments, poison or drugs and then brings it to people",1,-0.04585144690979868,-0.2784841392517018,0.23263269234190312
k56e_10,30,0.029149466060325122,0.17926177961484402,False,Two humpbacks,"Two men have a similar defect (a hump, a lump). One spends a night in a place where spirits free him from his defect. Another comes to the same place but spirits double his defect giving him what they had taken off from the first man",6,0.7343139454587747,0.5019708589519535,0.23234308650682123
L27a_10,8,0.011132339367377434,0.06405764361515533,False,,,1,0.2226676763060978,-0.00917793130553218,0.23184560761162998
m113_7,34,0.037450940821960266,0.24941736933384362,False,Thirsty bird cries for water,During the hottest month of the summer or permanently birds of certain species are prohibited to drink from the water bodies and can quench their thirst only from rain drops and dew on leaves. That is why this bird always cries calling for rain,6,1.5285211859167718,1.296900995162293,0.23162019075447882
f33_5,64,0.02336869098207029,0.12580736146063357,False,Water creature paramour,"Certain woman or a group of women take for paramour a big water animal (caiman, otter, sea-lion, whale, anaconda; rare: water bird, crab), water spirit or monster. Husbands, brothers or (adoptive) children kill or maim paramour and/or (sometimes) the woman",8,-0.24639704684399819,-0.47687207032362444,0.23047502347962626
b37_7,116,0.025396027950616497,0.12745316211955368,False,Color of birds,"Person paints two or more different birds (rare: fish) or they paint each other, smear themselves with paint, decorate their bodies with pieces of bright skin or fabric. Since then feathers, beaks and feet of the birds (skin and scales of fish) are of different colors",9,-0.2715628235471679,-0.49700088163496375,0.22543805808779588
m127_11,44,0.025760178471984207,0.14389255976476795,False,Lost tail of fox,"Trickster animal has a narrow escape and loses his tail. To make himself unrecognizable among other animals of his species, he tricks them to lose their tails too",7,0.25059313288779583,0.026780593558749424,0.2238125393290464
f65a_10,43,0.021500127423521597,0.1113964697169219,False,Death feigned to meet paramour,Person pretends to die. His or her wife or husband abandons him or her on a burial place. He or she marries his or her paramour,7,-0.10446452781218088,-0.32713231045798047,0.2226677826457996
k56a6_10,12,0.013686475653756714,0.07761759102726781,False,Food asks to be eaten,On the way to the non-human world objects ask a child to taste certain food or to fulfill some work. The child does what was asked and is rewarded,2,0.15786936126585013,-0.06446108501114124,0.2223304462769914
e14_6,15,0.005930507891784736,0.0032704670333286363,False,Rituals from the dead,Rituals are obtains from ghosts,3,-1.1673438000227467,-1.3896195565872846,0.2222757565645379
i13a_8,124,0.032823789606935945,0.1650263966505703,True,The horned serpent,Giant water-chthonic or sky serpent or dragon has horns or antlers on its head,9,0.13229564194430313,-0.08975438395464168,0.2220500258989448
i38a_8,14,0.008768993083398824,0.030229798318371106,False,The dog-husbands,Dogs or dog-headed men are husbands of human women,3,-0.6633398787015063,-0.8851317666375875,0.22179188793608118
k131_11,70,0.04724549648882003,0.2963937215245128,False,Men fight over magic objects,"A man on a journey meets tree or two persons who are quarreling over the division of magic objects (a flying carpet, seven mile boots, etc.). The man promises to render a judgment, but he  asks first to try our the objects or suggests the owners to run a race and uses opportunity to escape with the objects",8,1.5990729023837698,1.3790232556207795,0.22004964676299021
a12e_1,5,0.005011417447377849,0.0049464983983501555,True,Eclipses: spider,A spider produces the lunar eclipses,0,-1.1280801909181688,-1.348129692429816,0.22004950151164726
b7b_3,36,0.013309950220052146,0.0491466383180072,False,Waters from broken pot,"Sea, river, waters of flood flow out of a small container",7,-0.7870819719462342,-1.0050913686863412,0.218009396740107
m194_11,5,0.007791690244073092,0.0319012438957113,False,Traveler’s possessions divided,"Several animals get objects possessed by a person. Dividing their booty, one animal takes all the food for himself giving the others objects that can be used only by people. Animals that received them suffer or die",0,-0.21961309438691035,-0.4364577201617413,0.21684462577483093
L15d_8,169,0.05690366666060094,0.28634468236428445,False,,,9,1.4415544262299615,1.2251828999437093,0.21637152628625222
m53_11,56,0.05092355605204393,0.3228701809990342,False,Hoodwinked dancers,"Person invites birds or animals (usually geese and ducks) to dance or stand around him and concentrate their attention on some activity (usually to dance with their eyes shut), kills them, usually one by one. Or (rare) he dances himself with his eyes shut and then kills water fowl who gather around him",8,1.8833550017408505,1.6670740550394445,0.21628094670140596
L95a_8,8,0.00995133370832174,0.051018535690307454,False,,,1,-0.10287818818444196,-0.3171492951718717,0.21427110698742974
b85a_3,9,0.009065282405977152,0.04071531293441313,False,Wind regulated,"Wind blows in a wrong way, people can get no game or fish. When a hero overcomes it, it initially becomes too calm but the hero creates the desirable balance",1,-0.3471194710207797,-0.5605016458572044,0.2133821748364247
L5e_10,5,0.0064780490946467735,0.01932551861251517,False,,,0,-0.6488514634857416,-0.8617978990462096,0.212946435560468
e24_5,5,0.004278148404784859,-0.0019126585319659347,False,Origin of elbows and knees,Human arms and legs become pliant (get joints) when a primeval ancestor(s) fall from height and break his arms and legs,0,-1.367679268711012,-1.5801222789437452,0.21244301023273326
k88_10,49,0.026351245637146727,0.1496727334412254,False,Eyes for food,For minor compensation or because of deceit person lets another one to make him blind,7,0.29985613997192634,0.08973210706527071,0.21012403290665563
i74a_2,6,0.004951807588851649,0.004683961130911203,False,Stars are fire-flies,"Stars are fire-flies, glow-worms",0,-1.1475579900623052,-1.3570093113608634,0.20945132129855826
i45c_8,19,0.01607886643668286,0.07862102349587505,False,Not to count stars,Person who counts stars will suffer diseases and misfortunes,4,-0.0013832310574835168,-0.2084694532711497,0.20708622221366618
i16_5,51,0.009723005753031498,0.03106024919240871,False,Body anomalies of the first people,"First human beings have no mouth, anus or genitals, their women do not know how to give birth",8,-1.301090147212614,-1.5076738456794112,0.20658369846679725
b34_7,9,0.010626550421761293,0.0592348546523393,False,Overtaken by the first night,"When night escapes from container where it was originally preserved, men surprised by the darkness turn into birds or animals",1,0.08324624484401516,-0.12308763303348304,0.20633387787749818
k90_10,26,0.018738880589801124,0.10163253876791076,False,The black and the red ones,"A man gets to see two fighting monsters or animals of contrasted colors (red and black, black and white). He helps one of them and/or one of them helps him",5,-0.029149080346999565,-0.23466373351389933,0.20551465316689976
a30_1,7,0.010575161101320408,0.0592023086938648,True,The Moon eats the dead,"Moon descends to earth to eat children, corpses or bones of the dead",0,0.6898989833374622,0.4869275736073202,0.20297140973014205
m43_10,30,0.01547413819188171,0.06644757633280608,False,Doll as a decoy,"To kill or catch a monster, human figure of wood or clay or alive woman is exposed as a bait. Usually monster's claws or sharp leg get stuck in the wood",6,-0.5740131555219529,-0.7763222940334641,0.20230913851151122
i106_2,20,0.01094101120888697,0.03181862585097293,False,Ursa major is a person,"Ursa major is only one anthropomorphic being, not several persons",5,-1.031494080270247,-1.2322781912829965,0.2007841110127495
g23_10,167,0.010617744124227483,0.0557195506355035,False,Alive being turns into many objects,"Person or creature is transformed. Separate parts of its (his, her) body give origin to different objects or creatures",9,-1.075080128608391,-1.274502803081862,0.19942267447347084
L40_10,86,0.004780803967603026,0.026612885399703055,False,,,9,-1.392443259507232,-1.5899823625179335,0.19753910301070143
L87_10,16,0.013299552995924533,0.058846691081273154,False,,,4,-0.39189549044897554,-0.5890451068457683,0.19714961639679274
m74a_11,66,0.0524429755081867,0.33543937456177264,False,Strange names of the babies,"An animal person pretends to be invited to be godfather or he gives names to different places along which he travels in a sledge, boat, etc. The names look strange but become understandable when other people or animals get to know that their companion has devoured all the supplies",8,2.0007929456815,1.8038206716812528,0.19697227400024708
m74b_11,36,0.02113918666792891,0.11128395795946719,False,Who has eaten up supplies?,Person secretly eats up supplies and pretends that the thief is somebody else. To prove it he puts remains of the food or his body excretions near his sleeping companion. ,7,-0.13454744909038255,-0.3283576690398342,0.19381021994945166
k25a1_10,80,0.019000300498606456,0.09841804179841197,False,Magic wife finds her clothes,"Magic wife abandons her mortal husband when she finds her clothes (often, her feathers if she is a bird-woman), makes herself the new clothes, receives them from her kin or her husband gives her her clothing believing that she will not abandon him. (Versions with magic wife abandoning her husband because she feels herself offended is not alternative to the “found clothes but in most of the texts these motifs are not combined)",9,-0.6193080520539137,-0.8117049843853046,0.19239693233139088
k121_10,30,0.027609195582230718,0.1698307306089442,False,Wanderer at a crossroad,It is written at a crossroad that following one of the paths person will safely return and following another it will not return (there is often a third path following which person either returns or not). Hero follows the dangerous path,6,0.5869553132769763,0.3951080259133486,0.19184728736362766
f79_5,12,0.008277567923224531,0.021561952005323137,False,Animal wives,"Person marries several non-human wives in succession, every time (besides the last one) is disappointed",2,-0.9019911220348608,-1.0937395177917877,0.19174839575692693
L7_10,36,0.02204615012537415,0.1184808665784872,False,,,7,-0.058955790709414785,-0.24997658302147996,0.19102079231206517
b85_3,21,0.018339127299933932,0.09916656914704905,False,Wind pacified,Wind is too strong and is pacified,5,-0.08053372039777648,-0.2699015083843316,0.1893677879865551
L106_10,52,0.028217968251320898,0.16411374263164163,False,,,8,0.12841002160347215,-0.06011756695948305,0.1885275885629552
i101_2,17,0.012655114487871823,0.05469311058852293,True,"Big Dipper is poles, a nailed skin","Several bright stars of Big Dipper or other constellation are poles which support or stretch an object like skin, shelter, etc.",4,-0.48244344165446496,-0.6689846758567521,0.1865412342022872
k1h_10,37,0.032869630885048864,0.20177289492709385,True,Imprisoned in the tree-hollow,Person is imprisoned in a tree-hollow or inside a rock and is released by somebody who makes a hole from outside,7,0.8431366291802904,0.6571517389057631,0.18598489027452736
f19_5,11,0.014429181250844005,0.08754120377358447,False,Dangerous frog paramour,"After copulation with a frog, man's penis is injured",2,0.30340046519570585,0.11775359942144932,0.18564686577425654
h2_4,22,0.010318149344178086,0.027380880051907457,False,The selfish animal,"Animals ask God to make people mortal because people would be too numerous and step on the animals, deprive them of their food and habitat, or because the animals want to feast on the human corpses",5,-1.1115572930834667,-1.2956919033079775,0.18413461022451072
k33a1_10,17,0.014033966358432,0.0649122289514315,False,Children born in a well,"Pregnant woman is thrown into a well (pond, hole, etc.) where she gives birth to a son (children). She and her children brought alive",4,-0.28870546613784864,-0.4723081171554092,0.18360265101756057
k13a_2,32,0.025614026368863122,0.15373509928258047,True,Person with cut off leg ascends to the sky,"Certain person's leg or (rare) both legs are cut, torn, or bitten off. He ascends to the sky, usually becomes a constellation or a luminary or gets to the luminary",6,0.3960762368846129,0.2127290814285785,0.18334715545603442
i97_3,17,0.00964697694129499,0.032911961838357075,False,Rainbow horse,,4,-0.9051070292322595,-1.0881834001120025,0.18307637087974304
m3_10,44,0.01585205354304438,0.07183758561368271,False,Chain of animals,"Person crosses a water or air space along the chain of many animals, birds or fish",7,-0.5752081589681025,-0.757965667087192,0.18275750811908953
i100b_2,162,0.009852878391729707,0.05345758667527102,False,The Pleiades are a group of people,"The Pleiades are any people (of any ages and sex, combined data of i99-i100a)",9,-1.1166670178121874,-1.2990196409900636,0.18235262317787626
j54_10,50,0.05255232987029265,0.3375862027756786,False,One of two female companions kills another,"Two co-wives of female companions live together, both have children. Once when they go to work outdoors (usually to gather wild plants), one of them kills and devours another. The victim's children escape",8,2.009245089291183,1.827177102091642,0.18206798719954076
k22_3,39,0.012267601893964544,0.044506030484518885,False,Dwarfs and cranes,Different from (common) people inhabitants of a distant land fight with non-human enemies who periodically attack them,7,-0.8739573999833611,-1.0556319411778154,0.18167454119445436
f49a_5,9,0.009462494436016218,0.046728343172766106,False,Animal explains how to give birth,"A small animal (mouse, rat, rabbit, opossum, a bird) explains a woman how she can deliver her child in a natural way",1,-0.2376274184522053,-0.41847957393722585,0.18085215548502054
k27y_10,25,0.021140113743828032,0.1249698569993008,False,To get material for making bow and arrows,"Hero is sent or sets off by his own will to get two or more different materials needed for making bow and arrows (wood or reed for shafts, feathers, tendons for string, flint for points, paint to paint the shafts, gum to stick points to the shafts)",5,0.2795075446895487,0.0988177331515308,0.18068981153801789
i13b_8,26,0.024683663610391288,0.1568632911135528,False,A horned snake,Snake of natural size has horns on its head,5,0.7349985663039658,0.5545628654740682,0.18043570082989757
k58a_10,13,0.017272736877814703,0.11323871753113465,False,Water for love,Person brings water or a river with fish to the place where a girl agrees to marry him and does not do it if the girl is unwilling,3,0.8465923312529178,0.6682074374024676,0.1783848938504502
i82a_2,129,0.006651841788008859,0.03789997311195577,True,Venus is male,Morning and/or Evening Star is a male personage,9,-1.2907121461532216,-1.4676445601647445,0.17693241401152293
b2a_3,251,0.015925362573331884,0.08446077827341295,False,The female earth,The earth is a female being or associated with a woman,9,-0.7864970074138873,-0.962984126538078,0.17648711912419068
i4a_10,26,0.014138610316912102,0.06230415771391556,True,Thunder in trouble: falls to earth,"Thunder falls to earth, cannot return to the sky. Usually a human person helps him to do it",5,-0.6204718739310727,-0.7966514505868241,0.17617957665575135
f28d_5,12,0.010256273601920694,0.043554282704224734,False,Artificial conception,Woman conceives after masturbating with an artificial penis,2,-0.5142692267074954,-0.6899223092126919,0.1756530825051965
L41a_10,39,0.008263220597769176,0.014430213226045192,False,,,7,-1.207706042758656,-1.3831858041487375,0.1754797613900816
m162a_11,5,0.009621432412719703,0.05080128373845412,False,Cuts off his genitals,Person pretends to eat his own genitals. Another one believes him and cuts off his genitals,0,0.3782636885413809,0.20278543652342976,0.17547825201795117
j47_10,95,0.004728948790445295,0.028453904615085908,True,Pursuer falls from height,"Person ascends to the sky (rare: descends from the sky; ascends the cliff) by a rope, a ladder, etc. Another person tries to follow him or her but the rope (the ladder) is broken or severed",9,-1.395262702731678,-1.5700280350030125,0.1747653322713345
m153a_11,10,0.007680884614801723,0.01617549130459008,False,The clean pig,The predator wants to eat a person or animal; the victim asks for a favor to let him first wash himself and escapes,2,-1.0189095630858496,-1.1926442475392203,0.1737346844533707
c16a_3,12,0.014575327729984454,0.0899117411630186,False,The offended mistress of animals,Mistress of animals or fish revives them after being offended,2,0.33203746285424307,0.16128076371065664,0.17075669914358643
e27_5,10,0.00894452212719924,0.02992395282658536,True,People from drops of blood,People emerge from drops of blood that fall from the sky,2,-0.7713032937005203,-0.940198727776891,0.16889543407637064
a11b_1,30,0.010617154008642608,0.02846069159377747,True,One-eyed luminaries,The Sun or the Moon have only one eye (the Mundurucu: they are blind),6,-1.0386838454751994,-1.2067501413475965,0.16806629587239708
m83a_11,12,0.011173609720981121,0.053766534807829315,False,Fox cries for his dead children,"Persons or animals argue who of them is older, some claim that they lived in such and such time, but the last one says that he remembers this day because a certain event had taken place at this time",2,-0.33451975584696664,-0.5024077072251196,0.167887951378153
i102_2,9,0.006982483348490466,0.01833920474324868,False,Milky Way is a tree,Milky Way is a tree or a trace of a tree,1,-0.9212459491883235,-1.0890041014984775,0.167758152310154
k145_10,8,0.010950854084308813,0.06474082535394005,False,,,1,0.17264100376997718,0.006958173485897553,0.16568283028407962
m29u_9,31,0.028735341504089126,0.18174875998308843,True,Trickster is the Moon,"In episodes related to deception, absurd, obscene or anti-social behavior the protagonist is the Moon",6,0.6946943922519058,0.5301507324417142,0.1645436598101916
L47_10,20,0.009465970015087836,0.021097512994920332,False,,,5,-1.2210971747904138,-1.3854788463056906,0.16438167151527683
c18_3,54,0.012327667872230011,0.05354370487765013,False,Dance for the hidden Sun,"Certain person hides valuables or the impersonator of the valuables hides himself or herself from the people. To get valuables, the interest of their owner or imperso­nator is attracted or diverted by way of singing, dancing, playing music, provocative behavior, offering of unusual gifts, sex or alcohol",8,-1.099772359223181,-1.2630649549000297,0.16329259567684873
m75d_10,8,0.0067309001558577015,0.015597747316240758,False,Vulture’s knife,A man bereaves vultures of their hunting weapons or amulets,1,-0.9905952087019572,-1.1537547261304142,0.16315951742845702
f78_5,6,0.0059000663180417716,0.0152174236321224,False,Toothed anus,Person or creature has toothed anus or second head in place of the anus,0,-0.8377100300017875,-1.0007431936106086,0.16303316360882114
g8c_10,22,0.028879235039313982,0.19588076699588441,False,Cutting tree to get valuables,(Animal-)people try to fell a tree that contains water and fish or has cultivated plants on its branches. The notch disappears and the tree becomes intact,5,1.274301013956467,1.112107865024258,0.16219314893220904
k8b_8,6,0.0097560420676841,0.05252207945644131,False,Woman is soul of a whale,"Raven gets inside a whale where he sees a woman who asks him not to touch an inner organ of the whale (usually its heart) or a burning lamp. Raven touches it, woman disappears, the whale dies",0,0.4222480207824247,0.2609867364111034,0.16126128437132126
h37_10,41,0.02157463017963758,0.11763615151844183,False,Magic device lost by a failure ,"Magic object, device that makes hunting or fishing easy gets into possession of a person who is unable to operate it or abuses it. The device kills or injures the failure himself, other people and/or disappears",7,-0.09825503078941909,-0.2591763224217326,0.1609212916323135
k56a2_10,20,0.013965787672633356,0.061934864515999055,False,"If asked to do in a bad way, do otherwise","Person (usually a girl) gets to the powerful person (usually an old woman) who asks her to act in a strange and harsh way (to put room in disorder, to bring unclean water, and the like). The person does not according to order but in a rationale and polite way and is recompensed. Another person acts according to the direct sense of the words and is punished",5,-0.6426866488784837,-0.8019285109606726,0.15924186208218893
k16a_10,5,0.005597483307268541,0.01242887318129235,False,Slips and drops dummy,"Being eager to show that he is a successful hunter, a man walks in front of a girl carrying a game (deer, birds). The girl makes him slip, he drops the false game that proves to be a dummy stuffed with ashes or a termite nest",0,-0.9365804392593201,-1.0950584335569902,0.15847799429767007
m75b2_10,7,0.00907541958626848,0.04603134614783911,False,Bird tries to avert predetermined marriage,"When a boy and a girl are still small children, a bird gets to know about their predetermined marriage. All its attempts to prevent the marriage fail.",0,0.19985145226565354,0.04145509076826981,0.15839636149738373
k27zz_10,22,0.0142343242069257,0.06442760728160744,False,Ogress and blinded wives,"A married man marries another woman who is a transformed ogress/witch. Thanks to her intrigues other wives (the first wife) are blinded and/or confined in an underground hole. A son of one of them overcomes the ogress, returns sight to his mother and her sisters",5,-0.6081687261875173,-0.7663081579598466,0.15813943177232936
i81b_3,13,0.0070065358722383765,0.01696365871702372,False,Haribda (the origin of tides),It is tide when a creature belches out the sea water or ousts it with its body and it is ebb when it swallows the water or lets it go back,3,-0.976283327626334,-1.1333799660415942,0.15709663841526023
h24a_2,11,0.012485934586258877,0.06836327730396657,True,A bag with stars,Person opens a bag with stars which ascend to sky in disorder,2,-0.07737333456313128,-0.2343862824003098,0.1570129478371785
b17_3,54,0.02403554947946581,0.13754586197494945,False,Night in container,Darkness is a particular object that can be carried (usually brought from its original owner in a container),8,-0.19485466957821537,-0.3491629836770903,0.15430831409887494
a2d_1,14,0.008461639798838343,0.030939116241080478,False,Suns of the other worlds,Different suns illuminate different worlds or will appear successively in the future,3,-0.7179137976027209,-0.8718583576121234,0.1539445600094025
b96_7,5,0.009515187561910603,0.05043424471591668,False,Pursuer turns into surgeon ,"Pursuing heroes, a monster falls into water, turns into a big fish or a water mammal",0,0.3435476882803029,0.19037132600590287,0.15317636227440004
f73_5,40,0.00798802111154037,0.014457413228775215,False,The illusory wound,Person mistakes a vulva or an anus for a wound; vulva is a unhealed wound on the body of the primeval women,7,-1.2306427833504143,-1.382889570603678,0.15224678725326357
i49_3,16,0.01610221398576767,0.08167628805738134,False,The running earthquake,"Earthquake is a person. Whenever he or she runs or walks, the earth trembles",4,0.0018972568539032501,-0.1496680089058262,0.15156526575972945
k36_10,98,0.04896220595587089,0.2525075641373349,False,"Герой (героиня) временно превращен(а) в животное (обычно в собаку/койота или в осла и т.д.). Обычно когда ему или ей помогают вернуть прежний облик, в животное превращен антагонист. В части текстов метаморфозу испытывает либо только герой, либо только антагонист",Bewitched into animal,9,1.0097653782811187,0.8584311932695128,0.1513341850116059
h50_3,10,0.006899251410353099,0.009151313292170242,True,Sky god and mistress of the dead,"A couple of deities or ancestors divorces. Man remains on earth or ascends to the sky, woman becomes the mistress of the dead or of the underworld",2,-1.1720684238211747,-1.3216202981621634,0.1495518743409887
h45_4,43,0.026994014319525104,0.16026744900072898,False,The abused bread,A woman or child demonstrate no respect for bread soiling it with excrements. For this God punishes all the humanity,7,0.35342825498656555,0.20511849802413265,0.1483097569624329
k80a_10,58,0.04053370781642239,0.2553314688782151,False,Pipe tells about a murder,"An object or a creature that emerged from remains, decorations, etc. of a killed person tells about his or her fate. Usually a reed grows from the person's grave and a pipe made from the reed tells the story",8,1.0803098586015658,0.9322862320365087,0.14802362656505708
k65_3,27,0.02256133727486616,0.13110345636660117,False,Genii loci,"Being thrown out, put into certain places, born by primeval couple some beings turn into spirits of particular loci",6,0.10402357745545825,-0.043709144775811386,0.14773272223126963
m142_11,22,0.0231745686164199,0.14572920836255954,False,Fox blames his tail,Fox blames his tail for being useless when escaping from the pursuers (usually he punishes his tail and gets killed himself as a result),5,0.5410181663092309,0.39546102656691884,0.1455571397423121
b46a1_7,14,0.012580053926404992,0.07054104363135232,False,,,3,0.013355428691200148,-0.13079068736352362,0.14414611605472377
i64a_2,10,0.010582668229290045,0.048757719749069055,False,Race along Milky Way,Milky Way is a trace of two (rare: more) animals that were running a race,2,-0.45031310381826284,-0.5943782101704272,0.1440651063521644
h38_10,5,0.007012423425012196,0.026535435234244786,False,Supernatural person comes after his property,"Supernatural person changes his guise and comes to the hero's children (more rare, to him). They hand him what he asks for and he disappears with his former property is",0,-0.47424216005877146,-0.6179418067279158,0.1436996466691443
a11a_1,31,0.010871069060532017,0.032774471133751114,True,Eyes of the Sun and the Moon: coolness and night,"Visible sun and/or moon are the Sun's and/or the Moon's eyes. If these eyes were not injured, light and heat would be more intense",6,-1.0143916349388493,-1.1578708806781657,0.14347924573931636
k8a_10,220,0.019128239031276716,0.1035743014006426,False,Jonah: swallowed by monster,Person gets into the belly of water being or into the belly of giant creature which appearance and living place remain vague. He kills the monster from the inside and/or returns to earth by himself (i.e. not extracted by other people),9,-0.6123518434580869,-0.7558176302527899,0.143465786794703
i8f_3,65,0.008482761907798946,0.02805977167566469,True,One support of the world,Only one pole or mountain supports the earth or the sky,8,-1.3969502381047705,-1.5403175587924713,0.14336732068770086
a19a_1,8,0.009396965698698327,0.04755324906053181,True,"By horse in the morning, by ox in the evening","During its everyday travel across the sky, the Sun changes its draught animals (usually in the morning the Sun rides a slow animal and in the evening a quick one)",1,-0.2556905066986947,-0.39899607914748997,0.14330557244879527
d10_6,9,0.005527226316883699,0.0023929417570445538,False,Firesticks are two persons,A male and a female persons personify fire-sticks,1,-1.3223895887447707,-1.465639710984769,0.14325012223999822
m29l_9,24,0.030787715423574807,0.2143996893219679,False,Trickster is an opossum,"In episodes related to deception, absurd, obscene or anti-social behavior the protagonist is an opossum",5,1.5196187638661451,1.3767362733586312,0.1428824905075139
m45_11,28,0.011109803672957124,0.03490437208047623,False,A predator tricks animals to gather around him,"A predator animal falls asleep or pretends to be dead or sleeping. A lot of animals gather around him, he kills many or they run away in panic",6,-0.9915517464635869,-1.1337370596030905,0.14218531313950356
L72c_10,22,0.019423893558850748,0.11224851945609049,False,,,5,0.058903090171529386,-0.08296537747810419,0.14186846764963357
i35a_3,9,0.010410449614700073,0.059471011919097864,True,Old woman’s thunder,Thunder is produced by an old woman who lives in the sky,1,0.023677754623486365,-0.1175098223466042,0.14118757697009057
a37a_7,11,0.011763672608987833,0.061643800020976615,True,Shooter hides underground,"Small animal (marmot, rabbit, mole, toad, frog) or person who turns into this animal tried to hit the Sun with arrows and since then has been hiding from the Sun in underground holes or in the water",2,-0.21889856783326844,-0.3577675009113235,0.13886893307805503
i4b_10,21,0.01774083017218727,0.09745104999143861,False,Thunder in trouble: fights with his enemy,A man helps Thunder who fights with his enemy,5,-0.15743936028103944,-0.2944156294342863,0.13697626915324684
i23_3,19,0.01742950624966412,0.09213274745001677,False,Snapping door,The door of a house is opening and closing by itself crashing persons who attempt to come in or out,4,0.18839076033785296,0.051576401473870964,0.136814358863982
i29_8,12,0.012445396429761607,0.06903317991312856,False,Armadillo’s hole leads to the underworld,Person crawls after an armadillo into its hole and gets into the underworld or digs a hole and gets into the world of the armadillos,2,-0.0853166740094281,-0.2220857124718503,0.1367690384624222
k30a_10,9,0.01780878205368967,0.14600254591409342,False,The chief’s wife and vultures,Wife of a chief abandons him with vultures (usually by her own will being untrue to her husband). The chief (Witoto: her own brother) brings her back,1,2.0630384563876523,1.926282950554784,0.13675550583286822
f51a_5,5,0.005058406736050358,0.007880964885539484,False,Aggressive sister,"When incest relations with her brother come to light, the sister openly claims her brother for a husband, turns into monster, kills people",0,-1.1127262218043736,-1.2488792339087968,0.1361530121044232
j40_10,27,0.023447968180258967,0.13967186782583452,True,Enemy from the sky,"A dangerous being who lives in the sky carries away a person or many people (or person's cut off head or limb). A young kin of the perished one revenges on the dangerous being and/or brings back the victim (his or her head, etc.)",6,0.18884810621642958,0.053379177276308094,0.1354689289401215
g12c_6,5,0.0070144709744755845,0.02680018668334596,True,Fox brings plants from the sky,Fox or coyote returns from the sky and disperses seeds or shoots unknown on earth before,0,-0.47357311372697986,-0.6089872990407063,0.1354141853137264
k80b_10,43,0.04264268494795881,0.28153949232708286,False,"Killed by the stepmother, eaten up by the father,","The (step)mother kills or orders to kill her small (step)son, eats him or feeds his flesh to her husband. The son revives, usually in the form of a bird who tells about the crime.",7,1.6576803222009362,1.5258848107244956,0.13179551147644064
m39a6d_10,48,0.03491996627600711,0.2225570627919443,False,,,7,1.0140236160455598,0.8835108238230569,0.1305127922225029
i69_2,43,0.010510807722616287,0.035897843052925184,True,Star dung,Shining sky objects or atmospheric phenomena are excrements of sky dwellers,7,-1.0203789385316782,-1.1493831773342273,0.1290042388025492
h34a_4,70,0.012910605971408853,0.060903054100384026,False,Controversy over conditions of life,Person has a series of suggestions how to make the world easy for living and free of hard work and death. His companion successively rejects them,8,-1.0547163007822646,-1.1829988709566837,0.12828257017441902
g28_6,15,0.008279110582323598,0.030599215391263413,False,The fish tree,Tree contains fish in its trunk,3,-0.7503238454518034,-0.8782188947750528,0.12789504932324935
i118_9,16,0.01985778043757682,0.11036040643931101,False,Helpful spider-woman,Spider-woman (rare: spider-man) is a patron of the hero who lives in her house and marries her daughter,4,0.5295796401660655,0.40238486810324037,0.12719477206282515
m32_11,26,0.017353911789996224,0.09467068327910745,False,Anus opened,Food or liquid that person swallows are immediately pouring out from his bottom part,5,-0.20717418999193696,-0.3341460200431265,0.12697183005118953
f34_5,71,0.029319014189335257,0.17761197454879402,False,Land animal paramour,"Certain woman or a group of women takes for a paramour a big land animal. Husbands, brothers or (adoptive) children kill or maim paramour and (sometimes) the woman",8,0.21351132172297047,0.08673652802311548,0.126774793699855
m20_11,13,0.02467106775209199,0.18621522063035545,False,Trickster’s jaw injured,Person steals bait or fish from fishhooks. His bill or jaw is ripped off or otherwise injured. Usually the trickster gets the ripped off jaw back,3,2.1602464531359353,2.0338108486120463,0.12643560452388902
k136a_10,34,0.016825230583424163,0.08473725390489906,False,Hair picked up from a river,Person finds a hair that was carried by water and decides to marry its owner,6,-0.44475330824159215,-0.56908270069726,0.12432939245566782
d4e1_7,25,0.011690669231099727,0.04394256246543605,False,Dog obtain fire,Dog brings people fire,5,-0.9351323776676808,-1.059031714380108,0.12389933671242725
j15b_10,8,0.013372149494891105,0.09478724140099067,False,Woman gets to a toad,"Setting off (usually in search of her husband, boyfriend or kinsmen), woman gets to the place of female toad or frog",1,0.840074475896817,0.7166260267346548,0.12344844916216224
i47_3,36,0.007460431204430971,0.013104510108941845,True,Rainbow is filth,"Rainbow is a flatulence of a demon, a spray of a skunk, is associated with spit, urine, feces, genitals, etc., causes skin diseases",7,-1.2746152231395533,-1.3976239546876874,0.12300873154813408
m155_10,6,0.005733034619695082,0.014797243538331242,False,Sleeping parent covered with a cloak,A man or a woman falls asleep in the nude or pretends to do so. Only one of his or her children covers him or her with a cloak and is considered to be the most noble,0,-0.8922884160529944,-1.0149546583358784,0.12266624228288403
d11_6,19,0.010971469677167521,0.04573709052056618,False,Food baked in armpits,"Before fire became known, people prepared food using warmth of their bodies (usually putting food in their armpits); or a person keeps fire in his or her armpits",4,-0.7190068782927973,-0.8413517181076022,0.12234483981480493
b80_3,12,0.00866688546872064,0.029498281972917248,False,Measuring of the world,The process of world creation includes the measuring of its size,2,-0.8257054276796431,-0.9480147804843161,0.12230935280467303
m166_11,51,0.033749381309297534,0.20950691177465663,False,Piece among animals,"To lure his potential victim down from a tree, a predator pretends not to be dangerous (usually announces that it has been decreed that all animals are united in piece). The victim is dubious and usually asks the predator to announce the same news to the dogs. The predator runs away",8,0.5559402694155691,0.4337376885883707,0.12220258082719837
m177_11,27,0.016592955693792797,0.08298132770865416,False,But he had no heart at all,A weak predator eats part of a body of a killed animal and explain to the strong one that this animal did not have such a part at all,6,-0.4669751910297387,-0.5889790290717649,0.12200383804202619
e13a_6,13,0.01260282144441257,0.07196761063044962,False,Ritual objects from under the water,People obtain ritual objects from under the water or brings them back to the underwater world,3,0.01739804916654108,-0.10409545427407872,0.1214935034406198
g13a_6,16,0.00924223429606578,0.03323029118115169,False,People ate dirt,"Before acquisition of cultivated plants people ate dirt, mud or stones",4,-0.9619760971620078,-1.0820568520624418,0.12008075490043402
k120a_10,18,0.023040926039447768,0.13397396283133245,False,Three dresses,"In order to delay a wedding with an undesirable suitor (her own brother or father, a monster), a girl asks him to give her a dress (often three dresses in succession) of unusual material (like gold, of fly wings, etc.). He does it but the girl runs away",4,0.9768330383360646,0.856850003445995,0.11998303489006956
h36f_4,16,0.010150507001781725,0.03998053969569594,False,Raven is a failed messenger,"Raven is sent to deliver important object or message. It distorts message, loses object",4,-0.83435766404423,-0.9521419610638072,0.11778429701957727
j22e_10,12,0.008240486786591592,0.02519482162783884,False,Placenta person,A second person evolves from the placenta of the first one,2,-0.9092570680171301,-1.0270337515780523,0.11777668356092219
k33g_10,49,0.021685614191254532,0.12258653608545445,False,Fruits of two kinds,"One who eats certain fruit (leave, etc.) gets horns (long nose, etc.) or turns into an animal. After eating another fruit (leave) person recovers his or her normal body",7,-0.08900497178976581,-0.2052619907119346,0.11625701892216879
m49_10,86,0.05264028191942029,0.2741961297288262,False,Man in a skin of another,"Hero comes across a (animal-)person from an enemy group and takes his or her appearance, usually dressing himself in a skin of his victim; after this he penetrates the enemy camp",9,1.2097478472038183,1.0935079037814461,0.1162399434223722
k32a_10,16,0.010580478892710372,0.04327376986789203,False,Husband goes away for a moment,Man travels with his wife. The imposter replaces her when her husband goes away for a short time,4,-0.7739437171539633,-0.8887606443711792,0.11481692721721592
c8a_5,11,0.017062350060403415,0.11951680213559182,False,Grinding stones match,"Being alone and having no other marriage partners, brother and sister agree to marry each other if a highly improbable event or a series of events will take place. Among the events that take place (alternatively or one after the other) are 1) the siblings let two grinding stones roll from two mountains, the brother's stone falls on the sister's one; 2) brother and sister throw two swords from two mountains, both swords get into one sheath; 3) they throw some objects up, the objects get together; 4) they kindle two fires, columns of smoke get together; 5) they put to grow two stems of bamboo, tops of the stems get together",2,0.8193625976903212,0.7048808598275971,0.11448173786272409
f35_10,95,0.026348522140841397,0.1424845017615778,False,Paramour mutilated,"Person (usually a woman, rarely a man) has a monster or animal paramour or married woman has human lover. Legal marriage partner or close relative kills or maims paramour and serves his or her meat to the person (usually husband or brother serves paramour's penis to his wife or sister)",9,-0.2197742956093477,-0.3340801083487446,0.11430581273939688
f76_5,27,0.011775382867482271,0.04302514570932115,False,Animals teach to make love,"People learn to copulate after they see birds, fish or animals doing it",6,-0.9278753720158793,-1.0417209036165525,0.11384553160067312
b59_2,14,0.009047668526471897,0.038793578888008516,True,A groups of dancers ascend to the sky,"A group of people (usually children, brothers or sisters) play, dance, ascend to the sky and turn into Pleiades or other compact constellation",3,-0.6138580224988692,-0.7248784321794169,0.11102040968054772
L30_10,14,0.010284771114319328,0.05066886444283486,False,,,3,-0.39419700147476194,-0.5026571722663498,0.10846017079158782
f28a_5,16,0.012260210908150791,0.055889363969409724,False,Primeval penis,"There is only one monstrous penis, a husband of primeval women or the amazons, usually growing out of earth or out of water in a lake",4,-0.5379300546061051,-0.64596165274141,0.10803159813530494
L22a_10,30,0.02595463384560841,0.16329922074884962,False,,,6,0.4286623654885809,0.3210997531079951,0.10756261238058579
c23_3,19,0.009604874811369866,0.036556889352625695,True,Tree eclipses sky-light,"Growth and falling of giant tree defines the condition of the sky with luminaries on it (tree eclipses the light of the sun, can destroy the sky, tears the sun off the sky, etc.)",4,-0.9110226620792579,-1.018033336793022,0.10701067471376424
k15a_10,29,0.016081340646336918,0.08043657015224864,False,Substituted weapon,Hero substitutes powerful person's weapon with a fake,6,-0.5159217200121008,-0.6178135735327016,0.10189185352060082
k22b_10,42,0.01230011246481132,0.05223199378252029,False,Man helps inhabitants of other world,Inhabitants of a distant land who have different nature than (normal) human beings struggle from time to time with some non-human enemies. Man helps local dwellers because their enemies are not dangerous for the human beings,7,-0.8712477781733026,-0.9714889534184745,0.10024117524517195
f44_5,45,0.022829149914385283,0.13303787879753626,False,Women and men separate,The women and the men of the primeval community quarrel and abandon each other,7,0.0063040078827167004,-0.09143706455432958,0.09774107243704629
h34f_4,17,0.006221776504276573,0.01237287580543561,False,Walking baskets,Baskets carried loads by themselves,4,-1.3863707621791386,-1.483477457424014,0.09710669524487536
f99_5,8,0.005245784161542054,0.001063667883695265,False,A baby copulates with his mother,"A baby son turns into an adult man, copulates with his mother, then acquires his baby guise",1,-1.3999695131610819,-1.497035899288966,0.09706638612788421
i86a_3,12,0.016645152471798354,0.11602140748231593,True,Down turns into snow,Snow is created from bird's down when certain bird in the sky shakes itself or certain person shakes his or her clothes made of bird down,2,0.7376138861353273,0.6406993716946152,0.09691451444071209
m114c_11,12,0.01277631046837523,0.0748579652413326,False,To protect from rain by his own body,"Person cannot understand why the clothes (firewood, etc.) of another are dry after the rain – he protected them with his own body",2,-0.020474985008843778,-0.11513258485608067,0.0946575998472369
a12_1,270,0.018364674184298834,0.1042703381564615,True,Eclipses: a monster’s attack,"Some creature or creatures regularly (sunrise and sunset, summer and winter, lunar phases) or irregularly (solar and lunar eclipses, eschatological events) attack the luminaries or shade their light",9,-0.6538680015783946,-0.7482734692402472,0.09440546766185254
a18_1,25,0.024003388269977402,0.1568489909156308,True,The sky boats,The Sun and/or the Moon regularly travel across the sky or the underworld in a boat. (Voyages by boat of the mythical persons who eventually become the Sun or the Moon not included),5,0.6475553747439903,0.5543585210447146,0.09319685369927566
f85_5,5,0.007023192730865865,0.028179255547196802,True,The Moon: contra men and pro women,The Moon (female or male) is the leader of women in their struggle against the men or leads the women away from the men,0,-0.470723239170084,-0.5623439934630864,0.09162075429300237
k75_10,189,0.024858016135555706,0.13717087879974166,False,Bridegroom of the youngest daughter (The loathsome bridegroom),"A girl (usually the youngest of several sisters) does not reject but marries a poor, sick, dirty, old, too young, non-human, etc. man who later demonstrates his supernatural qualities",9,-0.3008153273430958,-0.3916730829279005,0.09085775558480469
L56_10,48,0.02307983042552708,0.1356533618355846,False,,,7,0.027197193165367825,-0.0629520007808328,0.09014919394620062
m90b_10,7,0.00902897531498651,0.04762698180362691,True,Sun rises from the West,Person was wrong being sure that the Sun cannot rise from the West,0,0.18467557012481006,0.0954231872385458,0.08925238288626426
L49_10,13,0.007410838757517279,0.024518983007986696,False,,,3,-0.9044949525507585,-0.9919977925150609,0.08750283996430241
b33c_7,23,0.030107720133487236,0.21227192401012454,False,The borrowed days,When the winter ends and the spring begins certain mother (usually March) borrows several days from a neighbor month to preserve its strength and produce a short period of a very cold weather,5,1.4322115702218305,1.346331310377112,0.08588025984471859
f6_5,23,0.018248720019788583,0.10561460193699,False,Gouged our vagina,Woman has no vagina and it is later made by bird or animal,5,-0.09215475183389513,-0.17776155423124398,0.08560680239734886
b19_3,13,0.01270570200361125,0.07508528433967666,False,The night and the married life,People had trouble making love before night came into being,3,0.035665611532921186,-0.045754677838542375,0.08142028937146356
a16_1,30,0.008081390978160605,0.014816147960850404,True,Dangers along the Sun’s way,Every night the Sun and/or the Moon passes by creatures or objects which try to destroy them,6,-1.2812818677208078,-1.3613559107822903,0.08007404306148258
L85a_10,35,0.01502786825806684,0.07350698418625966,False,,,6,-0.6167080769439229,-0.6963324305174224,0.0796243535734995
L57a_10,35,0.022226454692216145,0.13442718079686597,False,,,6,0.07198515302115609,-0.006048158321862674,0.07803331134301876
l44b_10,10,0.007365217532210068,0.018073614493321746,False,"The blind got his sight, the lame got his legs","A blind man and a lame man live together and help each other. When they got mortally scared or became to fight, their eyes and legs were cured",2,-1.080763653298773,-1.1577914246116732,0.07702777131290017
c33a_8,9,0.014611100688762547,0.11121230628469571,False,Blacksmiths restore the chain,A strong man is enchained but his chains become ever thinner. When blacksmiths beat their hammers against the anvils the chain becomes thick again,1,1.1815931082401734,1.1045704829798682,0.07702262526030523
b9_3,51,0.032635387746657196,0.20580318643191575,False,Water in the tree trunk,There is enormous amount of water inside a trunk of a tree or a tree turns into water,8,0.46983823022507687,0.39344298654067683,0.07639524368440004
L15a_8,93,0.03126687408624792,0.17078838295238422,False,,,9,0.047643825935914076,-0.027301715974762747,0.07494554191067682
m116_10,67,0.03564067764375288,0.2273483973777176,False,Wisdom of hidden old man saves kingdom,People are ordered to kill or (rare) mothers or (the Nyoro) to deprive them of power and property). A man conceals his father. Later the old man helps to resolve difficult problem. It is decide not to kill old men anymore,8,0.702121070249051,0.6278442380582452,0.07427683219080583
f28b_10,15,0.007937446256481141,0.030248921301708427,False,Penis of wax,"Certain woman masturbates with a penis made of wax, gourd, wood, radish, etc. Usually her husband or male relative smears it with chile; the woman is hurt or killed",3,-0.8109900629501078,-0.8847739197941668,0.07378385684405897
i20_8,48,0.012020462886451371,0.052652953145594185,False,The underworld dworfs,Race of dwarfs lives in the underworld,7,-0.8945554155651246,-0.96690431106799,0.07234889550286538
f95_10,10,0.008304724598519808,0.02840512785589285,False,Wife of one of two brothers,"Two companions or brothers live together. One has a wife which he conceals. Another suspects her existence, destroys her or tries to get a wife also for himself",2,-0.8966698467539344,-0.9680869797490165,0.07141713299508212
f21_5,5,0.005749184250148442,0.016472281481073173,True,"Woman turns into a tree, penis captured","Man copulates with a woman who turns into tree or rock, his penis is captured in it",0,-0.8870114490210342,-0.9583009924708864,0.07128954344985217
b100_3,12,0.009326936463238525,0.039390120839810014,False,Getting a sleep,Formerly or in a particular country the sleep was not known;,2,-0.6963702641115985,-0.7663835194037273,0.07001325529212876
i95a_2,14,0.012744535308701283,0.07606497668117806,False,Orion is a balance,"Orion is a balance, scales",3,0.042560887259940686,-0.02742177414115354,0.06998266140109423
m125_11,14,0.01095035247225633,0.059130316164524896,False,Eaten up eyes,Person lies to another that he is eating his eyes. The companion agrees to be blinded. The first person extracts one of companion’s eye but gives him to eat something delicious instead. The companion believes that his eyes are good to eat and agrees to be deprived of another eye too,3,-0.2760157915288295,-0.34431870927896047,0.06830291775013098
i7a_3,9,0.004958135468023053,-0.000972278691120741,False,The lightning- serpent,The lightning is associated with a snake,1,-1.4792602785212514,-1.5451230266460627,0.0658627481248113
j42_10,85,0.011729108624362281,0.07375414636581307,False,Waters split apart,"When person comes to the water body, waters are split apart so the person reaches the other bank walking on the dry ground",9,-1.0146535852709009,-1.0790305196885817,0.06437693441768078
h24c_4,15,0.006606442204574875,0.01814398682493541,False,Death in container,People open container with death or disease inside and become mortal,3,-1.0473243103286378,-1.111292581444401,0.0639682711157632
L100b_10,35,0.027876141487730387,0.18354456920483575,False,,,6,0.612494193662212,0.5504989737574704,0.06199521990474166
L4_10,73,0.020935110441644318,0.12407787652862196,False,,,8,-0.4344917128206513,-0.4956880119992055,0.06119629917855418
h36d_4,8,0.007301837301684897,0.02658480626652516,False,Death and the hare,Hare is responsible for introduction of permanent death,1,-0.8332155845800117,-0.8942508130328901,0.061035228452878454
k32i_10,21,0.014536226254286405,0.07396069475901683,False,Two sitters at the bed of a sleeping prince,A girl finds a body of a sleeping youth who will wake up at a certain time and marry  the girl who would sit nearby. Usually at the last moment the girl goes away for a time and the impostor takes her place.,5,-0.5693619710526783,-0.6300839370662804,0.060721966013602136
L32_8,15,0.006714846413520025,0.01939397729458508,False,,,3,-1.028075963866413,-1.0879016106957453,0.059825646829332335
h34h_4,9,0.006631145901909442,0.018894680171982862,False,Firewood come by themselves,"Firewood, brushwood arrived to the house themselves, no work was needed to cut and carry them",1,-1.0180926085570612,-1.0758842986432908,0.05779169008622964
b5b_3,25,0.008634405551243758,0.02110256070677624,False,The universal mother,Woman (alone or with her companion) gives birth to or creates not only people but also different creatures and objects,5,-1.3279872035575093,-1.3854067164090025,0.05741951285149316
m72_10,19,0.013956944016211448,0.07094677010657084,False,Hand in animal’s anus,Person puts (for different reasons) his or her hand into the anus of a tapir or other herbivorous animals and is unable to extract it back. Animal starts to run and drags the person behind him for a long time,4,-0.29952762402874333,-0.35616768844266966,0.05664006441392633
m26a_11,22,0.029091417892265017,0.20524995809160218,False,,,5,1.3015751848018353,1.245990068501523,0.055585116300312265
j26_10,173,0.013950774842213375,0.08581579171761838,False,Babies come out of the water,Baby heroes or embryos are found in a river or lake or come to people out of the water,9,-0.8938582836591129,-0.9482974889262193,0.05443920526710644
m39a6b_10,7,0.00892249576524862,0.047659853519743674,False,King the craftsman,"A poor girl agrees to marry a prince only if he learns some craft. He does it, marries the girl and then gets into hands of some criminals. He promises them to produce valuable object that they can sell for good money. His wife or (rare) his father recognize his work (or read signs of the object). He is released, the criminals killed",0,0.1498828808947035,0.09653498487235922,0.053347896022344285
b33_3,35,0.02417221734089205,0.15325386213202916,False,Mother of wind,"Female person is incarnation of wind, mother of winds, etc.",6,0.2581374727189573,0.20727620283159864,0.05086126988735867
m98_11,34,0.023014575868240295,0.14355582755659732,False,Who are more numerous?,"Person reckons up number of members in two alternative multitudes (alive trees and dead trees, men and women, etc.). Numbers prove to be equal but one member possesses the qualities of the both multitudes. Adding it to one of them, person demonstrates his case",6,0.14738519486063292,0.09738816715405402,0.049997027706578906
k37c_10,6,0.0058076433521592535,0.01769644567573832,False,To recognize an object or an animal,Person must recognize a particular object or animal among several similar objects or animals,0,-0.86790966493254,-0.9168969218652264,0.04898725693268646
k91_10,24,0.01453905952362816,0.07482470886054923,False,An invisible battle,Hero's dogs or horse or (rare) he himself fight with his adversary in the underworld (under the water). Those who are waiting for the outcome of the combat understand who overcomes whom by the color of water or foam that rises to the surface,5,-0.5689977801154597,-0.6177375017585985,0.04873972164313889
c1_3,30,0.016158748108849378,0.08581085287171301,True,Reversal of cosmic levels,"The present earth or the underworld is the former sky that has fallen down, or the earth turned in the past upside down, or the layers of the universe collapsed in the past one after another, or they will change their place during the future cataclysm",6,-0.5085161000520193,-0.5569177944318713,0.04840169437985198
a38a_5,7,0.00826024009010954,0.0414132619547751,True,Snare of pubic hair,The Sun is caught into snare made of the pubic hair of hero's female relative,0,-0.06651224805454285,-0.11473922109428741,0.04822697303974456
k27t_10,14,0.022697752255894616,0.17168334149031983,False,Climbing contest,A contest: to climb a pole or tree,3,1.8098628220971924,1.7618769674018648,0.04798585469532757
a34_2,23,0.02053782925884324,0.12886182533273913,True,The fox and the Moon,"Jackal, coyote, or fox are connected with the Moon (usually with the origin of spots on the lunar disc)",5,0.20208936639414823,0.15443249124762917,0.04765687514651906
L106b_10,62,0.02133647853218201,0.12819482889676245,False,,,8,-0.4034694410407498,-0.4508976040538896,0.047428163013139846
L126_10,13,0.006407409093383901,0.01714711344723274,False,,,3,-1.0826648041981777,-1.1299469924852243,0.04728218828704667
c2b_11,6,0.011274870196699878,0.07056965036977816,True,The burned Moon,"The Sun and Moon get into conflagration. The Sun survives, the Moon is burned",0,0.9185321919389625,0.8713974179298932,0.04713477400906929
L33c_11,10,0.010738498218552172,0.05576390961504197,False,,,2,-0.41977864918154967,-0.465732453011381,0.04595380382983133
f18a_5,27,0.019040664106075078,0.11046766567719252,False,Long penis after prohibited sex,"After contact with a non-human or prohibited partner (close kin, animal, spirit) man's penis becomes so long that he had to carry it in a basket, etc.",6,-0.23280140873402194,-0.27753245050589104,0.044731041771869096
f50_5,34,0.029029069056468588,0.19484395608810123,False,The often-born children,Child or children come out of mother's womb and return back,6,0.7227954894087469,0.6785318673613135,0.04426362204743339
b74a_7,5,0.009832180322964042,0.0567452327198654,True,The marriage of the owl and the Moon,Owl had to separate with the Moon and since then cries when the Moon shines. Usually the (proposed) marriage of the owl and the Moon broke up,0,0.4471265506127863,0.403823568806094,0.04330298180669229
k120b_10,14,0.00764758808177928,0.02913624632489294,False,,,3,-0.8624575347933138,-0.9055953168106948,0.043137782017381054
k73c_10,8,0.0055178421688858075,0.0066106623174809346,False,Bird carries baby-girl to its nest,"A bird carries away a baby-girl, brings her up in its nest, the baby becomes a beautiful girl",1,-1.324976342287445,-1.366021151119229,0.041044808831784074
m140_11,63,0.032668590720078,0.20931535456634984,False,The theft of fish,"Trickster pretends to be dead or sick and is picked up by those who carry something edible in a cart (sledge, boat, bag). The trickster secretly eats the food, often after throwing it out of the cart (sledge)",8,0.47240453205535243,0.4316536407933746,0.04075089126197784
i14a_8,21,0.011014926526646434,0.04371792415962461,False,Eject digested food through the mouth,No-anus people eject digested food through the mouth or other orifice,5,-1.0219929402081585,-1.0622417109593414,0.04024877075118294
m126_11,11,0.009762532425151323,0.04570081403426524,False,Silent skull,"Person comes across severed head or skull who speaks and tells others about his experience. When chief, king etc. comes to control information, the skull keeps silence and the man is punished as a liar",2,-0.6110164422834505,-0.6505082834010564,0.03949184111760584
L33b_11,12,0.012281503936969569,0.07265529705888464,False,,,2,-0.1174309538739947,-0.155577380318644,0.03814642644464929
m64_11,15,0.01627062531045284,0.11134778807786988,False,Person pretends to possess resources,"To get valuables (food, fire) concealed by their owner, person pretends that the valuables are already in his possession",3,0.6686565220248454,0.6328226271954873,0.03583389482935806
e8_5,58,0.014609946325948956,0.08150861059439939,False,People of wood,The first people or (the first) woman (wife of a primeval ancestor) are made of wood,8,-0.9233720320974408,-0.958820595674849,0.03544856357740822
f53a_5,16,0.006782579782654601,0.019836386958037678,False,Bat or owl hides his face,A man hides his face from his wife because she does not know that he is a nocturnal being (a bat or an owl),4,-1.3075741240950922,-1.3398351551045922,0.03226103100949995
b89_7,24,0.015686453831288544,0.08630727104731944,False,Owl as a king of birds,Owl was or wanted to be king of birds or it behaved itself in a wrong way during the elections of the king. Now it avoids other birds and/or other birds chase it,5,-0.42151070498713056,-0.4536560232804667,0.03214531829333617
b75a_7,17,0.006066279099775218,0.014631361413247305,False,Sounds of the time of creation: a woman's voice (echo),A certain woman lived in primeval time but her voice is still heard (usually she turns into echo),4,-1.4082191949146594,-1.440010774541354,0.031791579626694544
k13b_10,8,0.012410172629181905,0.08745379110263203,True,Leg bitten off by caiman,"A caiman ferries a man across water body, bites his leg off. The maimed man is transformed into a constellation or into an animal",1,0.5749042051484081,0.5434168851853588,0.03148731996304932
m62c_11,26,0.026988799043617555,0.18805162066778217,False,Pulling a rope,A weak animal-person agrees separately with two strong ones to pull a rope with him. They do not know that are engaged into tug-of-war with each other or that the rope is tied to a tree. (In New World motif borrowed from Afroamericans),5,1.0313027056494481,1.0002323198417773,0.031070385807670853
f16_5,49,0.009156236314220108,0.03516613527067769,False,Men and women: exchange of anatomical characteristics,"Initially men possessed women's biological traits and vice versa (beard, menses, breasts, bearing children)",7,-1.1332768709848087,-1.1573521614712594,0.02407529048645074
j28a_10,17,0.013662929908825039,0.07058851924154701,False,Truth about father,"Hero asks how one of his parents died and receives a series of false answers. Usually he successively exposes himself to the same dangers, survives and thus demonstrates that truth is still concealed from him",4,-0.3408385865436845,-0.36306256379125235,0.02222397724756786
d1b_3,69,0.009154433988709009,0.044066182477526146,False,Male spirit of fire,"The fire is personified as an elder man (alone or with his wife, mistress of fire)",8,-1.3450358125881579,-1.366175716612378,0.02113990402422017
L46_10,55,0.011088740537148476,0.05784016508114285,False,,,8,-1.1955306953005709,-1.2163215903849398,0.020790895084368932
k27g_10,35,0.027699047294954714,0.18579854562066184,False,Ordeal: to bathe in boiling water,Person is ordered to bathe in a boiling liquid or to jump into fire but he remains unharmed. Usually the adversary attempts to repeat the trick but dies ,6,0.5955514823748744,0.576038688930904,0.01951279344397039
f97_5,27,0.008778880546095304,0.026170504017517266,False,The prohibited fruit: origin of sex,"After eating certain fruit, berry, tuber, etc. people become sexually aware",6,-1.2145526080526683,-1.2327001637084052,0.01814755565573689
k2_10,203,0.014733139086425751,0.09309264045128855,False,The destroyed ladder,"Hero climbs up (e.g. to a tree) or down (e.g. into a deep cave) by ladder, rope, from branch to branch, etc. The rope etc. breaks or is intentionally destroyed and the hero cannot return to the ground. (all cases of motif K2A are also computed together with K2)",9,-0.8513199743079793,-0.8694256218131997,0.018105647505220368
b66_7,6,0.007456303152608712,0.03453833759647544,True,Rope turns into creepers,Persons climb to the sky up a rope or an arrow ladder; fallen down rope turns into forest vines,0,-0.3292023899261376,-0.3472650985706108,0.01806270864447318
h18_7,116,0.022087370409533576,0.1300082392923751,False,Hoarded game released,Game animals were concentrated in one single place. Certain person lets them disperse in the world,9,-0.45145946256246056,-0.4693070659993817,0.017847603436921156
j45_10,56,0.039526110666280555,0.2602693955077688,False,The stretched out leg (crane bridge),Person stretches his or her leg or neck as a bridge across water body. The fugitives or those who walk ahead cross the bridge; the persecutor or those who are behind usually fall because the person takes his bridge off,8,1.0024313391744744,0.9860084343756249,0.016422904798849447
m112b_11,11,0.018985010435410322,0.1455542962266917,False,Animals build a road,"When animals build a rode, the mole or shrew refuses to take part in the work and is punished",2,1.1961025710448772,1.1829742609416405,0.013128310103236673
c36_3,7,0.00509054247741576,0.011830241380449235,False,The final battle,Gods fight with their powerful adversaries at the decisive battle that changes fate of the world,0,-1.1022257185128237,-1.115305548655534,0.013079830142710414
i78_3,40,0.007764520475791148,0.025685925258938872,True,The square earth,"The earth is square, the sky is usually round",7,-1.2492706382731187,-1.2606005415379977,0.011329903264879038
i28_3,126,0.02140912161499596,0.12728400432025308,True,Animals in the underworld,"Game animals live inside a mountain, in a cave or in the underworld where they often look like humans and have a master",9,-0.4883368598265955,-0.4988343389398869,0.010497479113291353
f39_5,62,0.007315361586611611,0.03223492301909732,False,The epoch of women,"The women dominated over the men in the past or in a far away land, were the active part in marriage relations, practiced activities which now are reserved of the men only",8,-1.4871801564605172,-1.4948939747469152,0.007713818286398055
m165_11,14,0.012555374810125029,0.07760388043253547,False,Fur coat for the wolf ,One animal person promises to sew a fur coat (or boots) for another and asks to bring him ever more sheep. He eats the meat and sews nothing,3,0.008973383149235884,0.0013756075245530985,0.007597775624682786
m159_11,54,0.02803543076918207,0.17948738153529614,False,The lion’s share,"The strongest predator (usually a lion) and two other animals hunt together. One shares the booty and is killed or badly injured by the strongest one. When the third one becomes to share, he gives everything to the strongest one and explains that the injured one taught him the right way of sharing",8,0.11430145763331795,0.10714002956444278,0.007161428068875167
h9b_4,7,0.00698628696706529,0.03035723697385479,False,Children as shoots of plants,People are likened to plants which are mortal but revive in their offsets,0,-0.48278236952773435,-0.4886796131780299,0.005897243650295536
L61_10,55,0.008631066518717135,0.041797945053517374,False,,,8,-1.3854875781310958,-1.3908530192511919,0.0053654411200960705
L33_8,36,0.03149419838355155,0.207841406484234,False,,,7,0.7285000107743692,0.7232435224121578,0.005256488362211376
j17_8,59,0.010351592775067505,0.05407451718064134,False,Frogs in hair,"Instead of lice, there are other (bigger or dangerous) creatures in the hair of some persons or he or she pretends that his or her hair is infested with them",8,-1.2525058230108654,-1.25728997927064,0.004784156259774575
m118_11,35,0.019023672716609413,0.11388349781502737,False,Bull repository / Ali Baba,"Person brings food from or gets shelter inside of a big animal, a tree or inside some enclosure. Another animal person follows him but gets into trouble",6,-0.23442698550520463,-0.23882779536042462,0.004400809855219984
b104_7,7,0.009497148289869728,0.054665772251175915,False,Chicken turns into tortoise,"When a guest comes, a host hides from him a cooked chicken. When the host is going to eat it himself, he finds the chicken transformed into the tortoise (origin of tortoises) or a toad",0,0.3376532720510786,0.33349139568543745,0.004161876365641137
L15f_10,10,0.008706671275547978,0.036412129628990056,False,,,2,-0.8179095090666291,-0.8210645859259972,0.003155076859368111
i104_2,35,0.00759261553721883,0.017482095791393617,True,Stars are moon’s fragments,"Stars are fragments of broken Moon or (rare) Sun; or stars, the sun and the moon are formed from one and the same primeval person or creature",6,-1.3280433173788861,-1.331148164249879,0.0031048468709928834
a3_1,325,0.01429857841548399,0.09235560059463058,True,Male sun and female moon,"The Moon is female or bisexual, the Sun is male",9,-0.8749476852995093,-0.8774142047505294,0.002466519451020166
m18b_11,37,0.026451447231472684,0.16951704676369447,False,Getting fishing hook or harpoon,Person turns into a fish to steal fishing hook or harpoon or he turns into fishing hook to catch a fish,7,0.3082075290222106,0.30585529437279824,0.002352234649412366
h24b_4,19,0.011329916596254205,0.05459416274885522,False,Souls disappear from the opened container,"Person receives a container with the soul of a dead person and has to open it not before he gets to particular place or after particular time interval. He opens it too early, the soul fly away",4,-0.6686426717259166,-0.6708890202341901,0.0022463485082734325
L15h_10,54,0.03206925534950268,0.20863299419254225,False,,,8,0.4260811067716238,0.42422989701992775,0.001851209751696059
k77b1_11,49,0.029496471299081915,0.19293438281874403,False,,,7,0.5619977089804146,0.5608920509603065,0.0011056580201080912
c35a_7,6,0.004671657752801624,0.008148405139746429,True,Wise adviser punished,A zoomorphic person gives wise advise concerning the ways that the Sun should follow. His advise is accepted but he himself is punished by the Sun,0,-1.2390982549070328,-1.2398337846004148,0.0007355296933819755
a27_1,45,0.022728431067857012,0.1412551009591159,True,Crowns of the Sun and Moon,"Light and/or heat of the Sun and/or Moon originate from their crowns, necklaces or clothes (of feathers, of animal teeth)",7,-0.0020904920023570714,-0.0019438069386170413,-0.0001466850637400301
c29_11,19,0.01623276382351471,0.09051742544191468,False,A listened in secret,People or God get know a secret thanks to listening in its possessor when he speaks aloud with himself or with his relations. Before this the wise person was usually asked to come and share his knowledge but was offended and went away,4,0.020240388418034716,0.020488007889824144,-0.000247619471789428
L57b_10,13,0.015499765004666384,0.10599485841778644,False,,,3,0.5317818897191764,0.532653686600512,-0.0008717968813356514
k27ss_10,16,0.015348009571069337,0.08412319592445164,False,To overcome an old woman,A mighty man has to wrestle or race with an old woman who proves to be very strong,4,-0.10407354359907592,-0.10257496216107195,-0.0014985814380039653
m107_11,9,0.009271925329674555,0.052282476581600276,False,Turtle bites penis off,"A smaller animal kills or maims a big mammal (jaguar, tapir) seizing him by his penis",1,-0.2901580595998448,-0.2872962099469153,-0.0028618496529295157
c37_3,6,0.007456303152608712,0.035187949042087135,False,World catastrophe and the sloth,A sloth produces the world catastrophe or saves people from it,0,-0.3292023899261376,-0.32529373371811354,-0.003908656208024053
m170a_11,6,0.00664526165205256,0.02737122366566693,False,Sinful camel and pure wolf,A predator sais that a herbivorous is a great sinner and must be eaten up,0,-0.5942139808939022,-0.5896735046677809,-0.004540476226121304
j28b_10,26,0.01920041980777886,0.12059549195886331,False,A hot scone,"A youth gets to know that a woman (usually his mother) conceals from him important information about his father, brothers or bride. He causes her pain (usually putting hot scone, handful of hot grain, etc. into her hand) making her tell him the truth",5,0.030177577334747435,0.03630970823832767,-0.006132130903580238
L7a_10,16,0.008716985819067413,0.03598675565821861,False,,,4,-1.0357770461613431,-1.029006096774222,-0.0067709493871210835
i19_8,53,0.009887408957025865,0.05185831956387566,False,People inhale the odor of food,Anthropomorphic beings satisfy their hunger cooking food and inhaling the odor,8,-1.2883832056394375,-1.2814011145148902,-0.006982091124547285
k93_10,36,0.022239365134802788,0.13816848636546997,False,Twin brothers and a woman,A twin brother or the best friend follows hero's trace and spends a night in his wife's house but rejects to have sex with her,7,-0.04285211765962493,-0.03555993530388342,-0.007292182355741514
m105a_11,29,0.01489261347200854,0.0802363365840136,False,Make believe killing of children,,6,-0.6296479862345633,-0.62008241195753,-0.009565574277033306
i76b_8,5,0.006532487817863294,0.026443016803858483,False,Mouse turns into bat,After certain time a mouse turns into a bat,0,-0.6310633569092337,-0.6210676122641784,-0.00999574464505526
d4o_11,23,0.013039041840879563,0.06565312709782539,False,Fire stealer pretends to be wet and cold,"To steal fire from its owner, person pretends to be wet or cold and is granted permission to sit near the fireplace. In a proper moment the stealer carries the fire away and brings it to people",5,-0.7618113745287647,-0.7487959424735702,-0.013015432055194509
j15a_10,39,0.043626920292537584,0.30244646483616644,False,Woman gets to jaguars,"Setting off (usually in search of her husband, boyfriend or kinsmen), woman gets to the place of dangerous felines",7,1.7397122732383516,1.7535813534160418,-0.013869080177690174
b42n_2,60,0.01216275126385876,0.06871342455642522,True,Orion is one person,"Constellation of Orion or the Belt of Orion is identified with only one male person, usually with a warrior or hunter",8,-1.1125189825012267,-1.098025898804437,-0.01449308369678981
L40b_11,12,0.010502249672032874,0.05657155863376983,False,,,2,-0.4660708972965675,-0.4509026208885574,-0.01516827640801005
a46_1,22,0.010003732658314998,0.03854569697115175,True,The Sun and Moon from eyes of a being,The Sun and Moon (Rig-Veda: the Sun only) appear from eyes of a person or creature,5,-1.1519726908764418,-1.1361508847400172,-0.015821806136424588
i100a_2,24,0.012305304989431033,0.05925710926129216,False,The Pleiades are mother with children,The Pleiades are a woman with her children,5,-0.8561265558151999,-0.8401926225803876,-0.015933933234812292
f22_5,43,0.006170815425628595,0.016026092271170706,False,Study of partner’s body,Person asks another person of the opposite sex about destination or place of her or his genitals. Usually it is made after putting questions about function of other body parts; or person tries to use for sex different parts of the partner's body or tests them before reaching the best place where the genitals should be put,7,-1.3820993721355135,-1.3658051843114516,-0.01629418782406189
h30_4,18,0.020411737258411965,0.12194058301343533,False,A wrong choice,"Seeing two women who have come together or in succession, man has to choose one of them. Usually he takes the one who is less pretty and smart or more dangerous inflicting troubles on himself and humanity",4,0.6074143048488068,0.6252562741160423,-0.01784196926723558
k27z3_10,37,0.02284474468750692,0.14382681362622352,False,The cat with the candle,"A man trains a cat (monkey, dog) to hold lighted candle (lamp) on its head. When a mouse (a rat) runs through the room, the cat drops the candle and chases the mouse",7,0.007603767815338517,0.026064556435948297,-0.01846078862060978
i108_2,65,0.006005479785832821,0.02552935597374785,False,The Pleiades are a person,"The Pleiades are only one anthropomorphic being, not several persons",8,-1.588422657250426,-1.567847231575953,-0.020575425674473014
m172_11,15,0.01120208139176702,0.06626921607422184,False,The hare makes the lion his horse,"To demonstrate that a strong animal is his slave or his riding animal, a weak animal tricks the strong one to carry him. People believe that the strong one is really a slave of the weak one",3,-0.23131858369481503,-0.2107290515817283,-0.020589532113086728
b56_7,12,0.011743733507424001,0.07013817323002484,True,Fire tongue of crocodile,"After the crocodile or caiman swallows or loses fire (that he possessed before), he remains without his tongue; or the crocodile's tongue is cut off to make something related to celestial fire (thunderbolt, sun beams, etc.",2,-0.2228055795392984,-0.2017961250317205,-0.02100945450757788
c5a_3,119,0.013027812637222315,0.08818856108716198,True,Bird-scouts,"Birds or humans who are later changed to birds are send to explore the earth (is it dry, are any survivals, to bring some dry soil, to investigate why smoke rises to the sky, etc.)",9,-0.9440411135695459,-0.9225796600618426,-0.021461453507703343
f1_5,42,0.011725395310415474,0.05902932375178833,False,First woman is a transformed man,Woman or female supernatural is created by changing the sex of a man,7,-0.9191480793862604,-0.8974596537260626,-0.021688425660197796
e9c_5,32,0.02024008506921165,0.12647053842837905,False,"Elephant-, buffalo-, elk-wife","Man marries a woman who has a nature of a big non-predatory animal or comes out of its body (elephant, buffalo, doe, elk, etc.)",6,-0.11805206110213932,-0.09620454966704627,-0.02184751143509306
c14_3,59,0.026240731719481828,0.16945811388793947,False,Monsters destroy people,"During or before the world catastrophe (deluge, darkness) wild beasts and monsters attack and destroy people",8,-0.024413211009986897,-0.0019734478695361012,-0.022439763140450795
m4_10,14,0.013135682647312436,0.08472038646795912,False,A wrong step,"Crossing a body of water or descending a tree, person steps on an certain part of a body of an animal or on a certain animal that have made a chain (usually despite warning that he should not do it) and falls down or drowns as a result",3,0.11201335192553423,0.13454621046033383,-0.022532858534799596
L108c_10,21,0.012546721801695429,0.062055732920295786,False,,,5,-0.8250946260854077,-0.8002013470963958,-0.024893278989011947
L34_10,37,0.012774332425988875,0.06740984345682284,False,,,7,-0.8317235029574689,-0.8061879326786626,-0.025535570278806263
m199c1_11,15,0.018667988007921212,0.13742173792435333,False,,,3,1.0943343462118527,1.1207423457609753,-0.02640799954912265
b86_3,61,0.012515740020238211,0.07236905021753352,True,Babylonian tower,"To reach the sky, people build a ladder or tower that consists of separate modules (bricks, logs, sticks, etc.). This construction collapses",8,-1.08523601359111,-1.0582544975311303,-0.026981516059979782
h7c_11,26,0.020509503719627502,0.13383941429621227,False,Not finished prayer,Death promises to take a man after he has finished a prayer. The man begins to pray but does not finish his prayer and the Death cannot take him,5,0.19844837662936513,0.22556035827752527,-0.027111981648160144
L33e_11,15,0.020212826561727838,0.15238669609549393,False,,,3,1.3686372353821232,1.4007803999183892,-0.03214316453626598
k10e_10,9,0.007428874194393082,0.03202484457472091,False,Rescued people,"Getting to a nest of a monstrous bird, a man finds there kidnapped people, helps them to return home",1,-0.7981976871281522,-0.7657622671203654,-0.032435420007786764
i10b_3,8,0.006355861214651518,0.01955592296318663,False,Colored layers of the earth,Particular layers or categories of the earth have different colors,1,-1.093975218269571,-1.0602663709884597,-0.03370884728111134
f26_5,5,0.009832180322964042,0.05902583825801607,False,Origin of menses: sacred objects lost,"The transition of sacred sound instruments (bull-roarers, big trumpets, etc.) from women to men is connected with beginning of menses among the women",0,0.4471265506127863,0.48095893441861154,-0.03383238380582526
L5c_8,92,0.018753550399128016,0.11809886020623023,False,,,9,-0.6327242225163097,-0.5983897223880954,-0.03433450012821426
k85_10,17,0.02378898131637016,0.14748913637772898,False,Horses-brothers,An antagonist possesses a horse which can overtake any other. Hero obtains the brother (sister) of this horse who is the only one to win the race with the antagonist's horse,4,1.081939843512017,1.116962248843272,-0.03502240533125489
e5b_5,70,0.015959902651154795,0.09759279223306049,True,First couple from the underworld,"First man or first human couple come out from the underworld or from a small enclosure on its surface (tussock, reed, tree, rock, gourd)",8,-0.8190321181909068,-0.7838326452100297,-0.03519947298087711
m69_11,16,0.020242878450544698,0.12166625739048836,False,Head caught in animal skull,A small animals or insects dance or feast inside big animal skull or food is there. Trickster inserts his head into the skull and cannot take it out for a long time,4,0.5836885049403199,0.6199766191038604,-0.0362881141635405
h27_8,80,0.01334833416142061,0.09125184362516595,False,Mosquitoes let lose,Stinging insects (rare diseases) had been inside a container or some enclosure. They escaped to the world when the container or enclosure was foolishly opened,9,-0.9266138808567701,-0.8893775389088824,-0.03723634194788772
L28a_10,14,0.00809200937901428,0.037663759587420916,False,,,3,-0.7835456992879319,-0.7460206495426565,-0.037525049745275485
f40b_5,48,0.008110430830720015,0.03282420219495929,False,A man in a village of women,A man gets into the village of women. Usually he has to satisfy every woman against his will or every woman claims him for herself,7,-1.2204404388140617,-1.1828580095477503,-0.03758242926631139
k32c_10,8,0.017165829692806306,0.14588279863648074,False,True wife turns into owl,"When the imposter takes place of the real wife, the latter turns into owl",1,1.8858077373431998,1.9234546334169695,-0.0376468960737697
i50a_10,29,0.019870181445181472,0.1247866643136215,False,Torn off legs,A demon tears off or devours one by one legs of a riding animal of the hero,6,-0.15344097029139708,-0.11528445883418104,-0.03815651145721605
j7_10,31,0.011947069225903707,0.057986571656380576,False,The changed signs,"A woman or a girl is in search of her husband, fiancé or kinsmen. She loses her way because certain person changed signs at the crossroad",6,-0.9114500315960871,-0.8721935941942512,-0.03925643740183582
L17b_8,66,0.006044705237615309,0.027561983314727173,False,,,8,-1.585390870084048,-1.54573325024651,-0.039657619837538016
k19f_10,5,0.0059764897530497655,0.022012834562802067,True,Stars help to work,Star person or persons descend to earth to work at the garden plot,0,-0.812738316365923,-0.7709066445639382,-0.04183167180198477
f90_10,17,0.018632781865308527,0.11019974209010068,False,A tragic incest,"Brother and sister marry each other. When their children get to know about the incest, they kill their parents, or father kills children, or parents suicide, or wife/sister suicides when her husband/brother has died",4,0.35745908938812976,0.3992927313663404,-0.041833641978210656
m162_11,22,0.018752041631236963,0.11914334989592605,False,Eats his own innards,Person pretends to eat his own innards or flesh and persuades the other to do the same. Other believes and kills themselves,5,-0.02745734848633471,0.015559146406269417,-0.04301649489260413
a41_1,20,0.016691104168357767,0.10060565037785213,True,The Sun swallows her children,"Two persons have children (younger siblings, mothers). One of them proposes to another that they should kill (eat, bake, etc.) their children (mothers, etc.) but hides his or her own. The opponent actually kills his or her own kin. One of the persons or/and the only survived child is the Sun",5,-0.2923720655919567,-0.2493375809124338,-0.04303448467952292
m161_11,25,0.021226780719555492,0.14141252631180617,False,A dog in the bag,Person gives another (often a fox) a bag putting inside a dog instead of food; or he makes free a girl who was kept in the bag and replaces her with a dog. The dog attacks the one who opened the bag,5,0.2906477941006904,0.3337772697984435,-0.043129475697753106
a32c1_2,25,0.02034802712659595,0.13355539652185114,False,,,5,0.17769203310481607,0.22150185151107069,-0.043809818406254614
i72_2,245,0.010557729812226444,0.07794114411563834,True,Stars are people,"Stars are people, ghosts, anthropomorphic beings (interpretations of unique star objects like Venus or Polaris as persons not considered)",9,-1.0783431961479433,-1.033648742189385,-0.04469445395855831
b79_3,36,0.011680706000006678,0.06095283686985384,True,Cosmic egg,"From the primeval egg, eggs, or egg-like ball emerge the earth, the sky, sky bodies, different animals (all or part of the items of this list)",7,-0.9228727488401086,-0.8765107914928979,-0.046361957347210714
m115_11,10,0.005658018679365444,0.006590912508908471,False,The eaten up wolf,"Using a trick, person kills dangerous predator. Kinsmen and friends of the killed animal get to know about it and come to avenge its death. The person escapes from them",2,-1.41528453836632,-1.3686336825685799,-0.04665085579774009
m75b1a_10,44,0.029336257973138682,0.19613957744546895,False,,,7,0.5486445899507972,0.595799627121403,-0.04715503717060576
m14a_10,11,0.010747591690591612,0.06097588324546823,False,Roasted alive,"To revenge on his wife and her kinsfolk, a man roasts her alive",2,-0.4179968085307655,-0.37003160750110015,-0.04796520102966534
f9_5,198,0.008918488187788351,0.0700372959529409,False,A dangerous woman,"For different reasons, sexual contact with a woman is deadly dangerous for a man",9,-1.1674712050484544,-1.119316492720643,-0.04815471232781143
m183_11,104,0.009718418199872982,0.07417792310879393,False,A race: one against many,"Many animals of one species that all look identical together fulfill the task that would be impossible for any of them if he were alone; the competitors believe that the task was fulfilled by only one animal. Usually a slow and a fast animals agree to race. The slow one puts others who look like him at the finish or along the distance, each one answering the fast one that he is ahead of him. The fast one accepts his loss",9,-1.1239778187325085,-1.0744373140055612,-0.049540504726947265
k8c1_11,23,0.019058418639398653,0.12242460608473504,False,First swallowed by herbivorous animal and then by wolf,Tiny boy is first swallowed by chance by a big herbivorous animal and then carried away by a wolf who began to eat the animal's offal,5,0.011924622052175756,0.06244705852623309,-0.05052243647405734
i73_2,14,0.005848998173393341,0.01712962717012241,False,Stars are sparks,Stars (rare: suns and moons) are sparks or burning coals,3,-1.1818167371430184,-1.1302742117771485,-0.051542525365869896
m56d_11,5,0.0073693128539074025,0.03576011387757913,False,To fill container with flies,"Person promises to fill container with small flying creatures which are alive. When he expresses his doubts that the creatures are numerous enough to fill the container, they fly in and he closes the lid",0,-0.35762687553111194,-0.30594179273664546,-0.051685082794466486
f80_5,22,0.010056144944628278,0.04165966966288647,False,Primeval people have no genitals,The first men and/or women have no genitals,5,-1.1452355694200032,-1.0916533906363883,-0.05358217878361482
L86_10,25,0.021656303900366665,0.14622534866628686,False,,,5,0.3458590821598315,0.40255068419245854,-0.05669160203262702
k38e_10,37,0.03180546412667752,0.2159632542447387,False,"Of copper, of silver, of gold","Loci or objects of three (rare – four) different materials are mentioned in such a way that all of them have positive connotations though unequal value (copper, silver and gold; silver, gold and diamonds, etc.)",7,0.7544427249233535,0.8116980633329207,-0.0572553384095672
f56a_11,7,0.01407139238420013,0.10071517138541236,False,Shavings into the fire,"To create opportunity to see female genitals, a man throws something combustible into the fire which makes the woman fall on her back and expose her vagina",0,1.8323088526621145,1.8909888142598075,-0.05867996159769295
k10b_10,9,0.007236068071461296,0.030958283844538005,False,Cage carried away,A giant bird carries away to its nest a cage or bag with people inside,1,-0.8513449650328869,-0.7909534201205459,-0.060391544912341
a23d1_2,14,0.019996036745145673,0.1518416191556514,False,,,3,1.330143845322268,1.3905804191463782,-0.06043657382411016
k35a_10,49,0.025187295187873396,0.1660438854478137,False,Hero brands his rivals,"Person who is an excellent food provider or warrior agrees to let the others material proves of his exploits (the killed game, etc.) for the right to brand them or injure their bodies in a certain way or to take from them objects that they should not give off",7,0.2028456771891344,0.2680293095970266,-0.06518363240789218
L82_10,11,0.012631490086346701,0.08208472730179224,False,,,2,-0.04885213761252638,0.01756325908491091,-0.06641539669743729
b73_7,9,0.010105028179816788,0.06471520725190731,False,The cuchoo: different legs,Person turns into the cuckoo so quickly that one of his or her legs remains bare or one of her braids not plaited. Now it is believed that the cuckoo has different legs or wings,1,-0.06051209179310131,0.006353098210183832,-0.06686519000328514
e23_5,9,0.006486666338580009,0.022503066596113036,False,Fleas make person move,"A handful of fleas or lice is thrown into people or into particular person. It was the only way to make him, her or them move and live",1,-1.0579186026025966,-0.9906576332302028,-0.06726096937239379
i126_2,12,0.009825302239255476,0.05218646309448949,False,Ursa major is a stretcher or grave,Ursa major is funeral stretcher or a grave,2,-0.5987168711264883,-0.5314205552661663,-0.06729631586032203
j51a1_10,8,0.012934692270085415,0.09777445262333116,False,,,1,0.7194887790078871,0.7871811229577556,-0.06769234394986845
k56f_11,16,0.01855049019972145,0.11106574882267965,False,To divide a chicken,"A man divides a cooked chicken (goose) according to social ranks of the people (e.g. head of the household gets chicken’s head, his daughters get wings, etc.), takes himself not prestige but meaty parts and is rewarded. Another man brings several chickens but is unable to divide them in a proper way. The first man is called again, divides chickens with ingenuity and is rewarded again",4,0.3458965560710059,0.41595984666212105,-0.07006329059111516
i70_8,6,0.004383181621235603,0.007462109604649738,False,Water reptile on plants on its back,Trees or reeds grow on the back of a monstrous reptile,0,-1.3333591756245473,-1.2630458903909008,-0.07031328523364655
L89_10,15,0.009625255823929382,0.053965787453166034,False,,,3,-0.5113011151442198,-0.44096211812978514,-0.07033899701443469
m39b1_11,5,0.004883702177337224,0.012338932201307665,False,Paddling in both directions,Persons sitting in a canoe paddle in opposite directions and the canoe does not move,0,-1.1698117507472707,-1.0981004459780828,-0.07171130476918797
m153b_11,9,0.007486678980608467,0.03438278549755774,False,Wolf rides a horse,"Wolf is killed or injured when he accepts a suggestion of the horse (donkey, etc.) to ride it",1,-0.7822637168242123,-0.7100699386184688,-0.07219377820574346
i24_3,29,0.007528718713805333,0.023673162706146767,False,A snake bridge,"Snake, lizard or worm is a bridge or a rope over the river",6,-1.3341563661147313,-1.2609974366236925,-0.07315892949103886
m121_11,6,0.004797089655542226,0.01158080624030141,False,Louse as a spy,"Louse or other tiny creature (flee, tuck) is sent to spy on a person",0,-1.1981127959871052,-1.1237420232716195,-0.07437077271548564
a32dd_2,16,0.027680121127228022,0.17794489464608235,True,Firewood-carrier in the moon,Person who carries a bundle of brushwood or firewood is seen in the moon.,4,1.6286711969687488,1.7031120042469123,-0.07444080727816349
f24_5,9,0.007585108958637275,0.03568140687674348,False,Origin of menses: a bite,Women bleed because fish or snake bites them. Usually it is invisible fish inside their body,1,-0.7551313554815966,-0.6793977331578727,-0.07573362232372394
b2d_3,95,0.0075336200494464335,0.06585235068120866,True,Marriage of the sky and the earth,"The male Sky (the Sun, the Thunder, the creator of the sky) marries the female Earth (or its female creator) or the female Sky marries the male Earth",9,-1.2427685486005269,-1.164676023944655,-0.07809252465587191
m106c_11,10,0.012433132464594149,0.08061600805246805,False,My name is “The Guest”,Person lies that his name is “The Guest” or so and eats all the food suggested to the guests,2,-0.08771976400414068,-0.009404965227853852,-0.07831479877628683
L108a_10,40,0.021270314540175948,0.1376463202178209,False,,,7,-0.1236184825022004,-0.04124681447678143,-0.08237166802541897
h35_4,24,0.01844149050908845,0.11914140279708699,False,Fragile teeth,Human teeth are made of material subject to easy damage (etiology of tooth ache in most cases),5,-0.06737586331398673,0.015531323098974398,-0.08290718641296113
k65b_5,38,0.01117804343732803,0.06052070384125737,False,People and spirits,"Spirits or unpleasant animals (reptiles, worms, etc.) are (often: concealed from the eyes of God or deformed) children or miscarriages of the same human couple or the same primeval ancestor who produced first human beings",7,-0.9647675974219219,-0.8812171255425308,-0.08355047187939102
i74_2,20,0.005894725753785033,0.0063768650370955,False,Stars are stones,"Stars are shining stones, spangles",5,-1.6801480583026243,-1.5958313479328023,-0.08431671036982191
f43a_5,20,0.011002388830725766,0.052354590320393427,False,The women kill the men,"The women of the ancestral community kill, try to kill or transform the men",5,-1.0236045466871537,-0.9388270122422075,-0.08477753444494618
m39a6a_10,18,0.015233907983808496,0.08766730741573743,False,Clever daughter-in-law of the prisoner,"A powerful man finds a clever wife for his son or for himself. Being imprisoned by enemies he or his daughter-in-law sends a message that only they two understand. The enemies are destroyed, the prisoner is released (rare: his body is found).",4,-0.12010558517738343,-0.03436519816714744,-0.08574038701023598
i83_3,55,0.03576874279389821,0.24299746481972542,True,The sky of vultures,"Birds, first of all vultures and eagles, live in the sky, usually at one or more layers of the upper world",8,0.7120193954697234,0.7980983610147078,-0.0860789655449844
a1_1,44,0.009863070043395606,0.050718860897566845,True,The old sun,"Another sun, usually less benevolent and/or powerful, existed before the present one",7,-1.074365198910958,-0.9879683899503344,-0.08639680896062352
k123_10,30,0.019810707358803577,0.1286438792567503,False,Old woman’s curse,A youth or (rare) girl offends an elder woman (often breaks her pot). She makes him or her to be overcome by desire to undertake something dangerous (usually to get a particular marriage partner),6,-0.15913089303129885,-0.07157851305829448,-0.08755237997300437
h9a_4,6,0.005345857510337972,0.017342844063777778,False,Who will give birth the first,"One woman is associated with stone, another with a plant. The plant-woman gives birth the first or the stone-woman do not have children at all. That's because people have their present characteristics (are mortal, capable to speak, etc.), or offsprings of the two women are different (skillful and not, etc.)",0,-1.0188003413572704,-0.9288565480098991,-0.08994379334737124
f80a_5,40,0.007828153823138017,0.03565959033163851,False,Genitals apart from the body,"Genitals exist by themselves as separate beings, they can be stuck to the human body, remove, etc.",7,-1.2439670615801488,-1.1519779729652186,-0.09198908861493016
L27_10,31,0.009744230527894786,0.04414343844190472,False,,,6,-1.1221969764166662,-1.029049574107438,-0.09314740230922824
m33_11,18,0.007782397587905566,0.03366939030674286,False,Anus closed,"Person himself or somebody else stitches up or firmly stops his anus (with wax, clay, grass, etc.)",4,-1.1670929878610063,-1.0736059757849448,-0.09348701207606158
k18_10,97,0.012164893664597116,0.09053434815412095,False,Infant picks out his unknown father,"To get know who is the father or (rare) mother of a small boy, many people come together. Everybody is eager to be recognized as the boy's parent but the boy points at his real father or mother",9,-0.9909593034971119,-0.8971542853437244,-0.09380501815338749
m46c_11,26,0.03700156092981899,0.2868647846490832,False,Swallowed conifer-needle,"Person turns into conifer-needle, a tiny particle, a small insect. Swallowing it by chance, the woman becomes pregnant and gives birth to a boy",5,2.3183519394594545,2.4122351268315323,-0.09388318737207779
k92a_10,32,0.016712235746465305,0.10305356985527735,False,The princess responsible for her own fortune,A girl driven away from home or married to a poor man become prosperous,6,-0.45556359439241334,-0.36154126897920225,-0.0940223254132111
f29a_8,10,0.016153083623163846,0.12117711646367496,False,Worm killed with boiling water,"To kill snake or worm paramour of a woman or girl, person pours on it boiling water, resin or spills live coals",2,0.6411943586238676,0.7353671009863796,-0.09417274236251194
j29_10,13,0.005730977602118961,0.018307427205318257,False,Father’s shadow,A murdered parent of the hero comes to him as a ghost and informs about the circumstances of his or her death,3,-1.2027725733385335,-1.108234134800599,-0.09453843853793442
k19g_10,32,0.031193043079028333,0.2253657336292174,True,Two stars of different color and brightness,"Two stars are men, an old and a young ones. They look different as about their color or brightness but these characteristics do not correlate (the bright star can prove to be an old man and vice versa. Usually two girls wish these stars for husbands and express different preferences (one prefers bright blue star, another wants small and red one, etc.)",6,0.9298242266185008,1.0243728883736467,-0.09454866175514587
i40_3,88,0.021479711749638725,0.1373933334891449,True,Rainbow bow,Rainbow is a bow,9,-0.48449876905649003,-0.38926195452006407,-0.09523681453642596
j4_10,122,0.013380154336784984,0.09684366852058372,False,Death of the father,"Heroes avenge their (grand)father's or uncles' death, not the death of their mother or both parents",9,-0.9248837705235458,-0.8287692060696998,-0.09611456445384592
k32e_10,6,0.007830119137606706,0.04152870443711943,False,"Ones of gold, of silver, of wood",Negative person or place is contrasted with one or two positive ones as wood with silver and gold,0,-0.20705627428893725,-0.11083468875237817,-0.09622158553655907
i111_2,8,0.006402715692851267,0.022767298498987763,False,The earth is a reptile,The earth is the body of a crocodile or a dragon,1,-1.0810597157113644,-0.9844167262621538,-0.09664298944921057
m29c_9,12,0.014124814643211825,0.09969849849525533,False,Trickster-skunk,"In episodes related to deception, absurd, obscene or anti-social behavior the protagonist is skunk",2,0.24376067174078958,0.3409825461662206,-0.09722187442543101
k76c_9,11,0.006419717103539305,0.01766621409458358,False,Son the gourd.,"An (adoptive) son is a gourd. He marries a princess, turns into handsome man.",2,-1.2660318425924046,-1.1652720001834416,-0.10075984240896307
m134_11,41,0.017924370551019454,0.11372952580404633,False,A tower of wolves,"Animals stand one on another making a tower. When the lowermost moves, the tower collapses",7,-0.4024890951094802,-0.30172314111445675,-0.10076595399502347
m57b_8,15,0.00539697327981424,0.015481037501784046,False,Sweat of the Sun and tears of the Moon,Beads or metals are discharged by bodies of deities,3,-1.2620786738872203,-1.1611241371525365,-0.1009545367346838
m39a5a_11,59,0.03818611441053768,0.26155337047482646,False,,,8,0.8988612522400169,0.9999774477193626,-0.1011161954793457
L1f_10,11,0.014998789671618383,0.10923999309355238,False,,,2,0.4150136570285583,0.5161808808542886,-0.10116722382573029
m24A_11,11,0.011367076615115667,0.07051340656734491,False,,,2,-0.29661045398132874,-0.1949061923130399,-0.10170426166828883
m149_11,36,0.0218485096852383,0.1440296392129376,False,Tell them that I am a stump,"The bear (wolf, lion, etc.) is going to kill a man. Another person or animal pretends not to know about the situation and tells the man that hunters are in search of the bear, have not he seen him? The bear asks the man not to give him out and answer that it is a stump, a log and the like near him. This opens possibility to treat the dangerous animal as a corresponding object (to cut it with an axe, to tie up, etc.)",7,-0.07542830513143643,0.028273517338542685,-0.10370182246997911
f42a_5,8,0.007744539627151014,0.03872737060940054,False,Men turn into birds,"Young men and boys turn into birds or bats, fly away",1,-0.7111840683457249,-0.6074549583575986,-0.10372910998812634
L92_10,22,0.015815152063804017,0.09706452274646526,False,,,5,-0.4049677208001192,-0.2999389578339685,-0.10502876296615071
h12_8,173,0.021794163324462296,0.13994607938645126,False,Orpheus: visit to the land of the dead,"Alive person visits the land of the dead, usually following a dead person",9,-0.46740156853288695,-0.36159340697227066,-0.10580816156061629
h1b_4,34,0.029461055682172332,0.21176553797749753,False,Death of a neighbor’s child,Person does something that results in originating of death because death of some alive being deer to another person is indifferent or desirable for him or her,6,0.7641239178827444,0.8702696241118533,-0.1061457062291089
h6bb_4,23,0.008288654230904902,0.029453023937773253,False,The lost objects,Animal person is sent to pass to the people certain objects or substance but loses or replaces them. Because of this people miss possibility to become immortal or their life becomes difficult,5,-1.3724303828709188,-1.2660817495041499,-0.10634863336676892
m39a6c_10,24,0.023019220961173044,0.16200231589007522,False,,,5,0.5210496418469459,0.627997589323339,-0.10694794747639313
k12a_10,16,0.010656266106750524,0.055365249791529354,False,A strained  bow,"An unrecognized hero comes to a place where his bride or wife has to marry another man or is tuned into a slave. Despite expectations, he gets to strain a tight bow killing his rivals",4,-0.7632951030920202,-0.6560487237793812,-0.10724637931263903
e31_5,15,0.007749467814490025,0.03825400670016355,False,Pygmalion,"Man makes a wooden doll, makes believe that it is alive. Really it is not or it is half-alive. Usually a real woman takes place of a doll, marries the master",3,-0.844367680056331,-0.7349754029716878,-0.10939227708464316
L15e_10,30,0.01804348874907622,0.11590555700749153,False,,,6,-0.3282017937589578,-0.21591592482054103,-0.11228586893841677
m182_11,51,0.022557561616056918,0.15178198100008922,False,The tarbaby,"To catch a thief, a deceiver, the owner of property puts a sticky figure to which the thief sticks (usually mistaken it for alive being and usually touching it with all his body members in succession)",8,-0.3090903107938464,-0.19428104148399022,-0.11480926930985619
g9_10,36,0.023591315456545716,0.15848822561572268,False,Restored forest,"People break ground or fell trees. In the morning, the ground or forest are intact again",7,0.06982735804615503,0.18574108633691355,-0.11591372829075852
m171_11,103,0.03413306838258081,0.20279110093415192,False,The successive exchange: from a pea to a horse,"Person or animal stays for a night and the next morning declares that his possessions (which value is none or negligible) are lost. He receives in compensation objects (usually a domestic animal) that has a bigger value, and this way several times till he gets a really valuable animal or a human person",9,0.20348307925021367,0.3195674044776501,-0.11608432522743642
m39d_11,49,0.033027637108016664,0.23072153588476554,False,Four plaintiffs and one defendant,In succession and unintentionally a man causes damage to others. All of them together bring him to the court. In each case the judge makes decisions that are formally logical but patently unacceptable and saves the man,7,0.8563057952923331,0.9724295945980151,-0.11612379930568206
g22_6,12,0.013524244133529305,0.09432668290108857,False,Frog or toad and plants,Frog or toad is related to acquisition of cultivated plants,2,0.12608054437325494,0.24234672589154546,-0.11626618151829052
a5_1,302,0.02435092680357902,0.15374273314524498,True,The Sun and the Moon are males,"The Moon is male, the Sun is also male or (much more rare) asexual",9,-0.328386529672261,-0.21205507222127612,-0.11633145745098489
a17_1,45,0.007569423528604617,0.03592405786308918,True,The Sun’s relax at the midday,"After passing half of the its way across the sky (in the day time) or in the underworld (in the night time), the Sun stops to have a rest",7,-1.2655311630625472,-1.149097673460385,-0.11643348960216215
g6_6,133,0.0143624449243924,0.10365298468590718,True,Primeval tree,"One of the trees is the principal, original one (emerged before all the other; ancestor of wild or cultivated plants; ocean or rivers inside it; world axis; higher than all the others; overshadows sky)",9,-0.8714751680759519,-0.7549648026282869,-0.11651036544766502
h36h_4,7,0.006995822528752194,0.034068901570663924,False,The unhappy jump,"Some beings, frog and toad among them, have to overcome an obstacle. This is realized not the way it was planned and as a consequence, people become mortal",0,-0.4796665802966227,-0.36314251308922196,-0.11652406720740072
L25_10,13,0.013302474876814921,0.09139009310760249,False,,,3,0.141629126551916,0.2593558923723383,-0.1177267658204223
m130b_11,6,0.0039065428089836655,0.004297270572483651,False,Traitor killed instead of a victim,A herbivorous animal gets into hunter's trap. A predator animal refuses to free his companion because he hopes to feast on entrails. A bird makes the herbivorous animal free. The hunter tries to kill the bird but hits the predator instead,0,-1.4891031293744532,-1.3700880823733224,-0.11901504700113086
L39_10,61,0.00883199803289871,0.05480732776955424,False,,,8,-1.3699573150408302,-1.2493173620798124,-0.12063995296101782
k27yy_10,24,0.014062781679109385,0.0824558324361843,True,To get a bird from a tree,"Hero is sent to a dangerous tree or rock to bring feathers, nestling, fruits, bark, etc.",5,-0.6302189538371014,-0.5086916269466002,-0.12152732689050116
b46a_2,16,0.01404066481930688,0.0808932837063792,True,Stolen star of the Pleiades,The seventh star of the Pleiades was abducted by stars of Big Dipper and now is seen among them,4,-0.2877642872652773,-0.16473766518480945,-0.12302662208046786
j25a_10,17,0.007657021815379953,0.03429057375232834,False,Son of grave,"Mother dies or is killed. Her (still unborn) baby-son is buried with her. He comes out of the grace, meets people, then returns to the grave but ultimately agrees to remain with the people",4,-1.184709128409937,-1.06165071525646,-0.12305841315347688
i103_2,28,0.011541630221373108,0.06197030175576795,False,The dog star,Sirius is associated with a dog or a wolf,6,-0.9502386326830172,-0.8270541103239645,-0.12318452235905275
m137_11,22,0.014475774670271474,0.0863580488775592,False,The wolf imitates the Lion,"The stronger predator demonstrates the weaker one the right way to behave before attacking the game.. The weaker one does the same (eyes are bloody, hindquarters trembling, etc.) but instead of killing a herbivorous animal is usually killed himself",5,-0.5771324709180791,-0.4529304272571985,-0.12420204366088056
e39_5,14,0.009971057478176996,0.060184592121445314,False,Pig ancestor,A pig is an ancestor of a particular group of people,3,-0.4499002699838959,-0.3245901284072615,-0.1253101415766344
f13_7,8,0.008463321044684436,0.0480504193844251,False,Red penis of primates,Human or monkey's genitals becomes red after being injured during copulation with the girl who had toothed vagina or had not any vagina,1,-0.5130509636002729,-0.38725338757642735,-0.12579757602384556
k60a_10,31,0.012186581810475876,0.06767764841482693,False,How strong are bonds?,Person lets be firmly tied up when another one say that it's only a joke (e.g. a test to see can the first one break bonds),6,-0.888535714042882,-0.762384397258226,-0.12615131678465596
m169_11,44,0.01700379844434112,0.1091306523188278,False,Medicine for the sick lion,In the presence of powerful person one of his subjects is plotting against the other. The other answers that the problem can be resolved if the first one would be maimed (usually a part of his body used as a medicine). The schemer is killed or injured,7,-0.47921497819973485,-0.3518091874038044,-0.12740579079593045
k56a7_10,19,0.024374110079263284,0.15657978339920425,False,Strawberries under the snow,In the winter time a girl (rare: a boy) is sent to bring something that is available only in summer. She brings it,4,1.164154376022606,1.2919203136252413,-0.12776593760263522
f53_5,19,0.004595337666896257,0.012510741212524653,False,Ugly husband,An ugly man marries a girl but conceals his face. Marriage is ruined after his face is seen,4,-1.6148963742361082,-1.4808241078034978,-0.1340722664326104
L3_10,55,0.013893088375541126,0.09227014003358792,False,,,8,-0.9787789333669041,-0.8417404716911722,-0.13703846167573197
m29x_9,22,0.019640782098069475,0.13376548179801936,False,Trickster is a hyena ,"In episodes related to deception, absurd, obscene or anti-social behavior the protagonist is a hyena",5,0.08678213407532231,0.22450389079110922,-0.1377217567157869
e5c_5,125,0.015266660402288995,0.11019491570918029,True,People from the sky,The first people or first anthropomorphic divine beings descend to earth from the sky.,9,-0.8223116256423751,-0.6840585170622959,-0.13825310858007922
L98_8,54,0.027388355400288642,0.18826976285526395,False,,,8,0.064288144594406,0.202687999732082,-0.138399855137676
k77bb_11,14,0.009705538816410631,0.058375476461453475,False,Weapons of a goat,"A predator animal asks a goat (a ram, etc.) about a purpose of certain parts of his body. The goat describes every part as a weapon able to injure his opponent or the goat really possesses weapons",3,-0.4970459965529743,-0.358443963705433,-0.1386020328475413
m127a_11,57,0.038577422996756726,0.2678091151647548,False,The quail makes the fox laugh,"Trickster animal asks a bird to make him laugh. The bird sits on the head of a woman (child, cow, etc.), other person tries to kill the bird, hits the wife (breaks cow's horn, etc.). Or the bird distracts person attention to let the trickster steal the person’s food",8,0.9291060115960332,1.0680368595386427,-0.13893084794260946
e14a_6,5,0.003259386066437768,-0.0013404048065940553,False,Masks represent the killed demons,People prepare ritual costumes and masks coping the features from the real demons whom they have killed,0,-1.7005646117153685,-1.560767331500498,-0.1397972802148706
h14_10,10,0.007106443930703129,0.027203738184918228,False,Woman flies back to the land of the dead,A dead woman returns to earth but flies back as a bird or a fly,2,-1.1314696235282975,-0.9901465708851647,-0.14132305264313283
i8c_3,27,0.006574989276851214,0.021677657181117766,False,The suspended earth,The earth does not fall down or swing because it is suspended to ropes,6,-1.425400253016303,-1.2836084286369231,-0.14179182437937987
m39a6_11,20,0.015406736011487327,0.09596983746153126,False,Misunderstood instructions: to cut a road,A wayfarer asks his companion in an allegorical for to tell a story. The companion takes his words in the direct sense and acts stupidly,5,-0.4574658799678012,-0.31558159726397095,-0.14188428270383024
k18a_10,12,0.007797008423238549,0.034654268091675114,False,Infant takes father’s bow and arrows,"When a small boy has to recognize his father among many men, he comes to him and takes father's bow and arrows",2,-0.9961554245676715,-0.8533419624708366,-0.14281346209683488
k27u1_10,12,0.006569103982858998,0.021618057474544258,False,One day from conception to birth,A demand is brought up that a baby would be born the next day after conception or would talk immediately after the birth,2,-1.2367598974969434,-1.0927093243904114,-0.14405057310653202
k27n3b_10,46,0.010222671543726195,0.05881553669547068,False,,,7,-1.0443938990276718,-0.8997879953151942,-0.1446059037124776
k10a_10,14,0.007147699961547086,0.03444267838094029,False,Battle with a bird: a shelter,"Heroes kill a dangerous bird. During or before confrontation they hide inside a shelter (hut, cage, vessel, bag, hollow log) or cover themselves with a protective object",3,-0.9512181080607973,-0.8062964821263634,-0.14492162593443392
i66_2,21,0.0077887641242433145,0.02768917170701035,False,Ashes on Milky Way,Milky Way is ashes or smoldering coals,5,-1.4366866975701273,-1.2912865319501776,-0.14540016561994973
m35_11,8,0.009009233352917452,0.05525633455063037,False,Cold enduring competition,Two animal persons compete to see who could withstand cold all the night. At dawn one is dead,1,-0.3625694710205982,-0.21705650490377554,-0.14551296611682268
i3_3,164,0.020742687629211155,0.13859694667316932,False,Weapons of Thunder,"The lightning (and thunder) is (produced with) an object (axe, sword, mirror, belt, stones, skin, etc.) in hands of anthropomorphic being",9,-0.5245718683397499,-0.3762163048741392,-0.14835556346561068
j20_10,12,0.014590832151889678,0.10745923628879869,False,Wicked guest: woman breaks taboo,"When husband o brother leaves home to hunt, an evil spirit comes to his wife or sister and kills or injures her being able to do it because she has broken taboo to open the door, to look at the guest or to answer him or her",2,0.3350755113683655,0.48348310762146884,-0.14840759625310335
i41a_3,11,0.00807032204972137,0.03788085096986058,True,Rainbow from an anthill,Rainbow rises from an anthill,2,-0.9426003767302678,-0.7940963232088263,-0.14850405352144147
m90a2_10,8,0.0076312123935906835,0.03930054879223651,False,,,1,-0.7424228790464442,-0.5939170332385009,-0.14850584580794335
b52a_3,13,0.007318972676311455,0.03626410816466885,False,Vulture creates the landscape,"Flying above the earth and flapping its wings, a bird (usually a vulture) makes it dry after the flood or otherwise creates present landscape",3,-0.9208067745398042,-0.7722122136248077,-0.14859456091499645
m67_11,11,0.013933255754193371,0.10049364532224395,False,Trickster gone with a wind,Imprudent trickster produces wind that carries him away,2,0.2062252381911272,0.35558281643685197,-0.14935757824572476
k117_10,57,0.035989245585485156,0.2506869241226197,False,Woman who never laughs (a bride),A man promises a reward to another man who would be able to make laugh or talk his daughter or mother,8,0.7290623485347599,0.8817558795521645,-0.15269353101740457
k33_10,138,0.02830181643255902,0.17703038070235871,False,Drowned woman remains alive,"A young woman is transformed into an animal, pushed into the water, into the underworld or she herself has to plunge into water. She is not dead, answers a call, comes out to nurse her baby, to help her children. In most cases her husband discovers her, brings her back to earth or helps her to acquire her human form",9,-0.1135707753826073,0.04035367100309042,-0.15392444638569772
m12_10,42,0.011806446641704412,0.07179448881466419,False,The unlucky hunter,"Not to return home empty-handed, a hunter or (rare) a fisherman cuts off a piece of flesh from his body (usually from his calf) or (more rare) extracts his blood or entrails. Usually he brings his flesh or blood to other people pretending that is a good game or fish; or a woman cuts off a piece of flesh from her calf to feed her husband",7,-0.9123927856687228,-0.7584350316560375,-0.1539577540126853
h55_8,38,0.016653825170047563,0.10901579241960772,False,Sinners in other world,Person who visits the other world gets to see different people punished or rewarded according to their behavior when they were alive on earth,7,-0.5083838052078116,-0.3530601194521892,-0.1553236857556224
m157_11,89,0.028757169700965448,0.17944696256708983,False,My father is giving birth,Person proves the absurdity of the claims of another person claiming in response something equally absurd. One or the both say that a man or a male animal had given birth (or is menstruating) or that a female gave birth to a young of another species or that a woman gave birth to an animal,9,-0.08881253989470801,0.0665463720854825,-0.15535891198019053
b93a_2,6,0.006124744948879661,0.026827288715840624,False,,,0,-0.7642952400385384,-0.6080706454807866,-0.15622459455775184
b42h1_2,19,0.018953812699578305,0.11851578878064525,False,,,4,0.40256608401008964,0.5593428831516927,-0.15677679914160303
m42a_11,25,0.017203776186288686,0.11319086957128771,False,Eyes of berries,"Person (usually after losing his own eyes), makes new eyes of berries and is able to see again",5,-0.22647275275768913,-0.06949955011043289,-0.15697320264725623
i45b_8,90,0.01612652054766002,0.11631353879667963,True,Not to point at the rainbow,"It to point at the rainbow, pointing finger or entire arm will rot, wither or become crooked",9,-0.775559748708983,-0.6177403559001766,-0.1578193928088064
d4b_3,7,0.003978113906757092,0.006155847488665368,False,Retribution for using fire,Person or people who have stolen fire or asked its owner to share the fire are punished by God,0,-1.4657169395491003,-1.3072267029938294,-0.15849023655527095
j34_10,12,0.012781344707957882,0.08873364238430849,False,Frightened grandmother,"After killing their enemy, heroes have fun frightening their (grand)mother or father with its dummy",2,-0.019488539711024714,0.1396488336181849,-0.1591373733292096
m89_11,38,0.008848799323870695,0.049850158740902685,False,Melted wax,"Person dies or is humiliated after some object that he or she made of wax, resin, excrements and/or took for something worthy are melted down",7,-1.1589004744027764,-0.9974293713341853,-0.16147110306859114
a12c_1,65,0.007930229083826401,0.052491583854400496,True,Eclipses: reptiles and fish,"During an eclipse or at the sunset the Sun or the Moon are attacked by a reptile (a snake, a lizard, a dragon, a crocodile) or a fish",8,-1.4396562325191,-1.274511511873551,-0.16514472064554897
h19_7,27,0.02622530283436993,0.18991148352905154,False,Raven tries to starve people,Raven hides or scares game animals preventing hunters to kill them. People outwit him,6,0.4545574355591788,0.6226422212344098,-0.168084785675231
b41_7,39,0.007854202655513266,0.04291095432539258,False,The talking dog,"Dogs could speak. To prevent them to spread information, the dog is deprived of this ability or the dog rejects it itself",7,-1.2417959989844414,-1.0730038168334117,-0.16879218215102965
c11_3,11,0.00526190422581071,0.009020347447459814,False,Father avenges his son,Person uses his supernatural powers to destroy a large group of people who have offended or insulted his son,2,-1.4929020680233864,-1.3240250574645873,-0.1688770105587991
e6_5,25,0.010180978924011224,0.05091446706826123,True,Because of a woman worlds become isolated,"When a woman of the child-bearing age tries to come from one world to another (e.g. from sky to earth), the communication between the worlds is blocked or broken forever",5,-1.1291892997349435,-0.9594058298054896,-0.16978346992945392
i37g_7,8,0.007887616343980152,0.04335424625150899,False,Fungi shout,Tree fungi shout like persons,1,-0.6717447709033634,-0.4981725434751625,-0.1735722274282009
m3a_11,27,0.013588200018943435,0.08372605557377155,False,Counting water animals,"Animal who does not swim well suggests animals who live in water to count their number. For this, they should make a chain and he would run along it. It is but a trick to cross a body of water",6,-0.7544420305124343,-0.580540547895445,-0.17390148261698934
i59b1_2,15,0.019437442043810656,0.15271000909052393,False,,,3,1.2309592800006421,1.406830529893801,-0.17587124989315894
f65c_11,25,0.020886350361453362,0.14778478117931648,False,The feigned burial: boy exposes deceit ,"A man feigns death to marry his daughter or to eat burial food. One of the younger children recognizes the (adoptive) father or gets to see that the false dead is alive (escapes from the burial pyre, laughs, etc.)",5,0.24688857596080557,0.4248343860494863,-0.17794581008868074
m160_11,25,0.020782016518253097,0.14685195576071364,False,Feelings wounded by deed and by word,"A strong predator animal and a man become friends. The animal hears how the man or his wife complains about him (e.g. criticizes the bad smell of his mouth) and asks the man to strike him with an axe, knife and the like. Later he comes to demonstrate his healed wound and explains that the physical wound can be healed unlike the psychological one ",5,0.23347741184070311,0.411504663000158,-0.17802725115945486
k27f1_10,25,0.015696827117554817,0.10146249074899139,False,,,5,-0.4201773136318946,-0.23709365550367223,-0.18308365812822236
L85b1_10,16,0.0184328042052523,0.11609275625813169,False,,,4,0.3293608811359961,0.5127093399021001,-0.183348458766104
m79_11,7,0.010062473355832222,0.0656949429839299,False,Dancing with reeds,Person joins dancers but then understands that these are trees or reeds moved by the wind,0,0.5223758726109059,0.7065235148495947,-0.18414764223868885
f47a_5,8,0.009495995215945054,0.06261759514785657,False,Men use pieces of woman’s flesh,Every man uses for copulation certain part of an only woman or takes a part of her body after it was cut into pieces,1,-0.22839288153071388,-0.04319051046844324,-0.18520237106227064
j50b_10,5,0.007873298184322804,0.044577726443756155,False,Father more dead than alive,An attempt to revive the killed father (and uncle) is only partly successful and the revived person is unable to live among the living. The hero decides to abandon him in the other world or to let him die forever,0,-0.1929473194958002,-0.00770969703055327,-0.18523762246524694
m8b_3,7,0.004973834352993822,0.016568871827988635,True,Birds break an obstacle to get water,Birds or (rare) animals work hard to break a rock or a cane and get water or honey concealed inside,0,-1.1403606422013313,-0.9550340830473455,-0.18532655915398577
b16c_3,41,0.03524604447075161,0.25410731627592725,False,Salt-grinding mill,Magic mill is ordered to grind salt but not ordered to stop. It sinks into ocean and continues to work making the water salty,7,1.0412008868609026,1.2271226804045685,-0.1859217935436659
m127b_11,22,0.02108553978532353,0.15035245533151556,False,A jug as trap,"Animal person attaches a vessel or its part to his body, puts it into the water, the vessel is heavy and drags him into the water",5,0.2724925599852787,0.4615254802748086,-0.1890329202895299
i37f_7,25,0.008520533931080897,0.037444147136007,False,Fungi are ears,Fungi or mushrooms are named “ears”,5,-1.3426243619308933,-1.1518916160008623,-0.19073274593003098
m109a_11,7,0.010338023387568687,0.06855360442745412,True,To sit on the ice waiting for food,An animal suggests another to sit on the ice till some food will fall from the sky. Waiting this way for food to fall down the anima is frozen to the ice,0,0.6124131299542408,0.803210071082135,-0.19079694112789425
k84_10,65,0.047788350688385516,0.33809842352147496,False,Sisters married to animals,Several sisters marry different animals or demons. Usually their husbands help their brother,8,1.6410308230874833,1.832749810763187,-0.19171898767570372
h22_7,10,0.010784575589411894,0.069274562752083,False,Sense of smell,Big game animals obtain sense of smell and/or become to escape from hunters after a person makes them olfactory organs or lets them feel strong odor,2,-0.4107499160284689,-0.217653506283247,-0.19309640974522188
k65a_3,29,0.02201163058489892,0.15660422279754235,True,Spirits fall from the sky,"Being thrown down (usually from the sky), some beings get to different places and turn into spirits or animals with particular functions and names",6,0.05143279740300068,0.24523900338473675,-0.1938062059817361
d4a_3,281,0.025655419148679973,0.16760241819882188,False,Theft of fire,Fire is stolen from its original owner or brought back to the people from somebody who had stolen it before,9,-0.25745933772478913,-0.061833557691774114,-0.195625780033015
m124_11,63,0.026905221513275332,0.1901774348108423,False,A bull’s tail,"Person buries a tail or head of a bull or other domestic animal with a tail or horns outside. He explains that the animal sank into the ground and usually asks the others to pull the tail (horns). When they are “torn off”, he tells that people are guilty of the animal being lost",8,0.026946086014391246,0.22344252819770655,-0.1964964421833153
m176_11,21,0.009292772990956412,0.04484270861435299,False,A test: to jump across a brook,"(Animal) persons agree to jump across a brook or streamlet, to cross it walking along a log, a rope and the like. One or all of them fall down",5,-1.2433600728539058,-1.0461689657567341,-0.1971911070971717
m38_11,155,0.029047368475392885,0.18477913269689256,False,Stupid imitation (The bungling host),"Person sees others act using magic or according to their animal nature. Back at home, he imitates their actions and gets in trouble. Actions are not heroic deeds, competitions or tests and mostly refer to providing and cooking food",9,-0.07303400025510358,0.12434037458492693,-0.1973743748400305
g31_10,5,0.003259386066437768,0.0003720611686369999,False,Trees tied up with a rope,"To clear a garden plot, persons put a rope around many trees, pull it, all the trees fall",0,-1.7005646117153685,-1.5028477628207004,-0.19771684889466812
j44_10,96,0.019942941844634035,0.13917474216605766,False,The broken bridge,"Person or his helper draws his enemies on the unstable bridge and destroys it. The enemies fall into water, into a precipice",9,-0.5680552379316911,-0.3699537300974054,-0.1981015078342857
m128_11,11,0.009756058535687952,0.05865251725884775,False,Variegated animals,Hero comes to an agreement with antagonist that he can take animals of particular color. He gets to change color of the animals and takes all or most of them,2,-0.6122849829865489,-0.41269262329200757,-0.1995923596945413
e9e_5,14,0.010739569798084552,0.07147834486965614,False,Puppy as a reward,"Youth gets to supernatural beings, rejects any treasure, asks for a puppy, a dog's skin, a fruit, etc. When he returns home, the puppy (skin, etc.) turn into magic wife",3,-0.3134425481111821,-0.11325104495809944,-0.20019150315308265
k21_10,17,0.016589079935879415,0.10359755113797502,True,Woman descends from the sky by rope,"A sky-dweller marries a woman. Being eager to return to the earth, she secretly climbs down to earth by a rope",4,0.07030520228773947,0.2722273476179483,-0.20192214533020886
h6a_4,38,0.006840211943014868,0.038219190139025506,False,People and plants,"Mortal humans are contrasted with (almost) immortal trees that shed their bark, become green again after winter sleep or propagate by sprouts",7,-1.326307937047041,-1.1241015299956425,-0.20220640705139847
k39_10,75,0.04380797666985742,0.3108338366093071,False,Man feeds his own flesh to his animal helper,"Person has to feed powerful creature (usually a giant bird) giving it regularly pieces of meat. When meat supply is exhausted, he cuts off a piece of his own flesh",8,1.3333824387253446,1.5361245741666083,-0.20274213544126374
f83a_11,28,0.01660715139404542,0.11177807403630352,False,Indecent proposal made through children,Animal person comes to children of a big predator and tells them that he will copulate with their mother (or that he will beat her),6,-0.46561707957993864,-0.2626842666395502,-0.20293281294038845
m185_11,50,0.011759812613403935,0.08321149927450039,False,On the tail of the fast one,(animals),8,-1.1436626449390919,-0.9402940080812124,-0.20336863685787943
f41_5,15,0.005957567122968112,0.02633524832282037,False,The men kill the women,The men of primeval community kill the women because of their unsocial behavior,3,-1.1625391391900424,-0.9580101663030152,-0.2045289728870272
k92_10,60,0.0347837444180923,0.24698816129406767,False,King Lear,"A man puts his children questions that seem easy to answer (how they love him, who is the elder in the family, etc.). The elder children flatter, the youngest daughter (rare: son) is reserved and her father drives her away or deprives of inheritance. Later her noble nature becomes evident to him",8,0.6358875652684809,0.8415151672073081,-0.20562760193882723
k32_10,240,0.030330575903000097,0.19197904100646282,False,The false wife,"An ugly, old, lazy, etc. woman or a male trickster comes to man under disguise of his wife, bride or (more rare) sister who is driven out, confined to the underworld, killed, etc.",9,-0.003264100977331371,0.2023783044914263,-0.20564240546875767
L85_8,165,0.014742794754015475,0.11392356203647727,False,,,9,-0.8507949812782469,-0.6436446911877417,-0.20715029009050523
m114_11,55,0.02357162880189673,0.16749225958303604,False,Rope of sand,"Person is suggested to twist a rope or make other object of sand, ash, smoke, etc.",8,-0.23071171373083857,-0.02336097155309282,-0.20735074217774574
L21_10,15,0.006642899463725093,0.03301813288044131,False,,,3,-1.0408509274036115,-0.8329538870757305,-0.20789704032788103
c7_3,28,0.013255782674805157,0.08399463215726943,False,The flood: breaking the dam,"In the beginning of times or after the flood a dam of earth, person or creature does not let water to recede. The dam is broken or opened, waters withdraw",6,-0.7862446040489509,-0.5774973175419118,-0.2087472865070391
i131_8,15,0.01170831066063989,0.0811343797910714,False,The thread of life,"Life of every man is related to certain thread. When the thread is cut, the man dies",3,-0.1414320705104973,0.06744155700879709,-0.2088736275192944
m24_11,23,0.03181004342972909,0.24828595496074105,False,Turtle’s war party,Turtle goes to war and/or is captured by enemies,5,1.651029706419035,1.8609582157852764,-0.20992850936624152
i5_3,41,0.007794615724811402,0.04639258156927292,False,Thunder is an animal,"Thunder looks like a quadruped mammal (pig, buffalo, camel, anteater, tapir, dog, cat, leopard, monkey, etc.)",7,-1.2467623235619203,-1.0350856301601468,-0.21167669340177353
m29i_9,13,0.006775281953529614,0.03447786568715722,False,Trickster-hawk,"In episodes related to deception, absurd, obscene or anti-social behavior the protagonist is hawk",3,-1.0173449763516678,-0.8056380249057457,-0.2117069514459221
b47a_7,5,0.009585476257340207,0.06190844563207616,False,Split hood of cow,Cow steps on the stars of the Pleiades which were dangerous being and lived on earth. Some of these stars slipped through its split hoof,0,0.36651484716190746,0.5784553975271628,-0.21194055036525533
m111_11,11,0.012147029376663135,0.08491085208510316,False,Monkey on the banana tree,"An animal person who can climb trees (usually a monkey) suggests another (a turtle, a crab) to harvest bananas. He climbs the banana, throws down but peels, rotten fruits and the like. His companion revenges on him",2,-0.1437808713764707,0.06945579547487228,-0.21323666685134296
i35b_3,7,0.009300274943073243,0.05926283984918844,False,,,0,0.27332398826238485,0.48897487758809677,-0.21565088932571191
m18_11,57,0.02164544843609377,0.15472276958464432,False,Stolen arrows and hooks,"Person transforms himself into an object of hunting or fishing and provokes hunters of fishermen to catch or shoot him. Arrows, darts, a harpoon stick in his body, he carries them away or he bites off and carries away a fishing hook. Or he fishes by way of turning himself into a hook. Another or (rare) the same person tries to repeat the trick but suffers a reverse (usually is fished out)",8,-0.37958874759020605,-0.1622867144661519,-0.21730203312405416
k106_10,47,0.016074707617982444,0.11027684897627604,False,Thrown to cows,"To get rid of a baby child or of the magic cock, they throw him into enclosure for animals, but cows or other animals do not trample the child or cock down",7,-0.5566508613926767,-0.3393260305989548,-0.21732483079372195
m196_11,52,0.029444989783569003,0.21020890885180057,False,The silence wager,A man and his wife make a wager: Whoever speaks first must do certain trivial work or get a bigger portion of some simple food. They or one of them continue to keep silence even being exposed to violence or taken by others as the dead,8,0.2232481423972758,0.4413750699933682,-0.21812692759609237
e9f_5,19,0.016556570752067776,0.10431252520940235,False,Parrot-wife,Man maries parrot- or parakeet-woman,4,0.06573744298607798,0.2859876970860009,-0.22025025409992294
L66_10,25,0.02597479005813932,0.19656901631953455,False,,,5,0.9009610973430776,1.1219426880149144,-0.22098159067183676
L41_10,119,0.010650178758612447,0.09479690442425272,False,,,9,-1.0733166092229323,-0.8509535487331069,-0.22236306048982535
k19c_10,7,0.010859894112219638,0.07452928481135107,True,Star-wife hidden in a bag,"During the day time a man hides his star-wife in a bag, gourd-vessel, and the like",0,0.7829368219285868,1.0053214329484277,-0.22238461101984086
a2b1_1,19,0.026366045562605845,0.17619123422606117,True,The last sun,"Two or more suns shine in the sky. When the extra suns had been annihilated, there was a risk of the last one being destroyed too",4,1.444034728758189,1.6693611576188527,-0.22532642886066379
L116_10,19,0.00942371007181706,0.05257678552349496,False,,,4,-0.9364775282801476,-0.7097153451866873,-0.2267621830934603
m34_11,8,0.0063746125183406005,0.02799028863176286,False,Thrown object turns into tail,An object thrown into person becomes his tail and the person himself an animal,1,-1.0888063951373703,-0.8610546524207451,-0.22775174271662524
k27z1_10,18,0.014118853050045918,0.08699673450726825,False,"Not to take a cage, a bridle","Trying to steal a wonderful bird (horse), hero breaks his helper’s instruction (usually not to take anything else besides the animal or object itself) and is caught but released on condition that he brings another wonderful object. Situation is repeated and the last task is to bring a girl. Ultimately the hero gets both the girl and all the objects",4,-0.2767783141843161,-0.04727100543079205,-0.22950730875352404
i25a_10,36,0.02051861447211103,0.14558484101480068,False,Bones to cows,Person sees that food put for certain animals is inedible for them and corrects situation (usually gives to herbivorous animals food that was given before to predators and vice versa),7,-0.18626957862262428,0.0452111238388637,-0.23148070246148797
e5d_5,17,0.004429321283447746,0.016382042228919917,False,Predator devours emerging people,People live underground or in a small enclosure. When they come out they are attacked by monster or dangerous animal. Monster is killed or transformed,4,-1.6382227943676906,-1.4063172732055937,-0.23190552116209684
h1c_4,27,0.006542497223305263,0.029379774116978865,False,Stamped down grave,People do not come back to life (or do not come anymore to their relatives after death) when somebody buries the dead in a grave or stamps down the earth on the grave,6,-1.428508787936243,-1.1963360546257344,-0.23217273331050858
k61b_10,11,0.006203790452237859,0.02260203242779029,False,To get know names,Person is eager to get know names of several strangers. He hides himself and creates situations when the strangers call each other by name,2,-1.3083420716454963,-1.0746418433047709,-0.23370022834072546
m91c1_11,87,0.022656291781790662,0.15609629021936558,False,Herd from the river bottom,Person gets other person’s possessions by trick (or pretends to get it; usually another person is drowned instead of him) and then demonstrates his possessions (usually a herd) and explains that he had received everything at the river bottom. His enemies believe him,9,-0.42052636009954447,-0.18654548042035887,-0.2339808796791856
d5_3,71,0.011496873239862409,0.08428449335342558,False,A woman and the,Female person is the owner or inventor (but not personification) of fire,8,-1.163985577678251,-0.9286203625734615,-0.23536521510478958
f5_5,13,0.005881935837739853,0.02728200260468925,False,Brides for first men,Person cannot or do not want to give his daughters in marriage to all the men who claim them for wives and transforms animals into girls. (Usually in the beginning of times or after the flood many men come to marry the only daughter of God or patriarch),3,-1.1759682965596927,-0.9402936298564886,-0.23567466670320414
d13c_11,6,0.004534152559990193,0.013850326976101657,False,Trickster makes his brother’s wife laugh,"Two companions or brothers live together. The elder conceals his wife from the younger. In his absence, the younger tries to make the woman laugh and this way to get know her hiding place",0,-1.2840287176371132,-1.0469815713685264,-0.2370471462685868
m39c_11,51,0.034574186899688,0.24844352539152223,False,Pumpkin sold as a donkey’s egg,"A numskull finds or buys an unknown fruit (pumpkin, melon, etc.). He mistakes it for an egg of a donkey (mare. camel, etc.). When he drops it or throws it off he scares a hidden hare (rabbit, fox, mouse, etc.). The fool thinks the fugitive is a young animal hatched from the egg",8,0.6196905868770222,0.8573488096216358,-0.23765822274461368
L85c_8,12,0.010753483539228604,0.0713878894398083,False,,,2,-0.4168423171149317,-0.17884917510358006,-0.23799314201135163
j37_10,35,0.019225975352933997,0.1371888781530685,False,Antagonist carried away by bird,A man turns into powerful bird or creates it. The bird carries away his enemy,6,-0.21507256678490017,0.02524452219484396,-0.24031708897974413
b2e_3,36,0.004523342063330392,0.024426301949355748,False,The male earth,The earth or the world as a whole is a male person,7,-1.5194094727490317,-1.2743190209859976,-0.24509045176303412
b25_7,6,0.0060777865041089915,0.029026258394915284,False,Pigs fall from a tree,Persons climb a tree or liana and fall turning into wild pigs and other game animals,0,-0.779639130763629,-0.5336963938494383,-0.24594273691419066
k103_10,93,0.04275454455050364,0.2580947570519735,False,Helpful cow,"Cow (ox, bull) helps an orphan child or a young woman who got into trouble ",9,0.6722455808695652,0.9189893212761014,-0.24674374040653624
m10_10,18,0.01152964072663752,0.06900197765460686,False,A girl and a honey,"A girl or a woman who was stuck in a tree-hollow when she tried to extract honey or who was greedily sucking honey otherwise, dies or turns into the honey or into the bee",4,-0.6405800861005585,-0.39359705106057713,-0.24698303503998137
k16_10,58,0.0069391398641130845,0.05325600867824332,False,Girl’s pet turns into a young man,"Disguised as a bird, small animal or insect, the hero lets himself be caught by a girl to have sex with her or to steal valuables possessed by her family or he lets himself be caught by the girl's father to receive opportunity to get to his daughter",8,-1.516258832120101,-1.2661949474244678,-0.2500638846956331
m46d_11,25,0.027265846248492365,0.21022751275068868,False,Child cries for a toy,"A small child cries and becomes satisfied only when he gets a particular object to play with. This object is of high value and is hidden in the house. As soon as the object is given to the child, the fate of his mother or of whole humanity changes",5,1.0669145974347427,1.3171174453346854,-0.25020284789994274
c31_9,17,0.01724503542651365,0.11092256575500467,False,The smart hedgehog,"A hedgehog proves to be smarter than other animals (life on earth is saved thanks to him, he deceives a dangerous person, etc.)",4,0.16247136712229565,0.4132041536547057,-0.25073278653241005
m29d_9,9,0.011907202797560091,0.09353547351546401,False,Trickster-mink,"In episodes related to deception, absurd, obscene or anti-social behavior the protagonist is mink",1,0.43625986640839975,0.6870604563619236,-0.25080058995352383
m83b_11,45,0.04085824469411565,0.3032727326961468,False,Whose dream is better?,"Two (or more) (animal)-persons agree that whichever of them has the most wonderful dream may eat all the food. The first one tells about a feast that he participated in his dream. His companion answers that he was sure that after such a feast (after getting into the paradise, etc.) the first one would not need the food, so he has eaten it alone",7,1.5089545968561484,1.7625801855029415,-0.2536255886467931
k100b_10,26,0.018476247011021126,0.13152628640433503,False,A grateful dead,"A young man helps to bury a man and / or pays the debts of the dead man lets free a fish or an animal that was caught or he or his father renders a help to somebody. When the young man sets off for a journey, the grateful creature or person in guise of a stranger becomes his companion and protector",5,-0.06290823193607352,0.19250663400982523,-0.25541486594589874
m186_9,26,0.02030592153214283,0.14801675259391053,False,Hedgehog is a participant of the race ,Hedgehog is a participant of the race and wins,5,0.17227974289998418,0.42814916998465274,-0.25586942708466853
k41_10,70,0.029145197765177596,0.21169072229000782,False,Thunder against a serpent ,"Thunder or giant bird fights against a reptile, big water animal or other big and strong creature who lives in water or under the earth",8,0.20007681988500428,0.4574964681688179,-0.2574196482838136
k2a_10,102,0.0470151024219355,0.28067398369521857,False,Hero marooned in the underworld,"A man descends down into the well, precipice, etc. Saving a girl or girls, getting treasure etc. he sends them up. After receiving girls and treasure, companions cut the rope and the hero remains below",9,0.9038984587766207,1.163719674826075,-0.2598212160494543
i88_8,21,0.00957037823457648,0.0519435755131,False,Animal with many tails,There is a zoomorphic being with many tails,5,-1.2076764502766795,-0.9447002586623151,-0.26297619161436436
m38a_11,25,0.009720188512322116,0.05329934264814332,False,Imitating wife’s kinfolk,Person imitates actions of his son- or brothers-in-law or (among Comox and Halcomelem) of his wives,5,-1.1884197051966732,-0.925326858164099,-0.2630928470325742
b94_7,9,0.006627346040608396,0.0324593703318036,False,Talking trees,Trees and (domestic) animals could talk and asked people not to cut or kill them,1,-1.0191400456482451,-0.7554991808099291,-0.26364086483831606
L100c_10,13,0.010695581399369915,0.07446764454619084,False,,,3,-0.3212531667856493,-0.05731252143288725,-0.26394064535276207
L69_10,11,0.014201270500786635,0.10960063103133903,False,,,2,0.25874198519581404,0.5228028168072616,-0.26406083161144756
m57c_11,76,0.0239012783840468,0.16514667028789576,False,Ass defecates gold,"A domestic animal (ass, cow, horse) defecates gold or food",9,-0.35283458402904694,-0.08845076934239349,-0.26438381468665345
k99_10,64,0.038775261181126064,0.2807519163913468,True,The sold dream,"A young man or (rare) a girl has a (day-)dream that predicts his or (rare) her future triumph. The dreamer either conceals or reports its contest to his family and in both cases is punished for too high opinion of himself. In the beginning the dreamer sometimes sells his dream to another young man, who becomes the protagonist of the tale. Adventures that follow explain the contest of the dream. The youth becomes rich and happy (e.g. marries heiresses of two kingdoms, that in the dream were symbolized by two suns or a sun and a moon), the girl marries king's son",8,0.9443971871245261,1.2088481429968547,-0.2644509558723286
k66_10,142,0.05074762990025957,0.2998619736181769,False,Extraordinary companions,"Several companions have extraordinary abilities (one who runs fast, one who eats great quantities, one who produces or can withstand severe frost, etc.)",9,1.1068415376674494,1.371693297304583,-0.2648517596371336
e32_5,83,0.0060037899033205284,0.07546714502835257,False,People born from trees,"First people are born by trees or come out of a tree, flower, reed",9,-1.3259476924481697,-1.0604637735843991,-0.26548391886377054
L108b_11,49,0.017544281369173954,0.12603283160287465,False,,,7,-0.434167958632051,-0.16772859968322315,-0.26643935894882786
k33e_10,30,0.02930061828959501,0.22459099295369106,False,Disappeared and returned children,Babies disappear but are ultimately returned to their mother or father grown up and in good health,6,0.7487747730038155,1.0155943332622062,-0.2668195602583907
i5a_3,6,0.007456303152608712,0.04296806484239972,False,Thunderous tapir,"Tapir is associated with the upper world, usually with the thunder",0,-0.3292023899261376,-0.062152183491294456,-0.2670502064348431
j56_10,20,0.013989296051385977,0.09198789268348843,False,Father tests his sons,Twin heroes (or one boy) come to their divine father. He puts them under trials to get know if they are really his children and possess supernatural power,5,-0.6396648611634105,-0.37248208478341366,-0.2671827763799968
f14_5,12,0.012851868207081445,0.09541888937937239,True,Son of a rock,Male person copulates with a rock and it gives birth to a hero,2,-0.005669655457696424,0.26240152487083707,-0.2680711803285335
L100a_11,13,0.011085177687443045,0.0784160193518793,False,,,3,-0.25207610801459424,0.01657309755944946,-0.2686492055740437
i120_8,25,0.011525834297023179,0.06993191894430122,False,Cornucopia,Food and clothes are extracted from the horn of a cow or goat,5,-0.9563204053087563,-0.687653622419007,-0.2686667828897493
m29g_9,163,0.03034761334872732,0.19796563903816777,False,Trickster-hare or rabbit,"In episodes related to deception, absurd, obscene or anti-social behavior the protagonist is hare or rabbit",9,-0.002337749674521773,0.2672654804788748,-0.26960323015339654
a37_1,59,0.013550312772064572,0.10202110413010816,True,The Sun is attacked,Person attacks the Sun (or several suns if they were many) with weapon,8,-1.005272514150379,-0.7356547994052584,-0.26961771474512075
k34_10,48,0.014438928996844763,0.10258215043952279,False,Fatal swing,"Person kills others inviting them to sit on a swing and launching them into water, on rocks, etc.",7,-0.6929862536302366,-0.4231285157799722,-0.2698577378502644
j52a_10,34,0.05363933921400388,0.43044062713942804,False,Bear as antagonist,A bear-person (usually Bear-woman) kills her or his female companion who is associated with a weaker animal – not a predator or a weaker predator. The victim's children revenge on the antagonist killing her own children and / or run away and escape,6,3.077275302931903,3.3480681731592483,-0.27079287022734544
c2_3,129,0.010158169193581144,0.09686534892971686,False,Deluge and conflagration combined,"World is destroyed once with fire or draught, another time with a flood or it is destroyed with a flood of fire or boiling water",9,-1.1000679021607738,-0.8285342177649144,-0.27153368439585934
L90_8,43,0.02091935839382116,0.15233583437686748,False,,,7,-0.15286922783727797,0.11873577441217467,-0.2716050022494526
c6e_3,9,0.009323251662535016,0.06427320495949912,False,The diver is a crustacean,A crustacean brings the earth from the bottom of the ocean or from the lower world,1,-0.2760098840394093,-0.004086576774451865,-0.27192330726495745
g15_6,24,0.009118421085456272,0.048512495764430195,False,Plant maidens,In the other world or in the time of the ancestors food products or materials used by people looked as persons,5,-1.2657714203859505,-0.9937290928877252,-0.2720423274982253
f70e_10,35,0.03009437905804045,0.2317638035815325,False,A girl turns into a man,"A girl poses as a man, her sex is magically transformed and the man is happily married ",6,0.8247143581488887,1.0968691590065156,-0.2721548008576269
m95_11,22,0.02138218402918257,0.1588739369396723,False,Brings presents to person’s kin,A weaker person asks the stronger one to bring present to his or her kin and hides himself or herself in a bag. The stronger one brings the bag to the weaker one's relatives thinking that there are but some objects inside,5,0.3106234724260391,0.583294235222336,-0.27267076279629693
a12d_1,25,0.005218163357804126,0.013815453899297617,True,Eclipses: birds,A bird or birds attack or shade the Sun or the Moon during an eclipse or at the sunrise and sunset,5,-1.7671139847141863,-1.4895367214854627,-0.27757726322872367
L107_8,34,0.006650238442910373,0.034493535227394366,False,,,6,-1.4182011186168584,-1.1383922352902835,-0.27980888332657483
L53_10,118,0.012723609956357976,0.11061373769486674,False,,,9,-0.9605810664620488,-0.679519014702404,-0.2810620517596448
L18_8,69,0.007024500120325931,0.05682052116718886,False,,,8,-1.5096612247620036,-1.2274148124533761,-0.28224641230862746
L112_10,20,0.0141507562244457,0.09450383955772386,False,,,5,-0.6189106282765058,-0.336530153830876,-0.2823804744456298
h29_5,26,0.02177835849343826,0.16314374184733643,False,Origin of foreigners,"A woman is impregnated by an animal, usually by a snake. People of hostile nation originate or receive their culture from her progeny or from her paramour's relatives",5,0.3615480870798701,0.6443081353142436,-0.2827600482343735
m39e_11,18,0.006381078427600654,0.03327784099843806,False,What sort of a tree?,"Asking about minor details of the case, a judge demonstrates that the plaintiff (or the defendant) lies because he does (not) know about them ",4,-1.3639877689224573,-1.0811417110396406,-0.2828460578828167
d4p_7,9,0.012379553403802123,0.10041180499632553,False,Parrot or parakeet obtains fire ,Parrot or parakeet steals fire for people. (Australian data not computed because historically definitely unrelated to the Tropical American data),1,0.5664639727753797,0.8494728849393697,-0.28300891216398993
m90a1_10,55,0.03436978721398556,0.25127418069310264,False,The louse skin,"It should be guessed the nature of a big animal or its skin, the content of a box. The correct answer is that the animal is a louse (o flea), a louse is in the box",8,0.6038922642124254,0.8881449409277707,-0.2842526767153454
L54_10,14,0.004022971736496488,0.012243216527836793,False,,,3,-1.5060475935699735,-1.2217132196534697,-0.28433437391650385
f17_5,31,0.007560671163120567,0.0428255207765998,False,Misplaced genitalia,Women or men originally had or had to have their genitals not on the place where they are now,6,-1.3310994554663,-1.0439828456171083,-0.28711660984919174
b60_10,29,0.006859801390973146,0.03691880073089031,False,Offended children abandon parents,"Children conflict with their parents who do not pay them enough attention, condemn their sexual behavior, do not give them enough food, clothes, etc.; the children abandon their parents and become birds, bats, atmospheric phenomena, or stars (usually the Pleiades)",6,-1.3981521013684588,-1.1109116504250958,-0.28724045094336303
k113_10,31,0.016562838447680042,0.11885127631559576,False,Frog-princess,"Several young men (usually three brothers) find wives (usually shooting arrows or throwing objects on the off-chance). The wife of the youngest initially is ugly or non-human (a frog, a snake) but proves to be beautiful enchantress. She and her husband triumph",6,-0.46985652664927796,-0.18253809904489138,-0.2873184276043866
m1b_10,5,0.00483396721063735,0.01825865227612575,False,Caiman ferries a monkey,"Caiman ferries a monkey across a river. Reaching the opposite bank, the monkey escapes before the caiman gets to catch it",0,-1.1860628829554554,-0.89788179147761,-0.2881810914778453
k56a5_10,15,0.013495067716528163,0.10235951849209395,False,Old woman becomes a young beauty,An old or ugly woman is transformed into a young beauty. Usually another old woman tries to imitate her but dies or suffers a reverse,3,0.175826080166696,0.4646258640466926,-0.2887997838799966
m29o_9,30,0.010721480004121015,0.06971044565001404,False,Trickster is a monkey,"In episodes related to deception, absurd, obscene or anti-social behavior the protagonist is a monkey",6,-1.02870291276673,-0.739350854392608,-0.28935205837412203
e15_6,20,0.01140401623765164,0.07031410855647761,False,Ducks and canoes,People learn from aquatic birds how to make canoes or how to paddle; or the first canoe is a transformed bird or is made of bird bones,5,-0.9719790059786103,-0.6821922771543465,-0.2897867288242638
k107b_10,10,0.010348952425220168,0.06990733756204982,False,,,2,-0.4961090680678032,-0.2060346669288201,-0.2900744011389831
f8_5,36,0.009505299789326082,0.06683096600867953,False,Women and men come together,Initially women and men live apart from each other. Later they meet each other and become to live together,7,-1.1041838719815082,-0.8124924511127433,-0.291691420868765
m96_11,7,0.010246737300513745,0.07065878256621771,False,Imagined guests,"Person does not want to share his meal with his close relatives and pretending to have many guests, eats food alone",0,0.5825849754799467,0.8744120754167757,-0.291827099936829
m74aa_11,58,0.04569805224335572,0.3324920647550378,False,Theft of food by playing godfather,An animal person pretends that he has been invited to be godfather at a baptism (or invited to a funeral or wedding) but instead eats secretly food supplies,8,1.4794688853261895,1.7717553969876547,-0.29228651166146524
m91_11,111,0.035679302288192966,0.22695011319809724,False,The killed corpse,"Person pretends that a person (often his or her mother, spouse or lover) who recently died is alive, claims that the death of the false alive resulted from negligence of others and gets a reward",9,0.2875541199358187,0.5814206426859783,-0.29386652275015956
a2b_1,65,0.021641195700348177,0.16190388330361516,True,Extra suns and moons annihilated,Other suns or moons besides present ones had been in the sky and were later annihilated,8,-0.3799174471735016,-0.08415974475343552,-0.2957577024200661
f5a_11,26,0.00795758057745602,0.03977367221588753,False,Artificial bride,"Person has to give his daughter or sister in marriage. Having no woman to suggest or not wanting to give her, he makes artificial girl (of wood, snow, etc.), sends servant girl instead daughter, turns into woman himself, or recognizes his fault when he feels that it is save to do so",5,-1.414986881951685,-1.118603582107253,-0.296383299844432
h36c_4,31,0.012350031776256347,0.08417150514831938,False,Death and the lizard,Lizard is responsible for introduction of permanent death,6,-0.8728983544166881,-0.5754931768678696,-0.29740517754881846
e26_5,13,0.011466225478597908,0.08358774716929648,False,Fished out people,"Man fishes with a hook. Thrown on the ground, the fish turn into the first humans or into the women. (Stories about fishing of women in human guise not included).",3,-0.18441692785743444,0.1133512227007704,-0.2977681505582048
d13g_8,12,0.005504354630426408,0.01865362990514913,False,Meet seen on teeth,"When person laughs, people see his or her monstrous mouth (many teeth, human meat on teeth). They kill the monster or escape from it",2,-1.4453945829979091,-1.1471413390093914,-0.2982532439885177
L35_10,10,0.007272743737642845,0.037539139406026246,False,,,2,-1.098883637126455,-0.8003707382190403,-0.2985128989074147
m99_10,30,0.016767400562845345,0.12163534098831986,False,House of birds’ bones,Person is going to exterminate birds but decides not to do thanks to a wise adviser,6,-0.4502859421865619,-0.1509919753736139,-0.29929396681294806
e5e_5,6,0.0037741839146043605,0.008425136014428255,False,The two-headed one is not allowed to come to the earth,First people or animals ascend or descend to earth. The two-headed monster attempts to follow them but is prevented from coming to the earth,0,-1.5323520151024226,-1.230474104972449,-0.30187791012997356
m134a_10,18,0.018467471353522866,0.12253976517491004,False,Blowing the house in,Predator animal/ogre blows and destroys a fragile house but cannot destroy a strong one. Usually two or three weak personages build three houses only one of which is strong enough.,4,0.3342318489798049,0.6367880992079026,-0.3025562502280977
h52_10,20,0.01919094427791019,0.14129288536615,False,The search of immortality,Person sets off in search of the country where there is no death. He finds it. He decides to visit his home and dies there,5,0.028959584377756798,0.3320676458547209,-0.3031080614769641
i8i_3,35,0.006990472199957392,0.03972145487661855,False,Original earth unstable,"Originally the earth was unstable and swung, then it was fixed up",6,-1.3856507440082695,-1.0791548901906245,-0.306495853817645
k87a_10,9,0.005644803434545196,0.022816874902975626,False,A stolen boy,A forest woman receives or steals a small boy and brings him up to make him her paramour,1,-1.2899792915375385,-0.9832457786145287,-0.3067335129230099
f92_11,17,0.0142396070304047,0.09192631856363347,False,Homosexual play,A male person is tricked into being used sexually by another man,4,-0.25981156656640175,0.047603483111580455,-0.3074150496779822
m87_11,21,0.017817755163307396,0.12924695939132763,False,Invisible ghosts,Person enters a seemingly empty house and attempts to take certain things. Invisible beings prevent him from doing it or objects themselves hurt him,5,-0.14755135415373505,0.15993591153986103,-0.3074872656935961
L100d_10,78,0.048622854793056954,0.2931518069384665,False,,,9,0.9913143500685774,1.2989635492998584,-0.307649199231281
k76b_9,31,0.008534930244913055,0.0529071478118345,False,Son the snake.,"An (adoptive) son is a snake. He marries a princess, turns into handsome man.",6,-1.2378914847070002,-0.9297483393654908,-0.30814314534150933
m53c_11,16,0.03312338059128539,0.2298273551908627,False,Red eyes,"Trickster suggests water fowl to dance around him with their eyes shut, kills them one by one. He warns that eyes of a bird who would open them become red. In some versions, the bird who opened its eyes got them really red",4,2.3934858165041346,2.7016388276510117,-0.3081530111468771
L23_8,23,0.012139512092493027,0.07826602263048224,False,,,5,-0.8774377208464254,-0.5685624272331292,-0.30887529361329613
i44_3,44,0.0034344324870396563,0.021975996572622135,False,Chthonic serpent,Giant serpent lies on the perimeter of the earth or supports the earth,7,-1.610165588690675,-1.301005145080643,-0.3091604436100319
b72a_7,7,0.0064507358073010775,0.03452185600586552,False,"Mother, child and swans","(Step)parent does not share his or her food with a child. The child (usually a small girl) asks the migratory birds (swans, geese, etc.) to take her or him with them. The birds give the child feathers (wings, etc.) and the girl (boy) flies away with the birds",0,-0.6577762074465366,-0.3478225441684159,-0.30995366327812074
m151_11,24,0.013664223808026949,0.09207855829319364,False,"Hello, house!","Dangerous animal pretends to be an inanimate object, dead or absent. The potential victim sais aloud that the real dead (object, place) has to act in a particular way or to say particular words. The animal does accordingly betraying himself.",5,-0.6814499337041559,-0.37118650745097026,-0.3102634262531856
m61a_11,9,0.013501374483439027,0.11467523686064028,False,"To obtain valuables, quarrel provoked","To obtain valuables person provokes a quarrel between their owners. When the owners become to fight with each other, the valuables fall out",1,0.8756955250323905,1.1863616191983024,-0.31066609416591195
m46a_11,34,0.023705724070383342,0.1812520975701691,False,Picked up baby,"Person turns into baby, is picked up by the owner of valuables, steal the valuables or make love to a woman",6,0.21350777212947186,0.5245230708236751,-0.31101529869420325
m105_11,41,0.031249537511363976,0.23508538493785036,False,Make believe killing of mother,"Person conceals his mother or (rare) wife or mother-in-law, tells another that he has killed or sold her, another really kills or sells his mother (wife, mother-in-law)",7,0.7081085375371914,1.0199560043535874,-0.31184746681639597
f47_5,11,0.008011502064563206,0.04623614496640545,False,Pieces of flesh turn to persons,"The body of the of a living creature (woman or snake) is cut into pieces. Every man gets his piece, new women emerge from them",2,-0.9541259898490813,-0.6406786820894637,-0.3134473077596176
i1_3,166,0.04506482735512352,0.2759179393884949,False,The thunderbirds,"Creatures that produce rain and/or thunderstorms are birds or anthropomorphic beings with wings; or (rare) some or all birds are connected with thunder, lightning or rain though Thunder is not a bird",9,0.7978590983053743,1.1121701499874095,-0.3143110516820352
h21_10,16,0.013285520527575007,0.08535058795893373,False,Animals or fish kill a child,"Person possesses game animals or fish. A boy or a girl knows this secret or is used as a luring device. Another person asks or forces the boy or girl to serve him the same way or the boy himself makes an attempt to hunt or fish. As a result, the boy or girl is killed or carried away by animals or fish",4,-0.3938671467723149,-0.07895264632651199,-0.3149145004458029
L52_10,38,0.005758870322352215,0.04043501416880582,False,,,7,-1.4164332951430574,-1.0999691277277093,-0.3164641674153481
m29h_9,14,0.0046289841150384935,0.01983553862277088,False,Trickster-owl,"In episodes related to deception, absurd, obscene or anti-social behavior the protagonist is owl",3,-1.3984435038756744,-1.0796387092080033,-0.3188047946676711
m63_10,46,0.006425702138803358,0.04598030402071655,False,Body parts enumerated,"Before finding a part of the body that is the best for some particular function, other parts are proven or enumerated",7,-1.3608556172852055,-1.0395757194064421,-0.32127989787876343
f11_5,16,0.006486872224547331,0.03605465541528516,False,Biting penis,"Penis is biting, stinging, eats food",4,-1.3491230278431,-1.0276993019919072,-0.3214237258511927
h36b_4,32,0.019486852968131765,0.14660077148766862,False,Death and the chameleon,Chameleon is responsible for introduction of permanent death,6,-0.19011424349745196,0.13189030310037655,-0.3220045465978285
k67a_11,45,0.030782215424953265,0.23257312267365374,False,Drowned wife,A socially weak man is a nuisance for stronger persons. He gets to know that they plan to drown him and tricks them to drown instead one of them or their own property,7,0.6691591716946623,0.9925951116349753,-0.32343593994031294
i68_8,42,0.0314538458456828,0.23771434438610606,True,Opening of the sky,"On a certain day, the sky vault opens and the interior of the sky is seen; usually any wish expressed at this moment will be fulfilled",7,0.7251367934006816,1.0485878388759706,-0.323451045475289
L68_10,51,0.01665255735322217,0.1290416118719233,False,,,8,-0.7654959180700283,-0.4416850236043048,-0.3238108944657235
k99a_10,29,0.029018797731912283,0.2273126909443577,False,Father will be attending to his son,A man is told that he will be attending to his son or daughter. He drives his son (daughter) away but the prophecy is fulfilled,6,0.7218128254163909,1.04643378259347,-0.32462095717707906
a21_1,55,0.005465881225713619,0.04987934992884733,True,Luminaries thrown up into the sky,The sun and/or the moon are inanimate objects thrown up or put into the sky,8,-1.6301289452655898,-1.3029313265110878,-0.32719761875450204
k122_10,19,0.011492157538044705,0.07298057546066394,False,Queen of other world comes to identify hero,"Hero gets to the powerful woman who lives in another world, then returns to the world of humans. Imposter claims hero's deeds for himself. The powerful woman comes and finds the real hero, usually punishes the imposter",4,-0.6458467265779936,-0.3170251886783799,-0.32882153789961366
m44a_11,6,0.005878683322726006,0.029556393324960552,False,Thieves of food: the first people,Person discovers that somebody steals game or fish from his trap or devastates his garden. He or his guards catch the thieves who prove to be the first humans beings or the first men,0,-0.8446970233978116,-0.5157660016930782,-0.32893102170473343
i20a_8,8,0.0049576130674081976,0.015843854198605383,False,The sky giants,Anthropomorphic inhabitants of the upper world are giants,1,-1.479404278982612,-1.1479419149583945,-0.3314623640242176
k111_10,7,0.011894212374176791,0.08774995368190851,True,"Animal suitors rejected, a man from the sky accepted","Mother of a girl rejects in succession birds (and animals) who come to ask her daughter in marriage, but accepts a man from the sky (the Sun) as her son-in-law",0,1.120905135486298,1.4524750988995387,-0.33156996341324074
m37_10,5,0.006643278547952355,0.03702751771814085,False,Blow of axe,Person or person's head is split with the blow of an axe. Person remains (or must remain if the procedure is realized in correct way) uninjured,0,-0.5948619694028621,-0.2630752570797552,-0.33178671232310686
h7b_11,18,0.018432974375320068,0.12380670566903657,False,The Death in a tree,A man has a tree from which nobody can climb down without his will. He lures there Death or Devil who came after him,4,0.3293847911767533,0.6611715624006376,-0.3317867712238843
m164_11,29,0.01259278277946674,0.08930014683192249,False,All tracks going into the den and none coming out,Animal person refuses to enter the den of a strong predator seeing that all tracks go into it but none come out,6,-0.849674215343336,-0.5173807463623281,-0.33229346898100787
i48_3,38,0.009526795957833548,0.07088695781309624,True,Confined to the underworld,"Certain person loses his or her freedom, is confined to a far away place (often, to the underworld) and acquires cosmic dimensions: supports the earth or the sky and/or his or her movements produce earthquakes or (rare) storms",7,-1.102392255116488,-0.7683188955848123,-0.3340733595316757
L108e_10,11,0.009327944080633274,0.06151779855754949,False,,,2,-0.6961728242749097,-0.3600811055917298,-0.3360917186831799
i84a_10,6,0.012820643711689589,0.09683497490921524,True,Son of God frozen to death,In winter time despite warning son of the sky deity sets off (usually on his snow-shoes) and is frozen to death,0,1.4236208935681034,1.7597515753629096,-0.3361306817948062
j60_10,15,0.008418068809824104,0.05682561309357157,False,Two-fold impregnation,A woman is impregnated by two different males and gives birth to twin sons who have different fathers,3,-0.7256503006445187,-0.3874464317904089,-0.33820386885410986
e11_10,144,0.015263957365889449,0.12889107769661162,False,The burned skin,Magic person reveals his true nature and/or remains with the real people after the object responsible for preserving the non-human appearance (usually an animal skin) is destroyed (usually burned),9,-0.8224585937578046,-0.4814156894090077,-0.3410429043487969
i8e_3,99,0.007070827057125573,0.0878013809685099,True,Four supports of the world,"The sky or the earth rests upon four or five (cardinal points and the center) supports of any kind (poles, mountains, giants)",9,-1.2679312929597102,-0.9267762044706651,-0.3411550884890451
c6h_3,6,0.004622485666980323,0.017782635731246884,False,An insect brings the earth,"An insect brings the earth (from under the water, from a lower world or from a far-away place)",0,-1.2551654631642806,-0.9139817744043433,-0.3411836887599373
L1e_10,8,0.015805197260326132,0.14287042185631124,False,,,1,1.5107475011036922,1.852305150583088,-0.34155764947939593
L97_10,10,0.010170431718324184,0.07087501240734026,False,,,2,-0.5310897059555466,-0.18826648400235524,-0.34282322195319137
a22a_1,14,0.013026802632727263,0.10080648116764833,True,The hot Sun and its cold companion,"After two persons burn up, one turns into the present Sun and another into a less important sky object",3,0.09268052099635976,0.4355640019687688,-0.34288348097240906
b93_2,6,0.006870861293242452,0.03958046673955153,True,Sky bridge in the mid of summer,Once a year in the middle of summer sky dwellers or messegers of the deity who are at the opposite sides of the Milky Way come together. Usually birds make a chain of their bodies to serve as a bridge across the celestial river and feathers on the birds' heads become worn down,0,-0.5204982465048569,-0.1767286035868782,-0.3437696429179787
k32d_10,35,0.011582261272038232,0.08186703325329261,False,True bride sent to work,"A girl (rare: boy) is walking to her or his relations or to her bridegroom. On the way the imposter lures her (him) to exchange clothes and takes her (his) place while the real girl (boy) is sent to look after crops or domestic animals. People hear her (his) song in which all the story is told. The deception is disclosed, the imposter killed",6,-0.9463514348594704,-0.6016050542641537,-0.3447463805953167
k110_10,15,0.00971416289199862,0.06951828275157325,False,Reflection of golden sword,Person must get a treasure from the bottom of water body. He understands that what he sees is a reflection in water while the treasure is high in a tree,3,-0.4955146981241652,-0.14992952914084245,-0.34558516898332275
b87c_2,12,0.021394369516227304,0.19080812382793325,False,,,2,1.6682098073035359,2.013912763533624,-0.34570295623008795
k33c_10,35,0.02798539346352526,0.2205141020679443,False,Girl from a fruit,Young man gets a girl who is inside a fruit or a flower,6,0.622946397963504,0.9693992483074335,-0.3464528503439295
h32b_4,7,0.006339664145790878,0.03460688447683774,False,Superfertility lost: a maltreated child,"A small girl or boy who is a child of a deity comes to live with humans. Thanks to that, food or other resources become easily available. The child is maltreated, returns to its own world, human life becomes difficult and scanty",0,-0.6940693906043239,-0.3449466841890378,-0.34912270641528614
i87c_11,9,0.014325062558520766,0.12592123978106184,False,The hut in a mitten,"Animals use for a shelter an object like a mitten, skull, etc. that belongs to the world of the people",1,1.1027462969037451,1.4519815433072958,-0.34923524640355064
b5a_3,13,0.0056785324898620815,0.031528186779996116,False,Two creators: a dialogue,"In the beginning of time, a male and a female persons meet each other and become engaged into the dialogue",3,-1.2120847734901115,-0.8608351281721963,-0.35124964531791514
k27o_10,38,0.009127140526448767,0.06946989953649162,False,Ball game,A contest: ball game,7,-1.135701884728727,-0.7837519895076711,-0.3519498952210559
k132_10,55,0.031027079859882737,0.23378435777267983,False,Invincible chicken,Person of a small size (often a chicken) overcomes powerful adversary despite all attempts to destroy him thanks to objects and animals met on the way and preserved in his bag or inside his body,8,0.34552998164847265,0.6978643077197404,-0.35233432607126774
j33_10,15,0.010534053032050673,0.07771006635721106,False,The dummy,"A youth or two siblings live in a house of an old man or woman. To produce a reaction from this older person, they kill a person or animal and stuff its skin with insects, worms, ashes, grass or blow it up",3,-0.34993428542386984,0.0033626561607734314,-0.35329694158464325
c6a_3,31,0.007985349730621505,0.05229893532699454,False,The diver is turtle or frog,"A turtle, a frog, a toad, or an armadillo brings the desired object from the bottom of the water body or from the lower world",6,-1.2904701934542884,-0.9366399703154297,-0.3538302231388587
L110_10,116,0.014387277856774988,0.1258322101927734,False,,,9,-0.8701249645516974,-0.5145699571571817,-0.35555500739451573
m90_10,59,0.035609663086979215,0.2666392779720511,False,To guess of what material an object is made,Somebody suggests to guess what sort of material a certain object is made of. Another person (usually a monster) gets to know the secret and the hero or the heroin must do what they have promised,8,0.6997239140424456,1.0553096087945522,-0.35558569475210655
f43_5,32,0.019376720988202208,0.1487408763843215,False,First women disappear,The women of the ancestral community kill or abandon the men,6,-0.20065063834024016,0.1561397447174281,-0.35679038305766825
k8e_11,51,0.010049348785991641,0.08518222127452302,False,Gets inside via anus,Person or animal gets into another being through its anus,8,-1.275866661587724,-0.918853526279454,-0.35701313530827006
k32g_10,79,0.050148184086940606,0.30551627780540197,False,Punishment: torn apart by horses,"To punish an antagonist, he or she is tied to a horse (camel, bull) or to several horses (camels, etc.) who torn him or her apart",9,1.0742487758754342,1.4329788269058665,-0.3587300510304323
m31_11,5,0.004650873185978429,0.01869052845449705,False,Trickster thrown into the water,Animal person who cannot swim asks a good swimmer to carry him. The latter agrees only to throw his rider into the water,0,-1.2458897090035417,-0.8832747380609898,-0.3626149709425519
m84a_8,25,0.02545955815139094,0.20209200536019417,False,Goat resuscitated,"Supernatural beings kill and eat a deer, ram, cow or goat, then put all the bones in the animal's skin and the revived animal runs away",5,0.8347327341450246,1.2008641162353566,-0.366131382090332
k120_10,73,0.03513610937703891,0.2645011057204037,False,The averted incest,"A man is going to marry his daughter or sister (often puts certain condition on his future marriage, only his daughter or sister complies with them). The girl gets to escape",8,0.663122320048094,1.0320473509773942,-0.3689250309293002
h25_4,14,0.004252372278346622,0.018989850469401156,False,To choose life or death,"People are suggested to choose one of two objects, associated with life and death. They choose the object with death",3,-1.4653150320659492,-1.0954640033508458,-0.36985102871510334
k100_10,67,0.03402832819342836,0.2568086847784101,False,A faithful servant,"A man gets to know about dangers that threaten his master or his friend of a higher status. He helps his master (friend) to escape the dangers though his own behavior seems strange or hostile. Facing an alternative to be executed or to turn into stone because of revealing the secret, the helper opts for the second. In many cases the master’s child has to be sacrificed to turn the statue back into the man",8,0.5775004438680783,0.9483576112696199,-0.3708571674015416
k80c_10,27,0.014289549651681572,0.10704841846348351,True,The cranes of Ibycus,"Person becomes a victim of a murder. Just before dying he or she calls on some birds (animals, celestial bodies, etc.) to bear witness for the crime. Getting to see these birds (the animal, the Moon, etc.) the murderer reveals himself without thinking. Or the birds, being the only witnesses, bring the investigators to the murderers",6,-0.6873434760498692,-0.31627580173731,-0.3710676743125592
g23b_5,20,0.013440874787908714,0.09433051142891005,False,Alive being turns into nations,Different body parts of a huge being turn into people of different ethnic affiliation or such people receive their names and characteristics according to body parts that they got,5,-0.7101594135142709,-0.339006947352655,-0.3711524661616159
m198_11,67,0.027588893167111023,0.21149677908093292,False,The wise brothers,"Brothers (rare: one man) have extraordinary powers of observation and describe objects, animals or people whom they never seen or see for the first time. Investigation confirms that their deduction was correct  ",8,0.07978797442931959,0.45538646186417564,-0.375598487434856
a4a_1,11,0.006989846839802527,0.038790667672666215,True,The Sun dazzles eyes,"Modest Sun-woman dazzles (usually pricks with needles, i.e. the sun rays) eyes of those who look at her",2,-1.1543165004339255,-0.7773905157946099,-0.3769259846393156
m70_10,14,0.011042661846139156,0.08380108154565252,False,An elder person poisons a younger one with intestinal gas,Old person tricks a young man into smelling her or his intestinal gas,3,-0.25962525810307746,0.11734333166334943,-0.3769685897664269
k32f_10,6,0.009734373892640277,0.06822858607024022,False,Bird-son rescues his adopted mother,"An evil spirit abandons a girl or a young woman in a tree or islet. She takes care for a nestling of bird of prey, he grows big, rescues her",0,0.4151678435808959,0.792217196867332,-0.37704935328643613
m184_11,19,0.009119468594517286,0.05820098565532323,False,The slow one is ahead of the sleeping one,A slow and a fast animals agree to race. The fast one is sure that he will win and is not in a hurry at all while the slow one is moving persistently to his aim and wins,4,-0.9792255051576756,-0.6014723159846269,-0.3777531891730487
e18_6,10,0.016153083623163846,0.1366330396580376,False,Snakes and containers,People learn how to decorate ceramics or baskets (usually learn decorated patterns) thanks to a water creature,2,0.6411943586238676,1.0191645686496023,-0.3779702100257346
j55_10,42,0.01445442407009351,0.11267814364018083,False,Unrecognized hero comes across enemies,Hero comes across different creatures or persons who do not recognize him. Everyone tells that he is waiting for the Hero to kill him. The hero easily kills or transforms them himself,7,-0.6916948032702556,-0.31317367914217537,-0.3785211241280802
g23a_6,46,0.00841006570142311,0.06654006511062552,False,Alive being turns into plants,"Person or creature is transformed. Separate parts of its (his, her) body give origin to different plants, mostly edible or cultivated",7,-1.1954671098455334,-0.8156606347760637,-0.37980647506946974
c24_3,11,0.0059620675078875095,0.02811487033313608,True,The world in danger of falling down,"A tree or pillar supports the sky or the earth. If it collapses, people perish",2,-1.3557070128475577,-0.9734166096192409,-0.38229040322831676
m1a_10,5,0.0059764897530497655,0.032112881061646184,False,Caiman ferries the Pleiades-brothers,Caiman ferries a person or a group of brothers who later turn the Pleiades,0,-0.812738316365923,-0.4292996606470643,-0.38343865571885866
b58_7,9,0.010626550421761293,0.08421765815734676,False,Wild turkey’s red neck,"After the original fire is stolen by the ancestors, a partridge size forest bird (Penelope sp.; Anhima cornuta; etc.; jacu, paujil) swallows burning coal and (besides the Andoque) its neck becomes red",1,0.08324624484401516,0.4669824939251203,-0.38373624908110515
k76a_9,14,0.013018944258879402,0.10299002694612844,False,Son the frog.,"An (adoptive) son is a frog. He marries a princess, turns into handsome man.",3,0.0912851812404111,0.4764245178470166,-0.3851393366066055
k17_10,58,0.00799710388845284,0.07320213972596296,False,Ornitomorphic suitor,Ornithomorphic hero impregnates a girl magically or imperceptibly for her,8,-1.4344873902188313,-1.0491908952348592,-0.3852964949839721
k149_10,6,0.0074034334043233925,0.046000943334925916,False,,,0,-0.3464778266301164,0.040426797163576625,-0.386904623793693
m130_11,7,0.006896295640836266,0.04115801361661125,False,Fox and bird in one hole,Fox and bird hide from a hunter together in one and the same hole. The bird makes believe he is dead and escapes (with the fox or alone),0,-0.5121874548666462,-0.12337231154193298,-0.38881514332471323
m21a_10,14,0.006704097215961697,0.043271342562114255,False,Under pretext  of a toothache,"Person is pursued by an enemy. A bird or animal hides him or her in its mouth (under a wing) and  pretends not to be able to open the mouth (to raise a wing) because of a tooth ache, some injury and the like",3,-1.0299846008170157,-0.641086402029175,-0.3888981987878407
f42_5,18,0.010020906091114034,0.06536262717124128,False,The men abandon the women,The men feel themselves offended by the women and abandon them,4,-0.8525674649619076,-0.46363977916659427,-0.38892768579531334
i15_8,35,0.011321366919848258,0.08359516424200382,False,No-mouth people,Anthropomorphic beings have no mouths,6,-0.9713113593853462,-0.5820236722567059,-0.38928768712864026
f9b_5,18,0.019749795429519892,0.13640964830300606,False,Piranha in vagina,Biting piranha is in woman's genitals,4,0.5144070191661061,0.903727064620505,-0.3893200454543989
k75a_10,32,0.018750001904624534,0.14637289713884372,False,Thrown apple hits the chosen one,"Boy or girl selects one person among many throwing an object (usually an apple) into him or her. This way a girl makes a choice of a husband, a young man of a bride, a boy identifies his father",6,-0.26060924186583206,0.12930826811391613,-0.38991750997974817
k113a_10,16,0.015802496554135202,0.10763166706089869,False,To take wife where arrow falls,A young man shoots an arrow or throws an object on the off-chance to take bride where the object falls,4,-0.04021506113419489,0.3498677084540368,-0.3900827695882317
L37c_10,28,0.030063430910672245,0.24197219579406232,False,,,6,0.8217535296907719,1.2125400363307381,-0.3907865066399663
m91c3_11,27,0.017022191991891367,0.13189636966174326,False,Hare the messenger,"After warning his wife about the planned trick, person lets free a wild animal or bird asking it to pass a message to his wife. Seeing the same (actually another) animal or bird in his companion’s house another man buys the animal for a lot of money",6,-0.4259098881039579,-0.03472467644998126,-0.3911852116539767
f46_5,21,0.013938612911334115,0.10029518026372704,False,One for all,The only existing or available woman is used sexually by many men (animal people),5,-0.6461797166360779,-0.253774081627197,-0.39240563500888087
g10_10,28,0.04350632734895063,0.3557081605007035,False,The hanging tree,A tree which trunk is cut through do not fall because it is hold from above,6,2.1078437715533838,2.50127763056094,-0.3934338590075561
i30_8,10,0.006695684335157432,0.036600236421435464,False,Master of the dead welcomes women,Master or mistress of the realm of the dead copulates with every new human soul of the opposite sex who arrives to his or her realm,2,-1.2119568281810997,-0.817610620046707,-0.3943462081343927
h34d_11,18,0.005994245014967317,0.036251569376276674,True,Edible sky in the past,Sky or sky objects were edible or used as medicine but since the sky had separate from the earth this source of food became inaccessible. Inhabitants of the distant land where the sky and the earth come together feed on pieces of the sky,4,-1.4183404690390546,-1.0239095073312807,-0.3944309617077739
e9k_5,6,0.009599206324398415,0.06743672652655891,False,Spouse is honey (bee),A man or a woman is incarnation of the honey or a bee-person,0,0.37100121057573365,0.7654346716152233,-0.3944334610394896
h36I_4,15,0.014131275307031909,0.1141722656944983,False,,,3,0.2887916581924492,0.6856768488195165,-0.39688519062706734
h36hh_4,24,0.008765148656046386,0.05410430305293606,False,Death and the frog,Frog or toad is responsible for introduction of permanent death,5,-1.3111813696852328,-0.9138242778874669,-0.3973570917977659
m179_11,17,0.021402191713789598,0.14893989440623065,False,A house of bark and a house of ice,"Two animal persons live nearby, the house of one of them is destroyed, he asks another to let him in and usually drives the host out of his house. Strong animals are afraid of the intruder but a weak or small one succeeds to return the house to its original owner",4,0.7465798273558171,1.1448834536303396,-0.39830362627452254
i92_8,25,0.02546116635844884,0.20445211329947147,True,Rainbow transforms sex,"Person who gets to walk under, over or through the rainbow changes his or her sex",5,0.8349394544970314,1.2345891676433751,-0.3996497131463437
d13f_3,14,0.004600976067899762,0.023931991194857064,False,Laughter and fire,Laughter triggers emergence or spread of fire. Usually fire is obtained from a creature when it bursts out laughing,3,-1.4034166373019736,-1.002982122927167,-0.4004345143748067
i87aa_8,20,0.022187821452781694,0.17507912944823611,False,The long bull,"A bull or a horse of a huge length is described (the head in one field, the tail in another; person who is near the head walks a long time till he meets a one neat the tail)",5,0.414180816599065,0.8148603179988323,-0.40067950139976727
m199b_11,36,0.031304410882571077,0.24368553903831494,False,,,7,0.7126820063979802,1.1136197499982285,-0.40093774360024836
b73b_7,15,0.009633119840461751,0.07175895301816157,False,The cuckoo: in search of lost sibling,"Girl searches for her lost brother, calls him or brother calls his sister, or they call each other, or two lost brothers call each other. One or both siblings turn into birds with specific cry",3,-0.5099047734682588,-0.10800004732820186,-0.40190472614005696
L31_10,31,0.009667942050802856,0.0707587143554192,False,,,6,-1.129495542347377,-0.7274729642899027,-0.4020225780574742
j50_10,27,0.008480157592666673,0.06088278717387196,False,An attempt to revive the victim,"Twin heroes' parent dies or is killed, an attempt to revive him or her fails",6,-1.2431316183268963,-0.8393766938583622,-0.4037549244685341
d4l_3,49,0.005118077565252729,0.04359915243105236,True,Fire from the sky,First fire is sent to earth from the sky or the ancestors ascend to the sky and bring from there fire or warmth,7,-1.4698407249463552,-1.0655086938892588,-0.40433203105709636
m5_11,79,0.008476500450248219,0.10072804629263792,False,Provoked insult,"Being in a situation when his life depends on a good will of a demon or animal, person either resists or does not resist the temptation to insult or to beat, bite, etc. the latter",9,-1.1915027367141398,-0.786667447648276,-0.40483528906586375
c19a_11,30,0.04509718600821575,0.37014693105971036,False,Child plays with the sun,"Persons (usually Raven) turns into child, asks and receives to play luminaries or comes to play with a small daughter of the owner of the luminaries",6,2.2600422064113364,2.6648827530202377,-0.40484054660890134
k99b_10,25,0.016069386993810414,0.12051568498507566,False,Eloping with the wrong man,At night a girl’s lover has to carry her away but falls asleep or is late. She is carried away by another man who happened to be on the place ,5,-0.3722881389233739,0.03516929671353485,-0.4074574356369088
b40b_7,12,0.005469374829787958,0.024535028050762738,False,Horse exchanges features with cow,"The horse exchanges some parts of his body with the cow, usually gives her horns and/or obtains teeth",2,-1.4522487780142441,-1.0391487022024803,-0.4131000758117638
m136_11,30,0.03074748034257844,0.24975838162632608,False,Sickle as an unknown beast,"Grain is harvested with inappropriate tools. Seeing sickle for the first time, people take it for a dangerous animal",6,0.8871969632071642,1.300764991590778,-0.41356802838361373
k19a_10,45,0.015256673456902643,0.12218209380312402,True,Star-wife,A man maries a star-woman,7,-0.6248306302033065,-0.20966674655905237,-0.41516388364425416
f46a_10,8,0.010317360087501979,0.08207099949277845,False,Woman in a tree,Men (animal people) discover a woman in a tree and copulate with her there,1,-0.001982503965748595,0.41628045199917224,-0.41826295596492086
m198a_11,15,0.011398463692236672,0.08940323542315518,False,Who did steal the ruby?,Judge tells a story to persons suspected of a crime and finds who is guilty watching their reaction,3,-0.196448770102972,0.22217598491938462,-0.41862475502235663
h33_4,21,0.012523256357730262,0.08955405975558284,False,Walking babies,Children walked or could walk from the very birth but this ability was lost or never obtained,5,-0.8281108949250772,-0.40726063844451416,-0.420850256480563
m171a_11,65,0.02420756781751675,0.19165544353332023,False,Exchange: gets a bride,Person or animal gets to exchange less valuable goods for ever more valuable and ultimately gets a bride,8,-0.1815591441990195,0.23952253294559314,-0.42108167714461264
k76d_9,13,0.02001263642521669,0.1712882332846143,False,Son the hedgehog,"An (adoptive) son is a hedgehog. He marries a princess, turns into handsome man.",3,1.333091299081473,1.7544833394450035,-0.4213920403635305
b15_3,13,0.004085956626020724,0.020257385505719667,False,River from woman’s body,A river flows from the body of a female person,3,-1.494863941318419,-1.0717447225424634,-0.4231192187759556
i26_8,14,0.003124805022352519,0.01121280249515414,False,Dangers on the way of souls,"On its way to the Beyond, a soul has to defend itself or divert attention of guards who wait for it giving presents to them",3,-1.6655268634517237,-1.2409952742632453,-0.42453158918847844
L85b_10,7,0.005733555013765211,0.031082172346446914,False,,,0,-0.8921183748647686,-0.4641606185185309,-0.4279577563462377
k38c_10,39,0.017010107879879027,0.13694577150087348,False,Bird carries hero to his destination,"Hero helps a powerful bird (usually does good to her nestlings), grateful bird carries him to the place where he is eager to get or tells to do it one of her nestlings",7,-0.4786891128058835,-0.04887644716351405,-0.4298126656423694
L11_8,61,0.030566368735419194,0.2376503643634545,False,,,8,0.30992100811002965,0.7399245495773085,-0.4300035414672788
h31_4,9,0.013632294597305318,0.12128302388124812,False,Origin of death: man and celestial bodies,God summons to him man and celestial bodies and makes the man mortal and others immortal,1,0.9117838378368185,1.3424312822921167,-0.43064744445529823
i59a_2,33,0.03270416724101551,0.26783819533326514,False,,,6,1.0743944126567282,1.50562662599911,-0.4312322133423818
f87_7,15,0.019468483886817194,0.16673945300949655,False,Transformed children of serpent’s wife,"A girl marries snake, comes with her children to visit her relation. Her close kin (father, mother, brother) tries to get know from her children how their mother calls her husband. A girl tells the secret, mother (father, etc.) of the woman calls the snake with the same signal, kills him. Seeing  her husband dead, the woman transforms her children (and herself) into birds or trees",3,1.2364710968833075,1.66936238137309,-0.43289128448978254
k146_10,6,0.005028240449641624,0.02446222262276758,False,,,0,-1.1225831965082402,-0.6880626628354799,-0.43452053367276033
m70a_10,15,0.009359945935680476,0.07093370331610596,False,Old woman is pierced through,An old woman defecates or breaks wind over a man. He kills her inserting a cutting object into her anus or vagina,3,-0.558409771704345,-0.1234428783815695,-0.4349668933227755
m65b_11,28,0.03480782141897722,0.2860587571631314,False,The lost quarry,"Person kills game (usually by deception), gets to see how thieves carry it away but is unable to intervene",6,1.275652312912973,1.7120830716687827,-0.4364307587558096
d8_7,29,0.010942123092929407,0.08462013137179385,False,Fire and a predator animal,"Fire or summer is stolen from a big predator: a lion (in Africa), a tiger (in Asia), a bear (in Siberia and North America) or a jaguar (in South America)",6,-1.0075938515793745,-0.5704098113603951,-0.4371840402189794
j61_10,21,0.01495071365966074,0.11259552780099834,False,Light as a feather,Person is able to move or to hover in the air like a feather or a bit of fluff,5,-0.5160833948142777,-0.07800675924023993,-0.43807663557403775
f20_5,29,0.0059802551824296515,0.04303417700751911,False,A strong embrace,Man and woman embrace each other forever or for a long time,6,-1.4822988327867002,-1.041618570343674,-0.44068026244302616
b33a1_10,21,0.025368911481710475,0.20656611127663477,False,The offended March,"Person teases, offends March or other month and is punished",5,0.8230809313671665,1.264797400610089,-0.4417164692429225
m187_9,18,0.008013429414761313,0.0534585222624175,False,Snail is a participant of the race,Snail is a participant of the race and wins,4,-1.134631459998152,-0.6927454911020858,-0.44188596889606613
m42_11,98,0.03142658071730009,0.21930569096379715,False,Eyes: lost and found,Person loses his eyes because of his playfulness or negligence. He makes new eyes of some substance or/and takes eyes of another person,9,0.05632731336185586,0.4985647421874896,-0.4422374288256337
k33b_10,32,0.012767636470171722,0.10056851203025445,False,Friends abandon a pretty girl,"A girl goes with her friends to a river, into a forest, etc. Other girls return home but the heroine has to remain or to go back to the forest, etc. She has a narrow escape from a dangerous creature. marries a supernatural being or a chief, or dies but is avenged",6,-0.8329458542790488,-0.38969935820984597,-0.4432464960692028
a13a1_1,27,0.037761349463367185,0.31177580299541974,True,Raven obtains the Sun,Raven obtains the hidden or stolen Sun,6,1.55821817320937,2.003481872937102,-0.44526369972773194
e30a_5,13,0.009669335236508899,0.0744912111462071,False,Make-believe spouse replaced with alive person,"Person does not have a spouse, uses wooden fakes for his wife or her husband till alive person comes to replace it",3,-0.5034743359680425,-0.056871521549280026,-0.44660281441876243
d7_7,41,0.022049719811679712,0.17716274374041666,False,Fire and toad,"Frog or toad possesses the fire, steals it from original owner, tries to extinguish or to save it",7,-0.05865827209880018,0.38912410659850283,-0.44778237869730303
m112_11,69,0.030146482370774826,0.236459312072202,False,Animals dig a well,An animal person refuses to dig or clean a source of drinking water together with other animals or birds but takes advantage of the results of the work,8,0.2774674343761974,0.7269664890415005,-0.4494990546653031
f37_10,14,0.02384723312425822,0.2092209347495967,False,Gourd vessel put on the surface of water,Person knocks the gourd vessel that floats above the water to call water monster or serpent. Usually a woman calls this way her monstrous paramour,3,2.013965653723931,2.464314919707825,-0.4503492659838937
m42b_11,21,0.013023636126053539,0.09612341520914931,False,Eyes of gum,"Person loses his eyes, makes new ones of gum and is able to see again (though usually not well)",5,-0.7637916386844973,-0.31338702923284417,-0.4504046094516531
b7a_3,16,0.019744356871501546,0.13954677657806908,False,The spit out water,"Somebody is the only possessor of water or certain beverage. Another person drinks it, escapes and spits out making it available for the people",4,0.5136428651313611,0.9641040532640207,-0.45046118813265956
m119_11,26,0.01411748187860147,0.10597907128149511,False,Demonstrated many times,"Trickster suggests to be a nurse or a shepherd, kills and eats children or animals, demonstrates to the parent (the owner) one and the same child or animal as many times as was their number in the beginning",5,-0.6231877420050729,-0.17255342490142797,-0.4506343171036449
m195_11,13,0.010879833407634567,0.08624835089434495,False,Two horse: which is older?,Person should guess which of two horses is older. He does it considering peculiarities of the habits of horses,3,-0.2885372185217474,0.16313888542096297,-0.4516761039427104
g13_6,17,0.011349010407013582,0.07839647667853195,False,People ate rotten wood,"Before acquisition of cultivated plants people ate rotten or soft (Ceiba L., Ochroma Sw.) wood; some people eat rotten wood",4,-0.6659598627016837,-0.2127910682807845,-0.4531687944208992
k27n1_10,197,0.03706534979741065,0.24887168689589875,False,Task-giver is a king or a chief,"Person who gives difficult tasks to the hero is a prominent figure in social hierarchy, i.e. a head of political unit of community- or higher level and not a mythical being",9,0.36291558763917264,0.8190228673414338,-0.45610727970226117
m170_11,50,0.023907379790207406,0.19290244201870171,False,Pilgrimage of the animals,"Animal person pretends to confess his sins and become vegetarian, kills those who believed him",8,-0.20476107476551655,0.2530892604354852,-0.4578503352010017
m199e_11,21,0.03247808072182601,0.27189991421113463,False,,,5,1.7368998084669758,2.1983927781681496,-0.4614929697011738
b77b_3,35,0.010029918420235581,0.07909409908639489,True,Sky touched with a long object,"The sky rose to its present height and/or the direct relations of the sky deity with the people were broken off when the sky or the deity was touched or struck with a long object (a pestle, a broom, etc.)",6,-1.0948650385233138,-0.6330250586262202,-0.4618399798970937
a32h_2,60,0.012997407679686252,0.11577983237147807,True,The Moon plant,A tree or bush is seen in the moon,8,-1.048007281683278,-0.5859666331032415,-0.46204064858003646
k14a_10,26,0.014624422748226834,0.1113530004759092,False,Thrown into the oven himself,"An antagonist orders to kill the first one who will come in the morning to a certain place. The hero becomes late by chance, the antagonist or his wife or son come and are thrown into the fire",5,-0.5580251160229796,-0.09576200560720524,-0.4622631104157743
h33a_11,8,0.01223173829774672,0.10632687180741325,False,Babies thrown across a hedge,"A woman did not allow God to throw her baby across a hedge, roof, etc. Because of this babies lost or never got ability to walk from the very birth",1,0.5257185317043833,0.9891811536085593,-0.463462621904176
b2f_3,12,0.007713114633617646,0.051277218987694884,False,Buried in a head,Initially the earth is absent or liquid. Zoomorphic person buries his relatives in his own body or flies carrying the coffin,2,-1.0125941801987994,-0.5481158488278045,-0.4644783313709949
k27z2_10,13,0.007461337576337489,0.05461243243122856,False,Wife gives birth to her husband’s son  while husband is absent,A man who is far away from his wife visits her using magic or a wife visits her husband incognito. She gives birth to his son but people believe she was untrue to her husband. Ultimately her chastity is recognized,3,-0.8955283379696186,-0.4288615028580024,-0.4666668351116162
k108_10,45,0.020392979416144354,0.1662540809130155,False,A revived wife betrays her husband,"Wife dies, husband revives her, she abandons him for another man and is punished",7,-0.19674074165939973,0.2703185353897661,-0.46705927704916583
k73d_10,7,0.009206991526674117,0.06581996178186723,False,A younger daughter instead of a son,A man who has only daughters needs a son to fulfill the task fit for men (usually to send a son to a prince who needs a soldier). His daughters in succession disguises themselves as men. The elder are scared by dangers and come back but the younger resolves the task. (In Balkan and Caucasus tales the father meets daughters disguised as a robber or a predator animal). See motif F70E,0,0.24284319711434987,0.7107519403822071,-0.46790874326785725
b27_10,36,0.007713107198599993,0.069350029915103,False,Variants of transformations,"Persons ponders over what object, feature, or creature it would be appropriate for him or her to turn into. When the choice is made, the persons transforms himself or herself",7,-1.2535557225880118,-0.7850574821299087,-0.4684982404581032
c8_5,68,0.015912166529424947,0.1374063538304876,False,The primeval couple of siblings,"In the beginning of time or after the world catastrophe brother and sister or mother and son are the only humans. They marry each other, present people descend from them",8,-0.8227217063194449,-0.35068076337026716,-0.4720409429491777
h37b_11,6,0.009580083459311639,0.06959340923385471,False,Charge of skunk used to no purpose,"Person gives a trickster his power (usually skunk gives his charge) but he squanders it all to see the effect. When a real need comes, the device does not work anymore",0,0.364752725267604,0.8383786798422458,-0.4736259545746418
b77b1_3,25,0.011468965721944783,0.0838739073993541,True,Sky touched with a pestle,"The sky rose to its present height and/or the direct relations of the sky deity with the people were broken off when the sky or the deity was pushed up, touched or struck with a pestle or with a ladle during the preparation of food",5,-0.9636303420489262,-0.4884278711083947,-0.4752024709405315
e20_6,17,0.016516515281712052,0.11735487241531876,False,Fish poison person,"Entering water, certain person makes fish die. From parts of his body or from his grave grows plant used to prepare fish poison (timbo)",4,0.06010937959451797,0.5369999541861944,-0.47689057459167644
f89_7,9,0.006197874555469607,0.03657517408404013,False,A smart sister,"Sister and brother live alone. The brother rejects the incest. The sister makes him take her for unknown girl, marries him",1,-1.137524462210088,-0.6582877993037614,-0.4792366629063266
j19_10,24,0.018953994647678284,0.15158223109211183,False,Wicked guest murders woman,"When husband o brother leaves home to hunt, an evil spirit comes to his wife or sister. The spirit kills her or carries her away after injuring or transforming her",5,-0.001498129838119095,0.47909851159944555,-0.48059664143756464
L109_10,18,0.01816649775115427,0.1296281024726693,False,,,4,0.2919430305419363,0.7732098272992164,-0.48126679675728007
f27_5,49,0.009371381478431017,0.08323546209988134,False,Girls and the water spirits,For girls and young women it is dangerous to come near water. Water creatures swallow them or drag away; a girl can die or become pregnant from a spirit; she can trigger a flood (rare: other cataclysm). Water spirits can come themselves to a girl who has her periods,7,-1.1153454101063751,-0.6338321002206782,-0.48151330988569696
e30_5,18,0.011996737191703554,0.08462029739345549,False,The make-believe spouse of wood,"Person does not have a spouse, uses wooden fakes for his wife or her husband",4,-0.5749498864794077,-0.093007776149809,-0.4819421103295987
i61_2,14,0.008218523275891723,0.06262110431389273,False,Milk on the Milky Way,Milky Way is a trace of spilled milk,3,-0.7610817807456608,-0.27899587244605134,-0.48208590829960946
k132a_10,13,0.01677809161358694,0.14404624883023112,False,Husband’s cock and wife’s hen,"Husband (rare: wife) sends his cock to earn money and the cock brings it. Wife (husband) sends her hen (cat, her half of a cock, etc.) and it brings filth",3,0.7587626840980531,1.24470628355561,-0.48594359945755683
k100d_10,12,0.011851661820237898,0.0966906250339176,False,Helpful animal becomes a prince,"Helpful animal (horse, lion, etc.) asks the hero to kill him and becomes a prince who was this way disenchanted",2,-0.2016573256811184,0.2857527898686212,-0.48741011554973956
k107a_10,31,0.017384816951394072,0.14352082518889975,False,Iron shoes to be worn out,Wandering to the purpose of her or his travel person has to worn out her or his iron shoes or staff,6,-0.39121733326553193,0.09699155674805551,-0.48820889001358747
k78_10,24,0.015924247906612413,0.12492369014433893,False,Extracted from finger,"An ogre (an ogress) swallows people, is killed but the people are not found in his or her belly or are found dead. Only when the ogre's finger is cut off, the hero finds a remedy to revive the people or the swallowed up (the swallowed hero himself) come out alive from the finger of the ogre",5,-0.3909444450552017,0.09815802622413823,-0.4891024712793399
j54a_10,10,0.0055481959108650185,0.029515750016714314,False,The calf and the tiger cub,"Two women (usually female animal persons) live together, both have children, one of them kills and devours another. The son of the murderer kills his mother and becomes a companion of the victim's son, or the victim’s and the murderer’s children escape together",2,-1.4368040055672942,-0.9476940370041436,-0.4891099685631506
h6b_4,25,0.009757802790210152,0.06958549170867662,False,The life-medicine spilled on plants,"The life-medicine is accidentally spilled not on men but on plants which become evergreen, capable for regeneration or producing fruits",5,-1.183584732779839,-0.6926039368246079,-0.49098079595523114
k60b_10,63,0.01357519324237536,0.12255322598222511,False,Invitation to coffin,"Person is lured into a trap being invited to lie in a box or a hole to measure it. Being unable to liberate himself from the box etc., the person remains in power of his enemies",8,-1.0033494696179672,-0.5122754567497524,-0.49107401286821484
m26_11,10,0.013015890430905534,0.1093168147724528,False,Ducks rise hunter into the air,"Person attempts to hunt ducks or geese catching them by the legs. They rise him into the air, he falls down",2,0.026470044843153857,0.5175914596763629,-0.49112141483320904
i11_3,59,0.0073907977040462225,0.07880683440707441,False,Cosmic turtle or toad,"A turtle, toad, or frog supports the earth or is its embodiment",8,-1.4813495989442431,-0.9882145858855942,-0.49313501305864893
c8b_5,10,0.00674357604412035,0.04253884245305579,False,Siblings change their looks and marry,"In the beginning of time or after the world catastrophe brother and sister or mother and son are the only humans. They reject marriage or only the man does not want to marry his sister or mother. After their looks are changed (or only the sister or mother changes her face) they take each other for strangers, marry and beget the new race",2,-1.2025725805036964,-0.7085675475605483,-0.4940050329431481
e37_5,11,0.022639549192331136,0.21227959205118901,False,Peoples from sticks,"Creator takes many small sticks, transforms them into people of both sexes and all ages",2,1.9121993148083685,2.4081660366731987,-0.49596672186483026
g7_10,17,0.014890807485735723,0.10650105038188032,True,Blunt axes,Ancestors need to fell a gigantic tree or a vertical rock. Their axes become blunt or break and/or they are in search of a proper axe to cope with their work. Usually they are cutting the tree with different cultivated plants on its branches,4,-0.16831351622102542,0.3281079254920569,-0.49642144171308233
L42g_10,56,0.04207224133006559,0.32550466605612327,False,,,8,1.1992251533844331,1.6957359509957866,-0.4965107976113534
a23c_11,33,0.027843995398855844,0.23257707088760088,False,Who will fly higher?,Birds argue who of them will fly higher. One who seemed to have less chances wins (he hides himself in feathers of a strong bird using it as a vehicle) ,6,0.6094187573970128,1.1060842578030305,-0.49666550040601776
a9_1,5,0.005886444509754848,0.03460428227305301,True,The moon defends people,Female moon does not permit her husband or son to destroy people,0,-0.8421610193574494,-0.34503469675279586,-0.4971263226046535
m118a_11,18,0.00998117152577832,0.07073482128431685,False,Cave of Ali Baba,Person penetrates into enclosure with valuables after getting know magic words that open the door,4,-0.8581504390365966,-0.36024684317024563,-0.49790359586635097
m29w_9,16,0.013925691170763012,0.09956201151923859,False,Trickster is a feline,"In episodes related to deception, absurd, obscene or anti-social behavior the protagonist is a feline (jaguar, ocelote, puma)",4,-0.30391885932790114,0.19455958641490578,-0.4984784457428069
i75_3,29,0.0083401995652419,0.06824922655563125,False,World ages,"Before present world, several (three or more) other worlds or races of people existed",6,-1.2565214896368322,-0.7559078685718543,-0.5006136210649779
k61e_10,8,0.010520667894527746,0.08801450309657964,False,Woman rewarded for making a person laugh,"When a powerful (supernatural) person gets to see a woman in a ridiculous situation, he or she becomes to laugh (and thus cured from his disease). The woman is rewarded, saved from a danger ",1,0.05405957787219964,0.5566603707449183,-0.5026007928727186
b33d_3,29,0.022064673640767106,0.18430693739162574,False,The old woman of winter,Old woman is incarnation of winter or there are several cold days between winter and spring (or fall) associated with a certain old woman,6,0.05650745946439986,0.559137336701817,-0.5026298772374171
m29y_9,9,0.013076655173062139,0.11785744946864117,False,Trickster is a wren,"In episodes related to deception, absurd, obscene or anti-social behavior the protagonist is a wren",1,0.7586210521013937,1.2615224632259148,-0.502901411124521
f58_11,41,0.010754815857795608,0.0959893010560612,False,Trickster and women,A man cohabits with a group of women (or with several women in succession) concealing his identity and/or intentions. He is either eventually exposed and punished by women or escapes to continue his tricks,7,-1.000041868228307,-0.4949308300771797,-0.5051110381511272
m75b1_10,72,0.04619687650606222,0.35561081472367473,False,Marco the Rich,"A man gets to know that a poor boy must inherit all his property or become a king and tries to prevent it, but the fate cannot be changed. The boy marries a rich girl, usually the daughter of his adversary",8,1.5180236738430328,2.0232759757279695,-0.5052523018849366
a35_2,188,0.027426552314785455,0.20505797735430095,True,Spots on the lunar disc,"Dark spots on the lunar disc are dirt, blood, paint, traces of beating, burning, scratching, etc. on the Moon person's body or face (Kiliwa: spots on the Sun) and do not form any particular figure",9,-0.1611601892409585,0.3441374872587244,-0.5052976764996829
m65_11,29,0.03620262519465437,0.3039393350260198,False,"Trickster jammed, meat stolen","Trickster cooks meat got by deception but is unexpectedly jammed between trees or stuck to a stone. An animal (usually fox, wolf or coyote) steals all the meat",6,1.4090940554308715,1.914687172824475,-0.5055931173936035
m152_11,75,0.025142336869815724,0.20631630385230837,False,Why only one wolf?,"Deceived by a weak person, a predator animal or an ogre is frightened and runs away. Another animal is eager to explain his mistake and leads him back. The weak one repeats former trick or pretends to be angry: why the animal (ogre) brought to him is lean (small; only one instead of several, etc.). The predator (ogre) again runs away",8,-0.10930960499670836,0.39902545058886163,-0.50833505558557
m114b_11,44,0.02271785761439251,0.18791602569963298,False,Not clothed and not naked,"Person is suggested to make something and simultaneously not to make it (to come clothed and naked, to stand indoors and outdoors, etc.)",7,-0.00297174567981733,0.506237434395587,-0.5092091800754043
k144_10,11,0.003611555790230892,0.009956864509333772,False,The predestined death because of an animal,"A certain animal or (rare) man is predicted to become a cause of death of a certain person. When this animal (man) is already dead himself or itself or is faraway, its (his) remains or image becomes the cause of the person’s death",2,-1.8162832713437285,-1.3068289853024162,-0.5094542860413123
k101_10,41,0.0372004296419819,0.2990790591897313,False,Night dances of girls,"Every morning girl' or (rare) boy’s clothes are in disorder, the boy looks very tied. People spy on her (or on him) and discover that she or he spends nights in the non-human world",7,1.2040908191902757,1.7169071470860657,-0.51281632789579
m199d_11,35,0.03912224192049323,0.3292509189879062,False,,,6,1.6884155988438112,2.2014917021159257,-0.5130761032721145
e21_10,10,0.012799206065561024,0.10839135142362252,False,Avenged victim of water creatures,Child fishes with poison or his or her body produces fish poison. Fish or water snake kills him or her. The perished child is avenged,2,-0.01598865617727272,0.5005983527936273,-0.5165870089709
i59b2_2,6,0.007530972133651678,0.05107246935887106,False,,,0,-0.30480395230171403,0.211957562798577,-0.516761515100291
k79_10,64,0.024735817586213807,0.20423513542040836,False,Snake serves an example of resuscitation ,"Person in a desperate situation gets to see how a snake or other small animal uses remedy to revive or to cure itself or other animals. The person uses the remedy, succeeds",8,-0.1407300193170771,0.37638336617003754,-0.5171133854871146
m73_11,33,0.007236787311753097,0.0605758529803109,False,Exchanged excrements,Two (animal) persons compare their feces or vomits to know about the diet and habits of each other. The weaker one gets to exchange the feces (vomits),6,-1.3620856244554833,-0.8428545527327925,-0.5192310717226908
L44_10,28,0.006207671912608856,0.052302310560002174,False,,,6,-1.4605417331272137,-0.9366017256873785,-0.5239400074398352
a31_2,103,0.03882017249250166,0.2639375324047548,True,The incestuous Moon ,"As a result of some intimate contacts and/or love affair, the Moon acquires its present appearance (often, the stains on his face) and/or ascends to the sky",9,0.45832791151821217,0.9823176407261843,-0.5239897292079722
d1a_3,5,0.008126123522526736,0.057041888370619485,False,Mother-in-law is the Fire,Girl marries man whose mother is Fire,0,-0.1103354616951299,0.4138571505453065,-0.5241926122404363
j58b_8,7,0.005319199339123641,0.030051669193068085,True,The sky door,Chain of arrows is used to pull or push the sky or the Sun lower or higher or to break a hole in the sky,0,-1.0275110230683255,-0.49901462381274975,-0.5284963992555758
h36g_4,13,0.005506577834589932,0.039428023493340486,False,Muddled message: how many meals a day,God sends his messenger to tell people that they should eat only rarely (once in three days or the like). The messenger tells them that they should eat often (three times a day),3,-1.2426171929660514,-0.7130061214976229,-0.5296110714684286
L124_10,5,0.009907611491082696,0.07442222457833753,False,,,0,0.4717740364171175,1.0017004077084568,-0.5299263712913393
L41b_10,10,0.015256031674435523,0.1353447346680847,False,,,2,0.4654195147384276,0.9955090620112227,-0.5300895472727951
k27i_10,9,0.008949349786896755,0.07090045905671978,False,Task: to dry a body of water,A task: to dry a body of water,1,-0.3790764598902129,0.15244288020783212,-0.531519340098045
m131_11,57,0.012151896319940292,0.11625581512511446,False,Biting tree-root,"A stronger (animal)-person gets to seize a leg or tail of a weaker one. To get free the weaker one pretends that his pursuer got hold of a tree root, and the pursuer lets his enemy free",8,-1.1133579755062342,-0.5807881758844279,-0.5325697996218063
f56_11,24,0.01654028504261725,0.13359332918791866,False,Watching vagina triggers incest,"A man or boy thinks about incest when he gets to see his daughter(-in-law)'s, sister's, or mother(in-law)'s vagina",5,-0.31175848888199165,0.2220438949879306,-0.5338023838699222
k27nn_10,64,0.025563156838316694,0.21166919157338818,False,Envious minister,Not the powerful person himself but his official or adviser tries to get rid of the hero and suggests that the person should give the hero difficult tasks,8,-0.07678387178319387,0.4572622246084086,-0.5340460963916025
f9g_10,43,0.02554018890960989,0.21189823904032606,False,Brunhilde,A strong woman overcomes and kills suitors. Hero's helper whips and tames her. Hero marries her,7,0.2322579114300095,0.7674262345145121,-0.5351683230845026
f51b_10,13,0.00759942494597874,0.05961781873806616,False,Following thread,"To get know the nature or locality of a person, another fastens a thread to his body and follows it",3,-0.8710094234479788,-0.33519611297565105,-0.5358133104723277
g26_6,12,0.005684282326037266,0.033601589181685626,False,Swallowed food: saved for people,Food products were swallowed or hidden in person's mouth. Thanks to this people got them,2,-1.4101382495698391,-0.8726709669670846,-0.5374672826027546
m22_9,43,0.0190316558171343,0.1624069146868335,False,Helpful stock,"A long-necked bird living near water (stork, heron, bittern, swan) saves person from dangerous pursuer",7,-0.31020144131336663,0.22841928630046202,-0.5386207276138286
k65c_5,33,0.01820033296997266,0.1553551067848418,False,Unwashed children of Eve,A woman gives birth to many children but conceals part of them (rare: all) from God. The concealed children become poor people or non-human beings,6,-0.31319640984384606,0.23108532060485049,-0.5442817304486965
b49_7,15,0.003477991270984208,0.020968776280257197,False,Muddled request,Animals of particular species do not hear well the instructions concerning their way of life or the ask God for some benefit but muddle their request. Thanks to this they acquire their present habits. (In the Toraja tale the motif is used to explain the mortal nature of human beings),3,-1.6028148032327707,-1.058432524408077,-0.5443822788246937
k56c_10,32,0.012682808326281573,0.10881481086812508,False,Golden axe,"A man loses an axe. A spirit or a powerful official suggests him a golden axe but the man does not accept it. The spirit (official) gives him axes of gold and silver as a reward for his honesty. Usually another man intentionally loses his axe, claims the golden one but receives nothing",6,-0.8410614154301254,-0.2962608811807751,-0.5448005342493503
j5_10,24,0.01270205569834519,0.09996535366593277,False,Brothers as victims,Two or several brothers or friends are killed by antagonists. One of them is the father of the young hero who avenges their death or all of them are his uncles,5,-0.8051278701653144,-0.2584871791856712,-0.5466406909796432
f29_5,26,0.02543065181355536,0.21465651777760794,False,Girl sits on the ground,"A girl or young woman who is usually occupied with domestic work (is cooking, weaving, etc.) sits on the ground and copulates with a penis-like creature that crawls from below into her vagina",5,0.8310170880139798,1.380406255025722,-0.5493891670117421
f30_5,113,0.01786808643340991,0.16118103150490232,False,Snake paramour,"Woman or girl takes eel, snake, lizard, or worm for paramour. People kill or badly injure the paramour, the woman and/or her progeny or the woman herself is transformed into snake",9,-0.6808682173008842,-0.13143329468516537,-0.5494349226157188
b103_7,11,0.012606099195540748,0.10812274722287109,False,Cornel-tree fruits,"Person (a devil or a bear) thinks that because the Cornus mas tree (European cornel, male cornel) blossoms before all other fruit trees do, it also brings its fruits early. The cornel fruits become ripe very late, so the person is disappointed and gets no fruits",2,-0.05382741231524083,0.49566631534634203,-0.5494937276615829
L20_10,19,0.012367977577470435,0.09087644088685223,False,,,4,-0.5227881116694253,0.027397598299035493,-0.5501857099684608
k24b_10,18,0.009995416189751713,0.07356432052817485,False,To dance in her magic clothes,"Magic wife gets her wings back and flies away after she pretends that putting her real clothes she would be more beautiful, a better dancer, etc.",4,-0.8561489677987919,-0.3057904650006857,-0.5503585027981062
m36_11,12,0.024938956035836048,0.23984469513170464,False,Dismantles himself to crawl through an opening,"Person is imprisoned inside a tree, stone, a ball of ice, etc. He or somebody else makes the opening but it is too narrow. The person puts himself to pieces (or turns into fog), inserts them into the opening, outside puts the pieces together again",2,2.3627617148111315,2.9143089795275823,-0.5515472647164508
h32a_4,31,0.00929826555349352,0.08085197313326888,False,Superfertility lost: a maltreated wife,"Supernatural woman comes to live with humans. Thanks to that, food becomes easily available. She is maltreated, goes away, temporal superfertility is lost forever",6,-1.1648627221823482,-0.6131066592353913,-0.5517560629469569
h49_10,48,0.012474854595696788,0.11352489862756127,False,Pet defends master’s child,"A dog or other animal or bird kills dangerous creature who was going to attack the pet's master or his child. The master thinks that the assailant was the pet, kills it, then regrets his deed",7,-0.8566837432563233,-0.30395172301966267,-0.5527320202366607
m28_11,61,0.004173416816617774,0.061454471459538584,False,Icarus (failed attempt to fly on artificial wings),Person flies on artificial wings or partly turning himself into a bird but falls to the ground or remains in a far away place being unable to fly any more,8,-1.7300252327634518,-1.1769997224953626,-0.5530255102680892
m179a_11,26,0.01591889733754508,0.12939285545322138,False,The owner driven out of his house,Using a trick the intruder occupies other person’s house and refuses to let the owner in,5,-0.3916322119168154,0.16202071118216074,-0.5536529230989762
h39_7,14,0.005899918852084014,0.04445416626060361,False,The spilled poison,Snakes drink liquid spilled on earth and become poisonous or immortal; creatures obtain their characteristics (usually becomes poisonous) after drinking or licking a particular medicine,3,-1.1727752167531078,-0.6189523176469672,-0.5538228991061406
m29qq_9,10,0.011699392836842338,0.09872810722324994,False,Trickster is an anteater,"In episodes related to deception, absurd, obscene or anti-social behavior the protagonist is an anteater",2,-0.2314940110847808,0.3231644849495299,-0.5546584960343106
k102_10,97,0.052602729749240164,0.33591614384738655,False,Demonic paramour of mother or sister,A woman who initially is a friend of the hero (his sister or mother) tries to kill him when she becomes allied to a demon whom the hero overcame or (rare) a man who tries to get rid of the hero,9,1.2077060797742027,1.7624750528783555,-0.5547689731041527
k27n3a_10,49,0.02658518277745767,0.22177281316823128,False,,,7,0.319353834446649,0.874969609744882,-0.555615775298233
k29d_10,12,0.013864429810974958,0.12190686802555387,False,The drunk elephants,"When water in a spring is replaced with alcohol, a big animal becomes drunk and is caught",2,0.1927389853139835,0.7487666011443548,-0.5560276158303713
b51a_7,31,0.023609148229807284,0.20206125554375687,False,Snake and swallow,Swallow does not let snake to destroy people. Usually the snake sends mosquito or other bloodsucking insect to get know whose blood is the most delicious. The insect flies back to report that human blood is the sweetest. Swallow bites its tongue off and the snake gets to pull off feathers from the swallow's tail,6,0.20426830154849826,0.760310794205704,-0.5560424926572057
m138_11,24,0.019555762984193745,0.1623572422954923,False,Human and animal life spans are readjusted,God originally gives 20 or 30 years to everybody. Some animals refuse some of their years because of their sufferings. Man wants to have more years and takes them from the animals,5,0.07585370227832121,0.6330693536564653,-0.5572156513781441
m91c2_11,101,0.015901491407170048,0.15208075419320313,False,Put into bag,"Person is put into a bag (a cage, tied up, etc.) to be drowned, burned, etc. He pretends to be in this situation by his own will or because he refuses to marry a princess, to become a chief and the like. Another person is willing to take his place and is killed",9,-0.7877949182760928,-0.2300688289788618,-0.557726089297231
m8_10,105,0.03728052015739714,0.2593732475265872,False,Breaking the obstacle,Non-human persons work hard to destroy a strong and durable obstacle that blocks access to some place or object,9,0.3746147206248764,0.9328465463620673,-0.558231825737191
m29gg_9,10,0.009069295135449648,0.07089943585299721,False,Trickster-hedgehog,"In episodes related to deception, absurd, obscene or anti-social behavior the protagonist is hedgehog",2,-0.7468543684432671,-0.18781802732061,-0.5590363411226571
i93_2,18,0.015229429263655895,0.11226645332303735,True,Milky Way is the backbone,Milky Way is the backbone of the sky or of all the world,4,-0.12073487552669261,0.4390685357643729,-0.5598034112910655
a20_1,34,0.009946260740405544,0.08720301292639077,True,Childhood of the Sun and Moon,The Sun and Moon are two siblings who live on earth and then ascend to the sky. Their (birth and) childhood are described,6,-1.102868620651635,-0.5411432854251873,-0.5617253352264476
m18a_11,16,0.009861572640100211,0.07328175519495847,False,Getting arrows,"Person turns into a fish or game and exposes himself as a target. A lot of arrows, darts or harpoons stick in his body making him no harm, he carries them away",4,-0.8749548880713626,-0.31122870099832406,-0.5637261870730386
m102_11,20,0.013562966147887094,0.10892516342152425,False,Person lets his leg or head to be cut off,"A bird stands with one leg tucked under it, putting its head under its wing; turtle draws its head and limbs under its shell. Person decides that the bird has one leg, no head, turtle has neither head nor limbs, asks to cut him his head and limbs off",5,-0.6944656825436437,-0.13045488049940077,-0.5640108020442429
L1b_10,20,0.023520132616265513,0.19881923425975517,False,,,5,0.5854372672814149,1.154097452824707,-0.5686601855432921
i117_7,60,0.014827782607085362,0.13873003014659208,True,Spider ferries from one world to another,"Spider person raises the hero to the sky, helps him or her to return back to earth or otherwise helps to overcome the borderlines between worlds",8,-0.9065351771599105,-0.33627981896180636,-0.5702553581981041
k136b_10,14,0.006175536947886111,0.04801515011831402,False,Rubies from a river,Person finds precious stones (usually in a river) and gets to know their source,3,-1.1238362258146493,-0.5523159141906402,-0.5715203116240091
f54a_5,7,0.003494375398365977,0.013771034053460944,False,Imperceptible scar (husband proves to be son),"After a rather long marriage, wife discovers some minor traits in her husband guise that help her understand that he is not a proper marriage partner but her close kin (brother or son) or a transformed animal",0,-1.6237807521076382,-1.0496634418086623,-0.5741173102989758
L63_10,15,0.0039204323702725094,0.026768808671912933,False,,,3,-1.524254573412378,-0.9498969864911376,-0.5743575869212404
k27p_10,37,0.02068590644690541,0.17874545968818967,False,Antagonist mourns loss of his helpers,"The antagonist sends the hero to the place where he is attacked by dangerous creatures. The hero kills them and brings to the antagonist. The creatures are the antagonist's relatives, pets, or helpers, therefore he or she mourns their death or revives them",7,-0.17232648344638027,0.40636136795779876,-0.578687851404179
b98_7,48,0.004621950942686397,0.056037660713548286,False,Bat between birds and animals,Bat becomes outcast among other creatures usually after it makes attempts to join first animals and then birds or vice versa,7,-1.5111908299135135,-0.9300416705823712,-0.5811491593311423
k61a_10,18,0.008521198742127757,0.0644213033593445,False,To get know a secret,"To get know the precise number of certain units, to select certain object among many others, to get know a name of particular person or a reason of particular phenomenon, person tries to surprise the possessor of the knowledge who becomes to speak aloud and unintentionally names the corresponding number, specifies the object, etc.",4,-1.0632864492585696,-0.4817564425980955,-0.581530006660474
L50_10,27,0.017067854721160285,0.14919400503410463,False,,,6,-0.4215413064668676,0.16127412703444174,-0.5828154335013094
i87a_8,33,0.026359495317044065,0.2278787621888997,False,Series of creatures ever greater in size,Personage of gigantic dimensions in respect to normal humans and animals proves to be tiny dwarf in respect to another personage,6,0.4673957136260316,1.0528479128620758,-0.5854521992360442
m168_11,47,0.03735796593908332,0.3069776633204594,False,More cowardly than the hare,"The hare is in despair because he is afraid of all creatures but is delighted when he sees other animals (sheep, frogs, dusks) being afraid of him",7,1.2172208189221692,1.8029303554618623,-0.5857095365396932
b98a_7,7,0.007996061738156136,0.057623583313295056,False,Bat and funerals,Bat is in conflict with other creatures because of the incident related to somebody's death or funerals,0,-0.15283375601980212,0.4335314218419625,-0.5863651778617647
k27x3_10,78,0.02152064706528472,0.1830096083586309,False,The man persecuted because of his beautiful bride,A powerful person coverts a beautiful bride or wife of a man and gives him impossible tasks to get rid of him,9,-0.482273054968433,0.10516096141190688,-0.5874340163803399
f9a_5,105,0.01047443185549582,0.1277085886026843,False,Vagina dentata,"There are teeth or sharp stones in vagina, vagina is a toothed mouth",9,-1.0828722301342701,-0.49423238054720464,-0.5886398495870655
k133_10,11,0.008427251190308332,0.06614042711412128,False,Foam-flecked horse,Every morning a horse is exhausted because animals or demonic creatures ride it at night,2,-0.872661100578226,-0.27520165440622774,-0.5974594461719982
h26_8,30,0.01626799076416353,0.14378495570717867,False,Mosquitoes had to be drowned,"The right way to dispose of container with stinging insects would be to throw it into the river or sea or bury in a far away place, but it was not done",6,-0.4980647874469,0.09998440891726632,-0.5980491963641663
d2_3,8,0.004713649727175114,0.024390467472762033,True,Woman gives birth to the fire,A woman gives birth to a son who is very hot (usually the fire or Sun),1,-1.5466531155069707,-0.9460790143941371,-0.6005741011128336
k92b_10,41,0.02987295969385056,0.25114869710010335,False,Love you like salt,"A girl answers her father (rare: brother) that she loves him like she loves salt (or that salt is the most valuable, etc.). He becomes angry (usually drives her away) but later satisfies himself that she was right",7,0.5933764617715311,1.1949005422072123,-0.6015240804356812
i59_2,44,0.030094781826702992,0.25298371487703597,False,Milky Way is spilled straw,"Milky Way is a trace of people who spilled on their way something related to agriculture (straw, chaff, hay, more rare flour, peas)",7,0.6118644204100753,1.214885607161191,-0.6030211867511158
d4g_7,18,0.008739141337073396,0.06717675443840807,False,Hummingbird obtains fire,"Hummingbird steals for people, discovers or spreads the fire",4,-1.0326640466458423,-0.4287251911090112,-0.6039388555368311
k27v1_10,15,0.006787824128050923,0.05561610375575729,False,Dancing apples,"A task: to bring objects (usually fruits) that act like people, i.e. dance, sing and the like",3,-1.0151179768382266,-0.4100798823870114,-0.6050380944512153
m178_11,33,0.031533166497618746,0.2735461878326666,False,The lying goat,"A man sends others one after the other to pasture the goat. Back home, the goat always complains it did not get anything to eat. The man angrily sends away or kills his shepherds (who usually are his family members). When he himself pastures the goat he realizes that it lies. He is going to kill the goat, usually skins it, but it escapes",6,0.9623640450784952,1.5703036570555244,-0.6079396119770293
c6f_10,9,0.0062813061881040995,0.04306285888588744,False,Diving for drowned person,Persons or animals dive to get from under the water a drowned person or creature or part of its body,1,-1.11452641578788,-0.5050548367210738,-0.6094715790668063
j8_10,23,0.02022881984006397,0.17256883147456753,False,Feathers at the crossroad,A woman or a girl is in search of her husband or other person. Bird feathers at the cross-road or near the person's dwelling mark the correct or the wrong way,5,0.1623690234757753,0.778989107702687,-0.6166200842269117
L70_11,115,0.009979855764987701,0.12788554237679634,False,,,9,-1.1097630688853284,-0.49231442470289344,-0.617448644182435
L104_10,107,0.05127731246180683,0.3356879552527394,False,,,9,1.1356411675427658,1.7600017761658082,-0.6243606086230424
i110a_2,31,0.016916904277393233,0.1516351750952219,True,The star plough,Orion (rare: other constellation) is a plough,6,-0.43598282906766944,0.1889349257957272,-0.6249177548633966
b1c_3,6,0.008650839336437002,0.065097630078759,False,One creator deceives another,"Two creators agree that whose object will be found in a certain condition (usually: whose tree or flower will grow or blossom first) should be recognized as a senior one. While one of the creators sleeps or is absent, another replaces the objects and so achieves the priority by deceit",0,0.06111787645704962,0.6863210078598092,-0.6252031314027596
j27a_10,6,0.007603116557504379,0.05507699124978141,False,Thrown-away kills his father,"One of two babies is thrown away and lives in the water, in the forest, etc., another lives in the house; after both of them become to live in the house, they kills their father",0,-0.28123042550740507,0.3473997754002256,-0.6286302009076307
i81a_3,15,0.008489383499663716,0.07308658043853082,False,The chthonic crab,"A giant crab produces earthquakes or floods, stops or can stop flow of the waters into the chasm",3,-0.7129876017397788,-0.08315626258824792,-0.6298313391515309
i95c_2,19,0.02070259202716784,0.1559982646719177,False,Orion is a staff,"Orion is a staff, a crook",4,0.6482813590054103,1.2807284379622463,-0.632447078956836
e8a_5,6,0.0070397633698182005,0.04977177827417717,False,Women from coconuts,Coconuts picked off a palm or fallen to the ground (rare: leaves picked off a tree) turn into women or into both women and men,0,-0.4653087056485572,0.1679651753872223,-0.6332738810357795
k4_10,110,0.027134259713584276,0.21556732747907584,True,The bird nester,Person climbs up a tree or rock or descends to a cave to get eggs or nestlings from the bird's nest. Another person remains on the ground. They get into conflict and/or the first person is unable to get back to the ground,9,-0.17705257336117156,0.4580455945758568,-0.6350981679370283
k24_10,205,0.022380713577199653,0.19182335466581654,True,Stolen clothes of supernatural woman,"Women who possess supernatural power and usually come from a non-human world (from sky, from under the water, they are winged beings, bird- or animal-persons) take off their clothes (feather skins and the like) or part of it. After the man hides clothes, their owner has to marry him or help him",9,-0.4355099575786493,0.20069086081626114,-0.6362008183949104
b90_3,28,0.03382533387989713,0.2958871516061467,False,Master of wolves,There is an anthropomorphic patron or patroness of wolves. Usually he or she gives instructions to wolves on particular day of the year,6,1.1816571205402548,1.8234482097085134,-0.6417910891682586
m94a_11,14,0.015132807881183872,0.13684754007915995,False,Wolf in a basket,Person tricks another to crawl into a basket and closes it. One in a basket is killed or badly injured (usually rolled down a hill),3,0.46662466087812016,1.109997427838022,-0.6433727669599019
a6_1,48,0.005758712112512851,0.07049595251314854,True,The Sun and the Moon are females,Both the Sun and the Moon are considered to be females (incl. cases when the gender is not directly specified but both emerge from parts of the body of a female person),7,-1.4164464812797548,-0.7725773100890396,-0.6438691711907152
b35_7,6,0.008135097632442958,0.0606706988622703,False,Waddling bear,"Being in a hurry, the bear puts his left shoe on his right foot and vice versa. Now is lumbering",0,-0.10740312944728957,0.5365919327466171,-0.6439950621939067
h34d1_4,13,0.005569099264186289,0.046304639247759447,False,,,3,-1.231515833065965,-0.5843245660242923,-0.6471912670416727
f98_5,6,0.006849044525198074,0.04836943497700733,True,God and a cow,Anthropomorphic god descends from the sky and copulates with a cow,0,-0.5276269771619819,0.12053467452595827,-0.6481616516879402
k100e_10,9,0.005068894942942751,0.030591997859716637,False,Aggressive stories,Stories become harmful because they think that a certain person does not treat them in a correct way,1,-1.448729274087215,-0.7996047477236862,-0.6491245263635289
m83c_11,6,0.007308879371117973,0.05288699328863693,False,Who becomes drunk easier?,Animals argue who of them gets drunk easier. The last one falls down because he becomes drunk as soon as somebody talks about alcohol,0,-0.3773737977425739,0.27332896806520124,-0.6507027658077751
m127c_11,14,0.009578627915054289,0.08454332360081075,False,Frightened without reason,An animal person mistakes an object abandoned by chance or intentionally for an evidence of a danger and behaves inadequately,3,-0.5195804075588804,0.1312328473214121,-0.6508132548802925
k100a_10,42,0.028411206149889644,0.24473526860293301,False,Tobias,"A young man lets free a fish or an animal that was caught or he or his father renders a help to somebody. When the young man sets off for a journey, the grateful creature or person in guise of a stranger becomes his companion and protector",7,0.47154534098579165,1.1250522896698998,-0.6535069486841081
i13c_8,41,0.022644633913027044,0.2006661346343347,False,Snake’s crown,"Reptiles possess treasure with magic properties. Person gets or tries to get it. Usually it is a crown, jewel or small horns on the snake's head",7,-0.00907463877167329,0.6450980811061914,-0.6541727198778646
m106a_11,16,0.016831079394323323,0.1289054061099447,False,“Myself” and “Nobody” in a demon’s house,"After doing damage or injury to his antagonist, person lies that his name is so and so. Other demons understand it not as a name but as a common word and it makes them believe that the injured one was the trouble-maker himself",4,0.10430775626476148,0.7593008550612046,-0.6549930987964431
k3_10,66,0.018222446446369354,0.17067832027641286,True,Tree or rock grows taller,"Hero climbs up a tree or rock to get eggs, nestlings, fruits, honey, etc. Another person makes the tree (rock) grow higher or thicker and the hero is unable to descend back",8,-0.6441571089816618,0.011301794841588404,-0.6554589038232502
k19b_10,54,0.029500441124286958,0.2508017338192668,True,Star-husband,A woman maries a star-man,8,0.22753405002886615,0.8830049523344232,-0.655470902305557
m197a_11,28,0.015337083973579713,0.14124898282905876,False,The pot has a child and dies,"A borrower returns a cattle (pot) together with a small one, claiming that the cattle gave birth to a child. He borrows the pot again but does not return it, claiming that the pot dies",6,-0.5871252176116672,0.071249403289003,-0.6583746209006702
m78_11,82,0.04253512834347169,0.29542774915194575,False,Thumbling,"A childless couple (old woman, old man) gets for a son tiny boy as big as a thumb. He taunts people, predator animals, ogres",9,0.6603155948554753,1.3236318938523375,-0.6633162989968622
d6a_7,17,0.016980206302918983,0.13047924479236936,False,Fire and crocodile,Crocodile or cayman is an original or temporary owner of fire or lighting,4,0.12526109141499564,0.7895908629677417,-0.6643297715527461
k25_10,281,0.01379335214847653,0.1513421900545986,True,Woman from sky-world marries mortal man,"A man gets a woman connected with the upper world (bird-maiden, sky fairy, star-woman, etc.), she becomes his wife or (rare) adopted daughter",9,-0.9024175900111155,-0.2380739332109899,-0.6643436568001256
m144_11,22,0.01682423037406121,0.1455563054098258,False,The wasp nest as king’s drum,"One animal person gets to convince another that dangerous or disgusting objects are attractive and delicious (a wasp nest is a drum, a snake is a girdle, a heap of dung is a delicacy, etc.)",5,-0.2752599058304453,0.3929903086508015,-0.6682502144812468
b33a_10,40,0.02803993075836876,0.24328243349743092,False,One dies of cold in the spring,"Believing that a winter is over, an old woman (rare: a young girl, a man) goes outdoors (usually to graze her animals) without a proper clothing. It becomes cold again and she dies of cold",7,0.4406010704854544,1.1092295525194105,-0.6686284820339561
i47a_3,5,0.0061171049934747364,0.04191466775805976,True,Rainbow is fox’s wedding,Rainbow is associated with a wedding of foxes or jackals,0,-0.7667916310806657,-0.09778051459743178,-0.669011116483234
k27x4_10,8,0.007284633588342859,0.057345216147923546,True,To climb a tree with a full glass in hand,"Person must climb a tree (pole, rock) with a full open vessel in hand and not a drop should be spilled",1,-0.8379578122648977,-0.16771910251539995,-0.6702387097494977
L80_10,12,0.01414610848804823,0.13113490683255077,False,,,2,0.24793314163748373,0.9182093456501556,-0.6702762040126719
j32a_10,26,0.022884619110139393,0.20022783456679,False,To guard father’s grave,Before passing away a man asks his sons to guard his grave for a certain time or to bring something to his grave. The youngest son goes and obtains valuables,5,0.5037478013346882,1.174225819403842,-0.6704780180691537
m135_11,35,0.03135505099951532,0.27759880050496955,False,Sham brains,"Eating much, person gets dirty (usually a fox covers his head with a milky substance or dough) but convinces others (a wolf or a bear) that his body looks strange because he has been badly injured",6,0.9453236248768611,1.616223646560353,-0.6709000216834919
k119_10,86,0.044781920994899,0.3075114074646952,False,Puss in boots,"An animal intends to help a poor man to become rich, gets for him a bride, makes other people believe that the groom is rich. The man becomes prosperous indeed",9,0.7824770580886089,1.4546035173619032,-0.6721264592732943
L96_10,58,0.0289385731810995,0.2484942739591702,False,,,8,0.1841065318755794,0.8579009289672914,-0.673794397091712
L93b_9,22,0.006913147704064111,0.05683960947584497,False,,,5,-1.5492392036130571,-0.874737781802235,-0.6745014218108221
j32_10,73,0.041212198812156355,0.33579439140575984,False,Brothers spy for night chief,"Somebody regularly steals valuables (horse, hay, apples, etc.). Brothers one by one spy for the thief but only the youngest surprises him",8,1.132751327084219,1.807683079561582,-0.6749317524773628
k48a_10,11,0.012749417374104744,0.11652605584299636,False,Birds decorate hero’s attire,"Alive birds and beasts decorate hero's costume and headgear. Imposter steals hero's attire, takes his place but the birds and beasts are mute or cry differently",2,-0.025744612318268044,0.649965587954912,-0.6757102002731801
L28_10,56,0.017802335000904928,0.1695898973256319,False,,,8,-0.6766280795104483,-0.0005397091699197413,-0.6760883703405286
L105_10,41,0.015830111989397423,0.15053118478194488,False,,,7,-0.5770368968450403,0.0990814474475678,-0.6761183442926082
k65d_5,6,0.00530564455480258,0.03430979650683568,False,Wrong marriage ritual and the birth of spirits,"The primeval couple is married. First wife has miscarriages or gives birth to spirits, worms or other unpleasant animals. Later, usually after the proper marriage ceremony is organized, she becomes to give birth to real human beings or gods",0,-1.0319401120307103,-0.354994887967308,-0.6769452240634024
k68_10,11,0.016395249694749404,0.1555148526666352,False,Blood-clot defends his stepfather,"A weak man abused by a strong one (often his son-in-law) brings home a clot of animal’s blood, from which a child is born. The blood-clot boy avenges the old man",2,0.6886461293798928,1.365867295451776,-0.6772211660718833
m91b_11,39,0.0172149839182558,0.16144840927996335,False,Sold ashes,"Using trick, a man sells or exchanges for treasure ashes. Another person tries to sell ashes and is ridiculed",7,-0.4616135411538049,0.21798026328071762,-0.6795938044345224
L91_10,7,0.015596894141738763,0.13390224787080723,False,,,0,2.330773663047541,3.0134526667273964,-0.6826790036798553
L33f_10,11,0.016243086148016395,0.1542802628436696,False,,,2,0.658830103998123,1.3431980921337745,-0.6843679881356515
k80d_10,28,0.007085181489548214,0.07389389844427878,False,The stuck in pin,"Person is bewitched (transformed into a bird, faints) when a pin or other sharp object is stuck into her (rare his) body",6,-1.3765898475180116,-0.6919483207827485,-0.6846415267352631
m152a_11,49,0.013416469980400051,0.1329725224059695,False,Tied together,Two predator animals (an animal and an ogre) tie together with one rope and because of this are injured or dead during a confrontation with a weak person or animal,7,-0.7782039898523111,-0.09214885696693653,-0.6860551328853746
b18_3,48,0.017167554947033845,0.16182900135637995,True,Day in container,"Day light (also warmth, the sun, the moon) is kept as a particular object in a container, under a cover, etc.",7,-0.46556655002151587,0.2221252680124265,-0.6876918180339424
m39a3_11,17,0.006506992598526603,0.05534306177190807,False,Had your daughter horns?,"Fool kills a person, throws the body into a pond or a well. His relation throws there a dead goat. Searching for the corpse in the pond, the fool asks if the killed person had horns, etc. People see that he is really crazy and do not suspect him of a crime",4,-1.3462959797717229,-0.6564757531167995,-0.6898202266549234
m110_11,40,0.002333899630947104,0.04852582303813349,False,The forgotten liver,"An animal is tricked to be carried across the water by those who are going to eat or to use as a medicine a part of its body. The animal tells that forgot to take just that part which is needed, is carried back to take it, escapes",7,-1.7018904569991669,-1.0118526294483148,-0.6900378275508521
j24_10,10,0.008474440385043943,0.07171040985359253,False,Grounded to powder,Hero is grounded to powder but resuscitates,2,-0.8634145086172027,-0.17292714278298432,-0.6904873658342183
m191_11,30,0.03156211798142888,0.28109219199295354,False,Cat and wild animals,The fox (who married the cat) poses him as a strong and dangerous animal. The wild animals are eager to get him round but are scared and run away,6,0.9651338514953354,1.6558071235505991,-0.6906732720552637
L113_10,42,0.015901092630820138,0.15244823699606033,False,,,7,-0.5711209535354812,0.11995994437597819,-0.6910808979114594
m145_11,48,0.009022769896959713,0.1012021814614216,False,The lion in a well,"A weak animal person demonstrates a strong one his reflection in water. The latter believes that an animal like he contests his supremacy, invites him for a visit, etc., usually jumps in and drowns",7,-1.1444007456415655,-0.43815767245001175,-0.7062430731915537
i80a_3,10,0.005664249838964229,0.04290291430025665,False,The youngest Thunder,Man meets Thunders and becomes one of them,2,-1.4140635599076539,-0.7018825590947178,-0.7121810008129361
k102a_10,10,0.0032533725754499906,0.01726833267765199,False,Father was right,"A man tells his son to kill his sister, mother, or wife. The young man does not fulfill the order but later regrets about it",2,-1.886468279859401,-1.1725777907942947,-0.7138904890651063
L106a_11,21,0.012042401531396615,0.10575409246344769,False,,,5,-0.889920397921393,-0.17576828727195495,-0.7141521106494381
c34a_3,6,0.011816946483268009,0.09831892697732209,False,Buried in sand,A supernatural person comes to people who fish. They bury him on the beach or throw him into river or marsh. Somebody saves him. He or his father sends the flood,0,1.095658145457752,1.8099422740216935,-0.7142841285639414
m39a2_11,8,0.005076489592165954,0.033525955643435204,False,Misunderstood instructions: a sharp object,Fool is acting in an absurd way taking instructions literally or being one step behind. One of the episodes is related to treatment of a needle or other sharp objects,1,-1.4466357983888454,-0.7303074472192416,-0.7163283511696038
m185a_11,73,0.01898713991636421,0.18193883322436658,False,On the tail of the winner (all versions),"Birds, animals or fish compete as about who is the fastest or can fly higher than others. A weak one imperceptible sticks to the body of the fastest or strongest and wins",8,-0.5850529369915153,0.13381061289725224,-0.7188635498887676
k77c_11,92,0.02788333733098703,0.22730064942703979,False,Ones who hide in a house frighten dangerous enemy,"Objects and/or domestic animals live in a house. When dangerous enemy comes, they attack him, he dies or escapes (all texts with K77A and K77B included)",9,-0.13632410749273563,0.5852200135234576,-0.7215441210161933
m158_11,68,0.0356450083937104,0.30058271806174325,False,Tops or buts,"Two animals (an animal and a person, an ogre and a person, etc.) agree to divide a crop in such a way that one would take what is above the ground and another what is beneath ground. One of them (several times makes a wrong choice (takes turnip tops and wheat roots)",8,0.7024557996542041,1.4245974685351768,-0.7221416688809726
b21_3,8,0.007737753239953793,0.06493656521981492,True,Destruction of the world tree,"People ascend the tree to hunt, fish, or gather food in the sky. The tree is destroyed, people fall to earth or remain in the upper world",1,-0.7130547454842692,0.011581363492755483,-0.7246361089770247
e31b_11,6,0.006509306274496833,0.04734919114940936,False,Rescuers of a man,Several women take part in the reanimation of a dead man. They argue whose role was crucial and/or who of them should be the spouse of the reanimated person,0,-0.6386380342647344,0.08602766341017412,-0.7246656976749085
k104_10,5,0.009907611491082696,0.08024575350538564,False,A red swan,"The youngest of several brothers remains at home, wounds a red swan or duck, goes away following the bird's trace",0,0.4717740364171175,1.1986656546258094,-0.726891618208692
k27f_10,76,0.0400397664682815,0.2888896431496943,False,Difficult task: to build a bridge,A task-giver asks to build a bridge (usually of gold etc.) during a very short time,9,0.5246390526628718,1.2527670666924184,-0.7281280140295466
m171c_11,12,0.009992133697435268,0.08998131535243488,False,In exchange for a thorn,Somebody pulls out a thorn from a person’s body and throws the thorn away. The person claims his thorn back and receives something more valuable in exchange,2,-0.5660267091372027,0.16255826609746082,-0.7285849752346635
k76_10,120,0.028051314022158626,0.22883481927657176,False,A strange son,"A boy or (rare) a girl born in family or found by his adoptive parents has strange guise (ball of meat, nut, bag, half of a man, an animal). He or she possesses magic power and usually marries a princess (a prince)",9,-0.1271909645791933,0.6018484807253667,-0.72903944530456
k27hh_10,87,0.015013434353962898,0.16360032366011554,False,To sort grain,A task-giver asks to sort a large amount or small particles of different kind (usually seeds of different plants) mixed in container or to count such particles or to pick up the spilled grains,9,-0.8360799030900553,-0.10521121747052627,-0.730868685619529
b22_3,9,0.008042149617852962,0.06877038788852041,False,Offended person destroys the tree,People who have climbed up a tree do not share food with a person who remained below. He or she revenges on them destroying the tree. The events have cosmic dimensions,1,-0.629147457461443,0.10213261921577273,-0.7312800766772157
m45a_11,33,0.013387408821029982,0.13129926254237045,False,Old man and animals,"A man falls asleep or pretends to be sleeping or dead. Animals take him for dead: mourn, carry to bury, are going to eat up, etc. The man kills a lot of animals or obtain valuables otherwise ",6,-0.7736518489822899,-0.041490472955097626,-0.7321613760271922
h36_11,103,0.011428362285160181,0.1459761921047474,False,The muddled message,"Person is sent by god to bring instructions or certain objects but distorts, forgets or replaces them. This has fatal consequences for humans or for a certain species of animals",9,-1.0310056117187343,-0.2962345866365749,-0.7347710250821593
i46b_7,9,0.009579704995531447,0.0868725859930882,True,Rainbow predicts future harvest,Intensity of particular colors of rainbow predicts good or bad harvest of particular crops,1,-0.20531816351153478,0.5296893716695606,-0.7350075351810954
d4m_11,24,0.018161035128661438,0.16226665454221362,False,Fire owners dance,Person comes to the owners of fire or light. They feast and dance. He joins them and in a proper moment carries away the valuables,5,-0.10342584498726685,0.6317748888629625,-0.7352007338502293
m130a_11,13,0.0022089566995743644,0.019144667740582412,False,Bird helps animal to escape from snare,A predator animal lures a herbivorous animal into the hunter's trap and hopes to feast on its entrails. A bird advices the herbivorous animal to sham dead and helps him to escape,3,-1.8281456952777195,-1.0925669202534023,-0.7355787750243172
j12c_10,8,0.010681061203554032,0.09979168791894705,False,Meeting at a feast,A girl gets to see her bridegroom for the first time at a feast and then sets off to his place following instructions received from him,1,0.09827221821400008,0.8348263076445286,-0.7365540894305285
f36_10,39,0.011720939277915822,0.12466407685341628,False,Sons kill paramour,The (adoptive) children or grandchildren and not person's spouse or brother kill the paramour of their (step)mother or father,7,-0.9195194712915055,-0.18263562288368393,-0.7368838484078215
m114d_11,48,0.03974027882557347,0.33917170491239557,False,Chickens from the boiled eggs,Person claims that chickens can be brooded from the boiled eggs or wants his opponent to grow a hen during one day. The opponent suggests for the first person equally impossible task,7,1.4157767589590522,2.1535536684531045,-0.7377769094940523
i87ab_10,12,0.01198309024499711,0.11174099412313575,False,Only child was able to pick it up,Strong men or a lot of people cannot move the corpse of a killed person or creature but a child or a woman does it easily,2,-0.17590428999917238,0.5621035831020427,-0.7380078731012151
m49a_10,42,0.0343489787834853,0.2979973367648594,False,,,7,0.9664341667461428,1.705126175154896,-0.7386920084087533
j65_10,5,0.00974657878784948,0.07904834457859185,True,Sun’s children destroy the enemies,A lonely woman with her daughter are the only survivors after enemies' attack. The woman rejects a series of animal-persons who come to ask her daughter in marriage but accept a sky-person for her son-in-law. Children of the sky-person and woman's daughter revenge on the enemies,0,0.4191558499834881,1.1581665091967284,-0.7390106592132403
k10c_10,8,0.015468371185216235,0.1557957936282396,False,Wrapped in guts,"Hero (or twins) hangs on his body a bag with animal bowels full of blood. Breaking them with its claws, the bird thinks that its victim is killed and brings the man to its nest. He kills the adult bird, kills or transforms its nestlings",1,1.417900921611192,2.1575901743763626,-0.7396892527651706
k115_10,38,0.017064899221776893,0.16657701636126568,False,A web at the entrance,"A man escapes from his (her, theirs) pursuers and hides in a cave. A spider spins its web over the hiding place. When the pursuers see the spider web they think the cave is unoccupied and do not enter it",7,-0.47412248074923485,0.2738356053551646,-0.7479580861043995
i112_2,10,0.007384910111424724,0.06324014503939424,False,The monster boat,"A boat is a fish, a living creature with a mouth, it can swallow people",2,-1.076904946964023,-0.3284558468582701,-0.7484491001057529
k107_10,98,0.050779103556844556,0.3451000213058728,False,Lost husband found,A woman is abandoned by her magic husband. She finds him and becomes his wife again,9,1.1085528072584712,1.862016707377287,-0.7534639001188159
m84b_8,26,0.01960101848043508,0.1765068007158104,False,Bones into the water,"Butchered and eaten animal, bird or fish revives after its bones are thrown into the water",5,0.08167088363398382,0.8352612014039521,-0.7535903177699683
h56_4,17,0.005700935865937383,0.052913090069010536,False,The prohibited fruit (origin of death),"After eating certain fruit, berry, tuber, etc. people become mortal (cf. motif F97: people become sexually aware)",4,-1.459552380156436,-0.7032428474291804,-0.7563095327272557
L26_10,8,0.007084804396184742,0.05898944606752231,False,,,1,-0.8930410090410891,-0.12888395107964096,-0.7641570579614481
k127_10,52,0.034405915165867385,0.29569211107201876,False,Brothers transform into swans,"A girl has many (more than three) brothers, they turn into birds or ungulate animals (rare: they are killed by magic), ultimately become human again",8,0.6066846415053682,1.371390080500976,-0.7647054389956078
i77_3,8,0.0063289730189002354,0.050226674895542334,True,The lame thunder,Powerful person connected with thunder and rain is lame (usually after falling down from the sky),1,-1.101386987098385,-0.33585229620243817,-0.7655346908959468
m180a_11,11,0.00794390687996557,0.07021713908637485,False,The unwashed monkey,An animal person invites another but asks him to wash his hands or feet before dinner. This proves to be impossible and the hungry guest goes away,2,-0.9673710789845549,-0.20034617540514868,-0.7670249035794062
L93a_9,113,0.040838269917506026,0.29673947671966566,False,,,9,0.5680548746311359,1.3378493671290577,-0.7697944924979218
j30_10,67,0.018988627503263213,0.18688368506386954,False,Parents’ remains,"Before the hero destroys the antagonists or escapes from them, he finds or receives the remains or possessions that belonged to the antagonists' victim",8,-0.584937959428114,0.18760815809948644,-0.7725461175276005
a22_1,30,0.010514305901837039,0.11067806703989468,True,To the sky from a bonfire,"After getting into the fire or boiling water, one or two persons ascend to the sky and turn into the Sun and/or Moon",6,-1.0485233876574962,-0.27514840121514195,-0.7733749864423543
d9_7,65,0.02368795387367779,0.22073478036915867,True,Fire and vulture,"Raven or other big dark-feathered bird scavenger is the owner, personification, spouse, obtainer or stealer of fire, daylight, or the Sun",8,-0.22172079472984307,0.5558913522051523,-0.7776121469349954
m139_11,5,0.008063698629169285,0.06406920126319701,False,The released birds,"Fox catches birds, puts them into a bag and goes away for a moment. Another animal-person opens the bag and puts thorns instead of the birds",0,-0.13073308659263128,0.6515371614787514,-0.7822702480713827
k136c_10,16,0.008322326652028776,0.07340954528383971,False,Killed and revived periodically,Every time when a demonic person goes away he kills or puts asleep a woman reviving her when he comes back,4,-1.091229317484786,-0.30876926036707303,-0.7824600571177129
j22a_10,30,0.01679392193517146,0.1645514050370144,False,Two men from one,Two men or a man and a woman appear from two halves of the cut in two anthropomorphic body or embryo; or another man appears from part of the body of the first one or from his body discharge,6,-0.4477486260429741,0.3352882023924818,-0.7830368284354559
L65b_10,117,0.023333823820099252,0.21017473594192426,False,,,9,-0.3836879339392466,0.3995967001876818,-0.7832846341269284
L58_10,27,0.013147866477789084,0.13383293187190515,False,,,6,-0.7965690135657938,-0.01278156874224464,-0.7837874448235491
m6_10,17,0.015023231051304662,0.12255773424382928,False,Night with a partridge,"A young man or girl spends night in the forest. The forest partridge (Tinamus sp.) provides him or her a fire, a shelter and/or a hammock but takes them away and flies away itself when the person does something wrong",4,-0.1497071132768171,0.6371339308650571,-0.7868410441418742
b36b_7,5,0.003936239792599898,0.024720030318257917,False,Birds obtain their voices,Birds obtain their voices after pecking big reptile and smearing themselves with liquids from its body,0,-1.4793995015456862,-0.6793430089906096,-0.8000564925550766
f32_10,29,0.026051266606755694,0.24432801031265963,False,Tree fruits for a woman,"Baby child or children who come out of mother's womb and turn themselves into adult men or a snake who lives in her womb climb up a tree and help the woman to gather fruits, bark, edible fungi, etc. Usually the child who is a snake returns to his mother's womb and adult man turns back into a baby; or the girl's love affair with a snake is discovered when her father climbs a tree to gather fruits for her",6,0.4379072816959156,1.2392336749083026,-0.8013263932123871
L114a_10,29,0.009067379103057532,0.10103348367727658,False,,,6,-1.1869517721313225,-0.38443078337237807,-0.8025209887589444
f10_5,71,0.020895117179542465,0.20358415271232808,False,Teeth knocked out,"Woman has another toothed mouth (usually in vagina) or biting animals in vagina. Man inserts there a stone, bone, stick, etc. breaking or knocking out the teeth or extracting from there dangerous animals",8,-0.43758284506443884,0.3693009958987895,-0.8068838409632284
L31b_10,16,0.009615929310757335,0.08423271809793201,False,,,4,-0.9094694304541611,-0.10046710476901023,-0.8090023256851508
k35b_10,17,0.008122778026009136,0.07333577754807542,False,The most delicious dish,"Hero gives his rivals the food provided by him by order of the king but the king finds this food poisonous, useless or tasteless while the food presented by the hero is excellent even if it looks not so good",4,-1.1192672435648812,-0.31018898992671584,-0.8090782536381653
m55_11,5,0.007247779519055735,0.05698217287650247,False,Sprinkling hot coals,"A man or a weaker animal leads the stronger one to a place that is allegedly dangerous (hot coals, ashes, sticks, etc. can fall there at night). When his companion is asleep, man throws sticks, sprinkles hot ashes or coals on him pretending that they fall on them both",0,-0.397338459220199,0.4118374341171937,-0.8091758933373927
k72_10,78,0.03679708353192317,0.2802269674820295,False,Three maidens,"Powerful person listens in conversation of three or two women. Each one say what she would do if the person marries her. One promises to bear his son who would have wonderful qualities (or a son and a daughter), two others promise to practice some work or marry other people",9,0.3483295511808375,1.1588745825815603,-0.8105450314007228
k124_10,8,0.0151270895432681,0.1550171681857504,False,There was a greater wonder!,An animal killed by a hunter revives. The animal itself or somebody else tells the hunter that there was a greater wonder with such and such a person. The story follows,1,1.3238261588775473,2.1391997798151317,-0.8153736209375844
k38b_10,75,0.029183677909124114,0.2633313460696029,False,Snake threatens nestlings,A serpent or water monster regularly devours or injures children of powerful being (almost always: nestlings of giant bird). The bird has no power over the serpent but hero kills the monster,8,0.20305100122074385,1.0193209438509008,-0.816269942630157
k57_10,88,0.050320857611394695,0.348794308613464,False,Cinderella,A girl who conceals her beauty and/or is poor and oppressed by her stepmother puts on a splendid attire and comes incognito to a feast where a man of high status falls in love with her. He marries her after identifying her by an object given to her or lost by her or (rare) seeing how she changes her clothes,9,1.0836372926108497,1.9020581247910429,-0.8184208321801931
L81_10,97,0.017087311811997803,0.18215195242209453,False,,,9,-0.7233200964924985,0.09586505221673652,-0.819185148709235
f18b_5,74,0.002669740248114679,0.07528840458323145,False,Penis crawls to women,Man's penis is so long that he can turn it round his waist or send into a woman who is at a long distance from him,8,-1.8462463880493183,-1.0264933642257166,-0.8197530238236017
m154_11,89,0.031694319436212114,0.25567892415149646,False,The animal language and the stubborn wife,"A man obtains knowledge of animal languages but if he reveals the secret, he must die. Once he hears animals talking and laughs. His wife thinks that he laughs at her or at her mother. The man is ready to open his secret and either does it and dies or hears how animals (usually a cock) blame him for being so foolish. So he keeps his secret.",9,0.07088466632706143,0.892804738022083,-0.8219200716950216
k138_10,5,0.007103040082042875,0.05607339085894804,False,Exchange of bodies (king and his minister),Person gets an ability to enter a dead body and revive it. His own body remains dead for this time. Another person takes it for himself while the first one remains in an animal’s body,0,-0.4446327449654462,0.3811003197791369,-0.8257330647445831
e1d_6,8,0.0032074654625462657,0.01643031363563965,False,Canoes of clay,First canoes were made of unfit materials,1,-1.961834918194271,-1.134090299210085,-0.8277446189841859
e9h_5,68,0.020764944634595467,0.20467209128539637,False,Dove-wife,A man marries dove-woman or a woman marries dove-man; supernatural woman or man takes form of a dove,8,-0.44764405362294035,0.38113723012007183,-0.8287812837430122
L114_10,54,0.009746393322144305,0.1264005993498732,False,,,8,-1.2992824909928162,-0.470417935154783,-0.8288645558380332
m29p_9,24,0.020487444411523566,0.18977965683676098,False,Trickster is a spider,"In episodes related to deception, absurd, obscene or anti-social behavior the protagonist is a spider",5,0.19561285373206386,1.0249253042870448,-0.8293124505549809
f65_11,105,0.03806573685639159,0.2888432483432394,False,The false burial,"To realize his or her secret desire (illicit sex, refusal to share food with relations), person pretends to die and is abandoned at a burial place",9,0.41730812219146796,1.2522642054755135,-0.8349560832840456
g8b_10,44,0.0015276467570183448,0.05573674148362643,False,Cutting tree to get a person,Person hides in a tree. Somebody tries to fell it but the notch disappears and the tree becomes intact,7,-1.7690883041829673,-0.9333189632775638,-0.8357693409054034
b42a_2,6,0.01047744944031248,0.08899131609974714,True,Blood or fat drops to earth,"Hunters pursue a bear across the sky, kill it in August – October. Its blood or fat drops to earth as a dew or painting leaves of the trees in red",0,0.6579712426212879,1.4944608532774164,-0.8364896106561285
L40a_10,6,0.005758426586538401,0.043524861431281966,False,,,0,-0.8839914725225657,-0.0433200322328784,-0.8406714402896873
k7_10,8,0.009530019922833644,0.09080538848937689,True,“Like pubis of your wife”,Hero compares something with pubis of another man's wife or sister. The insulted man maroons him in a tree or rock.,1,-0.21901392340875211,0.6225784370549983,-0.8415923604637504
k118_10,76,0.03725636416984963,0.2855015071114033,False,The prohibited room,Master of the house allows person to enter all rooms besides one. The person breaks prohibition and the master gets to know about it,9,0.3733013235996676,1.2160439431050825,-0.8427426195054148
c13_3,35,0.01154402267986182,0.12558113158625725,False,The objects’ revolt,"During or before the world cataclysm (deluge, darkness) or (Suruí) in particular place at night, household objects and/or stones, trees, domestic animals turn into wild beasts and monsters",6,-0.950009744695185,-0.10628238245251873,-0.8437273622426662
k96_10,66,0.03025760123253657,0.27391732206497643,False,Fifty sons,Many brothers marry or have to marry in such a way that all their wives are (were) sisters,8,0.28605595850333493,1.134491133091215,-0.8484351745878802
k100c_10,23,0.01894972289275608,0.17745253879520237,False,Snake inside,Person (usually a young woman) does not know that a snake lives inside her or him and makes her or him ill or dangerous for other people. {Motif K100C is pretty similar to F9f1 but F9f1 links to a cluster of etiological/cosmological motifs related to the idea of a dangerous woman while K100c is related to adventures},5,-0.0020472249791135557,0.8487754415008613,-0.8508226664799748
g1_3,27,0.010125246402902044,0.11445526112902318,True,A kidnapped child,"Valuables (earth, soil, sun, crops, fire, sacred knowledge, hunting luck) are got or returned when son or daughter is stolen from his or her parent",6,-1.0857449512826887,-0.2323491684841448,-0.8533957827985439
k119a_10,54,0.018924874561167475,0.1940028980768159,False,Ungrateful master,"An animal makes a poor man rich, gets for him a bride. Then the man becomes prosperous, he rejects his helper",8,-0.5898655088349759,0.2650616787102905,-0.8549271875452664
k131a_10,12,0.010245299969393003,0.09976211127750356,False,Hero settles an argument of animals,"Several animals (often a lion, an eagle, an ant) argue because of an animal carcass or a living place. A man settles their argument, they give him capacity to acquire their form (their qualities)",2,-0.516419479596579,0.34215058681225874,-0.8585700664088377
i98a_2,48,0.02145626965055811,0.21034691482544396,False,The Pleiades are a hen with its chickens,"The Pleiades are a brooding hen, hen with its chickens, chickens",7,-0.1081198920542469,0.7505308585738366,-0.8586507506280835
k142_10,45,0.02745693356685648,0.25659177078374135,False,Corpse buried many times ,Person kills several people. asks somebody to bury only one and then tells that the dead man has returned. The grave-digger buries several people but believes that it was one and the same corpse,7,0.39201066237574195,1.2541807205707336,-0.8621700581949916
k27l_10,13,0.008038376882899484,0.08128782645948918,False,Task: to get object from bottom of body of water,A task: to get an object from the bottom of a water body,3,-0.7930687323592205,0.07031299212737437,-0.8633817244865949
i127_2,5,0.0050255657060556775,0.0371407908440246,False,Ursa major is a bed,"Ursa major is a bed, a bedstead",0,-1.1234571814432361,-0.25924409740178606,-0.8642130840414501
k94_10,88,0.03898940670837863,0.29665391244738626,False,Bird of luck (eaten up head),"Person eats magic bird, fish, small animal, or fruit and becomes prosperous and powerful",9,0.4675294279231682,1.3369219582794525,-0.8693925303562843
k18b_10,12,0.010400229844207987,0.10203038293862085,False,To cease crying,"A baby boy has to recognize his father or mother among many people. When his parent takes him, the boy ceases crying",2,-0.48606139989183017,0.38379997554836026,-0.8698613754401905
m180_11,68,0.018261261927345826,0.19083083910229007,False,Fox and crane invite each other,An animal person invites another and serves his food in such a way that he is unable to taste it. Then the other invites the first animal and puts him in similar situation,8,-0.6411570090023471,0.23055124409970393,-0.871708253102051
k51a_10,12,0.020929978009832238,0.2145116807043608,False,Pushes into a boiling pot,The abandoned wife comes to the new one when the husband is not at home. She kills her rival pushing her head into boiling liquid or pouring it into her ear,2,1.5772135783180963,2.4491510428358207,-0.8719374645177245
m174_11,9,0.007023105500545416,0.06284088269861694,False,Eats from behind,A week animal person immobilizing a strong one becomes to eat him from behind and refuses to come to the head where the stronger one can still bite him; or is waiting till the strong animal dies,1,-0.9100483960633293,-0.037916670268761936,-0.8721317257945674
f9f_10,24,0.007425598250991318,0.07563536271550271,False,Asmodeus,"Demon (snake) regularly kills woman’s husbands during the first night, the woman herself being ignorant about the reason of their death",5,-1.4833683588567161,-0.6061535642286964,-0.8772147946280198
c6I_3,6,0.0054754567777097595,0.041894737471380956,False,,,0,-0.9764531766179784,-0.09845460309016547,-0.8779985735278129
k27z4_10,21,0.010732538331378352,0.10550599011672963,False,Trained animal of the gambler,"Person always wins a game thanks to a cat (or a mouse) who carries the lamp (or puts the light out in a certain moment). The hero releases a mouse (or correspondingly a cat), the cat runs after it and the person loses the game",5,-1.0582913676038646,-0.17931357613703913,-0.8789777914668254
m19_11,10,0.0053599033998529885,0.04882897354729001,False,The bait-person,Person ties another one (usually a child) to a fishing line to use him as a bait or orders the tied one to catch fish with his hands,2,-1.4736994013967732,-0.5930698672625206,-0.8806295341342526
m198b_11,17,0.01044947466657765,0.09412923380989671,False,Grasshopper in hand,"A king (landlord, etc.) suggests to guess what he has in his hand (in a box). A man gives the correct answer pronouncing by chance the word “grasshopper” (“locust”, “cricket”)",4,-0.7923506933469633,0.0900006620422354,-0.8823513553891987
a23_1,38,0.010076750299922969,0.1256389260966321,True,Elections of the Sun to be,The primeval ancestors come together to choose the best candidate to become the Sun and/or to send the Sun to the sky or to see how the Sun rises to the sky for the first time,7,-1.0565558320378177,-0.17201860015457895,-0.8845372318832387
f51_5,108,0.024716509078737615,0.22660346061076125,False,Clandestine lover,"Person who conceals his or her identity comes to his or her lover at night. Next time, the lover puts a mark on the stranger's face, body or clothes doing this intentionally (to recognize him or her) or by chance (that leads to the identification)",9,-0.308509276808228,0.5776633656278143,-0.8861726424360423
m157a_11,9,0.007397537734975029,0.06791105042172747,False,You are hens and I am  the cock,"To put a person into an awkward position, others demonstrate chicken eggs that they prepared beforehand. Having no egg with him, the person says that he is the only cock while all the others are hens",1,-0.8068356260686647,0.08183588318175801,-0.8886715092504227
b20_3,7,0.005216669819750545,0.03976395659999818,True,Expedition to the upper world,"People regularly ascend to the sky for hunting, fishing or gathering; do not give honey, fish or proper meat to the old person remained below; she or he makes their return impossible, they remain in the sky",0,-1.0610130214637121,-0.17052255118764612,-0.890490470276066
m163_11,53,0.03957786658353158,0.3440127824913469,False,The precious cat,Person gets to a country where rats or mice are a plague and receives a fortune selling a cat ,8,1.0064316226275722,1.897095114596579,-0.8906634919690068
k83_10,90,0.043509640159606316,0.3216937791303529,False,The sons on a quest for a wonderful remedy for their father,"To cure his father (father-in-law, sister) or to make him young again hero must bring a remedy from a distant country. He fulfills the task, the sick person is cured (becomes young)",9,0.7133012539109995,1.6083225479891945,-0.895021294078195
L67_10,19,0.02009122054787666,0.16519843412808025,False,,,4,0.5623795480745872,1.45779436516345,-0.8954148170888627
e33_5,14,0.007404580892223415,0.07699317416482028,False,People from seeds,"People emerge from grains, seeds",3,-0.905606104603454,-0.01005248956177924,-0.8955536150416747
c35_3,9,0.006173743872377312,0.05407722102068639,True,Cosmic marriage cancelled ,"It becomes known that if the Sun or the Sky marry, great calamity is inevitable. The marriage plans are given up",1,-1.144176118811217,-0.24490604829762228,-0.8992700705135946
i51a_3,79,0.020410088348339274,0.2063009489405602,False,Bull the earth-holder,Big mammal supports the earth,9,-0.5426557866736405,0.3576097323698651,-0.9002655190435056
a8a_1,6,0.01047744944031248,0.09089712482660903,False,,,0,0.6579712426212879,1.5589197219747293,-0.9009484793534414
j19a_10,8,0.010105441694266323,0.10006606672138467,False,To serve food on the abdomen,A guest demands that a woman would serve him food on her abdomen,1,-0.06039810595575936,0.8413068747576897,-0.9017049807134491
f82_11,27,0.011421513627001792,0.12966665970765556,False,Incest with mother-in-law,A man uses a trick to have opportunity to make love to his mother-in-law or woman uses a trick to make love to her son-in-law. Usually a man takes with him on a hunt not his wife but her mother,6,-0.9617302617836356,-0.05998942933156754,-0.901740832452068
k105_10,5,0.004710632141184457,0.03521411222760832,False,Wonderful son and rat-children,"A despised wife gives birth to wonderful human children, other wives give birth to animals",0,-1.2263631918242592,-0.3244088341390302,-0.901954357685229
m182b_11,22,0.02881981357778383,0.2699940255103792,False,The wild animals on the sleigh,"Wild animals ride on a sleigh, which breaks. To repair it the animals bring unsatisfactory material from the forest. When the sleigh owner goes for good material they eat the horse (or the bull) and build a dummy to replace it",5,1.2666629269427683,2.171158348190925,-0.9044954212481569
k29c_10,9,0.006880686154143272,0.06296757552842444,False,Brings tree that was fallen on him,"To kill a strong man, others fell a tree and hope that the man will be crashed when it falls on him, or they tie him to a tree. The man remains unharmed and brings the tree home",1,-0.9493064884265235,-0.03492430577475024,-0.9143821826517733
b92_7,22,0.021438366845506734,0.20448484360342292,False,Flint turns into flints,"Person who embodies flint or other hard stone is broken, stones disperse in the world",5,0.31784526113180595,1.2350568713297163,-0.9172116101979104
k20_10,70,0.021410600770432664,0.2178122634509581,True,Wish for star-husband or wife realized,"A human person admires a star or (rare) the Moon in the sky, wishes for a star. The star descends to him or her or takes him or her to the sky",8,-0.3977404349883105,0.5240958118908459,-0.9218362468791563
f18c_11,26,0.021758904285163846,0.20775033463080733,False,Girls at the opposite bank,"Seeing a girl on the opposite bank of a river, person uses tricks to have sex with her: sends his long penis, a stream of his seed or some object across the river into her vagina; transforms his penis into a bridge or a dam; dives and copulates with a girl from under the water",5,0.35904742600967426,1.2817195052449624,-0.922672079235288
d4j_7,23,0.008173868559894003,0.08594121855407047,False,Rabbit obtains fire,"Fire owner, stealer, or stealer's companion is a rabbit, a hare or (among the Ofaie) a guinea pig",5,-1.3871850341455623,-0.4588867752081245,-0.9282982589374378
m109b_11,45,0.03628564132258141,0.33036625741159736,False,Sick animal carries the healthy one,"A healthy animal tricks an injured one (a wolf, a bear) into carrying him on his back by pretending to be injured himself",7,1.127846990882346,2.0576540851005864,-0.9298070942182404
m39a1_11,74,0.03654211744847773,0.32610956111800254,False,Misunderstood instructions: a step behind,Fool follows instructions that were reasonable in every previous episode but become absurd in every next one,8,0.7717945477243853,1.702316910444175,-0.9305223627197898
k56b_10,178,0.01690868432307929,0.19160818478280167,False,"The worthy man is rewarded, the unworthy punished","First one, then another man meets a powerful person or persons. The first man is worthy and rewarded with treasure, prestige or the like. The second man (or two men) follows him, behaves in a wrong way and is punished",9,-0.7330323391447449,0.1983586905264833,-0.9313910296712282
k64a_10,58,0.034229915706383035,0.31008030303956047,False,Blinded cyclops,Person blinds sleeping ogre and escapes from him,8,0.5930814099731232,1.5279265011816918,-0.9348450912085686
L37b_10,125,0.04230932795436199,0.32002932982763027,False,,,9,0.6480384913520756,1.590282015744341,-0.9422435243922653
i54_8,17,0.010715736286204498,0.09927563971752644,False,Water creature full of fish,Anaconda or a water monster has live fish or animals inside; is father of the fish; all fish emerge from its body,4,-0.7549391422981012,0.18904809134559747,-0.9439872336436987
m141_11,23,0.02504348053280826,0.23892092362339223,False,Animals in a pit,Travelling animals fall in a pit and eat one another up until only one (usually the fox) is left and escapes from the pit,5,0.7812497504998905,1.7271354536846122,-0.9458857031847216
L74_10,13,0.004372903956774852,0.050934680346042184,False,,,3,-1.4439133214807638,-0.49768298072855943,-0.9462303407522044
b36a_7,49,0.020209767628857168,0.20898202823791479,False,Bathing in blood,Birds or fish obtain their colors after smearing themselves with liquids extracted from the body of some being or dividing among themselves its bright skin or dress,7,-0.2120106874574262,0.7356659632853663,-0.9476766507427925
L9a_8,42,0.014423013150407752,0.16472650831084984,False,,,7,-0.6943127736976485,0.25368183679209355,-0.9479946104897421
k77b_11,62,0.0433271585522606,0.37610714514027654,False,Bremen town musicians,Domestic animals get to a place where they meet predators. They frighten them making them to escape,8,1.2962193690333648,2.2462659252464365,-0.9500465562130718
b87b_2,8,0.011181435743817103,0.11482169166913266,True,A harnessed wolf,"The handle of the Big Dipper is not straight because a wolf or a bear (identified with Alcor or with the last star of the handle, η) attacked an ox that was dragging a cart",1,0.23620116125500562,1.1898207428880625,-0.9536195816330568
e19_6,5,0.0071375698001419725,0.06020066692747038,False,Origin of drugs: person torn to pieces,Narcotic plants emerge from the body parts of a person who was torn to pieces by others,0,-0.43334999861666457,0.5206943632047354,-0.9540443618214
i87b_10,20,0.012332488339348675,0.12545526374127972,False,Boaster in search of a rival,"Person boasts how strong he is. His wife tells him that he is not the only strong man. He sets off, meets a person who is much stronger than him",5,-0.8526323840690302,0.10575401223207602,-0.9583863963011062
h43a_5,16,0.009730859417113479,0.09306190216955257,False,Broken figure of the first man,"After making human body, creator goes away for a time. In his absence another person makes attempt to break human figure that was not yet alive",4,-0.8933209763622051,0.06945885926031732,-0.9627798356225225
b32_7,6,0.007275631044990582,0.061860895484453615,False,Women turn into fish,After a conflict with their husbands women turn into fish,0,-0.3882378432914058,0.5768471413160652,-0.9650849846074709
L94_10,110,0.03626987207928606,0.2918768121574409,False,,,9,0.3196642791778774,1.2851442131257331,-0.9654799339478557
a2c_1,19,0.00813552665256619,0.08159480490846673,False,Extra suns are children of the present one,Extra suns who almost burned or could burn the world are children of the present one,4,-1.1174759756611163,-0.15123622885901142,-0.9662397468021049
i82g_2,16,0.020318920298137658,0.17056803071343876,False,,,4,0.5943728967315991,1.5611373092921657,-0.9667644125605666
k81_10,84,0.036000732195606254,0.29107495296227154,False,The handless girl,For minor offence or because of a false accusation a man maims (rare: kills) a girl or young woman and drives her out of his house or (rare) the girl maims herself. The maimed person magically obtains her body integrity (the dead revives) and is happily married,9,0.305030742797102,1.2764530702698818,-0.9714223274727798
c10a_7,10,0.009083913108221634,0.0936082172330879,True,The flood: birds cling to the sky,During the flood some birds survive clinging to the sky with their beaks,2,-0.7439900171807121,0.22915445425448627,-0.9731444714351984
L19b_8,183,0.03515905882068672,0.28701738819105094,False,,,9,0.25926770766378787,1.232474183096179,-0.973206475432391
k74_10,105,0.021876566370301838,0.2204816087015354,False,"Hero, his companions and a dwarf","The hero and his companion or companions live together. Every morning one stays at home while another or others go to hunt, etc. A demonic person comes, eats up all the food and beats the cook. Or the man who remained at home comes to the demon himself in search of fire and is maltreated by him. The hero kills or neutralizes the demon",9,-0.4629211921847488,0.5113102081084167,-0.9742314002931655
m188_11,10,0.0042739492582897,0.042588999600193155,False,The painted jackal ,Animal person is highly respected by others after he changes his looks by chance; is smeared with a paint or gets a necklace-like object around his neck which he is unable to pull off,2,-1.686489106575647,-0.707646575635171,-0.9788425309404761
L108_10,127,0.022490507364528026,0.22426557413962334,False,,,9,-0.4295403058150916,0.5523236234089438,-0.9818639292240354
m120c_11,8,0.009105908875962085,0.09179472789843006,False,Shared children,Two animals agree to care for their children together. The stronger one devours the children of the weaker one and pretends to be angry when the latter asks whose were the lost children,1,-0.3359207276523364,0.6459456956810425,-0.9818664233333789
i27b_8,16,0.011308508746996977,0.10559738389031186,False,Dog as a ferryman,A dog ferries person across a river that forms a border between the worlds,4,-0.6716506187460525,0.31071601266125026,-0.9823666314073027
m199_11,62,0.04693422326032785,0.4051791545337013,False,Squeezing the (supposed) stone,"A man or a weak animal and an ogre (giant, devil) have a contest to see which of them  can squeeze a stone. The man squeezes a cheese (egg, turnip) and thus intimidates the ogre",8,1.575014181923068,2.5625550255523724,-0.9875408436293043
d6b_7,9,0.007931939898939217,0.07835006746168591,False,Burned person becomes a caiman,Badly burned person turns into caiman or crocodile,1,-0.6595269208822379,0.3283955660795024,-0.9879224869617402
g11_7,20,0.028734540723859968,0.27533021574374944,False,Squirrel the woodcutter,A squirrel plays crucial role in felling the gigantic tree,5,1.2557018791764425,2.2474104919799442,-0.9917086128035018
j38_10,19,0.006314410903041024,0.06982439988083657,False,Talons got stuck,"A mighty bird thrust its talons into a big fish, whale, water monster, etc. Talons get stuck, the bird is either pulled down under the water or makes itself free with great difficulty",4,-1.373355005183768,-0.3777687606435242,-0.9955862445402437
h21a_7,11,0.007338409631965427,0.07628025841765619,False,Not to kill the big fish,The owner of fish holds it in a container and regularly takes as much as he needs. Another person opens the container breaking the rules and the fish escapes,2,-1.0860165870748808,-0.0890168234978372,-0.9969997635770436
m153_11,49,0.03725194617538041,0.34408969733444783,False,Letter on a hoof,"A predator animal wants to eat a horse (mule, etc.). Before the horse will let himself be eaten, he demands (or another animal gives him advice) that the predator look at his hoof (for different reasons) or eat him from his hindquarters forward; then he kicks the predator",7,1.2083845094835999,2.207115219318396,-0.998730709834796
k27z7_10,11,0.010237964695352203,0.10737085655715822,False,,,2,-0.5178568062209804,0.48186030297130933,-0.9997171091922897
m50_11,32,0.020727241582857665,0.21720302575301445,False,Man follows stars,A man tries to join a group of persons who are or become stars (usually the Pleiades) but suffers a reverse; or he pursues the stars to have sexual contact or to be reintegrated with members of his family,6,-0.07144549522278579,0.9318815771343666,-1.0033270723571523
k82_10,44,0.01798297605233299,0.19757826143070337,False,Evil sister-in-law,Wife of a man or wives of a group of brothers envy his (their) sister and tries (try) to destroy her,7,-0.39760456861817384,0.611468245297528,-1.0090728139157017
g27_6,8,0.007887616343980152,0.07881337590393656,False,Plants from urine,Person urinates producing the first cultivated plants,1,-0.6717447709033634,0.33933847211825163,-1.011083243021615
k90a_10,7,0.006124552308524791,0.05215303195642106,False,Stag antlers stuck in serpent’s throat,Antlers of a stag or tusks of an elephant who a serpent tries to swallow are stuck in its throat,0,-0.7643581861724832,0.24850469452957286,-1.012862880702056
j35_10,10,0.011699392836842338,0.12370627012982494,False,Helpful tree-frog,A tree-frog kills or neutralizes dangerous person or creature who chases heroes,2,-0.2314940110847808,0.78180673430743,-1.0133007453922107
b3_3,14,0.009145113376004066,0.0999076318962025,False,A primeval swamp,"Initially the earth is a swamp, water and dry land are not separated from each other",3,-0.5965556295105712,0.4187439081149873,-1.0152995376255585
m199c_11,38,0.03784712994612259,0.3503420003901044,False,,,7,1.2579906186410412,2.275208664651729,-1.0172180460106877
j14_10,13,0.005483750731610901,0.06548656291144718,False,A flute-player,A girl or two sisters walk in search of the man whose beautiful voice or whose flute-play they listen,3,-1.2466703934012078,-0.22537477703428782,-1.02129561636692
k33h_10,91,0.02782481078161318,0.2549408150734997,False,"The cat, the dog and the magic object",A man obtains an object that fulfills desires. The object is stolen but brought back by the animals which had been formerly saved by the man,9,-0.1395062831621077,0.884804566073296,-1.0243108492354038
j12a_10,5,0.009832180322964042,0.0883802192348476,False,Penis in a pot,"A girl or two sisters get to old woman who suggests them to marry her son. It is a worm or alive penis preserved by its mother in a pot. The girl (the sister) rejects it, runs away",0,0.4471265506127863,1.4737921408191836,-1.0266655902063975
k47a_5,80,0.03753138273524324,0.303937434088453,False,A woman and a dog,"A woman takes a dog paramour, marries him, gives birth to his children. The puppies turn into human children and usually become ancestors of some groups of people",9,0.38825449266198336,1.4158661512968163,-1.027611658634833
m106_11,83,0.023789891427866573,0.2350110612233829,False,Meaningful name,"Person lies that his name is so and so. His enemy, victim or other people, demons or animals understand it not as a name but as a common word and behave accordingly",9,-0.3588908587562307,0.6687911576883732,-1.0276820164446039
k67b_11,80,0.03934677008928157,0.31309926127776344,False,Bargain not to become angry,"Person of a low social position (who has no supernatural abilities) agrees to a contest with a person of high social position (or with an ogre, etc.)that whoever becomes angry first must suffer a severe punishment. The weaker person abuses the stronger one until the latter erupts in anger.",9,0.48695980726382954,1.5151688086743438,-1.0282090014105143
k61d_11,37,0.033734541960452495,0.3199951503239623,False,Hard work made her ugly,"Young woman’s bridegroom or husband gets to believe that she is extraordinarily industrious. To conceal the deception, she herself or somebody else makes the man believe that because of hard work women become ugly or change into animals. The man prohibits his wife to work anymore ",7,0.9152233951961906,1.9447030001593166,-1.029479604963126
L121_10,13,0.011101675385418282,0.11929392331563336,False,,,3,-0.2491467622858026,0.7815180144199035,-1.0306647767057062
j58_10,80,0.020841467666349298,0.22107311098736013,False,The arrow ladder,"Persons make chain of arrows or darts shooting them one into another and making a chain or rope of them. Usually, they ascend by this rope to the upper world",9,-0.5192010505798854,0.5177213472418647,-1.03692239782175
m38c_11,33,0.02858025347527849,0.28659433811020923,False,Old people forged into young ones,In forgery person forges old people into the young ones. A smith who has no supernatural power unsuccessfully tries to imitate him,6,0.6798570243231374,1.718151717615849,-1.0382946932927115
c10_7,24,0.011715893248410833,0.12556649621353963,True,The flood: the wet tails,"During the flood birds or animals escape to some place (mountain, tree, boat, sky). Tips of their tails or other body parts get covered with water or foam and acquire their present color and form",5,-0.9318900602608712,0.10734348226553361,-1.0392335425264048
k25b_10,7,0.011961618338588585,0.10933724585699563,False,Woman pursues a porcupine and gets to the sky,"Pursuing a porcupine, woman climbs a tree and gets to the upper world",0,1.1429303485700137,2.1826073583606997,-1.039677009790686
b7d_3,5,0.009832180322964042,0.08880988933495623,False,Water flows from broken bone,Water flows from a broken bone (of a bird) producing a flood,0,0.4471265506127863,1.4883245795553983,-1.041198028942612
m181a_11,7,0.0035596926016532686,0.02835704071872272,False,Fire at the sunset,"Person persuades another to mistake unachievable natural phenomena for the objects of culture. Usually he sends the other to bring a fire indicating a false source of it (a sunset, a firefly) and hides or eats the meat to be cooked during companion’s absence",0,-1.60243805145809,-0.5563308868662936,-1.0461071645917963
h20_7,57,0.01375615837025083,0.17499095969448947,False,Fish disperse in the world,All the fish or (rare) shellfish) was concentrated in one place. Certain person lets it lose or puts it into the rivers or sea,8,-0.9893624349931751,0.05822118121863986,-1.047583616211815
k8c3_11,21,0.01710580890957807,0.17500313957797425,False,,,5,-0.2390655528124488,0.813774451442299,-1.0528400042547479
m51_11,45,0.01115445193904717,0.14956494747280827,True,Meat in a tree,"One of two animal-persons kills game, another claims it for himself. The weaker one deceives the stronger, carries the meat to a high tree or rock, throws down something inedible instead of meat. Usually this object is sharp or heavy, the stronger one is killed or injured. In some variants meat is carried to a tree not by the person who originally got it but by one who tried to appropriate it)",7,-0.966733851369755,0.08855821675912638,-1.0552920681288813
e6a_5,6,0.006642032889560984,0.058420303932249756,False,Way across waters,"To reach their present country, people had to pass (frozen) water body. Part of the migrants remain on the opposite side or is drowned",0,-0.5952689940888656,0.46047835992750974,-1.0557473540163753
b13a_10,24,0.005604999140803401,0.07176620545440221,False,Stream follows person,A stream of water (with a monster in it) pursues person who tries to escape from it,5,-1.7173897723761666,-0.6614423607132673,-1.0559474116628993
a25_3,7,0.0048360648302191046,0.04107642559381894,False,Getting accustomed to the light,"When people see light of day for the first time, they are prohibited to look at it immediately. Those who break this taboo are ruined",0,-1.1853774759790865,-0.12613180758910583,-1.0592456683899807
f9f1_8,30,0.014142174438408307,0.1665488219850128,False,Snake inside woman,"Poisonous snake (snakes, scorpions) comes out of the mouth of a woman {Motif F9f1 and K100c are almost identical but F9f1 links to a cluster of etiological/cosmological motifs related to the idea of a dangerous woman while K100c is related to adventures}",6,-0.7014429541313534,0.35792085266170476,-1.0593638067930582
L37a_10,103,0.04301006064039086,0.33450420921471197,False,,,9,0.6861383712881213,1.7471714613380633,-1.061033090049942
m86_11,20,0.022329074083822047,0.2227140500543419,True,Rock punishes trickster,Rock chases or otherwise punishes person who has offended it (usually deceived it or has taken objects that belong to Rock),5,0.43233755423253173,1.4955453491884374,-1.0632077949559058
e9d_5,36,0.005290208491662241,0.10541695515080222,False,Dog-wife,Man marries dog-woman,7,-1.455494323138063,-0.3922548332473343,-1.0632394898907287
j18a_10,11,0.008582327043533724,0.09350425734349725,True,"Mother is eaten up, children escape","An ogress devours a woman, gets into her house. Her daughters (daughter and son, one daughter) run away, climb a tree or a rope that hangs from the sky. Ogress pursues them and perishes",2,-0.8422744168084211,0.22724557097178877,-1.0695199877802097
m114a_11,19,0.015482778919787086,0.14060383787835065,False,Clothes of stone,Person is suggested to make clothes of stone or iron or to skin a stone,4,-0.0851375423216783,0.9844481936773797,-1.069585735999058
k80_10,69,0.012960507088786563,0.17148738168754146,False,Person not subject to annihilation,Person turns into different objects which another person tries to destroy. Every time a particle of an object remains and undergoes a new metamorphosis. In most case an imposter replaces the true wife or bride and attempts to destroy her but her vital essence passes to different plants and objects. Ultimately the woman acquires her human image again,8,-1.0508593772701385,0.020103983309372585,-1.070963360579511
m8d_10,10,0.005425850131016208,0.059937380827189156,False,Birds break body covering,Birds work hard to peck through the substance that covers some beings' body or to reach its entrails,2,-1.4607773221443925,-0.38910030710341387,-1.0716770150409787
j52_10,41,0.04224905323364092,0.3895014195644336,False,Two animal persons and their children,A strong and aggressive animal person (often a bear) treacherously kills his (or her) companion who is a weaker animal person. The victim's children revenge on the murderer killing his (her) own children,7,1.6248727445280187,2.7016914734816457,-1.076818728953627
i8h_3,5,0.0044184568169235265,0.03761957903087409,False,A man and a woman hold the earth,"Two anthropomorphic beings, a male and a female, are in the underworld and support the earth",0,-1.3218328409985813,-0.2430503711191001,-1.0787824698794812
m62d_11,6,0.008758499389143146,0.07960708227902083,False,Hare in rotten hide,"Trickster puts on a rotten hide of an animal and, being unrecognized, pretends to be victim of hare’s magic. Animals are frightened and decide not to pay the hare back for his tricks",0,0.09629630053493474,1.1770643133470398,-1.080768012812105
m181_11,21,0.014822895380495037,0.15652724347454647,False,Two companions go to a feast,Two animal persons are invited to a feast. Both along the way and at the place of destination one deceives another ,5,-0.5325132690224958,0.5497608715853896,-1.0822741406078853
k65c1_5,16,0.013635559915638083,0.1278261177798538,False,Separating the rich from the poor,A woman gives birth to many children but conceals part of them from God. The concealed children become ancestors of the people of the lower social status while those that had been shown to God become ancestors of the high status people,4,-0.3446842549458966,0.7385289345226136,-1.0832131894685102
j59_10,84,0.022492416002942706,0.2336792310207328,True,Following arrow gets to the sky,"To climb to the sky, person needs first to shoot an arrow that would reach the sky and stick into it",9,-0.4294365303014178,0.6543557971902934,-1.0837923274917112
h36a_4,72,0.012306027143758079,0.16834542018539475,False,Origin of death from the falsified message,"Person is sent by god to bring instructions or certain objects but distorts, forgets or replaces them. Because of this people become mortal (do not revive after death)",8,-1.1014449998141955,-0.014079005670213805,-1.0873659941439817
m148_11,10,0.010833963436748969,0.11866847141417816,False,Agrees to be eaten up,"One animal person persuades another to agree to be eaten up, usually promising a reward after the resurrection. The fool agrees and is eaten up",2,-0.4010725041820102,0.689304041319213,-1.090376545501223
m48_11,13,0.01294209990116366,0.14010018963684126,False,Trickster turns into buffalo,"Trickster asks an animal to transform him but breaks condition of transformation and acquires his original guise. Usually he asks a big horned animal (buffalo, elk) to turn him into buffalo (elk) too. Animal charges, trickster is scared. Next time he remains on the place, turns into buffalo but trying to transform the same way another person, turns back into his own self",3,0.07764062965544316,1.1708639964292809,-1.0932233667738376
k69_10,20,0.018010031179331816,0.18633635186906597,True,A visit to God,"A group of persons decide to go to the end of the world to meet the Sun or other supreme god. One (or several) of them perish on their way, some reach destination, at least one returns home using the shorter way than the one they have took before",5,-0.12283602566426945,0.9757217762973207,-1.0985578019615903
a2a_1,75,0.01308697698349307,0.1750801849592048,True,Several suns burn the earth,"The world was (almost) burned when several suns had (will) appear(ed) simultaneously. (Texts with ""Moon was equal to Sun"" without ""the burned earth"" motif not mentioned)",8,-1.0410843514570378,0.059191908020474,-1.1002762594775117
k27q_10,51,0.01405200948503078,0.18219369375229816,False,Task: to bring milk of dangerous animal,A task: to bring milk of dangerous animal,8,-0.9664957101451802,0.13658336953722525,-1.1030790796824055
k86_10,65,0.013015144991737925,0.17547645987827373,False,Weeping child stolen,"Because a small child is ignored or punished by its parents (usually it cries late in the evening), bush spirit or animal carries it away",8,-1.0466363413218387,0.06350318337574642,-1.1101395246975851
L114b1_1,30,0.018240768197157774,0.20632317431748645,False,,,6,-0.3093279465741155,0.8086024226402768,-1.1179303692143923
k38d_10,68,0.026763668422019257,0.2739585582063552,False,Monster blocks waters,A monster blocks sources of water and usually gives some in exchange for human victims or valuables. Hero kills the monster,8,0.016005259945362282,1.1349397619383055,-1.118934501992943
L71_10,12,0.016250259203102524,0.17811059352473996,False,,,2,0.660235644267818,1.7807641576362017,-1.1205285133683835
h51_7,39,0.017618971715771918,0.20557368482003602,False,The demonic horse,A horse is associated with antagonist of the God,7,-0.4279428267173726,0.6985459062221402,-1.1264887329395128
L1c_10,12,0.014660924769723296,0.16151576810919208,False,,,2,0.3488099656267748,1.4760544764336234,-1.1272445108068485
L85d_10,6,0.007308879371117973,0.06702745797553784,False,,,0,-0.3773737977425739,0.7515922605587656,-1.1289660583013394
k103a_10,19,0.007192537248840732,0.08320305763144792,False,,,4,-1.2499723386947827,-0.12028389032596619,-1.1296884483688165
k27r_10,54,0.01821466018108474,0.21457232809341667,False,света,To visit the world of the dead,8,-0.6447589197471516,0.48884691576473416,-1.1336058355118857
m39a4a_11,46,0.02815436830554976,0.287219456404077,False,Selling a cow to a lizard (Money inside the statue),"Fool sells (gives) goods to an animal or a plant and believes that the buyer will pay or he makes a work which nobody asked him to do mistaking an animal for a master. When he comes for the money, he beats the animal or a plant (follows the animal) and finds treasure",7,0.45013896741112447,1.5877449476898946,-1.1376059802787701
m149a_11,19,0.004391692012391825,0.06336012048119131,False,Treaty with the tiger,"A man, light-mindedly or against his own wish, makes an agreement with a dangerous predator. He does not want (cannot) keep it or breaks it and the predator is going to kill him. Somebody intervenes and saves the man.",4,-1.6435099604151777,-0.502179906659877,-1.1413300537553006
k129_10,60,0.029854367692003368,0.29817035984331275,False,The disenchanted beauty,"Because of the female antagonist, a girl faints and is taken for dead but her body is not decomposed. A valuable marriage partner breaks the charms, she revives",8,0.25488950362039947,1.3983522028503224,-1.1434626992299228
m52_11,28,0.006189561365459223,0.10688404139919234,False,Butchered carcass,A small animal (not a predator) or a weak person kills a big game. He asks another (animal-)person to skin or butcher the carcass. The latter is willing but takes or tries to take all the meat for himself,6,-1.462274380408317,-0.3181383515730424,-1.1441360288352747
k27l1_10,7,0.011961618338588585,0.11254689387340461,False,,,0,1.1429303485700137,2.29116509405486,-1.148234745484846
L57_10,34,0.033961908697129034,0.34229983846364953,False,,,6,1.1947233180321855,2.3493484784298047,-1.1546251603976192
f43b_5,5,0.005886444509754848,0.05423405207568948,False,Women disappear under the ground,"When women of the ancestral community abandon the men, they disappear in the opening that leads underground",0,-0.8421610193574494,0.3188896186479889,-1.1610506380054382
e4_3,28,0.00563503876608835,0.1041296587715854,False,Creation from cuticle,"Supernatural person rubs his or her skin, creates the entire earth, human or other beings of dirt and cuticle",6,-1.5153259015010812,-0.34934814919727936,-1.1659777523038017
L77_10,7,0.004762044315908159,0.043761693902249696,False,,,0,-1.209564024076002,-0.03530980910072495,-1.174254214975277
j62_10,85,0.03791607072125981,0.31950887052072346,False,The enchanted people,"An antagonist transforms his victims into stones or (rare) plants, animals, monsters. Hero escapes transformation, revives the victims",9,0.4091705514848291,1.5846408929459308,-1.1754703414611016
f70e1_10,13,0.011732903663026331,0.13319101616357462,False,Daughter instead of son,An old man needs a son to accomplish a man’s work or service. (Only the youngest) daughter sets to do it (successfully passing her father’s test and) guised as a man,3,-0.1370653154270294,1.0415731909914905,-1.1786385064185199
k27z_10,33,0.020470770817260838,0.23055439110994516,False,Game of chance,Confrontation between the hero and his antagonist has a from of a game of chance,6,-0.09598221247502073,1.0831653554375602,-1.179147567912581
b43_3,33,0.003529336167357191,0.08865302327456982,False,Purusha,Parts of the body of the primeval person or creature are transformed into different elements of the landscape and parts of the universe,6,-1.7167797754431253,-0.5247132770936885,-1.192066498349437
h24d_7,10,0.01237253929282807,0.14067613385937983,False,Still picks up what was let lose,"Animal person who let lose the content of a container entrusted to him or her (darkness, insects, reptiles, etc.) still tries to pick up what was let lose (etiology of behavior of certain animal species)",2,-0.09959282812579504,1.093402767263535,-1.1929955953893299
i67_2,8,0.007909110079734789,0.08677476209460186,False,Rhea and Milky Way,Milky Way is a giant rhea,1,-0.665819992530185,0.5273788639562109,-1.1931988564863958
b42e_2,6,0.009263998635136411,0.08792049275303146,False,Sky hunters pursue a rhea,In the cosmic hunt tale the game pursued by the hunters is a rhea bird (Rhea americana),0,0.2614705355424141,1.4582431255846597,-1.1967725900422457
k5_11,11,0.01665288034629732,0.1868854183533443,False,The fake nestlings,"To lure the hero into a trap or to send him far away, the antagonist makes a bird or nestlings of excrements or guts",2,0.7391281417317256,1.9418851100523329,-1.2027569683206072
k14b_10,7,0.007205705960647537,0.06832848554142205,False,,,0,-0.41108619055550794,0.795596028543921,-1.2066822190994289
b91_7,8,0.014800061403960634,0.1680348757339311,False,Sharp-eyed snail,Snail had (the) sharp(est) eyes. Another animal person borrows them and never returns,1,1.2336803941157535,2.4466656870791157,-1.2129852929633622
L5d_10,10,0.005290516168509613,0.06631982706077737,False,,,2,-1.4872956371268387,-0.27190756126668086,-1.2153880758601578
m29g1_9,103,0.04203156980070579,0.34415671400685993,False,,,9,0.6329363667950899,1.8517924453845604,-1.2188560785894706
j48_11,11,0.010601518671169914,0.12336656137781292,True,Parrot cuts the sky rope,"Person ascends to the sky or descends from the sky to earth by a rope. A parrot cuts the rope, the person falls to earth",2,-0.44661941196094884,0.7755690943844258,-1.2221885063453746
i87a1_8,10,0.010651461523883332,0.12442148859768858,False,Small or big? A dialogue,Two persons engaged into dialogue describe a series of objects and creatures as simultaneously giant and small,2,-0.4368332483487529,0.7949393817367149,-1.2317726300854677
L3a_10,5,0.009832180322964042,0.09493956891436856,False,,,0,0.4471265506127863,1.6956445511752847,-1.2485180005624983
m143_11,46,0.0147874332359489,0.19557553594340896,False,Fox in a well,Getting into a well or pit and being unable to climb out animal person tricks another to descend and thanks to this gets out while the second person remains below,7,-0.6639398646380211,0.5896566860572289,-1.25359655069525
e31a_11,106,0.025058013222096182,0.26272333278708054,False,Creators and rescuers of a girl,Several men take part in creation or reanimation of a girl (rare: a bird) or several women take part in the reanimation of a dead man or they differetly express their grief. It is asked whose role was crucial (who behavior more noble) and/or who should be the spouse of the reanimated person,9,-0.2899411878364406,0.9691572474847017,-1.2590984353211423
i53_3,18,0.00426256236851775,0.06865998327773354,False,Insect bothers the world-supporting being,The animal or the fish which supports the earth is bothered by an insect. The animal moves and the earth trembles.,4,-1.6616535451739824,-0.4001790549820496,-1.2614744901919328
m146_11,23,0.015293651869946882,0.17353060548739327,False,The wolf in a trap,"Knowing that food is in a trap or is poisoned, one animal tricks another to take it",5,-0.47200181514531375,0.7927324952340966,-1.2647343103794104
k61c_10,34,0.031196981584061624,0.32867449444616065,False,To name a demon,"A demon suggests to fulfill a difficult work if the person tells him his name after the work is done. At the last moment the person gets know the name by chance, the demon disappears and the person rewarded for being such a good worker. Or the demon comes to take a child but agrees to give it back if the parents guess his (the demon's) name",6,0.9302010258383787,2.194960259057431,-1.2647592332190523
k27h_10,9,0.011702699677640004,0.13439522214461566,False,A task: to carve a bench,A task: to carve a bench decorated with representa­tion of the head of the father(or mother)-in-law that is always concealed,1,0.379888294896516,1.6521289706408588,-1.2722406757443427
a35a_2,28,0.023552122581130003,0.2659444151244852,True,Dirt into the Moon’s face,Spots on the lunar disc are dirt thrown into the Moon's face by his/her sister/brother or mother,6,0.19881262236235936,1.4841682794105104,-1.285355657048151
m53e_11,7,0.0104980037201144,0.10276498376632347,False,Would believe evil omen,"Person (always a raven) kills a whale. When people come, he tells them about some circumstances that can make the meat dangerous. People do not dare to touch the meat and the deceiver eats it alone",0,0.6646874493601141,1.9603182203292395,-1.2956307709691255
b42q_2,43,0.04381061693909022,0.42296796172990286,False,Ursa major is a carriage,"Ursa major is identified with a carriage, a cart",7,1.7550226300536642,3.0661735114049935,-1.3111508813513293
h1a_4,47,0.038128089645103544,0.37969703606872657,False,The originator of death the first sufferer,"One person wants man to live forever, another wants man to be mortal. When somebody dear to the latter one dies, he or she is eager to accept the suggestion of his or her opponent but the original decision cannot be changed",7,1.281407449175771,2.594912540079183,-1.313505090903412
a40_5,21,0.01504643342473913,0.1748750450288589,True,The Sun or Moon marry toad,Frog or Toad is a wife of the Sun or Moon,5,-0.503779491884718,0.8119440286967506,-1.3157235205814688
g12b_6,14,0.009591280992176916,0.12045258670692092,True,Star-person gives plants,Star-person is a giver of cultivated plants,3,-0.5173337160822348,0.8031999889238703,-1.3205337050061052
k27ll_10,7,0.011558501573247103,0.11381647891407431,False,Water covered with ice,"When hero dives, the antagonist covers the water surface with ice or net",0,1.0112100663703132,2.3341054029552986,-1.3228953365849854
k87b_10,10,0.014666355830619445,0.17232604905546695,False,Woman steps into bears’ dung,"Gathering berries a woman steps into bear's dung and curses bears. A bear abducts her and marries her. Her human husband, her brothers, or supernatural person kill the bears",2,0.3498741669614983,1.6745499217525923,-1.3246757547910941
L96a_10,21,0.019375923263143746,0.21484127658562796,False,,,5,0.05273694610088888,1.3830463886377748,-1.330309442536886
m59a_11,17,0.012857104403715883,0.13514355310558868,False,Porcupine waiting for ferryman,"Porcupine asks other animal to ferry him across river, rejects different places to sit, occupies a place where he can easily kill the animal after crossing the river and really kills him",4,-0.4540624979099411,0.879359869959157,-1.3334223678690982
b23_7,11,0.009006076746980472,0.11340299886440679,False,Prohibited fire and smoke,God prohibits making fire for cooking and punishes breakers of this taboo,2,-0.7592418365041875,0.5926208631690805,-1.3518626996732679
i4d_10,13,0.013892958456410068,0.1629473067701906,False,Thunder’s instrument stolen,"Thunder’s instrument is stolen from him. He or his helper comes unrecognized to the thief, gets his instrument and kills the enemies",3,0.24647590907908679,1.5984002549313656,-1.3519243458522787
L114b_10,54,0.03025635793892539,0.3203040890081701,False,,,8,0.28595986269199,1.6391562418566983,-1.3531963791647084
k38_10,89,0.037050192228835155,0.3315681603366224,False,Hero helps nestlings,"Person does good to nestlings of a powerful bird, the grateful mother bird helps him",9,0.362091448057328,1.715348392668445,-1.353256944611117
m156_11,135,0.023827704327595744,0.26594558348345265,False,The ungrateful one returned to captivity,An (animal) person saves a dangerous animal from a snare or the like. The saved one is going to kill his savior but the third person saves the second (usually tricks the first one to captivity again),9,-0.3568349150726563,1.0040823830798886,-1.360917298152545
h17_8,9,0.015692276467249383,0.1847415534118159,False,Ring of defenders around chief,"Ancestors surround their (dead) chief trying to defend him or his corpse. A trickster gets to go through the ring, kills the chief or steals and devours his heart",1,1.4796207262916892,2.84126157046226,-1.3616408441705707
m167a_11,15,0.004256836723606403,0.07211578965772657,False,The tiger who is afraid of Twilight,"A strong predator (usually a tiger) overhears a person saying that he fears something worse than a tiger The word is unknown to the tiger (twilight, etc). Thinking it must be a terrible thing he hides and then runs away ",3,-1.4645223212481853,-0.10132259209892099,-1.3631997291492643
f96_10,16,0.0045909070180067185,0.07699163482188826,False,Ugly man becomes handsome,"A girl rejects an ugly youth, men also do not like him. A powerful supernatural makes him handsome while those who were evil to him are punished",4,-1.6155189102491574,-0.23982857309011776,-1.3756903371590397
i82f_2,9,0.013779506424080669,0.16308669362314482,False,,,1,0.9523629841290829,2.3297943181096272,-1.3774313339805442
j13_10,98,0.027699988256846116,0.28691536042784704,False,Two sisters,"Two sisters (if more, only two play a significant role in the plot) travel and meet an unpleasant suitor or get to an ogre",9,-0.14629306976669787,1.2313683307587486,-1.3776614005254464
L10a_10,20,0.016065260138297874,0.18843816217014286,False,,,5,-0.37281860856659776,1.005755851974142,-1.3785744605407397
b24a_7,6,0.007275631044990582,0.07413323940718274,False,Circle of feathers,"Person makes a circle of bird feathers around a group of people or throws feathers into their dwelling, people turn into wild pigs",0,-0.3882378432914058,0.9919262593690221,-1.3801641026604279
f64a_11,56,0.021608209674801825,0.26177217229187705,False,Describes future husband,"Going away or pretending to die, a person bids his or her relative to marry another person who resembles him (her) or has some special traits; or he describes a man who should be met as a dear guest; person comes himself unrecognized and is taken for one whom he had described",8,-0.3824669808149698,1.0023579033983527,-1.3848248842133226
L31a_10,6,0.0072044581695861094,0.07369736016393577,False,,,0,-0.41149391210139374,0.977183813019433,-1.3886777251208269
c17_3,11,0.01451881380108684,0.17452419047215081,False,Fire pit for the people,The men of primeval community destroy most of the people and/or themselves in a fire pit or on the bonfire,2,0.3209637150702789,1.7149115979705527,-1.3939478829002738
m29r_9,18,0.014019092111078778,0.14701065740018618,False,Trickster is a porcupine,"In episodes related to deception, absurd, obscene or anti-social behavior the protagonist is a porcupine",4,-0.2907953980812819,1.1077534702214662,-1.398548868302748
k52b_10,9,0.011932374999659101,0.14243956193088594,False,Broken adze,A man comes to the non-human beings to get a woman. He secures the help of a slave repairing his adze or axe,1,0.44319861918288267,1.8421286477399976,-1.398930028557115
h24e_7,8,0.008235788694778432,0.09934816538323749,False,To choose life or death,"People are suggested to choose one of two objects, associated with life and death. They choose the object with death",1,-0.5757705746213925,0.8243507259548001,-1.4001213005761926
k13c_10,8,0.006990250362979321,0.08485035173079758,False,Ogress’ daughter avenges death of her mother,"A man marries an ogress' daughter, kills her mother. The wife revenges on him, gets to cut off his leg",1,-0.9191049607629956,0.481926116130578,-1.4010310768935736
i80_10,26,0.010826576162788839,0.14334428956151954,False,Thunder’s apprentice,"Person gets to the house of Thunder, becomes his servant and breaking certain taboo or instructions, produces extensive thunderstorm or rain",5,-1.046203661909713,0.3613814373114997,-1.4075850992212127
m167_11,23,0.0026160040193317522,0.06954244273336412,False,A tiger taken for a bull,"During the night a strong predator (a tiger, a lion, etc.) and a thief not knowing about each other get into stable to steal a domestic animal. The thief takes the predator for domestic animal or for a person and acts accordingly",5,-2.1015978385095933,-0.6932190904289474,-1.4083787480806458
k32h_10,11,0.006287780205514611,0.08748890988289008,False,Punishment: buried alive,"To punish an antagonist, he or she is buried alive",2,-1.2918845122018916,0.11679339319069257,-1.4086779053925842
k33d_10,70,0.02618286790790596,0.29692707291889814,False,Donkey’s skin,"A man discovers that a beautiful girl hides herself under a guise of an ugly and dirty servant, under a skin of an animal or in an object that is brought into his house",8,-0.028885581712208917,1.3848258553101978,-1.4137114370224066
i35a1_3,6,0.0062673276029092334,0.06548639793380619,True,Challenge to Thunder-god,Person pretends to be the sky-god imitating rain and thunderstorm,0,-0.7177056931869009,0.6994700378589979,-1.4171757310458988
b36_7,66,0.014947636620288803,0.21744202267610815,False,"Color, voice, form: one divided between many","Because the integrity of some creature or (rare) object is ruined, different beings get their present colors, voices and other anatomical traits",8,-0.897271501598338,0.5200677751635204,-1.4173392767618584
d4k_7,8,0.00855470732004549,0.10405586457154864,False,Deer obtains fire,Dear steals fire for people,1,-0.48786020876614905,0.935542116351514,-1.423402325117663
m149b_11,6,0.004094270782658874,0.04471128349474898,False,Dogs inside,A man tells that there are dangerous animals inside him (or in a box he has) that can come out. A predator who was going to eat the man up (or to bite him) believes him and runs away,0,-1.4277621388841926,-0.0031924879884252678,-1.4245696508957673
k73a_10,106,0.02636307082993455,0.2848620062920252,False,Baby child substituted with pup,Rivals of the beloved wife hide or throw away her baby and substitute it with an animal (usually with a pup) or object,9,-0.21898326171193194,1.2091125603746324,-1.4280958220865645
j12k_10,12,0.02051964203557319,0.24049650097617084,False,A valuable partner and an imposter live in one house,A valuable partner whom a girl (two sisters) should marry and an imposter live together in one and the same house,2,1.4968093810826832,2.926277261573333,-1.4294678804906498
m57d_11,93,0.028237025588507575,0.29489077027521066,False,"Beat, cudgel!","Person first gets magic objects that bring food or treasure and after this he receives a cudgel (a whip, etc.) that beats people, usually those who have stolen the first objects. (In Greek text the stealer of magic objects is punished otherwise)",9,-0.11709355008476162,1.317811719741478,-1.4349052698262397
j2_10,9,0.004765184082353917,0.060484248010661046,False,The tree-husband,A girl marries a man or is impregnated by man who is or was incarnated in a tree,1,-1.5324475983030479,-0.09357814674150694,-1.438869451561541
m54_11,10,0.008220568846894333,0.10997838374159014,False,Runway awakes in the same house,A man runs away from the house of powerful person but in the morning awakens in the same house again,2,-0.9131599331140384,0.5297390095680592,-1.4428989426820977
i9_3,81,0.02260744308639927,0.2682381871990448,False,Colors of the cardinal directions,Four cardinal directions and/or some objects associated with them are associated with different colors,9,-0.4231823364319626,1.0289313173118635,-1.4521136537438262
L115_10,15,0.01327540164976659,0.16274081178188027,False,,,3,0.13682198060114933,1.5945361308851524,-1.4577141502840032
j39_10,16,0.013788402198771407,0.14866273208384306,False,Who killed a rabbit?,"Antagonist makes a girl or a woman his or her slave. The slave's brothers or sons secretly come to her, kill for her some small game. Woman tries to pursue the antagonist that she herself killed the game",4,-0.3232088846470133,1.1395492036654191,-1.4627580883124325
k13d_2,5,0.004597973104550055,0.05081599922375848,True,Leg hangs in the sky,A group of boys gets to the sky. The leg of the last one is cut or torn off,0,-1.263175057203411,0.20328314834607036,-1.4664582055494815
a24_1,46,0.00928239398814825,0.1738425414183774,True,The first sunrise,"In the beginning it is dark. When the Sun first appears on the sky, primeval beings or part of them perish or turn into animals or spirits",7,-1.122762149899379,0.3529639887509131,-1.475726138650292
k73b_10,45,0.012721615119056014,0.20048466232688933,False,Innocent woman punished,A woman who was falsely accused of killing her new-born child or giving birth to pups and the like is punished in such a way that she must suffer from filth and be taunted by passers by,7,-0.8361172727656357,0.643121677445565,-1.4792389502112009
b3d_3,17,0.006813035988199569,0.09879653831581854,False,Earth from worm’s excrements,"A worm obtains the earth (from the underworld), it emerges from the worm's excrements, is extracted from inside of the worm",4,-1.3032948220683975,0.17982733358444752,-1.483122155652845
a32b_2,38,0.02889451687717415,0.32511537233546406,True,The Moon toad,Frog or toad are seen in the moon or the Moon is associated with them,7,0.5118272940113947,2.0004670209579074,-1.4886397269465128
k56a8_10,13,0.006252312319986515,0.09782385419547074,False,Swallowed by boa,A girl marries an animal or brings an animal to her home that turns into a handsome man. Her sister or friend tries to do the same but perishes or suffers a reverse,3,-1.1102039233760739,0.37975034422151366,-1.4899542675975876
i105_2,18,0.015956637134869642,0.16608251861021261,False,The celestial hand,One of constellations represents a hand with fingers,4,-0.018557271277251212,1.47480940377756,-1.4933666750548114
m112a_11,22,0.014449923777101305,0.18233361463940187,False,Turtle catches the thief,"Animal are guarding some food or water or come after water. The deceiver takes what he needs or does not let the others to use the water. Turtle, toad or frog proves to be smarter than the deceived and catches him",5,-0.5804553675000722,0.9185241724942724,-1.4989795399943446
a37b_7,7,0.0069409380996293905,0.07483178100038426,True,Shooter’s thumb cut off,"Small animal (marmot, rabbit, mole, toad, frog) or person who turns into this animal tried to hit the Sun with his arrows but remains without thumb as a result",0,-0.4976003233556618,1.0155525552302709,-1.5131528785859327
m58_10,13,0.015916726718450486,0.19102984992457805,False,Plant or trail saves from fire,"World is ablaze, fire pursues a person. Some objects or elements do not resist the heat and cannot hide him. The last named gives protection. Earth becomes cool, person continues his travel",3,0.6058179774919336,2.1239066179168677,-1.518088640424934
d4f_11,13,0.0048979309806206585,0.08662317983759392,False,Beaver or fish let themselves to be roasted,"Beaver (in North American) or a small fish (in South America) lets fire owners catch and roast it, then revives and carries the fire away",3,-1.3506890624289014,0.17015302917658978,-1.5208420916054912
f69_10,6,0.008905729270540171,0.09448709408620827,False,Obscene invitation ,"A woman's husband or male relative asks her (grand)children to invite her to make love with him. The invitation is expressed in an allegoric form. She understands, comes to him",0,0.1444043505918869,1.6803408036763172,-1.5359364530844304
b2b_3,21,0.008484934506821576,0.13181227549140564,False,The earth eats the dead,The earth devours bodies of the people when they die and are buried,5,-1.3472003432872641,0.19659331009064138,-1.5437936533779055
j36_10,7,0.004442277471165986,0.05163029557881915,False,Turtle as antagonist,Hero's parents are killed by turtle who pulled them under the water,0,-1.3140493311851396,0.23082453856626545,-1.544873869751405
m175_11,6,0.004828833956435368,0.05563411791869707,False,A dead lion behind the hyena ,"Seeing a dead lion (or other big predator) behind him, the hyena thinks that the lion is alive and runs away in panic",0,-1.1877401976945612,0.36624309073047806,-1.5539832884250393
m59_11,25,0.017570727960475784,0.21457122460799025,False,Treacherous rider kills ferry animal,"A small animal asks bigger one to bring him across the stream, rejects one by one all possible places to sit; finds the position that lets him kill the big animal after crossing the stream",5,-0.17930444842963147,1.379187447833797,-1.5584918962634287
k25d_10,30,0.01998121984938841,0.2601623920057137,True,Prohibited bulb in the sky,"Person gets to the sky, makes hole through the firmament digging out a root. Usually woman's husband or his kinsmen warn her against digging out a special bulb or tuber; breaking taboo, she gets to see the earth, decides to descend",6,-0.1428178572756707,1.418652410414379,-1.5614702676900496
f61_11,19,0.014164884502280817,0.15677861899028958,False,Trickster rapes a woman who carries him on her back,"A man pretends to be weak, ill or injured, asks a woman to carry him on her back. When she agrees, he makes attempt to copulate with her",4,-0.27031058508557243,1.2957470918670855,-1.566057676952658
k1d_10,7,0.012561856753730345,0.13089901713148933,False,Woman’s brothers maroon her husband,Brothers of a man's wife hate him and maroon on an islet,0,1.33906104872236,2.911876441807814,-1.5728153930854538
j50a_10,6,0.004951807588851649,0.05738337643747213,False,Sons embrace their mother,Mother dies when her sons embrace or push her,0,-1.1475579900623052,0.42540706851593024,-1.5729650585782355
j53_10,22,0.028728049866854045,0.316235204443741,False,The fawns and the cubs,Deer person is killed by the stronger animal person. The deer's children revenge on the murderer and (or) successively escape from him or her,5,1.2548675386986412,2.8319273370756255,-1.5770597983769843
L33a_11,16,0.021590803084850396,0.21164609052321118,False,,,4,0.7730809954427755,2.351723263442373,-1.5786422679995975
m56b_11,8,0.00758156499095977,0.09977238864343507,False,To bring tears and skins,"A weak person's demand will be granted if he brings a skin (paw, tears, etc.) of animals stronger than he. He fulfills the task using tricks (but usually does not receive the promised reward)",1,-0.7561082551369482,0.834370477058931,-1.590478732195879
j12_10,111,0.020322791585845778,0.2708183760981591,False,Travelling girl comes across suitors,"A girl (or two sisters) travel, usually in search of a proper marriage partner who lives far away or who has gone away. On her way or after reaching the place of destination the girl gets to some unpleasant suitors",9,-0.5474022416858313,1.0568973124047412,-1.6042995540905725
k14_10,100,0.04086602271591584,0.37448316489762906,False,Precious advices,A man gives his last money for simple advices. Each of them saves his life or helps to achieve success or he does not follow the advices and gets into trouble,9,0.5695638356206618,2.180492943664655,-1.6109291080439931
k135_10,84,0.0408578496230777,0.37490454298715215,False,Seven with one stroke,A weak and timid man or boy overcomes accidentally powerful enemies and gets high esteem,9,0.5691194523885851,2.185060150967924,-1.615940698579339
h20a_7,25,0.019662937525258824,0.23788304811877592,False,Mistress of fish loses it,"A woman (a girl, several women) keeps all the fish for herself. Man comes and lets fish escape into rivers or sea.",5,0.08963001220454078,1.712304604567166,-1.6226745923626251
L81b_10,15,0.014089102227414066,0.179593016994552,False,,,3,0.28130336916970494,1.9098900865760502,-1.6285867174063453
m61a2_11,5,0.008203412157595114,0.09074943036957386,False,Person provokes a quarrel between two birds,"To provoke a quarrel between two different stones, person (always a raven) tells each one that the other was insulting him",0,-0.08508103990641434,1.5539243530905567,-1.639005392996971
c12b_7,25,0.0024461946210424623,0.08431829711192322,False,People descend from a dog,In the beginning of time or after the flood man marries a bitch. Present people descend from them.,5,-2.123425288162936,-0.482077709892388,-1.6413475782705478
k50_10,21,0.016782917006141748,0.21333218455278855,False,False wife beheads enemy,A man disguised as a woman comes to his enemy and kills him at night (usually cuts off and carries away his head),5,-0.28057036253871204,1.3614820332369262,-1.642052395775638
b28b_7,14,0.01762689521960703,0.21416428158089432,False,Pacification of things,Hero comes to a country where inhabitants are afraid of objects or plants who attack them. He easily overcomes these objects and transforms them in what they are now,3,0.9094769971864609,2.556819369892752,-1.647342372706291
k52a_10,8,0.010265794554990744,0.1335594172711988,False,Slave pours water on fireplace,"A man descends to the bottom of the sea to rescue his wife. He makes arrangements with a slave who pours water on fireplace producing steam. Hidden behind the steam, the man escapes with his wife",1,-0.016196615245035267,1.6323880521458287,-1.648584667390864
m152d_11,6,0.005115075448460932,0.061217075548921626,False,Whose voice is louder (the elephant and the tiger),The elephant and the tiger (lion) make a competition (usually argue whose voice is louder). The tiger wins and is going to eat the elephant. A small trickster animal saves the elephant,0,-1.0942094558636386,0.5550716587588503,-1.649281114622489
m47_10,16,0.012858061991671967,0.15189256130573528,False,Head put to bottoms,"Punishing a person or animal or restoring his or its body after its disin­teg­ration, a powerful being intentionally or by chance puts head to bottoms",4,-0.45392795035196776,1.2017103093494907,-1.6556382597014585
h7a_11,56,0.02863382955362653,0.3376415504633483,False,The Death and a doctor,"Man receives from Death (Fortune, some spirit) knowledge will the patient recover or die. He becomes a doctor and receives rich rewards. Usually he gets the ability to see Death near the bed of a patient and considering a particular place where Death stands, gets to know perspectives of recovering",8,0.16055249293343354,1.8277792575911183,-1.6672267646576846
h34c_4,11,0.009071534945853018,0.1313771161977102,False,Flying rice,Rice could flow arriving by itself to the household,2,-0.7464154838005845,0.9226567282886532,-1.6690722120892376
k73a1_10,20,0.006118647216298274,0.11980995414821415,False,Baby substituted with a broom,"Rivals of the beloved wife hide or throw away her baby and substitute it with a broom, stone or other inanimate object",5,-1.6513649962427495,0.025084669499125887,-1.6764496657418753
L36_10,18,0.009118715299314104,0.12627996223220467,False,,,4,-0.9793313482077863,0.7087717146207128,-1.6881030628284992
h15_8,12,0.010934387912394353,0.15297179677764836,False,Whisper and yawning,"If called in a loud voice, ghosts do not hear an alive person but hear whisper, yawning, etc.",2,-0.38139460642606804,1.3191723932874235,-1.7005669997134916
e29_5,14,0.023408404798957592,0.2725774396792324,False,Lizard gives proper hands,Two persons (usually Coyote and Lizard) argue if people's hand has to be like a paw or people should have fingers,3,1.9360469112229064,3.6499000817783114,-1.713853170555405
m41_11,51,0.028817969904473422,0.34635125211224477,False,The eye-juggler,Person plays throwing his eyes or (Alaska Athabascans) his tooth up or away. Eyes or tooth first come back to eye sockets or mouth but eventually are lost,8,0.17478494475083153,1.9225365088420634,-1.7477515640912318
e38a_5,19,0.027984845940105613,0.2672133923252532,False,Woman gives birth to many embryos,"Woman gives birth to a gourd, a bag (with eggs), a piece of meat. The flesh is cut into pieces which turn into people or many people come out of the gourd or bag",4,1.6714870857506234,3.4211683277457476,-1.7496812419951242
h18a_11,18,0.017935571086556547,0.19528012758608718,False,Pup lets animals lose,"The owner of game animals conceals them underground. One of the ancestors turns into pup, is adopted by owners' children, lets the animals lose",4,0.2594962786846888,2.0367448909449695,-1.7772486122602806
a10_1,6,0.004364999105984424,0.057876736687265264,True,The sun finds its eyes,The sun gets his bright eye or eyes from an animal,0,-1.3393003972404651,0.4420936557445728,-1.7813940529850378
b24_7,5,0.005886444509754848,0.07283075003723406,False,Transformation of kinsmen into wild pigs,Person transforms into wild pigs his kinsmen or children,0,-0.8421610193574494,0.9478730497820291,-1.7900340691394785
a5a_1,8,0.013330184893630236,0.1753726179705738,True,The Sun created from the Moon’s swaddling clothes,The younger brother (usually the Sun) is created from urine and swaddling clothes of the elder brother (usually the Moon).,1,0.8285068747674593,2.6199762001405267,-1.7914693253730674
e15b_6,7,0.01355059011901728,0.14695851730801943,False,Birds sew canoe covering,"While man is asleep, birds turn into girls and sew covering of his canoe",0,1.6621342847995824,3.455045962774355,-1.7929116779747727
m71_11,15,0.011445583971349062,0.1636798954832894,False,Picked up piece of wood,"Trickster floats down the river or falls from the height and turns into a piece of wood or into a wooden object. Somebody picks it up. Eventually, the trickster acquires his real self, usually in the host's absence",3,-0.18808205199693473,1.6121091283787705,-1.8001911803757054
c33_8,10,0.015101217504034588,0.20327600936957907,True,Prometeus (the chained strong man),A strong man who ventured to confront God is for a long time (for eternity) chained to a mountain or to a post,2,0.43508410699302885,2.242844694634612,-1.807760587641583
m53d_11,14,0.010776642249041764,0.1579007822289133,False,Would believe enemies,"Person creates figures that look like enemies or pretends that enemies come. People run away, person gets all valuables for himself",3,-0.306859931189091,1.5039650485889735,-1.8108249797780644
k52_10,13,0.013127410378941717,0.18044941384499052,False,Rescue from the sea bottom,"When a woman or a lad comes to the sea bank, she or he is carried away by sea predators (killer-whales, sharks, swordfish). Man descends to the bottom and rescues the woman or lad using his shaman's power",3,0.11054452069492535,1.925915771702644,-1.8153712510077187
b28_3,61,0.018282259864902006,0.28054197777418327,False,Travelling transformer,"The transformer walks along coming across different persons, transforming them into birds, animals, stones, shrines, etc. and introducing cultural norms",8,-0.6395340505733086,1.206564114554117,-1.8460981651274255
f15_11,10,0.004328112038072222,0.09111041986895246,False,Trickster’s penis masked as a plant,Rape of a girl is misled into sitting down on a plant which in reality is a penis,2,-1.6758760599464408,0.1832905768423585,-1.8591666367887993
m89a_11,5,0.004845799709426321,0.06514612044823545,False,Horns of hyena,Only horned animals are invited to a feast. Hyena makes itself false horns but is disguised,0,-1.182196558819096,0.6879610645533858,-1.8701576233724817
i87_8,14,0.013959982310925571,0.19160751884699803,False,Skull as a cave,"Personages use a shelter which proves to be an object related to the world of the giants (a skull, a shoulder-blade, a mitten)",3,0.2583767234985796,2.1347164898277473,-1.8763397663291677
b28d_7,10,0.017043663659042887,0.22793272841842296,False,"Man transformed into deer, his knives into antlers","Unrecognized Transformer meets a man who tells him that he prepares knives (a spear) to kill Transformer. The latter transforms him into deer, his knives or spear into deer antlers",2,0.8157010491182636,2.695584679102036,-1.8798836299837727
k73_10,149,0.03041298801767802,0.34688569300558625,False,Children of the youngest wife,"A young woman promises to bear a wonderful child. In her husband's absence other people (co-wives, mother-in-law, etc.) try to kill the mother and/or the child, usually slandering her",9,0.0012167684570583072,1.8813711375931594,-1.8801543691361011
k38a_10,31,0.02212108663501688,0.3069927849945488,False,White and black rams,"Getting to the underworld, hero should take a white ram (horse) which would carry him back to earth. By chance, he takes the black one which carries him even deeper to the lower level of the underworld",6,0.06190452562138492,1.9492856903355733,-1.8873811647141885
m144a_11,7,0.009217968874946171,0.10811216894190794,False,Burning thatch on the back of a tiger,A trickster (always hare or rabbit) asks a big and dangerous animal (tiger or elephant) to carry some thatch and puts it on fire. After this the same trickster or other animal gives the victim advice to run not to river but up the slope,0,0.24643009683303188,2.1411724174347158,-1.8947423206016838
e10_5,30,0.02539631362584919,0.33572822171937544,False,Pets turn into children,A lonely woman or married couple surprises birds or animals who live in their house and take their skins off when nobody looks at them. Birds or animals (usually pups) become children,6,0.37524752369732145,2.274885756149627,-1.8996382324523058
m11c_10,83,0.021963940494576846,0.3068537461782207,False,Gets lard from his body,"A male person cuts or roasts his own body to extract meat, lard or blood, cooks it and serves to his guest without injuring himself. Such a food is not considered to be unclean",9,-0.4581705308972607,1.4474752980611245,-1.9056458289583853
a32a_2,58,0.006707817052847444,0.20413422721799537,True,The Moon rabbit,Rabbit or hare are seen in the moon,8,-1.5341380788493564,0.3752855347775535,-1.9094236136269098
k56_10,153,0.02031642585616728,0.29937295092207333,False,(Kind and unkind girls,"A girl or a woman meets powerful person, behaves herself in a right way and is successful. Another (or two others) behaves in a wrong way and suffers a reverse (is punished or not rewarded). Rare: the protagonists are a stepchild and a family child of different sex",9,-0.5477483558907082,1.366392907738442,-1.9141412636291504
k31_10,16,0.016926696116978338,0.19526740109917348,False,Wooden seal,"Person makes a sea mammal or fish of wood, it carries another person or persons into the open sea or kills him or them",4,0.11774254985516407,2.036499957716715,-1.9187574078615508
a12f_1,12,0.010355447515476813,0.15924008370718462,True,Eclipses: creditor,A creditor comes from time to time to the Sun or the Moon to claim back his money producing eclipses,2,-0.494836373128004,1.434268976960776,-1.92910535008878
b2g_7,6,0.008758499389143146,0.10755064498017618,False,,,0,0.09629630053493474,2.1221803754687514,-2.0258840749338165
a22b_1,8,0.005968391285107766,0.09944322114135117,True,Hot fire and cold ashes,Person who becomes the Sun burned up in a hot fire while his companion burned up in the less hot fire or threw himself into the ashes. He (she) turns into the Moon or a star which gives no warmth,1,-1.2007818471880702,0.8265958528176457,-2.027377700005716
d4e_7,43,0.024829643953048215,0.3441249686367994,True,Coyote or fox obtain fire,"Coyote or fox bring people the fire, the daylight or the Sun",7,0.1730369238810457,2.2074993568877255,-2.03446243300668
L23b_8,6,0.008580550641007397,0.10639987423205671,False,,,0,0.03815071757544505,2.0832586413470477,-2.0451079237716026
k10d_10,9,0.011000254658474535,0.15943518111599408,False,Bird carries man to an island,"A flying monster carries a man to a far away island. There he gets to kill the monster. To return, he uses a boat, a bridge or a rope made of parts of the monster's body",1,0.1862583412482479,2.243549055513158,-2.05729071426491
k71_10,12,0.016082185311287838,0.22807036702892847,False,Coyote first betrays and then saves his brother,"Coyote's brother is victorious against numerous enemies as far as Coyote does not break some taboo. Enemies kill the brother. Coyote gets his remains, escapes, revives him",2,0.6273020308501941,2.6981119619193055,-2.0708099310691113
i89_2,20,0.012046362993938756,0.20116371827950896,True,The lost caravan,"At night travelers mistake some bright star for Morning Star, set off, take a wrong direction, perish or get into trouble",5,-0.8894111880362907,1.1875992443214496,-2.0770104323577403
a22c_1,17,0.011358702400883328,0.16393236609274844,True,Person sacrificed to the Sun,"To make the Sun rise above the horizon, to send him to the right distance from the earth, to make him move across the sky, etc. a person has to be sacrificed",4,-0.6645980722794238,1.433427693262024,-2.098025765541448
i110b_2,22,0.027805015430893,0.344903632814638,False,Orion is mowers,(Belt of) Orion is (three) mowers or agricultural tools related to mowing and harvesting,5,1.1362198791331939,3.2415883549067264,-2.1053684757735325
h36gg_4,35,0.04828270485410845,0.547174648705161,False,Death and the coyote,Coyote is responsible for introduction of permanent death,6,2.564802770608373,4.670776627828511,-2.105973857220138
f64_11,69,0.025340002804702548,0.35792525767305516,False,The lecherous parent,Person changes his or (rare) her guise to marry his or her close relative in descending or (rare) ascending line,8,-0.09403174285905663,2.0484559716567863,-2.142487714515843
f31_5,16,0.013663990987556735,0.1862304440923505,False,The broken egg,Girl or woman is imperceptibly impregnated by snake when the content of a broken egg of a snake flows into her vagina or when she touches a dead snake,4,-0.340689497834642,1.8625752078395585,-2.2032647056742007
a35b_2,6,0.007967827156142436,0.10523577253339278,True,To smear the Moon with pitch,"To make the Moon less bright, some person tried to smear it with pitch ",0,-0.16205953730797226,2.0438860235775547,-2.2059455608855267
g9a_3,12,0.007231329533361826,0.14181726287801563,False,Restored forest and flood,"A man fells trees to clear ground for a garden. Certain person or animal revives vegetation and after being surprised by the man, warns him about the coming flood, tells to prepare a boat",2,-1.106998635708706,1.1143558686534267,-2.2213545043621328
k141_10,11,0.014212073732080327,0.22002598495495806,False,Tamed injurious fairies ,Every one of three supernatural sisters makes harm to people. Hero overcomes them and usually marries them ,2,0.26085884843522744,2.550403201154959,-2.289544352719732
b39_7,10,0.0076960117595991735,0.15128999607934218,False,Narrow waist of an insect,"Insect-person knows the source of food (cultivated plants) and water but does not share his knowledge. To make him speak, ancestors tie a rope around his waist and pull it till the waist becomes narrow (origin of narrow place between breast and belly of insects)",2,-1.015945440975671,1.288291625229025,-2.304237066204696
m8c_10,8,0.005147026413550843,0.10163160346003808,False,The stuck up eyes,"Birds peck through a layer of clay, wax, pitch etc. with which person’s eyes or anus are stuck up ",1,-1.427192224753035,0.8782833678862698,-2.305475592639305
m81a_10,10,0.012708070316746749,0.2052434571113801,False,Blind duck-women cured,"A man meets two blind women, makes them see, they are or become birds (geese, ducks, grouses or the like)",2,-0.033846453646997066,2.278970436194101,-2.312816889841098
k35c_10,18,0.013389449227374374,0.19161264638652917,False,Ogre in a well,An ogre (a dragon) kills everybody who comes to him. The hero is not killed but receives a reward because he greeted the ogre and/or gave a correct answer to his question,4,-0.3792644644051194,1.9661607607083527,-2.345425225113472
d4d_7,10,0.005536877338314136,0.13103985891457345,False,Opossum steals fire,Opossum steals fire for people,2,-1.4390218484981943,0.9164641015719199,-2.355485950070114
h7_8,157,0.021654984623640135,0.34847138479175743,False,The personified Death,"Death (alone or with Old Age, Disease, etc.) is a particular personage not identical with the Master of the Dead. Death comes and kills people",9,-0.4749689218142504,1.8985580376399358,-2.3735269594541863
j33a_10,7,0.004752834969299588,0.08021647266991745,False,Old woman beats the dummy,"A youth or two siblings live in a house of an old woman. they kill her a person or animal who is her husband and make a dummy of him. The old woman is angry that her husband does not answer her, beats him and understands that it is a dummy",0,-1.2125732210096207,1.1976753088989855,-2.410248529908606
e38b_5,17,0.01590437548217677,0.21361960899265728,False,People from gourd,"After the world cataclysm or in the beginning of times a gourd survives or appears, new people come out of it",4,-0.02590038550587126,2.389705485324939,-2.4156058708308104
k140_10,5,0.004142980836542995,0.0747527796729702,False,Ostentatiously ungrateful,"Travelling with his sibling, a youth regularly kills those who help him and save him creating for himself ever more problems",0,-1.4118459017161753,1.0128805472166014,-2.424726448932777
m192_11,10,0.0059706438768322165,0.14088523122940297,False,The dried up skin,A carrion-eating animal who crawled into a fresh carcass or put on a fresh animal skin cannot free himself when the carcass or the skin becomes dry. He gets free when is becomes soft again or somebody tears it open,2,-1.3540264971154456,1.0972421564324233,-2.451268653547869
m15_10,8,0.010584897159004143,0.1743245024843024,False,Tied to a tree,A girl or young woman is tied to the top of a tree or impaled on the sharpened top of a tree and abandoned by a man. Somebody (usually her brothers) attempt to save her,1,0.07176446460938835,2.5952207063094406,-2.5234562417000523
k43a_10,38,0.039735677174754805,0.5039646349471801,False,Compassionate person saves fire,"People abandon a boy, a girl, brother and sister, a group of children, or a young family without fire and food. A compassionate person conceals hot coals for the outlaws in the abandoned camp",7,1.4153932303683272,3.9483032627632113,-2.5329100323948843
m56a_11,16,0.012236052624000012,0.1937084849362566,False,Alligator’s secret,A man or an animal beats alligator but it remains unharmed and says that he would be killed if stricken in one special place on his body. The next time the same person strikes alligator this way and kills it,4,-0.541324456255229,2.006497147754239,-2.547821604009468
b62_10,20,0.012559564151868482,0.23929000872821216,False,Buzzard husband,"Man thinks that buzzard or hawk has better life than he. They exchange clothes. The bird lives with the man's wife as her husband, the man usually does not enjoy his bird life",5,-0.8234438590804192,1.7324095404866748,-2.555853399567094
m27_10,12,0.008361301995693873,0.17373206547318737,True,Coming back from the sky,A tree or a chain of reeds by which people have ascended to the sky is destroyed. On their way back they fall to the ground. Some of them remain in the sky for ever or longer than others,2,-0.8855836625370517,1.7003668136861334,-2.585950476223185
d4i_7,10,0.011389913991145095,0.20776074175573667,False,Beaver obtains fire,Beaver steals fire for people,2,-0.2921355334240339,2.3251921337576915,-2.6173276671817254
L33g_11,6,0.006509306274496833,0.10332932582068127,False,,,0,-0.6386380342647344,1.9794055767199934,-2.618043610984728
j23a_10,7,0.00884297995142921,0.12691378625561026,False,A mucus-boy,"A woman is crying, mucus from her nose turns into a boy who grows up, overcome powerful adversaries",0,0.12390071806711903,2.7770866960499845,-2.6531859779828655
m122_11,24,0.02891735501886085,0.3933343500707294,False,Advisers inside,"In a difficult situation animal person asks for advice his tail, anus or some beings that are inside him (excrements, parasites, his ""sisters"", etc.)",5,1.279200989710036,3.9336450197764905,-2.6544440300664545
k1g_10,7,0.010121988940936752,0.13964519990689025,False,Antagonist charged by stag,Hero turns into stag or creates a stag to charge his kinsman who sent hi into a trap,0,0.5418228674750571,3.207692616419718,-2.6658697489446608
L20a_10,11,0.007041345106894363,0.1662042022614397,False,,,2,-1.1442255576838758,1.5621422321102918,-2.7063677897941676
g16_6,13,0.01032695763206986,0.20248064538459468,False,Ants find cultivated plants,Ants are the first who find cultivated plants (corn or manioc) which are concealed from the others in particular place,3,-0.386706326365386,2.3381844289542237,-2.72489075531961
k136_10,8,0.00580878953622745,0.1292297508722211,False,A lad and his cattle,"A lad becomes a master and a leader of great amount of cattle (cows or buffaloes). A princess finds his hair fallen into a river, the lad and his cattle are called to the king",1,-1.2447762928666697,1.5301254377350364,-2.774901730601706
k43b_10,24,0.025218559119710944,0.3695876165266908,False,Bird brings some meat,"People abandon a boy, a girl, brother and sister, a group of children, or a young family without fire and food. The outlaws demonstrate supernatural powers or protectors providing food and lodging. While the abandoned persons have plenty of food other people starve. A person (often a bird like crow, magpie, sea-gull, etc.) visits the abandoned ones and brings from them some food home. This way people get to know that the abandoned ones prosper",5,0.8037545062996038,3.5943131628655483,-2.7905586565659446
b28a_8,5,0.003936239792599898,0.08483837072181165,False,Pierced to the ground,Person who have been transforming people into animals or stones is pierced to the ground with a pole,0,-1.4793995015456862,1.3539986143074847,-2.833398115853171
f60_11,18,0.030429703100028446,0.3428857160678891,False,Trickster cures maiden,A girl gets sick. A man comes to cure her but only copulates with her or makes an attempt to do so,4,2.0150059848462334,4.8775534770414986,-2.862547492195265
b73a_7,7,0.006934303068548293,0.11582290704476754,False,The cuchoo: in search of lost horse,A girl (with her brother; two small brothers) is (are) in search of the horse or cattle or the girl is in search of her lost brother. She (alone or with her brother; both brothers) turns into a bird (usually a cuckoo; or both siblings turn into birds) that cries in specific way,0,-0.4997683506905348,2.401967453120169,-2.9017358038107037
g4_6,14,0.011057697908279302,0.22358410481730243,True,A food mountain,Cultivated plants are found above or inside a mountain,3,-0.2569554417157126,2.733091761667133,-2.9900472033828454
L9c_8,12,0.017774140655823452,0.2967346626341146,False,,,2,0.9588359926998816,3.9589071254678867,-3.000071132768005
g3_6,14,0.011974351948042883,0.24140477756349915,True,A rock of crops,Cultivated plants or fertile soil to plant them are hidden inside a rock. Birds or Thunders get them destroying the rock,3,-0.09419354607478841,3.06656857212992,-3.1607621182047083
