motif_id,class,confidence,substrate,reason
a1,METAMORPHOSIS,high,sky,"The story implies a prior sun *was* a being that has been replaced, fitting the transformation motif even if the details are sparse."
a10,METAMORPHOSIS,high,animal,"The sun *acquires* eyes from an animal, implying a transformation of the animal part into a solar feature, rather than simply perceiving a face in the sun."
a11a,CELESTIAL_PAREIDOLIA,high,sky,"The motif explicitly describes perceiving eyes within the sun and moon, which are sky phenomena."
a11b,CELESTIAL_PAREIDOLIA,high,sky,"The description explicitly states a perceived feature (one eye, or blindness) *in* a celestial body (Sun or Moon), fitting the definition of visually perceiving a figure in a sky phenomenon."
a11c,CELESTIAL_PAREIDOLIA,high,sky,"The story directly attributes qualities (eyes) to celestial bodies (Sun and Moon) and explains their differing brightness based on a perceived feature of a monster, fitting the visual perception of fi"
a12,CELESTIAL_PAREIDOLIA,high,sky,"The motif describes a perceived attack *on* celestial bodies, directly relating to visual phenomena in the sky and implying a figure/monster is interacting with them."
a12a,CELESTIAL_PAREIDOLIA,high,sky,"The motif describes a visual perception of an animal *attacking* a celestial body (Sun or Moon), directly fitting the definition of visually perceiving a figure in a sky phenomenon."
a12b,CELESTIAL_PAREIDOLIA,high,sky,"The motif describes a creature visually attacking a celestial body (Sun or Moon), directly perceiving a figure in a sky phenomenon."
a12c,CELESTIAL_PAREIDOLIA,high,sky,"The motif describes a visual perception of creatures attacking celestial bodies (Sun/Moon), fitting the definition of seeing figures in sky phenomena."
a12d,CELESTIAL_PAREIDOLIA,high,sky,"The motif describes a visual perception of birds interacting with celestial bodies (Sun/Moon), fitting the definition of seeing figures in a sky phenomenon."
a12e,CELESTIAL_PAREIDOLIA,high,sky,"The myth directly attributes a visual phenomenon in the sky (lunar eclipse) to the action of a creature perceived as *on* the moon's surface, thus fitting the definition of visually perceiving a figur"
a12f,CELESTIAL_PAREIDOLIA,high,sky,"The eclipse is directly interpreted as a figure (the creditor) acting upon a celestial body (the Sun or Moon), representing a visual perception within a sky phenomenon."
a13a,ANTHROPOMORPHIC_ANIMAL,high,animal,"The raven acts with intent and agency, performing a deliberate act of theft, thus embodying personhood."
a13a1,ANTHROPOMORPHIC_ANIMAL,high,animal,"Raven acts as a person, employing trickery to obtain the Sun, demonstrating personified intent and agency."
a13b,CELESTIAL_PAREIDOLIA,high,sky,"The myth directly attributes agency (shading) to ants affecting a celestial body (the Sun), constituting a visual perception of action in the sky."
a14,CELESTIAL_PAREIDOLIA,high,sky,"The description explicitly states a relationship *between* the Sun and Moon, framing them as interacting entities perceived in the sky, which is a core element of celestial pareidolia."
a15,CELESTIAL_PAREIDOLIA,high,sky,"The eclipse is described as a crossing of paths *in the sky*, implying a perceived interaction of celestial bodies as figures."
a16,CELESTIAL_PAREIDOLIA,high,sky,"The myth describes entities attempting to harm the Sun and/or Moon, implying perceived threats *within* the celestial bodies' journey across the sky."
a17,NATURE_SPIRIT_PERSONIFICATION,high,sky,"The Sun is described as performing a human action (relaxing), implying a personality without a specific pareidolic trigger for that personification."
a18,CELESTIAL_PAREIDOLIA,high,sky,"The motif describes perceiving a boat *in* the sky (Sun/Moon's path), fitting the visual perception of a pattern in a celestial phenomenon."
a19a,CELESTIAL_PAREIDOLIA,high,sky,"The sun's movement is interpreted as being *caused* by animals visually perceived as 'pulling' it across the sky, fitting the definition of visually perceiving a figure in a sky phenomenon."
a19b,NATURE_SPIRIT_PERSONIFICATION,high,sky,"The Sun is personified as choosing animals/people to carry it, representing a personality and agency without a specific pareidolic trigger in nature."
a20,METAMORPHOSIS,high,sky,"The core of the myth explains how two beings *became* the sun and moon, transforming into celestial bodies—this prioritizes METAMORPHOSIS over simply being figures *in* the sky."
a21,METAMORPHOSIS,high,sky,"The myth describes celestial bodies originating from a deliberate act of throwing, implying a transformation from something else *into* the sun/moon."
a22,METAMORPHOSIS,high,sky,"The core of the myth is the transformation of people *into* celestial bodies, prioritizing this over simple visual resemblance."
a22a,METAMORPHOSIS,high,sky,"The core of the myth is the transformation of people *into* celestial bodies, specifically explaining their current form as a result of that change."
a22b,METAMORPHOSIS,high,sky,"The core of the myth describes a person transforming into a celestial body (Sun, Moon, or star), explaining its characteristics – specifically, the lack of warmth – as a result of the transformation."
a22c,NATURE_SPIRIT_PERSONIFICATION,high,sky,"The sun is treated as a being requiring propitiation (sacrifice) to perform its function, without a specific visual or auditory trigger being described."
a22d,METAMORPHOSIS,high,sky,"The core of the myth describes people *becoming* a celestial pattern, fulfilling the definition of transformation into a natural object."
a23,NATURE_SPIRIT_PERSONIFICATION,high,sky,"The story centers on ancestors selecting a being *to be* the Sun, personifying it as a role or office rather than perceiving a figure *in* the sun itself."
a23a,PURE_NARRATIVE,high,none,"The story focuses on a contest and outcome, lacking any element of perceived figures in nature or personification of natural phenomena."
a23b,PURE_NARRATIVE,high,none,"The description focuses on a contest and lacks any element of perceived figures in nature, transformation, or personification of natural elements."
a23c,ANTHROPOMORPHIC_ANIMAL,high,animal,"The story centers on birds exhibiting human-like competition and deceptive behavior, effectively projecting personhood onto them."
a24,CELESTIAL_PAREIDOLIA,high,sky,"The appearance of the sun itself is directly linked to the fate of beings, implying a perceived figure or event *within* the sun's emergence."
a24a,METAMORPHOSIS,high,multiple,"The core of the motif is people *becoming* supernatural beings, which prioritizes METAMORPHOSIS over simply being perceived as such."
a25,NATURE_SPIRIT_PERSONIFICATION,medium,sky,"The light of day possesses a power that demands respect, functioning as an entity with agency that can 'ruin' those who offend it, without a specific visual or auditory trigger being described."
a26,CELESTIAL_PAREIDOLIA,high,sky,"The motif explicitly links a bird to the Sun/daylight, representing a visual perception of a figure (the bird) *within* a celestial phenomenon (the sun)."
a27,CELESTIAL_PAREIDOLIA,high,sky,"The description directly attributes human-like adornments to the Sun and Moon, creating a visual perception of features on celestial bodies."
a29,NATURE_SPIRIT_PERSONIFICATION,high,sky,"The Sun is treated as a personified entity actively competing for a human, without a specific visual or auditory trigger for this personification; it's a direct attribution of agency to the celestial "
a29a,METAMORPHOSIS,high,multiple,"The story describes a man being literally torn apart and thus *becoming* part of the sky and earth, fulfilling the criteria for transformation into natural features."
a29b,CELESTIAL_PAREIDOLIA,high,sky,"The central image is a divided moon, directly perceiving a form *in* the moon itself, and the narrative revolves around figures desiring a being *associated with* that lunar form."
a2a,CELESTIAL_PAREIDOLIA,high,sky,"The motif centers on a visual phenomenon in the sky – multiple suns – and its perceived effect, directly linking to the definition of perceiving figures in celestial bodies."
a2b,CELESTIAL_PAREIDOLIA,high,sky,"The motif explicitly describes perceived celestial bodies (suns and moons) being present and then destroyed, fitting the visual perception of figures in the sky."
a2b1,CELESTIAL_PAREIDOLIA,high,sky,"The myth explicitly describes multiple suns existing as visible phenomena in the sky, fitting the definition of visually perceiving figures in celestial bodies."
a2c,CELESTIAL_PAREIDOLIA,high,sky,"The myth directly attributes personified offspring (children) to the sun, a celestial phenomenon, establishing a figure-in-sky pareidolia."
a2d,CELESTIAL_PAREIDOLIA,high,sky,"The motif explicitly describes perceived entities (suns) within a sky phenomenon, fitting the definition of visually perceiving figures in celestial bodies."
a3,NATURE_SPIRIT_PERSONIFICATION,high,sky,This describes personified celestial bodies without a specific pareidolic trigger or transformation story; it's a gender assignment to natural phenomena.
a30,CELESTIAL_PAREIDOLIA,high,sky,"The myth directly attributes an action (eating) to the moon, perceiving it as an active agent with a mouth, thus visually projecting a predatory figure onto the lunar disc."
a31,METAMORPHOSIS,high,sky,The myth explains the Moon's appearance as a direct result of a transformative event (intimate contact) that caused it to *become* what it is now.
a31a,PURE_NARRATIVE,high,none,This describes a social custom/punishment with no element of perceived figures in nature or personification of natural phenomena.
a32,CELESTIAL_PAREIDOLIA,high,sky,"The description explicitly states a figure is *seen in the Moon*, which is a direct visual perception in a celestial phenomenon."
a32a,CELESTIAL_PAREIDOLIA,high,sky,The core of the myth is the visual perception of a rabbit *within* the moon's surface.
a32b,CELESTIAL_PAREIDOLIA,high,sky,"The description explicitly states a figure (toad/frog) is *seen in* the moon, which is a sky phenomenon, fitting the definition of visual perception in a celestial body."
a32c,CELESTIAL_PAREIDOLIA,high,sky,"The description explicitly states figures are visually perceived *in the moon*, which is a sky phenomenon."
a32c1,CELESTIAL_PAREIDOLIA,high,sky,"The description explicitly states a visual perception of an animal *in the Moon*, fitting the definition of seeing a figure in a celestial phenomenon."
a32d,CELESTIAL_PAREIDOLIA,high,sky,The core of the myth is the visual perception of a human figure *within* the moon itself.
a32d1,CELESTIAL_PAREIDOLIA,high,sky,"The myth explicitly states figures are *seen* within the lunar disc, fitting the definition of visually perceiving a figure in a sky phenomenon."
a32dd,CELESTIAL_PAREIDOLIA,high,sky,The description explicitly states a figure is visually perceived within a celestial phenomenon (the moon).
a32e,CELESTIAL_PAREIDOLIA,high,sky,"The description explicitly states a figure is visually perceived *in the moon*, which is a sky phenomenon."
a32f,CELESTIAL_PAREIDOLIA,high,sky,"The description explicitly states a figure visually perceived *in the moon*, fitting the definition of seeing a pattern in a celestial phenomenon."
a32g,CELESTIAL_PAREIDOLIA,high,sky,"The description explicitly states a figure is visually perceived *on the lunar disc*, establishing a figure-in-sky pareidolia."
a32h,CELESTIAL_PAREIDOLIA,high,sky,"The description explicitly states a visual perception of a tree/bush *within* the moon, fitting the definition of seeing a figure in a celestial phenomenon."
a32i,CELESTIAL_PAREIDOLIA,high,sky,"The description explicitly states a figure is visually perceived *in* the moon, fitting the definition of seeing a pattern in a sky phenomenon."
a32j,CELESTIAL_PAREIDOLIA,high,sky,The core of the myth is the visual perception of a figure (the shaman) *in* the moon itself.
a32k,CELESTIAL_PAREIDOLIA,high,sky,"The core of the myth involves perceiving a figure *in* the Moon, and a struggle to possess that figure between celestial bodies."
a33,CELESTIAL_PAREIDOLIA,high,sky,"The description explicitly states a visual perception of an animal *in* the sun, which is a sky phenomenon, fitting the definition of CELESTIAL_PAREIDOLIA."
a34,METAMORPHOSIS,high,sky,The story explains the lunar spots as originating from the animal being transformed and appearing *on* the Moon’s surface.
a35,CELESTIAL_PAREIDOLIA,high,sky,"The description explicitly states perceiving markings *on* the moon (a sky phenomenon) *as* features of a lunar person's body, which is a direct visual pareidolia."
a35a,CELESTIAL_PAREIDOLIA,high,sky,"The myth directly attributes a perceived visual feature (spots) on a celestial body (the Moon) to a specific cause, representing a figure perceived within the sky."
a35b,CELESTIAL_PAREIDOLIA,high,sky,"The story directly attributes an action to the Moon itself, perceiving it as a surface capable of being smeared, thus a visual pareidolia of a face or surface."
a35c,CELESTIAL_PAREIDOLIA,high,sky,"The description explicitly states perceiving features (scars/wounds) *on* the Moon's surface, which is a sky phenomenon."
a36,CELESTIAL_PAREIDOLIA,high,sky,"The myth directly attributes life-like qualities (immortality, decision-making, rejuvenation) to the Moon as a celestial body, perceiving it as a living entity."
a37,CELESTIAL_PAREIDOLIA,high,sky,"The Sun is treated as a being with a face/form that can be attacked, representing a visual perception of agency in a celestial body."
a37a,METAMORPHOSIS,high,animal,"The core of the myth is the transformation of a being *into* an animal as a consequence of their actions, explaining their current state of hiding."
a37b,METAMORPHOSIS,high,animal,"The core of the myth involves a being *becoming* an animal as a direct consequence of attempting to reach a celestial target, prioritizing transformation over simple visual resemblance."
a38,METAMORPHOSIS,high,sky,"The core of the myth involves the Sun *being* caught, implying a transformation of the Sun into a captured state, rather than simply resembling something."
a38a,CELESTIAL_PAREIDOLIA,high,sky,"The sun is visually conceived of as being *caught* in something, implying a visual perception of a pattern or form within the sky (the sun's disc) resembling a snare."
a38b,ANTHROPOMORPHIC_ANIMAL,high,animal,"The story centers on an animal (mouse/shrew) performing a human-like action (cutting open a snare) to free a powerful being, attributing agency and capability beyond typical animal behavior."
a38c,NATURE_SPIRIT_PERSONIFICATION,medium,sky,"The Sun acts with intent and agency, giving or spoiling a cloak, implying a personality rather than a visual or auditory perception within the sun itself."
a38d,ANTHROPOMORPHIC_ANIMAL,high,animal,"The sun is treated as a living being capable of being harmed and retaliating, exhibiting agency and thus personhood."
a39,CELESTIAL_PAREIDOLIA,high,sky,The daily 'birth' and 'death' of the sun inherently involves perceiving a changing figure in the sky.
a4,NATURE_SPIRIT_PERSONIFICATION,high,sky,The motif assigns gender to celestial bodies without describing a visual or auditory trigger for the personification.
a40,ANTHROPOMORPHIC_ANIMAL,high,animal,"The toad/frog is explicitly given the role of a wife, demonstrating personification and agency beyond typical animal behavior."
a41,METAMORPHOSIS,high,multiple,"The story centers on a being *becoming* the Sun, explaining its existence through a transformation, even if it involves a horrific act; this prioritizes METAMORPHOSIS over potential pareidolia of a fi"
a42,CELESTIAL_PAREIDOLIA,high,sky,"The story centers on a person interacting with and attempting to *be* the sun, directly perceiving agency within the celestial body."
a43,CELESTIAL_PAREIDOLIA,high,sky,"The story directly describes a figure (the Moon-person) visually perceived *in* the moon, and a physical characteristic (missing footwear) is attributed to the moon's appearance."
a43a,METAMORPHOSIS,high,multiple,"The core of the myth describes a person *becoming* a bird/sky-being, with the shoe detail explaining a persistent physical characteristic of that transformed entity."
a44,METAMORPHOSIS,high,sky,"The core of the myth is a person being *transformed into* the Moon, explaining their visible presence there, which prioritizes METAMORPHOSIS over simple CELESTIAL_PAREIDOLIA."
a45,CELESTIAL_PAREIDOLIA,high,sky,"The story centers on a perceived personality *in* the Moon, and punishment results from interacting with it as if it were a person, fitting the definition of visually perceiving personhood in a celest"
a46,METAMORPHOSIS,high,multiple,"The myth explicitly states the Sun and Moon *originate from* the eyes of a being, representing a transformation of body parts into celestial bodies."
a47,NATURE_SPIRIT_PERSONIFICATION,medium,sky,"The horsemen *represent* luminaries and periods of the day, embodying them as distinct personalities without a specific pareidolic trigger for their appearance."
a4a,CELESTIAL_PAREIDOLIA,high,sky,"The motif explicitly describes a figure (Sun-woman) visually perceived *in* the sun, and her actions are directly tied to the sun's appearance (dazzling rays)."
a4b,NATURE_SPIRIT_PERSONIFICATION,high,sky,The sun is given the human emotion of fear and a corresponding behavioral motivation without any visual or auditory trigger for this personification.
a5,NATURE_SPIRIT_PERSONIFICATION,high,sky,"This describes personified celestial bodies without a specific visual or auditory trigger for the personification, simply assigning gender to them."
a5a,METAMORPHOSIS,high,sky,"The myth explicitly describes the Sun *being made from* the Moon’s discarded materials, representing a transformation into a celestial body."
a6,NATURE_SPIRIT_PERSONIFICATION,high,sky,"The myth assigns gender to celestial bodies without describing a visual or auditory trigger for the personification, focusing on inherent personality."
a7,CELESTIAL_PAREIDOLIA,high,sky,"The myth directly attributes personhood and relational behavior (pursuit) to celestial bodies, perceiving them as figures in the sky."
a7a,CELESTIAL_PAREIDOLIA,high,sky,"The description explicitly states a visual perception of a figure (holding a torch) *in* a celestial phenomenon (the Sun, Moon, Venus), fitting the definition of CELESTIAL_PAREIDOLIA."
a8,NATURE_SPIRIT_PERSONIFICATION,high,sky,The myth directly assigns sibling relationships to celestial bodies without describing a visual or auditory trigger for perceiving figures within them.
a8a,METAMORPHOSIS,high,sky,"The myth describes celestial bodies (Sun, Moon, star) being *released* from a prior state, implying a transformation into their current form by a hero’s action."
a9,NATURE_SPIRIT_PERSONIFICATION,high,sky,"The moon is presented as a female being with agency and protective intent, without a specific visual or auditory trigger for this personification."
b1,PURE_NARRATIVE,high,none,"This describes a plot of rivalry and division of labor, lacking any element of perceived figures in nature or transformation into natural objects."
b10,METAMORPHOSIS,high,water,"The core of the myth describes a being *becoming* the source of all water, explaining its origin and release through a physical rupture."
b100,NATURE_SPIRIT_PERSONIFICATION,high,none,"The description centers on 'sleep' as an entity or substance, possessing agency or being personified, without a specific pareidolic trigger or transformation."
b101,TERRESTRIAL_PAREIDOLIA,high,plant,"The scratches and slashes on the birch bark are interpreted as evidence of a perceived 'wound' or 'suffering' inflicted upon the tree, projecting a sense of personhood and pain onto the landform (tree"
b102,CELESTIAL_PAREIDOLIA,high,sky,"The description directly links a sky phenomenon (clouds) to an earthly origin (smoke), implying a visual perception of form arising from natural processes."
b103,ANTHROPOMORPHIC_ANIMAL,high,plant,"The story attributes intent and expectation (being 'disappointed') to a being—either a devil or a bear—regarding the tree's fruiting cycle, effectively projecting personhood onto it."
b104,METAMORPHOSIS,high,animal,"The core of the story is the transformation of the chicken *into* a tortoise, explaining the origin of that animal."
b104a,METAMORPHOSIS,high,animal,"The central event is the transformation of the chicken into a toad that afflicts the son, directly linking a being to a natural object and explaining its presence."
b105,METAMORPHOSIS,high,animal,"The core of the story is the daughter-in-law *becoming* an animal due to shame, fulfilling the definition of transformation into a natural object."
b106,AUDITORY_PAREIDOLIA,high,sky,"The myth explicitly attributes a voice/cry to a sky phenomenon, establishing a perceived auditory connection between the heavens and earthly birds."
b107,METAMORPHOSIS,high,multiple,"The story explains the current state of oyster shells (being black) by stating they were *transformed* by a past fire, fitting the definition of metamorphosis."
b108,METAMORPHOSIS,high,multiple,"The core of the myth is a person being transformed into a natural phenomenon (snow), which prioritizes METAMORPHOSIS over simple visual resemblance."
b109,METAMORPHOSIS,high,animal,"The core of the myth is a person *becoming* an animal, explaining the origin of that animal type, which prioritizes METAMORPHOSIS over simply anthropomorphizing a bear."
b109a,METAMORPHOSIS,high,animal,"The core of the myth is a being *becoming* a bear, explaining its terrestrial existence as a result of a transformation from the sky."
b110,METAMORPHOSIS,high,landform,"The core of the motif is a person's body directly *becoming* landscape features, fulfilling the definition of transformation into a natural object."
b110a,METAMORPHOSIS,high,multiple,"The core of the myth is a person *becoming* atmospheric phenomena (snow and wind), fulfilling the definition of transformation into natural objects."
b111,METAMORPHOSIS,high,animal,The story explicitly describes the origin of bees stemming from the transformation of a bull's corpse into the insects.
b112,ANTHROPOMORPHIC_ANIMAL,high,animal,"The bird actively *helps* return stolen property and is then *decorated* for its actions, demonstrating personified behavior and intent."
b113,METAMORPHOSIS,high,multiple,"The story explains a physical characteristic (cold bottoms/knees) as the result of a past transformative event during creation, fitting the definition of metamorphosis where beings are changed into or"
b114,METAMORPHOSIS,high,animal,"The core of the myth is the transformation of a person *into* an animal, explaining the animal's existence."
b115,METAMORPHOSIS,high,plant,"The narrative explicitly states trees *became* evergreen due to an event, prioritizing transformation over mere resemblance."
b115a,ANTHROPOMORPHIC_ANIMAL,medium,plant,"The story centers on a personified request regarding trees (plants) and their 'knots' functioning like iron, implying agency and intent within the natural world."
b116,ANTHROPOMORPHIC_ANIMAL,high,animal,"The motif centers on an animal performing an action typically associated with humans (reading/destroying knowledge), thus projecting personhood onto the animal."
b116a,ANTHROPOMORPHIC_ANIMAL,high,animal,"The motif centers on an animal (or person acting as a vessel) embodying and enacting knowledge, effectively granting the animal personhood through its role as a living archive."
b116b,METAMORPHOSIS,high,water,"The book's destruction due to water implies a transformation of the book *into* an unreadable or lost state, motivated by the water's action."
b117,ANTHROPOMORPHIC_ANIMAL,high,animal,"The story centers on animals behaving with human-like agency and social roles (possessing certificates, having enmity), establishing them as personified beings."
b118,METAMORPHOSIS,high,animal,"The core of the myth is a person being transformed into an animal (owl), explaining the owl's existence as a result of a past event."
b11a,METAMORPHOSIS,high,landform,"The story describes a creature *becoming* the landscape itself as it moves, which is a transformation into a landform, prioritizing this over potential animal personification."
b13a,METAMORPHOSIS,high,water,"The stream's pursuit implies it *is* a transformed being, actively chasing the person, rather than simply resembling one."
b14,METAMORPHOSIS,high,water,"The description states a person *creates* the rapids, implying transformation into the natural feature."
b15,METAMORPHOSIS,high,water,"The core of the myth is a person being transformed *into* a natural feature (the river), making metamorphosis the defining motif."
b16a,METAMORPHOSIS,high,water,"The origin story explicitly states the sea *is* made from a bodily fluid, representing transformation into a natural feature."
b16b,ANTHROPOMORPHIC_ANIMAL,high,water,"The wolverine/fox is acting with intentionality (urinating) and directly causing a change in the sea, effectively behaving as a person."
b16c,METAMORPHOSIS,high,water,"The mill *becomes* the source of the ocean's saltiness, explaining a natural phenomenon through a transformation narrative."
b17,NATURE_SPIRIT_PERSONIFICATION,medium,none,"While darkness is treated as an object, the myth treats it as a separable entity with agency, implying a spirit-like quality rather than a visual or auditory pareidolia or transformation."
b18,METAMORPHOSIS,high,sky,"The motif describes light/the sun/moon *being* contained, implying a transformation into a contained object rather than simply resembling one."
b19,NATURE_SPIRIT_PERSONIFICATION,high,sky,"Night is presented as a pre-existing entity whose presence enables a human activity, indicating personification of a natural phenomenon without a specific pareidolic trigger."
b1a,PURE_NARRATIVE,high,none,"The description details a division of the universe between beings, focusing on social agreement and cosmic organization without any element of perceived figures in nature."
b1b,NATURE_SPIRIT_PERSONIFICATION,high,none,"The story describes personified forces of creation without a specific pareidolic trigger or transformation; the females *are* the creative forces, not appearing *in* nature."
b1c,PURE_NARRATIVE,high,none,"This is a story of competition and trickery between creators, lacking any element of perceived figures in nature or personification of natural features."
b1d,NATURE_SPIRIT_PERSONIFICATION,medium,landform,"The differing qualities of the world are attributed to the personalities and work ethics of two creator beings, without a specific pareidolic trigger for their existence."
b20,METAMORPHOSIS,high,sky,"The story centers on a person's ability to *become* permanently located in the sky due to the actions of those left behind, explaining their continued presence there."
b21,METAMORPHOSIS,high,plant,"The world tree *is* the world, and its destruction represents a fundamental transformation of the environment and the people's relationship to it."
b22,ANTHROPOMORPHIC_ANIMAL,high,plant,"The tree is the target of intentional harm due to a perceived social slight, implying a degree of personhood or agency attributed to it as a wronged party."
b22a,ANTHROPOMORPHIC_ANIMAL,high,animal,"The tapir acts with intent, requests fruit, and attempts to harm the boys, demonstrating personified behavior beyond simple animal action."
b23,NATURE_SPIRIT_PERSONIFICATION,medium,none,The god's prohibition implies ownership/control over a natural force (fire) without a specific pareidolic trigger being described.
b24,METAMORPHOSIS,high,animal,"The core of the motif is people being *transformed* into animals, specifically wild pigs, which directly addresses the definition of metamorphosis."
b24a,METAMORPHOSIS,high,animal,"The core of the myth is the transformation of people *into* animals, making it a clear case of metamorphosis despite the use of feathers as the triggering element."
b25,METAMORPHOSIS,high,plant,"The core of the myth is people *becoming* animals, specifically explaining their origin via transformation from a tree or vine."
b26,METAMORPHOSIS,high,animal,"The core of the motif is a person *becoming* an animal, which is a transformation into a natural entity."
b27,METAMORPHOSIS,high,multiple,"The core of the motif is the transformation *into* a natural object or creature, prioritizing this over simple resemblance or personification."
b28,METAMORPHOSIS,high,multiple,"The core of the motif is the transformation of people *into* natural or cultural features, establishing those features through the act of change."
b28a,METAMORPHOSIS,high,multiple,"The core of the story involves a being who *transforms* people into animals/stones, and is then fixed (transformed) into the ground itself, making transformation the defining motif."
b28b,METAMORPHOSIS,high,multiple,"The core of the myth involves transforming aggressive natural entities into their current, pacified forms, prioritizing transformation over mere resemblance."
b28c,ANTHROPOMORPHIC_ANIMAL,high,animal,"The lice are depicted as actively grasping and pulling a man, exhibiting intentional behavior characteristic of personhood."
b28d,METAMORPHOSIS,high,multiple,"The core of the motif is the transformation of people *into* animals, directly explaining their altered state, which prioritizes METAMORPHOSIS over simple pareidolia."
b28d1,METAMORPHOSIS,high,animal,"The core of the story is a person being *transformed* into an animal, directly explaining the origin of the deer's antlers."
b28e,METAMORPHOSIS,high,sky,"The description explicitly states the Moon *transforms* the world, establishing norms – this is a transformation motif where the Moon's action creates the current state of things."
b29,METAMORPHOSIS,high,multiple,"The core of the motif is the transformation of people *into* animals or stones, explaining their current state as a result of past actions."
b2a,NATURE_SPIRIT_PERSONIFICATION,high,landform,The description explicitly personifies the earth as a female being without detailing a visual or auditory trigger for this association.
b2b,NATURE_SPIRIT_PERSONIFICATION,high,landform,"The earth is acting as an agent with a consuming personality, without a specific visual or auditory trigger for this personification."
b2c,METAMORPHOSIS,high,landform,"The description explicitly states the earth *is* a transformed human body, prioritizing metamorphosis over simply resembling one."
b2d,NATURE_SPIRIT_PERSONIFICATION,high,multiple,This describes personified natural forces – Sky and Earth – entering a relationship without a specific pareidolic trigger or transformation being central to the narrative.
b2e,NATURE_SPIRIT_PERSONIFICATION,high,landform,"The description explicitly personifies the earth as a male being without detailing a visual or auditory trigger, fitting the definition of a nature spirit or personification."
b2f,METAMORPHOSIS,high,landform,"The bird's act of burying or carrying the dead *creates* a landform feature (its head becoming a burial site), representing transformation rather than simple visual resemblance."
b2g,ANTHROPOMORPHIC_ANIMAL,high,landform,"The story features an animal (Chameleon) acting with agency in a primordial world, establishing it as a figure with personified behavior."
b3,PURE_NARRATIVE,high,water,This describes a cosmogonic state without attributing personhood or visual/auditory qualities to any natural feature.
b30a,METAMORPHOSIS,high,water,"The core of the motif is the transformation of a being *into* a fish, explaining the fish's origin from the remains."
b30b,METAMORPHOSIS,high,animal,"The core of the myth is the transformation of a person *into* animals, explaining their origin from the murdered individual."
b31,METAMORPHOSIS,high,water,"The core of the motif is a transformation *into* a water mammal, establishing a direct link between a person and a natural form."
b32,METAMORPHOSIS,high,water,"The core of the myth is the transformation of people (women) *into* fish, explaining their current form as a result of a past event."
b33,NATURE_SPIRIT_PERSONIFICATION,high,sound,The motif describes a personified natural force (wind) without a specific visual or auditory trigger for the personification.
b33a,PURE_NARRATIVE,high,none,"The story describes a sequence of events and a fatal misjudgment about the weather, lacking any element of perceived figures in nature or personification."
b33a1,ANTHROPOMORPHIC_ANIMAL,high,animal,"The story features an animal (bird) acting with intent and being punished for its actions, demonstrating personification of animal life."
b33b,METAMORPHOSIS,high,animal,"The early bird's death *explains* the arrival of spring, effectively transforming the bird into the season itself, a classic metamorphosis motif."
b33c,NATURE_SPIRIT_PERSONIFICATION,medium,none,"The description attributes agency ('borrowing') to abstract periods of time (months), personifying them as entities capable of interaction without a specific pareidolic trigger."
b33d,NATURE_SPIRIT_PERSONIFICATION,high,none,"The motif describes winter being embodied as an old woman, a personification of a natural force without a specific pareidolic trigger."
b33e,NATURE_SPIRIT_PERSONIFICATION,high,none,"February is personified as a month with agency and a desire, without any specific pareidolic trigger in nature."
b33f,NATURE_SPIRIT_PERSONIFICATION,high,none,The night is personified as an active agent ('unwinds her yarn') without any specific pareidolic trigger or transformation being described.
b33g,NATURE_SPIRIT_PERSONIFICATION,high,sky,"The story personifies celestial bodies (Sun, Moon, Night) as horsemen without describing a specific visual or auditory trigger for this personification."
b34,METAMORPHOSIS,high,multiple,"The core of the myth is the transformation of humans *into* animals due to the arrival of night, fitting the definition of metamorphosis where beings become natural objects (in this case, animals)."
b35,ANTHROPOMORPHIC_ANIMAL,high,animal,The bear is depicted performing a distinctly human action (mismatching shoes) implying personhood and intent.
b35a,METAMORPHOSIS,high,plant,"The core of the story is a transformation *into* a natural object (a bear, originating from the tree), making metamorphosis the defining motif."
b36,METAMORPHOSIS,high,multiple,"The description explicitly states that traits originate from the disintegration of a single entity, implying transformation into the characteristics observed in other beings."
b36a,METAMORPHOSIS,high,animal,"The motif describes a transformation of a being *into* the coloration of animals, explaining their current appearance."
b36b,METAMORPHOSIS,high,animal,"The story explains the origin of birds' voices by linking it to a transformation *caused by* contact with a reptile, effectively stating birds *became* vocal through this process."
b36c,ANTHROPOMORPHIC_ANIMAL,medium,animal,"The description centers on animals possessing qualities (fatness/leanness) and being derived from a source, implying agency and a state beyond simple animal existence."
b37,ANTHROPOMORPHIC_ANIMAL,high,animal,The birds are depicted as actively participating in a human-like activity (painting/decorating) which implies personhood and agency beyond typical animal behavior.
b38,METAMORPHOSIS,medium,multiple,"The act of painting fundamentally transforms the subject (animal/person) into a new form, even if imperfectly, aligning with the core idea of transformation into something else."
b38a,ANTHROPOMORPHIC_ANIMAL,high,animal,"The birds are depicted with human actions (painting) and implied intent, effectively acting as people."
b38b,ANTHROPOMORPHIC_ANIMAL,high,animal,"Both Raven and Loon are depicted with human-like agency and engage in a distinctly human activity (painting), establishing them as personified animals."
b38c,METAMORPHOSIS,high,animal,"The story explicitly states a transformation of the bird's tail base *because* of an action done to it, making it a clear case of metamorphosis explaining a physical characteristic."
b38d,ANTHROPOMORPHIC_ANIMAL,high,animal,Both Raven and Owl are depicted with human-like agency and engage in the distinctly human activity of painting.
b38e,ANTHROPOMORPHIC_ANIMAL,high,animal,"The story depicts birds with human-like behavior – marriage, disgust, and abandonment – projecting personhood onto animal life."
b39,METAMORPHOSIS,high,animal,"The story explains the physical characteristic of an insect (narrow waist) as the result of an action performed by ancestors upon that insect-person, constituting a transformation narrative."
b3a,PURE_NARRATIVE,high,water,This describes a cosmogonic order of elements without attributing personhood or visual/auditory qualities to the water itself.
b3b,METAMORPHOSIS,high,landform,"The description explicitly states an original, small substance *growing* into the larger earth, representing a transformation of scale and thus a metamorphosis of the land itself."
b3c,METAMORPHOSIS,high,landform,"The growing landmass is directly caused by the dragging of the Creator's body, representing a transformation of the Creator into the land itself."
b3d,METAMORPHOSIS,high,landform,"The myth describes the earth *originating from* the worm's bodily process, effectively transforming the worm's excrement into land."
b3e,METAMORPHOSIS,high,landform,"The motif describes the origin of earth as resulting from a descent or being placed *onto* the waters, implying a transformation from a sky-borne entity or substance into the land itself."
b4,METAMORPHOSIS,high,landform,"The landmass *becomes* the island/continent, explaining its current form as a result of being pulled from the water, which is a transformation narrative."
b40,ANTHROPOMORPHIC_ANIMAL,high,animal,"The motif centers on an animal (hare/rabbit) possessing characteristics or a lineage closely tied to another animal (deer), effectively granting it personified traits and a role beyond simple animal b"
b40a,ANTHROPOMORPHIC_ANIMAL,high,animal,"The description centers on an animal possessing (or failing to possess) a characteristic that defines its personhood/status, implying agency and a narrative around its physical form."
b40b,ANTHROPOMORPHIC_ANIMAL,high,animal,"The story depicts animals engaging in actions (exchanging body parts) that demonstrate agency and intent, effectively projecting personhood onto them."
b41,ANTHROPOMORPHIC_ANIMAL,high,animal,"The core of the myth is dogs possessing and then losing human-like speech, demonstrating personhood projected onto animals."
b41a,ANTHROPOMORPHIC_ANIMAL,high,animal,"The core of the motif is an animal exhibiting human-like speech and knowledge of human affairs, effectively acting as a person who reveals secrets."
b42,CELESTIAL_PAREIDOLIA,high,sky,"The description explicitly states figures are visually perceived in stars/constellations, fitting the definition of seeing shapes in sky phenomena."
b42a,CELESTIAL_PAREIDOLIA,high,sky,"The story describes perceiving a bear (a figure) in a sky phenomenon and its 'blood' or 'fat' visually manifesting on earth, fitting the definition of visually perceiving a figure in a sky phenomenon."
b42b,CELESTIAL_PAREIDOLIA,high,sky,"The hunters are in the sky, and the ungulate is perceived *within* the celestial sphere as the object of pursuit, forming a visual pattern."
b42c,CELESTIAL_PAREIDOLIA,high,sky,"The story describes hunters in the sky pursuing a bear, directly perceiving a figure (the bear) within a celestial phenomenon (the sky)."
b42d,CELESTIAL_PAREIDOLIA,high,sky,"The hunters are in the sky, implying figures perceived in celestial phenomena are pursuing an animal, fitting the visual perception of shapes in the sky."
b42e,CELESTIAL_PAREIDOLIA,high,sky,"The story describes hunters in the sky pursuing a creature, implying a figure perceived in a sky phenomenon (constellation or cloud formation) resembling the rhea."
b42f,CELESTIAL_PAREIDOLIA,high,sky,The description explicitly states a visual perception of an animal figure within a sky phenomenon (stars).
b42h,CELESTIAL_PAREIDOLIA,high,sky,The myth explicitly describes figures (animals and a hunter) visually perceived within star patterns in the sky.
b42h1,CELESTIAL_PAREIDOLIA,high,sky,"The myth explicitly identifies a star pattern as an arrow that struck an animal, representing a visual perception of a figure within a celestial phenomenon."
b42i,ANTHROPOMORPHIC_ANIMAL,high,animal,"The motif explicitly links a person (Cassiopea) with the characteristics and association of a deer/elk, granting it personified qualities."
b42k,CELESTIAL_PAREIDOLIA,high,sky,"The core of the myth involves perceiving a pattern (the Pleiades) as hunters or hunted, which is a direct visual pareidolia in a sky phenomenon."
b42l,CELESTIAL_PAREIDOLIA,high,sky,"The myth explicitly identifies a constellation (the Big Dipper) with animals and objects, representing a visual perception of figures in the sky."
b42m,CELESTIAL_PAREIDOLIA,high,sky,"The story explicitly identifies stars as a hunter and his cooking pot, representing a visual perception of figures in the sky."
b42m1,METAMORPHOSIS,high,sky,"The core of the myth is hunters *becoming* stars, explaining their presence in the sky as a transformation."
b42m2,CELESTIAL_PAREIDOLIA,high,sky,The story explicitly identifies figures (hunters) visually perceived within a celestial phenomenon (the stars of the Big Dipper).
b42mn,CELESTIAL_PAREIDOLIA,high,sky,"The elk is explicitly associated with a circumpolar constellation, representing a figure perceived within a sky phenomenon."
b42n,CELESTIAL_PAREIDOLIA,high,sky,The description explicitly states a figure (a person) is visually perceived in a sky phenomenon (a constellation).
b42o,CELESTIAL_PAREIDOLIA,high,sky,"The description explicitly states a human figure visually perceived within a constellation, fitting the definition of seeing a form in a sky phenomenon."
b42o1,CELESTIAL_PAREIDOLIA,high,sky,"The myth explicitly identifies a constellation (Ursa Major, a sky phenomenon) *as* a fisher, representing a visual perception of the animal's form within the stars."
b42p,CELESTIAL_PAREIDOLIA,high,sky,"The myth explicitly states a visual perception of a bear *in* the constellation Ursa Major, a sky phenomenon."
b42q,CELESTIAL_PAREIDOLIA,high,sky,"The myth explicitly identifies a pattern in the stars (Ursa Major) as a man-made object (a carriage), representing a visual perception of a figure in a celestial phenomenon."
b42r,CELESTIAL_PAREIDOLIA,high,sky,The myth explicitly perceives figures (persons/animals) within a sky phenomenon (stars of Orion's Belt).
b42s,CELESTIAL_PAREIDOLIA,high,sky,"The core of the motif is visually perceiving a figure (animal or person) *in* celestial phenomena (Ursa Major/Polaris), and then a narrative action is applied to that perceived figure."
b42t,CELESTIAL_PAREIDOLIA,high,sky,"The description explicitly states a visual figure (mammal) is perceived in stars, fitting the definition of seeing shapes in celestial phenomena."
b43,METAMORPHOSIS,high,multiple,"The core of the myth describes a being *becoming* the elements of the universe, which is the defining characteristic of metamorphosis, prioritizing it over potential pareidolic readings."
b44a,ANTHROPOMORPHIC_ANIMAL,high,animal,"The core of the motif involves animals acting as persons engaged in discussion and decision-making, projecting personhood onto them."
b44b,PURE_NARRATIVE,high,none,"The description details a counting/calendrical system based on natural features, lacking any element of perceived figures or personification within those features."
b44c,NATURE_SPIRIT_PERSONIFICATION,medium,multiple,"The myth explores fundamental forces (warmth, light, darkness, cold) as if they possess inherent qualities deserving of existence, implying personification without a specific pareidolic trigger."
b44d,METAMORPHOSIS,high,animal,"The story explicitly states the animal's death *causes* the existence of night and day, implying a transformation into these phenomena."
b44e,ANTHROPOMORPHIC_ANIMAL,high,animal,"The core of the myth involves animals speaking and engaging in a dispute, demonstrating personified animal behavior."
b44f,ANTHROPOMORPHIC_ANIMAL,high,animal,"The story features a fox acting as an advocate with intent, clearly projecting personhood onto the animal."
b45,NATURE_SPIRIT_PERSONIFICATION,high,multiple,"The description details personified seasons (winter and summer) interacting, without a specific pareidolic trigger or transformation being central to the narrative."
b45b,NATURE_SPIRIT_PERSONIFICATION,high,none,"The motif personifies cold as a bull, attributing agency without describing a visual or auditory trigger or transformation."
b46,CELESTIAL_PAREIDOLIA,high,sky,The myth explicitly describes perceiving human figures within a sky phenomenon (stars of the Big Dipper).
b46a,CELESTIAL_PAREIDOLIA,high,sky,"The story explicitly describes stars (celestial phenomena) being perceived as actors and changing positions within a constellation, fitting the visual perception of figures in the sky."
b46a1,CELESTIAL_PAREIDOLIA,high,sky,"The constellation (Big Dipper) is visually interpreted as robbers, directly perceiving a figure in a sky phenomenon."
b46c,CELESTIAL_PAREIDOLIA,high,sky,"The myth explicitly identifies figures (persons/animals) within a sky phenomenon (the stars of the Big Dipper), making it a clear case of visual pareidolia."
b46d,METAMORPHOSIS,high,sky,"The core of the myth is the transformation of people *into* stars, making it a clear case of metamorphosis despite the celestial location."
b47,CELESTIAL_PAREIDOLIA,high,sky,"The myth directly attributes a phenomenon (cold) to a visual pattern in the sky (the Pleiades stars), fitting the definition of perceiving a relationship between a celestial body and an effect on Eart"
b47a,METAMORPHOSIS,high,multiple,"The stars (beings) are described as becoming embedded within the cow's hoof, explaining their current fragmented appearance in the sky."
b48,METAMORPHOSIS,high,animal,"The core of the motif is the transformation of predators into herbivores, explaining their current state as a result of a past change."
b48a,METAMORPHOSIS,high,animal,"The description details a transformation of flesh/organs *from* one creature *into* another, explaining their current presence – a core element of metamorphosis."
b48b,ANTHROPOMORPHIC_ANIMAL,high,animal,"The core of the myth involves animals retaining vestiges of a former human state, projecting personhood and a shared history onto them."
b48c,TERRESTRIAL_PAREIDOLIA,high,landform,"The description explicitly states that human-made objects are *seen* within the shape of a natural feature (the pike's head), indicating a visual perception of figures in a landform."
b48d,METAMORPHOSIS,high,animal,"The motif describes people being *transformed into* parts of the pike's body, which is a clear case of metamorphosis explaining the creature's anatomy."
b49,ANTHROPOMORPHIC_ANIMAL,high,animal,"The core of the story involves animals acting with intent and flawed communication, effectively projecting personhood onto them to explain their behaviors."
b49a,NATURE_SPIRIT_PERSONIFICATION,medium,animal,"The description implies a change in the animal's reproductive capacity linked to a past event, suggesting a presiding spirit or inherent quality affecting their nature rather than a visual or auditory"
b49b,METAMORPHOSIS,high,animal,"The story explains a current animal feature (number of teats) as the result of a past transformation or loss of teats, fitting the definition of metamorphosis."
b50,ANTHROPOMORPHIC_ANIMAL,high,animal,"The insect is depicted as capable of speech and having preferences (deliciousness of blood), thus projecting personhood onto it."
b51,ANTHROPOMORPHIC_ANIMAL,high,animal,"The mosquito speaks and acts with intent, demonstrating personhood despite being an insect."
b51a,ANTHROPOMORPHIC_ANIMAL,high,animal,"Both snake and swallow are depicted with intentionality, agency, and complex motivations—essentially acting as people within the narrative."
b52a,ANTHROPOMORPHIC_ANIMAL,high,animal,"The vulture actively *creates* the landscape through intentional action, demonstrating personified agency beyond simply resembling a figure within nature."
b52b,METAMORPHOSIS,high,landform,"The narrative describes a person *becoming* the landscape (earth), explaining its formation through their bodily transformation."
b52c,METAMORPHOSIS,high,landform,"The story explains landform creation (mountains, swamps) by describing the earth *being transformed* through a squeezing process."
b53,METAMORPHOSIS,high,multiple,"The core of the motif is the transformation of body parts (genitals) *into* other entities (snakes, objects), fitting the definition of metamorphosis prioritizing transformation over mere resemblance."
b54,METAMORPHOSIS,high,water,"The core of the myth is the transformation of wood chips *into* fish, establishing a clear metamorphosis motif rather than simply resembling them."
b55,METAMORPHOSIS,high,plant,"The core of the motif is the transformation of leaves *into* fish, explaining their appearance as such."
b56,METAMORPHOSIS,high,animal,"The motif describes the crocodile *losing* its tongue, which is then repurposed into a celestial element, representing a transformation of the animal into something else."
b57,METAMORPHOSIS,high,multiple,"The motif explains a natural phenomenon (red sky/leaves/aurora) as directly caused by the transformation of blood from a death event, prioritizing transformation over mere visual resemblance."
b57a,CELESTIAL_PAREIDOLIA,high,sky,"The motif explicitly describes perceiving a message (blood/liquid) *in* a sky phenomenon (red sunset), fitting the definition of visually perceiving a figure/meaning in the sky."
b58,METAMORPHOSIS,high,animal,"The story explicitly states the bird's neck *became* red due to swallowing coal, representing a transformation and explaining a physical characteristic."
b59,METAMORPHOSIS,high,sky,"The core of the myth is the transformation of people *into* a celestial constellation, prioritizing this over simple visual resemblance."
b5a,PURE_NARRATIVE,high,none,The description details a purely relational event between two beings with no indication of figure-in-nature perception or transformation.
b5b,NATURE_SPIRIT_PERSONIFICATION,high,multiple,"The 'universal mother' embodies a fundamental creative force of nature without a specific pareidolic trigger; she *is* the source, not something *seen in* nature."
b5c,NATURE_SPIRIT_PERSONIFICATION,medium,none,The story describes primordial female beings embodying generative forces without a specific pareidolic trigger or transformation; they are personifications of abstract concepts rather than figures *in
b6,PURE_NARRATIVE,high,landform,"The description focuses solely on social action (meeting, marrying) with no indication of figures perceived in nature or natural features being personified."
b60,METAMORPHOSIS,high,multiple,"The core of the myth involves individuals transforming *into* natural phenomena (birds, stars, etc.) as a direct result of their abandonment, making transformation the defining element."
b61,METAMORPHOSIS,high,sky,"The story explicitly states the mole *supported* the sky, implying a physical interaction and transformation resulting in a permanent physical change (crooked paw) linked to the celestial object."
b62,ANTHROPOMORPHIC_ANIMAL,high,animal,"The buzzard/hawk acts as a husband and lives a human life, demonstrating projected personhood and social roles onto the animal."
b63,METAMORPHOSIS,high,sky,"The core of the myth involves individuals being *transformed* into atmospheric phenomena as a consequence of their actions, prioritizing this over a simple visual resemblance."
b64,METAMORPHOSIS,high,animal,The story explains the physical characteristics of fish bones as the result of a past event – a battle – transforming the fish bodies through piercing and fragmentation.
b64a,ANTHROPOMORPHIC_ANIMAL,high,animal,"The story depicts fish and birds actively engaging in warfare, exhibiting intentionality and behavior characteristic of people."
b64b,PURE_NARRATIVE,high,water,"The story describes a conflict between fish species with a resulting physical characteristic, lacking any element of perceived figures or personification in nature."
b64c,METAMORPHOSIS,high,multiple,The story explains the presence of small bones in fish by claiming they were once sky-dwelling beings who fell to earth and fractured their skeletons.
b64d,METAMORPHOSIS,high,animal,"The motif describes a past event where something *became* part of the animal's body, explaining its current form—a clear case of transformation into a bodily feature."
b65,METAMORPHOSIS,high,plant,"The core of the myth describes a physical transformation of a person's body parts (intestines) *into* a natural object (vines), which is the defining characteristic of metamorphosis."
b66,METAMORPHOSIS,high,plant,"The core of the myth is the transformation of the rope into creepers/vines, explaining their current existence."
b67,METAMORPHOSIS,high,plant,"The core of the myth is the transformation of a tree into a landform, fitting the definition of metamorphosis where a being becomes a natural object."
b68,ANTHROPOMORPHIC_ANIMAL,high,animal,"The story depicts a grouse with agency and power, then describes its dismemberment and transformation into the smaller grouse we know today, effectively giving it a personality and history beyond typi"
b68a,ANTHROPOMORPHIC_ANIMAL,high,animal,"The story centers on birds exhibiting human-like social behavior – quarreling, seeking status, and enacting punishment – thus projecting personhood onto animal life."
b69,METAMORPHOSIS,high,animal,"The story explains the origin of the chipmunk's stripes by detailing a direct action *transforming* its appearance, rather than simply perceiving a figure within it."
b69a,ANTHROPOMORPHIC_ANIMAL,high,animal,"The core of the motif is an animal acting as a person and participating in a debate, demonstrating personhood and agency."
b69b,METAMORPHOSIS,high,animal,"The story explains the origin of the frog's stripes by stating they are *caused* by scratching, representing a transformation of the frog's appearance due to an external action."
b6a,METAMORPHOSIS,high,water,"The unhatched eggs transform into high-status characters, explaining their origin and linking them directly to a natural form (the eggs themselves) – this is a transformation narrative, prioritizing o"
b70,METAMORPHOSIS,high,animal,The tale explains the animal's physical characteristics as the result of a past transformation caused by a person's actions.
b71,CELESTIAL_PAREIDOLIA,high,sky,"The aurora is visually perceived as figures engaged in activity, directly linking the phenomenon to perceived forms."
b72,METAMORPHOSIS,high,animal,"The core of the myth is a human transforming into an animal (a cuckoo), explaining the bird's existence as a consequence of human action."
b72a,METAMORPHOSIS,high,animal,"The core of the story is the child *becoming* a swan/being transformed to fly with them, explaining their departure and altered state."
b72b,METAMORPHOSIS,high,animal,"The core of the story is the transformation of a person *into* an animal, explaining the bird's existence as a result of mistreatment."
b73,METAMORPHOSIS,high,animal,"The core of the myth is a person transforming *into* a cuckoo, explaining the cuckoo's unusual appearance."
b73a,METAMORPHOSIS,high,animal,"The core of the story is the transformation of a person (or people) *into* a bird, explaining the bird's cry, which directly aligns with the definition of metamorphosis."
b73b,METAMORPHOSIS,high,animal,"The core of the myth involves transformation *into* birds, explaining the bird's cry as the search continuing in a new form."
b74,METAMORPHOSIS,high,animal,"The description explicitly states a change in the grouse's eyes *because* of tears shed, explaining the current state as a result of transformation."
b74a,METAMORPHOSIS,high,none,"The motif describes a transformation of the eyes *into* a red state, motivated by the application of red rags, making it a case of bodily transformation rather than simple visual perception."
b74b,CELESTIAL_PAREIDOLIA,high,sky,"The Moon is perceived as a being with whom another entity (the owl) attempts a relationship, directly fitting the visual perception of a figure in a sky phenomenon."
b75a,AUDITORY_PAREIDOLIA,high,sound,"The core of the myth is perceiving a voice within a natural sound (echo), fitting the definition of auditory pareidolia."
b75b,METAMORPHOSIS,high,plant,"The core of the myth is the transformation of a person *into* the sound of the trees, directly linking a human to a natural phenomenon through change."
b75c,AUDITORY_PAREIDOLIA,high,water,"The motif explicitly states a sound from nature is perceived as originating from the time of creation, fitting the definition of hearing personality or meaning in a natural sound."
b75d,AUDITORY_PAREIDOLIA,high,sound,"The story explicitly states a sound (murmur) is perceived from the time of creation, fitting the definition of hearing personality in natural sound."
b76,METAMORPHOSIS,high,water,"The core of the myth describes a transformation of waves *into* mountains, fitting the definition of metamorphosis where a being/entity becomes a natural object."
b77,CELESTIAL_PAREIDOLIA,medium,sky,"The myth describes a perceived characteristic of the sky (its proximity to earth) as an original state, implying a visual perception of the sky's position."
b77a,ANTHROPOMORPHIC_ANIMAL,high,multiple,"The story features animal-persons actively performing a human-like action (pushing the sky), indicating a projection of personhood onto animal beings."
b77b,METAMORPHOSIS,high,sky,"The story describes a physical interaction that *changes* the sky's state, implying a transformation from a lower to a higher position, thus prioritizing metamorphosis over simple visual perception."
b77b1,CELESTIAL_PAREIDOLIA,high,sky,"The myth directly attributes an action (being struck) to a sky phenomenon, creating a visual 'touching' or impact on the sky itself."
b77b2,METAMORPHOSIS,high,sky,"The myth describes a physical action altering the sky's position, effectively transforming it from a lower to a higher state."
b77c,NATURE_SPIRIT_PERSONIFICATION,high,multiple,The serpent embodies a natural force (the power to lift the sky) and is given agency without a specific visual or auditory trigger for its personification.
b78,METAMORPHOSIS,high,multiple,"The act of shaking *transforms* something (a body, bed, feathers) into snowfall, explaining the origin of snow as a result of this action."
b79,METAMORPHOSIS,high,multiple,The emergence of the world from an egg implies a transformation of the egg itself *into* the cosmos and its contents.
b79a,METAMORPHOSIS,high,multiple,"The motif describes the emergence of the world *from* an egg or substance dropped by a bird, representing a transformation of the egg/substance into the world itself."
b79a1,METAMORPHOSIS,high,water,"The solid substance *becomes* the land, representing a transformation from avian matter to terrestrial form, which is the core of the motif."
b7a,PURE_NARRATIVE,high,none,"This describes a plot involving possession, theft, and release of a resource, lacking any element of perceived figures in nature or personification."
b7b,METAMORPHOSIS,high,water,"The story describes water originating from a broken container, implying a transformation or origin story tied to the vessel's destruction and subsequent release of water."
b7c,PURE_NARRATIVE,high,water,"The story describes an action concerning water distribution, lacking any element of perceived figures or personification within natural phenomena."
b7d,METAMORPHOSIS,high,landform,"The narrative centers on a physical transformation – a bone becoming the source of water – which explains a natural phenomenon (the flood), prioritizing this over simple resemblance."
b8,ANTHROPOMORPHIC_ANIMAL,high,animal,"The frog actively *hides* water, demonstrating intent and agency typically associated with a person, thus projecting personhood onto the animal."
b80,PURE_NARRATIVE,high,none,The description details a cosmogonic process—measuring the world—without any element of perceived figures in nature or personification.
b81,ANTHROPOMORPHIC_ANIMAL,high,animal,"The story centers on a dog being considered for the use of human tools (weapons), implying a projection of human capabilities and intent onto the animal."
b82,METAMORPHOSIS,high,animal,"The story centers on a change in the raven's color, implying a transformation from one state to another, which is the core of the metamorphosis motif."
b83,ANTHROPOMORPHIC_ANIMAL,high,animal,"The motif describes an animal or small creature possessing unexpectedly human-like qualities of immense weight, effectively acting as a deceptive force beyond its apparent size."
b84,METAMORPHOSIS,high,plant,"The core of the myth describes a being transforming *into* objects found on trees, fulfilling the definition of metamorphosis."
b85,NATURE_SPIRIT_PERSONIFICATION,high,sound,"The wind is treated as a being with agency that needs to be pacified, indicating a personality ascribed to the natural force without a specific pareidolic trigger."
b85a,NATURE_SPIRIT_PERSONIFICATION,medium,sound,"The wind is treated as an agent with intent (blowing 'wrong') and requiring balance, indicating a presiding personality rather than a simple auditory perception."
b85b,NATURE_SPIRIT_PERSONIFICATION,high,sound,"The wind is treated as a contained entity with agency, implying a spirit or personality rather than a simple auditory or visual perception."
b86,CELESTIAL_PAREIDOLIA,medium,sky,"The tower's purpose is to reach celestial bodies, implying a perceived figure or destination *in* the sky, even if not a direct visual likeness."
b87,CELESTIAL_PAREIDOLIA,high,sky,The description explicitly identifies a visual perception of a figure (a star) within a sky phenomenon (the Big Dipper).
b87a,CELESTIAL_PAREIDOLIA,high,sky,The myth explicitly states a figure (a dog) is visually perceived in a celestial phenomenon (the star Alcor).
b87b,CELESTIAL_PAREIDOLIA,high,sky,"The myth explicitly identifies a constellation (Big Dipper) as depicting a cart pulled by a harnessed animal, representing a visual perception in a sky phenomenon."
b87c,CELESTIAL_PAREIDOLIA,high,sky,"The myth directly perceives a figure (a rider) *in* a star, fitting the definition of visually perceiving a pattern in a sky phenomenon."
b88,PURE_NARRATIVE,high,none,"The story focuses on suffering and a dialogue with God, lacking any element of perceived figures in nature or personification of natural phenomena."
b89,ANTHROPOMORPHIC_ANIMAL,high,animal,"The owl is described as behaving like a king and interacting with other birds in a social/political manner, demonstrating personified behavior."
b9,METAMORPHOSIS,high,plant,"The core of the motif is a transformation – the tree becoming water, explaining the presence of water within it, which prioritizes METAMORPHOSIS over simple visual resemblance."
b90,ANTHROPOMORPHIC_ANIMAL,high,animal,"The motif explicitly describes a figure with agency and instruction relating to wolves, projecting personhood onto the animal species."
b91,ANTHROPOMORPHIC_ANIMAL,high,animal,"The snail possesses and loses a human-like attribute (sharp eyesight) and is treated as a character with agency, fitting the definition of an anthropomorphic animal."
b92,METAMORPHOSIS,high,landform,"The core of the myth is a person *becoming* the stone itself, explaining the origin of flints in the world."
b93,CELESTIAL_PAREIDOLIA,high,sky,"The motif explicitly describes figures perceived *among the stars*, fitting the definition of visually perceiving patterns in sky phenomena."
b93a,CELESTIAL_PAREIDOLIA,high,sky,"The story describes birds forming a bridge *across* a celestial river, visually perceiving a pathway where none naturally exists."
b94,ANTHROPOMORPHIC_ANIMAL,high,plant,"The trees are explicitly given the ability to speak and interact as persons, demonstrating a projection of personhood onto non-human life."
b95,METAMORPHOSIS,high,landform,"The story explicitly states a person *became* a physical feature (the burned bottom parts), which prioritizes METAMORPHOSIS over simple visual resemblance."
b96,METAMORPHOSIS,high,water,"The core of the motif is the monster *becoming* a fish/mammal, explaining its current form through transformation."
b97,METAMORPHOSIS,high,animal,"The story explains the bird's current appearance as the result of a person's actions, indicating a transformation from a prior state."
b97a,TERRESTRIAL_PAREIDOLIA,high,animal,"The description explicitly states perceiving a pattern (necklace) on an animal, which is a visual perception of a figure in a natural form."
b98,ANTHROPOMORPHIC_ANIMAL,high,animal,"The bat is explicitly given human-like social motivations (attempting to join groups) and experiences rejection, demonstrating personification of an animal."
b98a,ANTHROPOMORPHIC_ANIMAL,high,animal,"The bat is depicted as acting within a social conflict surrounding death, implying personified behavior and intent."
b99,METAMORPHOSIS,high,plant,"The core of the story is a person being transformed into a natural object (a nest of insects), fulfilling the definition of metamorphosis."
c1,METAMORPHOSIS,high,multiple,The core motif describes a transformation of cosmic levels – the sky *becoming* the earth or layers collapsing – which prioritizes METAMORPHOSIS over simply describing a spatial arrangement.
c10,METAMORPHOSIS,high,animal,"The story explicitly describes how animal body parts *become* colored and formed by the floodwaters, representing a transformation into their current state."
c10a,CELESTIAL_PAREIDOLIA,medium,sky,"The birds are described as clinging *to the sky itself*, implying a perception of the sky as a surface or entity."
c11,NATURE_SPIRIT_PERSONIFICATION,medium,none,"While involving supernatural power, the core of the myth is about a powerful being enacting vengeance, not a perceived figure *in* nature, and lacks any clear pareidolic or transformative element."
c12a,ANTHROPOMORPHIC_ANIMAL,high,animal,"The dog speaks and instructs humans, demonstrating personified agency and intent beyond typical animal behavior."
c12b,ANTHROPOMORPHIC_ANIMAL,high,animal,"The story centers on a dog acting as a progenitor of humanity, imbuing the animal with human-like reproductive capacity and lineage."
c13,ANTHROPOMORPHIC_ANIMAL,high,multiple,"The core of the motif involves objects and animals *acting* as monstrous beings, demonstrating personified agency and behavior beyond their natural state."
c14,ANTHROPOMORPHIC_ANIMAL,high,animal,"The core of the motif involves animals (monsters) acting with destructive intent towards people, projecting personhood and agency onto them."
c15,TERRESTRIAL_PAREIDOLIA,high,landform,"The story centers on perceiving a being (puma/jaguar) *within* a natural landform (cave/tree trunk), establishing a visual likeness as central to the narrative."
c16,METAMORPHOSIS,high,animal,"The core of the motif is the transformation of processed objects *back* into living animals, fitting the definition of metamorphosis where an object reverts to a living being."
c16a,NATURE_SPIRIT_PERSONIFICATION,high,animal,"The motif describes a spirit with authority over animals, exhibiting personality and offense, without a specific pareidolic trigger for her existence."
c17,PURE_NARRATIVE,high,none,The description details a destructive event with no indication of figures perceived in nature or natural features being personified; it's purely a plot-driven account of societal collapse.
c18,PURE_NARRATIVE,high,none,"The description focuses entirely on social interaction, deception, and attempts to regain possessions, lacking any element of perceived figures in nature or personification of natural phenomena."
c19,PURE_NARRATIVE,high,sky,The description focuses on an action (acquiring the sun) and doesn't describe any perceived figure *in* the sun or any transformation into it; it's a plot-driven event.
c19a,ANTHROPOMORPHIC_ANIMAL,high,animal,"The core of the motif involves an animal figure (Raven) acting with human-like intent and engaging in social play, establishing it as a personified animal rather than a simple visual or auditory illus"
c2,PURE_NARRATIVE,high,multiple,This describes a sequence of events – destruction by fire and water – without attributing personhood or visual/auditory qualities to natural phenomena; it's purely a cosmogonic plot element.
c22,ANTHROPOMORPHIC_ANIMAL,high,animal,"Toad is an animal acting as an agent with a role in a world-altering quest, demonstrating personified intent and action."
c23,CELESTIAL_PAREIDOLIA,high,multiple,"The tree's actions directly impact and are visually linked to celestial bodies, creating a figure-in-sky dynamic where the tree *is* altering the sky's appearance."
c24,TERRESTRIAL_PAREIDOLIA,high,plant,"The tree/pillar is a landform perceived as holding up the world, thus a visual perception of form and function."
c25a,CELESTIAL_PAREIDOLIA,high,sky,"The story explicitly locates the soup-making activity *in* the Moon, establishing a figure/activity perceived within a celestial body."
c25b,CELESTIAL_PAREIDOLIA,high,sky,"The motif explicitly locates a person performing an action *on* the Moon, directly perceiving a figure within a celestial body."
c25c,CELESTIAL_PAREIDOLIA,high,sky,"The myth directly perceives a pattern (the Big Dipper) in the sky and assigns it prognostic significance, fitting the definition of visually perceiving a figure in a celestial phenomenon."
c26,NATURE_SPIRIT_PERSONIFICATION,medium,multiple,"The 'guardian' embodies a presiding spirit protecting a boundary, without a specific pareidolic trigger for their existence or form; the non-human world is a natural force being personified."
c27,TERRESTRIAL_PAREIDOLIA,high,water,"The monster's horn is visually perceived *in* the ice, a landform feature, triggering the interaction and subsequent danger."
c28,PURE_NARRATIVE,high,none,"The description focuses on a plot of trickery and exchange, lacking any element of perceived figures in nature or personification of natural elements."
c29,AUDITORY_PAREIDOLIA,medium,sound,"The motif centers on overhearing – perceiving intentionality (a 'voice' of sorts) within ambient sound, even if it's human speech, which qualifies as auditory pareidolia in this context."
c2a,ANTHROPOMORPHIC_ANIMAL,high,animal,"The woodpecker's actions directly cause a major event, implying agency and intent beyond typical animal behavior."
c2b,CELESTIAL_PAREIDOLIA,high,sky,"The story directly describes a visual event *in* the sky (the Moon being burned) and attributes a quality (being burned) to a celestial body, fitting the definition of perceiving a figure/pattern in a"
c3,METAMORPHOSIS,high,landform,"The snake/eel/frog physically fills the hole, transforming its body into a structural component of the ark, explaining the hole's closure."
c30a,PURE_NARRATIVE,high,none,"This is a plot-driven story about a contract and its loophole, lacking any element of perceived figures in nature or personification of natural elements."
c30b,ANTHROPOMORPHIC_ANIMAL,high,animal,The story centers on an animal (or spirit acting *as* an animal) asserting ownership and engaging in a challenge that highlights its personified abilities and limitations.
c30c,PURE_NARRATIVE,high,water,"The story focuses on a challenge and a trick, lacking any perception of figures in nature or personification of natural elements."
c31,ANTHROPOMORPHIC_ANIMAL,high,animal,"The hedgehog is presented as possessing intelligence and knowledge comparable to gods and humans, effectively acting as a personified being."
c31a,CELESTIAL_PAREIDOLIA,high,sky,"The Sun and Moon are explicitly celestial bodies perceived in the sky, and the narrative centers on their perceived ownership/transfer, fitting the visual perception of figures in sky phenomena."
c32,NATURE_SPIRIT_PERSONIFICATION,medium,none,"The motif suggests inherent power within discarded body parts, implying a spiritual essence or agency without a specific pareidolic trigger or transformation narrative."
c33,METAMORPHOSIS,high,landform,"The story centers on a being *becoming* fixed to a mountain, explaining the presence of a figure-like form in the landscape."
c33a,METAMORPHOSIS,high,landform,"The sinking post represents a transformation of the landform, directly linked to the attempted breakage of the chain, suggesting the land *became* the means of restraint again."
c33b,AUDITORY_PAREIDOLIA,high,sound,"The story centers on a perceived personality or event (the 'first blow' of wind) triggering a significant change, effectively hearing agency in the natural sound."
c34a,METAMORPHOSIS,high,landform,"The motif describes a being being buried *in* the sand/water, implying a transformation into part of the landscape and motivating a subsequent natural event (the flood)."
c35,NATURE_SPIRIT_PERSONIFICATION,high,sky,"The Sun and Sky are treated as personified entities capable of marriage, without a specific visual or auditory trigger for this personification."
c35a,ANTHROPOMORPHIC_ANIMAL,high,animal,"The core of the myth involves a non-human animal acting as a person (giving advice) and interacting with a deity, fitting the definition of an anthropomorphic animal."
c36,PURE_NARRATIVE,high,none,"The description focuses solely on conflict and outcome, lacking any element of perceived figures in nature or personification of natural phenomena."
c37,ANTHROPOMORPHIC_ANIMAL,high,animal,"The sloth is given agency and a role in a significant event (catastrophe/salvation), indicating personification and projecting human-like capabilities onto the animal."
c38,PURE_NARRATIVE,high,none,"The description focuses on anticipation of future inhabitants and preparatory actions, lacking any element of perceived figures in nature or personification."
c39,METAMORPHOSIS,high,sky,"The story describes a transformation of stones/ice *into* the repaired section of the sky, explaining its current appearance."
c39a,METAMORPHOSIS,high,sky,"The story describes a crack in the sky being *repaired* with ice, directly transforming the sky's condition and explaining a natural phenomenon (cold wind)."
c4,PURE_NARRATIVE,high,water,"The story describes an action and its consequence—the receding water—without attributing personhood or features to any natural element; it's a cosmogonic plot, not a figure seen in nature."
c40,CELESTIAL_PAREIDOLIA,medium,sky,"The narrative centers on objects originating from the sky and impacting the world, implying a perceived agency or form within the falling rocks."
c41,METAMORPHOSIS,high,sky,The narrative explains the sky's current color as the result of a transformation enacted upon it by a person.
c5a,METAMORPHOSIS,high,animal,"The motif explicitly involves beings *becoming* birds, explaining their current form and function as scouts, which prioritizes METAMORPHOSIS over simply assigning personhood to birds."
c5b,ANTHROPOMORPHIC_ANIMAL,high,animal,"The animals are acting as scouts and reporters, exhibiting intentionality and agency typically associated with people."
c6,METAMORPHOSIS,medium,water,"The act of diving implies a transition *into* the water, potentially representing a transformation or origin story where beings emerge from or return to the aquatic realm."
c6a,ANTHROPOMORPHIC_ANIMAL,high,animal,"The motif centers on an animal acting with intent and agency (diving to retrieve an object), effectively projecting personhood onto it."
c6b,ANTHROPOMORPHIC_ANIMAL,high,animal,"The narrative centers on an animal acting with intent and agency to retrieve an object, effectively portraying it as a personified being."
c6c,ANTHROPOMORPHIC_ANIMAL,high,animal,"The bird is acting with intent and agency (diving to retrieve an object), exhibiting personified behavior."
c6c1,PURE_NARRATIVE,high,water,"The story focuses on the action of diving and the outcome of success/failure, lacking any element of perceived figures in nature or personification of natural features."
c6d,METAMORPHOSIS,high,water,"The motif describes a substance *becoming* the earth, which is a transformation from one state to another, prioritizing METAMORPHOSIS over a simple perception of form."
c6e,ANTHROPOMORPHIC_ANIMAL,high,animal,"The narrative centers on a crustacean acting with agency to retrieve earth, demonstrating personified behavior."
c6f,METAMORPHOSIS,high,water,"The act of retrieving a drowned body implies a transformation – from living being to a state *within* the water, and the diving is the reversal of that transformation, focusing on the body's changed s"
c6g,ANTHROPOMORPHIC_ANIMAL,high,animal,"The boar actively *performs* an action (diving, bringing up earth) and is central to the creation of land, effectively acting as a personified agent."
c6h,METAMORPHOSIS,high,landform,"The insect's act of bringing the earth implies a transformation of something else *into* land, fitting the definition of metamorphosis where an entity causes the creation of a landform."
c6i,METAMORPHOSIS,high,landform,"The core of the myth is the transformation of the dirt from the animal's body *into* the earth itself, making it a clear case of metamorphosis rather than simply perceiving a figure in the land."
c7,METAMORPHOSIS,high,landform,"The dam, whether of earth or a creature, *is* the landform blocking the water, and its breaking explains the receding waters – a transformation from obstruction to openness."
c8,PURE_NARRATIVE,high,none,This describes a kinship and cosmogony plot with no element of perceived figures in nature or personification of natural features.
c8a,PURE_NARRATIVE,high,none,"The story focuses on a social arrangement (incestuous marriage under specific conditions) and the improbable events are simply conditions for the marriage, not perceived figures or personalities in na"
c8a1,PURE_NARRATIVE,high,none,"The story focuses on a social situation and a conditional agreement, lacking any perception of figures in nature or personification of natural elements."
c8b,METAMORPHOSIS,high,none,"The core of the myth is the transformation of appearance to enable incestuous marriage, making it a case of someone *becoming* unrecognizable, rather than simply resembling something else."
c8c,PURE_NARRATIVE,high,none,This describes a kinship relationship and social rule (incestuous marriage leading to repopulation) without any element of perceived figures in nature or personification of natural features.
c9a,METAMORPHOSIS,high,water,"The core of the myth is the transformation of people *into* toads as a direct result of interaction with water, making it a clear case of metamorphosis rather than simply perceiving a figure in nature"
d1,NATURE_SPIRIT_PERSONIFICATION,high,none,"The description explicitly personifies fire without detailing a visual or auditory trigger, focusing on the spirit's inherent personality and relationship."
d10,NATURE_SPIRIT_PERSONIFICATION,high,none,"The fire-sticks themselves are not described as *being* anything else, but rather as having inherent personified qualities without a specific pareidolic trigger."
d11,ANTHROPOMORPHIC_ANIMAL,high,animal,"The motif projects human-like warmth and the ability to 'hold' fire onto the body, effectively treating the armpit as an internal, animalistic heat source."
d12,CELESTIAL_PAREIDOLIA,high,sky,"The motif explicitly states food is cooked *in the sun*, representing a direct interaction and perceived agency of the sun as a cooking force."
d12a,NATURE_SPIRIT_PERSONIFICATION,medium,sky,"The sun is described as a source of heat used for cooking, implying a functional relationship beyond a mere celestial body, suggesting a personified force providing for people."
d13c,ANTHROPOMORPHIC_ANIMAL,high,animal,"The story centers on a 'Trickster' figure engaging in social manipulation, indicating personified animal behavior rather than a simple visual or auditory pareidolia."
d13d,PURE_NARRATIVE,high,none,"The story describes a game or challenge with no element of perceived figures in nature, personification of natural features, or transformation."
d13e,ANTHROPOMORPHIC_ANIMAL,high,animal,"The animal is not merely hunted, but actively revives and causes the hunters' demise, demonstrating personified agency and intent."
d13f,AUDITORY_PAREIDOLIA,high,sound,"The motif centers on sound (laughter) directly causing a physical phenomenon (fire), representing a perceived connection between the auditory experience and the natural world."
d13g,TERRESTRIAL_PAREIDOLIA,high,landform,"The monstrous mouth is visually perceived within the person's own features (teeth), functioning as a disturbing likeness within a natural form."
d13h,PURE_NARRATIVE,high,none,"The description details a social rule within the afterlife, lacking any element of perceived figures in nature or personification."
d13hh,PURE_NARRATIVE,high,none,"The description details a social rule for interacting with the dead, lacking any element of perceived figures in nature or personification."
d13i,ANTHROPOMORPHIC_ANIMAL,high,animal,"The trickster figure is defined by acting as a person, and the method of identification relies on observing a physical characteristic (broken tooth) as if assessing a person."
d13i1,ANTHROPOMORPHIC_ANIMAL,high,animal,"The revealing of teeth is a distinctly animalistic trait being projected onto a person to signify their true, often monstrous, nature."
d1a,NATURE_SPIRIT_PERSONIFICATION,high,multiple,"The mother-in-law *is* Fire, representing a personification of a natural force without a specific pareidolic trigger or transformation story."
d1a1,NATURE_SPIRIT_PERSONIFICATION,high,none,"The fire has a 'mistress' who acts with intent, representing a personified natural force without a specific pareidolic trigger."
d1a2,NATURE_SPIRIT_PERSONIFICATION,high,none,"The fire acts with intent and personality, rewarding kindness and punishing insult, without a specific pareidolic trigger for its actions."
d1a3,NATURE_SPIRIT_PERSONIFICATION,high,none,"The woman *is* fire, representing a natural force with personality, but the story doesn't focus on a visual or auditory trigger for perceiving her as such; it's her inherent nature."
d1b,NATURE_SPIRIT_PERSONIFICATION,high,none,The description presents a natural force (fire) with a presiding spirit (elder man) without detailing a specific visual or auditory trigger for the personification.
d2,METAMORPHOSIS,high,none,"The birth narrative implies a transformation – the woman's offspring *is* the fire/sun, explaining its origin and nature, rather than simply resembling it."
d2a,METAMORPHOSIS,high,multiple,"The core of the myth is a transformation – a person becoming a celestial body (the Sun/fire), explaining its origin and the woman's fate as the cause."
d4a,ANTHROPOMORPHIC_ANIMAL,high,animal,"The most common versions of this myth feature a trickster animal (Raven, Coyote, etc.) actively *acting* as a person to steal fire, demonstrating personified animal agency."
d4aa,ANTHROPOMORPHIC_ANIMAL,high,animal,"The moths are depicted as actively *trying* to steal, demonstrating intent and agency typically associated with people."
d4b,NATURE_SPIRIT_PERSONIFICATION,high,none,"The fire owner (a spirit or deity) is a personified natural force enacting retribution, without a specific pareidolic trigger described."
d4c,PURE_NARRATIVE,high,none,The description details a plot of acquisition without any element of perceived figures in nature or personification.
d4c1,ANTHROPOMORPHIC_ANIMAL,high,animal,"The elk/caribou is actively deceiving the owner, acting with intent and agency beyond typical animal behavior, thus embodying personhood."
d4d,ANTHROPOMORPHIC_ANIMAL,high,animal,"Opossum is depicted as acting with human intent and agency, specifically stealing, which defines this motif."
d4e,ANTHROPOMORPHIC_ANIMAL,high,animal,The story centers on an animal (Coyote/Fox) acting with human-like intent and agency to bestow a benefit upon people.
d4e1,ANTHROPOMORPHIC_ANIMAL,high,animal,"The story centers on a dog acting with intent and agency to obtain a valuable resource (fire/daylight/sun), demonstrating personified behavior."
d4f,ANTHROPOMORPHIC_ANIMAL,high,animal,"The animal willingly allows itself to be caught and roasted, demonstrating agency and intentionality beyond typical animal behavior, effectively acting as a personified being."
d4g,ANTHROPOMORPHIC_ANIMAL,high,animal,"Hummingbird is depicted as an actor with agency, discovering and bringing fire – essentially functioning as a person in the narrative."
d4h,ANTHROPOMORPHIC_ANIMAL,high,animal,"Swallow acts as a culture hero, performing a human-like act of theft with intent, thus projecting personhood onto the animal."
d4i,ANTHROPOMORPHIC_ANIMAL,high,animal,Beaver is depicted as acting with human intent and agency – stealing – making it a clear case of personification projected onto an animal.
d4j,ANTHROPOMORPHIC_ANIMAL,high,animal,"The rabbit actively *obtains* fire, implying agency and person-like behavior beyond simple animal existence."
d4k,ANTHROPOMORPHIC_ANIMAL,high,animal,"The deer acts as an agent with intent, performing an action typically associated with people (stealing), thus projecting personhood onto the animal."
d4l,CELESTIAL_PAREIDOLIA,high,sky,"The motif explicitly involves perceiving fire as originating from a sky phenomenon, fitting the definition of visually perceiving something in the sky."
d4m,ANTHROPOMORPHIC_ANIMAL,high,none,"The 'owners of fire/light' are presented as beings *with* whom one feasts and dances, implying personhood and social interaction rather than simply being a natural force."
d4n,AUDITORY_PAREIDOLIA,medium,sound,"The weeping is perceived as a voice or plea emanating from an unspecified natural source, fitting the definition of hearing personality in natural phenomena."
d4o,ANTHROPOMORPHIC_ANIMAL,high,animal,"The 'fire stealer' is a trickster figure acting with human intent and agency, embodying a personified animal-like cunning to achieve a goal."
d4p,ANTHROPOMORPHIC_ANIMAL,high,animal,"The bird is depicted as actively stealing fire, demonstrating human-like intent and action."
d4q,ANTHROPOMORPHIC_ANIMAL,high,animal,"Fly is a trickster figure acting with human-like agency to achieve a goal, embodying personhood within an animal form."
d5,NATURE_SPIRIT_PERSONIFICATION,medium,none,"While fire is a natural force, the story attributes ownership to a female person, establishing a presiding personality without a specific pareidolic trigger."
d5a,METAMORPHOSIS,high,animal,"The story describes the origin of fire being *within* a woman's body, implying a transformation of her anatomy into the source of fire."
d6a,ANTHROPOMORPHIC_ANIMAL,high,animal,"The crocodile possesses and controls a human attribute (fire/lightning), acting with agency beyond typical animal behavior."
d6b,METAMORPHOSIS,high,animal,"The core of the myth is a person *becoming* an animal, explaining the animal's existence as a result of transformation."
d7,ANTHROPOMORPHIC_ANIMAL,high,animal,"The toad/frog is acting with intent, possessing and manipulating fire, demonstrating personified behavior beyond simple animal action."
d8,ANTHROPOMORPHIC_ANIMAL,high,animal,"The predator animal is depicted as possessing something valuable (fire/summer) and acting with intent, effectively functioning as a personified being."
d9,ANTHROPOMORPHIC_ANIMAL,high,animal,"The motif centers on a bird acting with human-like intent (owning, stealing) and agency regarding a vital element, making it a clear case of projecting personhood onto an animal."
e10,METAMORPHOSIS,high,animal,"The core of the motif is the transformation of animals *into* children, explaining their sudden appearance as humans."
e11,METAMORPHOSIS,high,animal,"The core of the motif is a transformation *into* a different form revealed by the destruction of a preserving element, fitting the definition of metamorphosis over simple personification."
e12,METAMORPHOSIS,high,none,"The core of the motif is the transformation of a drawing (created by a person) *into* a living being, fitting the definition of metamorphosis where an entity becomes a natural object/creature."
e13a,NATURE_SPIRIT_PERSONIFICATION,medium,water,"The motif implies a personality or agency associated with the underwater world that demands or receives objects, rather than a visual or auditory perception within the water itself."
e14,NATURE_SPIRIT_PERSONIFICATION,medium,none,"The description suggests spirits (non-human entities) are the source of rituals, implying a personality or agency associated with the deceased, but lacks a specific pareidolic trigger or transformatio"
e14a,METAMORPHOSIS,high,none,"The masks *are* representations of the demons, implying a transformation of the demons' essence into a physical object, even if created by humans."
e15,METAMORPHOSIS,high,animal,"The core of the motif involves a bird *becoming* or directly contributing to the creation of a canoe, representing transformation into a cultural object."
e15a,TERRESTRIAL_PAREIDOLIA,high,animal,"The breast bone of a bird is visually perceived as resembling the shape of a canoe, directly influencing its design."
e15b,ANTHROPOMORPHIC_ANIMAL,high,animal,"The birds act as girls, exhibiting human behavior and social roles, thus projecting personhood onto them."
e16,PURE_NARRATIVE,high,water,"The description details a learning process about canoeing technique, lacking any element of perceived figures in nature or personification."
e17,ANTHROPOMORPHIC_ANIMAL,high,animal,"The core of the motif is humans learning from the patterned bodies of animals/supernatural creatures, projecting personhood and agency onto them as the source of cultural knowledge."
e18,NATURE_SPIRIT_PERSONIFICATION,high,water,"The water creature imparts knowledge, acting as a spirit associated with the skill, without a specific pareidolic trigger for its form or voice."
e19,METAMORPHOSIS,high,plant,"The narrative explicitly states a person *becomes* the source of the plants, explaining their origin through a transformation, prioritizing this over a simple association."
e1a,METAMORPHOSIS,high,none,"The motif describes a transformation *from* a being *into* an unstable material, even if that's their initial form, focusing on their inherent instability as defining their existence."
e1a1,METAMORPHOSIS,high,landform,"The myth explicitly states people are *made from* mud and become defective due to a natural process (rain), fitting the transformation motif."
e1b,METAMORPHOSIS,high,multiple,"The core of the motif is a being *becoming* something else (an improper material), explaining its current state, which prioritizes METAMORPHOSIS over simple resemblance."
e1b1,PURE_NARRATIVE,high,none,"The story focuses on social expectations and consequences, lacking any element of perceived figures in nature or personification of natural phenomena."
e1c,METAMORPHOSIS,high,none,"The description explicitly states a person being *made of* excrement/carrion, indicating a transformation into a substance rather than simply resembling it."
e1d,METAMORPHOSIS,high,landform,"The story implies the original, failed canoes *became* clay, explaining its existence and unsuitability for canoe-making."
e2,PURE_NARRATIVE,high,none,The description focuses on the *process* of creation and doesn't involve perceiving figures in nature or attributing personality to natural phenomena; it's a cosmogonic myth about origins without pare
e20,METAMORPHOSIS,high,plant,"The narrative centers on a person's essence directly causing the growth of a plant, explaining its origin and properties, which is a transformation motif."
e21,METAMORPHOSIS,high,water,"The core of the motif is a person *becoming* connected to the water/fish, explaining their poisonous nature after death, which prioritizes metamorphosis over simple personification."
e22,METAMORPHOSIS,high,multiple,"The motif describes a person *becoming* part of another being (being 'swallowed' implies incorporation), and then imparting knowledge derived from that transformed state, prioritizing transformation o"
e23,ANTHROPOMORPHIC_ANIMAL,high,animal,"The fleas/lice are presented as agents *causing* movement, effectively acting as a driving force – a personified action attributed to the insects."
e24,METAMORPHOSIS,high,landform,"The story explicitly states a transformation of a being *into* the physical characteristic of joints, explaining their origin through a past event of bodily breakage."
e25,ANTHROPOMORPHIC_ANIMAL,high,animal,"The core of the myth involves a spider exhibiting human skill and agency, essentially acting as a person through the act of weaving."
e26,METAMORPHOSIS,high,water,"The core of the myth is the transformation of fish *into* humans, explaining their origin, which prioritizes METAMORPHOSIS over a simple visual resemblance."
e27,CELESTIAL_PAREIDOLIA,high,sky,"The myth directly states figures (people) originate from a visual phenomenon in the sky (falling blood drops), fitting the definition of perceiving a figure in a celestial event."
e28,METAMORPHOSIS,high,sky,"The narrative explicitly states a being (the Moon person) whose blood *becomes* the earthly substance, prioritizing transformation over mere visual resemblance."
e29,ANTHROPOMORPHIC_ANIMAL,high,animal,"The story centers on animals (Coyote and Lizard) acting as persons with arguments and opinions, demonstrating personified animal behavior."
e3,METAMORPHOSIS,high,landform,"The story explicitly states a transformation of beings (bones) *into* a new form (people/earth), making it a case of metamorphosis rather than simple resemblance or personification."
e30,NATURE_SPIRIT_PERSONIFICATION,medium,plant,"The story centers on a relationship *with* wood itself, implying a spirit or personality residing within it, rather than a visual or auditory pareidolia or transformation."
e30a,METAMORPHOSIS,high,plant,"The wooden fake is transformed into a living person, fitting the definition of a transformation into a new form."
e31,METAMORPHOSIS,high,none,"The core of the myth involves a transformation – the doll becoming a real woman, explaining her existence and origin."
e31a,PURE_NARRATIVE,high,none,"The description focuses on social dynamics, kinship, and value judgments within a plot, lacking any element of perceived figures or personification in nature."
e31a1,METAMORPHOSIS,high,plant,"The core of the myth is the transformation of wood into a living woman, explaining her origin as a crafted being rather than simply resembling something natural."
e31a2,PURE_NARRATIVE,high,none,The story focuses on social rules of marriage and kinship without attributing personhood to natural phenomena or involving any figure-in-nature reading.
e31b,PURE_NARRATIVE,high,none,The description focuses entirely on social dynamics and plot – a dispute over credit and marital rights – with no element of perceived figures in nature or personification of natural phenomena.
e31c,PURE_NARRATIVE,high,none,"The description focuses on action and skill, lacking any element of perceived figures in nature or personification of natural phenomena."
e32,METAMORPHOSIS,high,plant,"The motif describes beings originating *from* trees, representing a transformation from tree to person, which is the core of metamorphosis."
e33,METAMORPHOSIS,high,plant,"The core of the myth is the transformation of seeds into people, explaining the origin of humanity through a change in form."
e34,METAMORPHOSIS,high,none,"The story centers on the transformation of the ogre's remains *into* the flutes, explaining their origin and sacredness."
e35,ANTHROPOMORPHIC_ANIMAL,high,animal,"The webbed fingers suggest a partial animal form, projecting personhood onto a being that isn't fully human."
e36,METAMORPHOSIS,high,multiple,"The description details a transformation where a complete hard covering *was* present on the body, now reduced to nails, indicating a change in form and explaining the current state of a body part."
e37,METAMORPHOSIS,high,plant,"The core of the myth is the transformation of sticks (natural objects) *into* people, fitting the definition of metamorphosis prioritizing transformation over mere resemblance."
e38a,METAMORPHOSIS,high,plant,"The core of the myth involves a person (or parts thereof) being transformed into natural objects (gourd, bag) which then *become* people, prioritizing transformation over simple resemblance."
e38b,METAMORPHOSIS,high,plant,"The narrative describes beings *emerging from* a natural object (the gourd), representing a transformation from gourd-contained state to human form."
e38c,AUDITORY_PAREIDOLIA,medium,sound,"The motif centers on first people gaining speech *upon hearing* something, implying a perceived voice or meaning within natural sounds that triggers a change in their state."
e39,ANTHROPOMORPHIC_ANIMAL,high,animal,"The pig is treated as an ancestor, implying personhood and kinship beyond its animal nature."
e4,METAMORPHOSIS,high,landform,"The creation story explicitly describes beings *made from* the creator's body, transforming skin and cuticle into the earth and its inhabitants."
e40,METAMORPHOSIS,high,none,"The unusual nose orientation is a permanent, physical transformation of the first people, explaining a characteristic and its consequence."
e5,METAMORPHOSIS,high,landform,"The story describes the creation of a man *from* clay, establishing a transformation from inanimate material to living being, which is the core of the METAMORPHOSIS motif."
e5a,METAMORPHOSIS,high,landform,"The emergence from the underworld/enclosure implies a transformation *from* that enclosed space *into* the world as we know it, effectively making the enclosure the 'previous form' of humanity."
e5aa,METAMORPHOSIS,high,landform,"The motif describes humans originating *from* the earth, implying a transformation from earth-stuff into human beings."
e5b,METAMORPHOSIS,high,landform,"The emergence from an enclosure on the underworld's surface implies a transformation from an underworld state to a terrestrial one, fitting the definition of metamorphosis where beings originate from "
e5c,CELESTIAL_PAREIDOLIA,high,sky,"The motif explicitly involves perceiving beings originating from and descending *from* a sky phenomenon, fitting the visual perception of figures in the sky."
e5d,METAMORPHOSIS,high,landform,"The monster's existence and/or fate is tied to the emergence of people from an enclosure, suggesting a transformation or origin story linked to the land itself."
e5e,PURE_NARRATIVE,high,none,"The story focuses on action and restriction of movement, lacking any element of perceived figures in nature or personification of natural features."
e6,METAMORPHOSIS,medium,multiple,"The woman's act of *coming* to another world implies a transformation that permanently alters the relationship between worlds, fitting the motif of a being changing state and causing a lasting effect "
e6a,PURE_NARRATIVE,high,water,"The story describes migration and drowning, lacking any element of perceived figures or personification within the natural phenomenon of the water."
e7,METAMORPHOSIS,high,landform,"The motif describes a person *becoming* the blockage within a hole, effectively transforming into a part of the landscape and preventing cosmic communication."
e8,METAMORPHOSIS,high,plant,"The description explicitly states beings *made of* wood, indicating a transformation from a prior state to a wooden form."
e8a,METAMORPHOSIS,high,plant,"The core of the myth describes a transformation of coconuts (a plant product) *into* people, fitting the definition of metamorphosis prioritizing transformation over mere resemblance."
e9,ANTHROPOMORPHIC_ANIMAL,high,animal,"The core of the story involves a being with animal form or hidden identity performing human tasks, projecting personhood onto a non-human entity within the domestic sphere."
e9a,ANTHROPOMORPHIC_ANIMAL,high,animal,"The core of the story involves a woman who *is* a fox, exhibiting personhood and entering into a marital relationship, thus projecting human characteristics onto an animal."
e9aa,ANTHROPOMORPHIC_ANIMAL,high,animal,"The core of the story involves women *as* animals offering marriage, demonstrating personification of animal life."
e9b,METAMORPHOSIS,high,water,"The story centers on a being *being* a water creature, explaining its form and role as a housekeeper, rather than simply resembling one."
e9c,ANTHROPOMORPHIC_ANIMAL,high,animal,"The core of the motif is an animal possessing human characteristics and entering into a human relationship (marriage), thus projecting personhood onto the animal."
e9d,ANTHROPOMORPHIC_ANIMAL,high,animal,"The core of the story involves an animal (dog) possessing human-like qualities and entering into a marital relationship, indicating a projection of personhood onto the animal."
e9e,METAMORPHOSIS,high,animal,"The core of the myth is the transformation of the puppy into a wife, establishing a direct link between a being and a natural object through change."
e9f,ANTHROPOMORPHIC_ANIMAL,high,animal,"The core of the myth involves a being with the form of a parrot/parakeet acting as a wife, demonstrating clear personification of an animal."
e9g,ANTHROPOMORPHIC_ANIMAL,high,animal,"The core of the story involves a creature (vulture) possessing human characteristics – marriage and presumably, a human-like role as a wife."
e9h,METAMORPHOSIS,high,animal,"The core of the myth involves a being *transforming into* a dove, explaining their current form and linking personhood to the animal's appearance."
e9i,METAMORPHOSIS,high,animal,"The core of the motif is a being *transforming* into a bird, explaining the bird's existence and connection to the hero."
e9j,ANTHROPOMORPHIC_ANIMAL,high,animal,"The core of the story involves a being (the wife) presented *as* an animal, acting with agency and entering into a human relationship."
e9k,ANTHROPOMORPHIC_ANIMAL,high,animal,"The motif explicitly describes a human being as an incarnation of a bee, projecting personhood and agency onto an animal form."
f1,METAMORPHOSIS,high,none,"The core of the motif is a transformation *into* a different form (female), prioritizing it over any potential personification or abstract qualities."
f10,METAMORPHOSIS,high,landform,"The motif describes a transformation of the vagina into a toothed mouth or animal-containing space, explaining a perceived dangerous feature through a narrative of internal structure."
f100,PURE_NARRATIVE,high,none,"The story focuses on social dynamics and a test of character, lacking any perception of figures in nature or personification of natural elements."
f11,ANTHROPOMORPHIC_ANIMAL,high,animal,"The penis is described as actively *doing* things (biting, eating) which projects personified agency onto a body part, effectively treating it as an animalistic being."
f12,PURE_NARRATIVE,high,none,This is a story of violent action and interpersonal conflict with no element of perceived figures in nature or personification of natural phenomena.
f13,PURE_NARRATIVE,high,animal,The description focuses on a biological event and sexual interaction without attributing personhood to nature or perceiving figures within it.
f14,METAMORPHOSIS,high,landform,"The narrative explicitly describes a person's interaction leading to birth *from* a rock, establishing transformation as the central motif."
f15,ANTHROPOMORPHIC_ANIMAL,high,animal,"The story centers on a person enacting a trick using their body as a deceptive element, effectively behaving like an animalistic trickster figure."
f16,METAMORPHOSIS,high,multiple,"The myth describes a fundamental transformation of biological characteristics, explaining a current state as resulting from a past change in form."
f17,METAMORPHOSIS,high,multiple,"The motif describes a fundamental alteration of the body, transforming its original state into a different form, which aligns with the core definition of metamorphosis even if the 'natural object' is "
f18a,METAMORPHOSIS,high,animal,"The extended penis is a physical transformation resulting from the prohibited sexual act, functionally explaining a bizarre physical characteristic."
f18b,ANTHROPOMORPHIC_ANIMAL,high,animal,"The penis is treated as an independent, acting entity with agency, effectively personifying it as an animalistic force."
f18c,ANTHROPOMORPHIC_ANIMAL,high,water,"The narrative centers on a male figure enacting human sexual behavior with a female figure presented as existing *within* the river environment, effectively projecting personhood onto a being associat"
f18d,TERRESTRIAL_PAREIDOLIA,high,landform,"The description explicitly likens female genitalia to a snake, perceiving a form (the snake) within a body part, which is a visual pareidolic association with a land-dwelling creature."
f19,ANTHROPOMORPHIC_ANIMAL,high,animal,"The frog is acting as a sexual partner, projecting personhood and intent onto the animal."
f2,METAMORPHOSIS,high,none,"The core of the motif involves a transformation – a person's body part becoming the origin or temporary vessel for a child, explaining the child's unusual birth or origin."
f20,PURE_NARRATIVE,high,none,The description details a social interaction with no element of perceived figures in nature or transformation into natural objects.
f21,METAMORPHOSIS,high,plant,"The core of the myth is the transformation of a person into a tree, directly explaining the tree's form and containing a specific detail about the transformation itself."
f22,PURE_NARRATIVE,high,none,"This describes sexual exploration and questioning, lacking any element of perceived figures or personification in nature."
f23,METAMORPHOSIS,high,none,"The origin story explains a natural phenomenon (menses) as resulting from a primeval act of defloration, effectively transforming a sexual act into a recurring bodily process."
f24,METAMORPHOSIS,high,animal,"The origin of menstruation is explained by a transformative bite from an animal, effectively turning a part of the woman's body into the source of the bleeding."
f25,METAMORPHOSIS,high,none,"The story explains the origin of menstruation by stating a woman *became* the source of it through being smeared with blood, which is a transformation narrative."
f26,NATURE_SPIRIT_PERSONIFICATION,medium,none,"The description links a physiological process (menses) to a shift in the handling of sacred objects, implying a presiding force or spirit governing the transition without a specific pareidolic trigger"
f27,NATURE_SPIRIT_PERSONIFICATION,high,water,"The motif describes spirits *of* the water having agency and interacting with humans, without focusing on a visual or auditory trigger for perceiving them."
f28a,TERRESTRIAL_PAREIDOLIA,high,landform,"The motif describes a phallic form visually perceived as emerging from the earth or water, fitting the definition of perceiving a figure in a landform."
f28a1,ANTHROPOMORPHIC_ANIMAL,high,animal,"The description clearly depicts a body part (penis) acting as a separate, animate being with agency, thus projecting personhood onto it."
f28b,PURE_NARRATIVE,high,none,The story describes an action and its consequences without any element of perceived figures in nature or personification of natural phenomena.
f28c,ANTHROPOMORPHIC_ANIMAL,high,animal,"The story centers on an animal part (bear penis) being used in a distinctly human, sexual act, projecting personhood/agency onto the animal through its body part."
f28d,PURE_NARRATIVE,high,none,The description details a reproductive act without any element of perceived figures in nature or personification of natural phenomena.
f29,METAMORPHOSIS,high,landform,"The creature emerging from the ground and entering the girl implies a transformation or origin story linked to the earth, even if disturbing, prioritizing this over a simple personification."
f29a,METAMORPHOSIS,high,animal,"The worm/snake is explicitly a paramour (human-like lover) undergoing a form of 'un-making' through violent action, prioritizing transformation over simple animal behavior."
f3,PURE_NARRATIVE,high,none,"This is a bizarre birth story with no element of perceived figures in nature, personification of natural features, or transformation; it's purely a plot event."
f30,METAMORPHOSIS,high,animal,"The core of the myth involves transformation *into* a snake, prioritizing this over simple visual resemblance or personification."
f30a,METAMORPHOSIS,high,animal,"The worm/reptile is treated *as* a baby, implying a transformation or origin story where it was perceived as, or functionally equivalent to, a human child."
f31,METAMORPHOSIS,high,animal,"The core of the myth involves a transformation – the snake's essence (or potential life within the egg) becoming part of the woman, effectively explaining her subsequent pregnancy."
f32,METAMORPHOSIS,high,animal,"The core of the motif involves beings *transforming* into different forms (child to man, man to baby, human to snake) and this transformation explains their relationship to the woman and the gathering"
f33,ANTHROPOMORPHIC_ANIMAL,high,water,"The core of the motif involves animals acting with agency and entering into relationships typically reserved for humans, thus projecting personhood onto them."
f34,ANTHROPOMORPHIC_ANIMAL,high,animal,"The core of the motif involves animals acting with human-like intent as lovers, thus projecting personhood onto them."
f35,ANTHROPOMORPHIC_ANIMAL,high,animal,"The core of the myth involves a human-animal relationship (paramour) where the animal is treated as a lover, projecting personhood onto the creature."
f36,PURE_NARRATIVE,high,none,This describes a social plot – a familial crime – with no element of perceived figures in nature or personification of natural phenomena.
f37,AUDITORY_PAREIDOLIA,high,water,"The knocking on the gourd is intended to elicit a response *from* the water itself, perceiving a voice or presence within the sound of the water's movement."
f38,PURE_NARRATIVE,high,none,"The description focuses on social roles, knowledge transfer, and taboo—a purely social/cultural dynamic with no discernible figure-in-nature element."
f39,PURE_NARRATIVE,high,none,The description details social roles and relationships without any element of perceived figures in nature or transformation into natural objects.
f4,METAMORPHOSIS,high,landform,"The motif describes beings originating from and developing within earthen containers, representing a transformation from non-biological material to living form, thus prioritizing metamorphosis over si"
f40a,ANTHROPOMORPHIC_ANIMAL,medium,animal,"The description implies a primal, possessive figure acting with human-like intent regarding women, fitting the anthropomorphic projection of personhood onto a dominant 'male' archetype."
f40b,PURE_NARRATIVE,high,none,"This is a plot-driven story about social dynamics and a man's experience within a specific community, lacking any element of perceived figures in nature or personification."
f40c,PURE_NARRATIVE,high,none,The story describes actions and kinship without attributing personhood or form to any natural phenomenon.
f41,PURE_NARRATIVE,high,none,"This describes a social conflict with no element of perceived figures in nature, transformation, or personification of natural elements."
f42,PURE_NARRATIVE,high,none,This describes a social conflict and abandonment with no element of perceived figures in nature or personification of natural phenomena.
f42a,METAMORPHOSIS,high,animal,"The core of the motif is the transformation of people *into* animals (birds), explaining their current form."
f43,PURE_NARRATIVE,high,none,The description details social action and kinship dynamics without any element of perceived figures in nature or personification of natural phenomena.
f43a,PURE_NARRATIVE,high,none,This describes a social conflict and action without any element of perceived figures in nature or transformation into natural objects.
f43b,METAMORPHOSIS,high,landform,"The disappearance into the ground suggests a transformation *into* the earth itself, explaining the opening's existence as a result of this ongoing process."
f43c,ANTHROPOMORPHIC_ANIMAL,high,animal,"The motif centers on animals acting as husbands/partners, exhibiting personhood and relational roles."
f44,PURE_NARRATIVE,high,none,"This describes a social conflict with no element of perceived figures in nature, transformation, or personification of natural elements."
f45,NATURE_SPIRIT_PERSONIFICATION,medium,none,"The existence of a distinct group linked to a place (their villages) suggests a presiding spirit or personality of that location, even without a specific pareidolic trigger; they *are* the spirit of t"
f45a,AUDITORY_PAREIDOLIA,high,sound,"The wind is perceived as an active agent capable of 'speech' or 'intent' in the act of conception, effectively hearing personhood within the natural sound."
f46,PURE_NARRATIVE,high,none,The description details a social arrangement and initial population dynamics without any element of perceived figures in nature or transformation into natural objects.
f46a,ANTHROPOMORPHIC_ANIMAL,high,animal,"The 'men' are described as 'animal people', indicating they possess personified animal traits and agency beyond simple human behavior."
f47,METAMORPHOSIS,high,multiple,"The core motif involves the transformation of body parts into new people, directly linking a being to the emergence of new forms—a clear case of transformation explaining the origin of new life."
f47a,PURE_NARRATIVE,high,none,This describes a social/sexual practice with no element of perceived figures in nature or personification of natural phenomena.
f47b,METAMORPHOSIS,high,none,"The motif describes the creation of people *from* objects placed in dwellings, representing a transformation from inanimate matter to living beings."
f48,PURE_NARRATIVE,high,none,"The myth explains a social observation (differences between women) through a cosmogonic event, lacking any figure-in-nature element or personification."
f49,METAMORPHOSIS,high,none,"The custom of cesarean section represents a transformation of the mother's body to allow birth, effectively turning part of her into the means of delivery."
f49a,ANTHROPOMORPHIC_ANIMAL,high,animal,"The animal is acting as a teacher and advisor to a human, demonstrating personified behavior and intent."
f5,METAMORPHOSIS,high,animal,"The core of the myth involves the transformation of animals *into* girls, explaining their existence as women and fulfilling the need for brides."
f50,METAMORPHOSIS,high,none,"The repeated birth and return implies a transformation *into* the womb/mother, explaining a cyclical phenomenon."
f51,METAMORPHOSIS,high,none,"The core of the story involves identifying a hidden being *through* a mark left on their body, implying a transformation or revealing of a previously concealed form—a key element of metamorphosis."
f51a,METAMORPHOSIS,high,none,"The core of the story is the sister *becoming* a monster, explaining her monstrous form as a result of her actions, prioritizing this over any potential pareidolic reading."
f51b,TERRESTRIAL_PAREIDOLIA,medium,landform,"The thread acts as a physical connection to the land, implying the land 'reveals' the person's nature as it is followed, akin to perceiving a figure within a landscape."
f51c,PURE_NARRATIVE,high,none,"The description focuses on social transgression and pursuit, lacking any element of perceived figures in nature or personification of natural phenomena."
f51d,ANTHROPOMORPHIC_ANIMAL,high,plant,"The ginseng roots are explicitly described as having the form and helpful agency of children, projecting personhood onto a plant."
f52,METAMORPHOSIS,high,multiple,"The core of the myth involves a transformation – specifically, a human body part becoming a feature of a bird-person, explaining the origin of the crest."
f53,PURE_NARRATIVE,high,none,"The story focuses on social dynamics and deception, lacking any perception of figures in nature or personification of natural elements."
f53a,METAMORPHOSIS,high,animal,"The core of the story is a being *being* an animal and concealing that fact, implying a transformation and sustained animal form, rather than simply acting like one."
f54,PURE_NARRATIVE,high,none,"The story focuses on kinship, action, and fate, lacking any element of perceived figures in nature or personification of natural phenomena."
f54a,METAMORPHOSIS,high,none,"The core of the story is the revelation of a hidden identity *through* a physical marker, implying a transformation or concealed origin rather than simple resemblance or personification."
f54b,METAMORPHOSIS,high,animal,"The feathers on the youth's body represent a transformation or disguise that reveals his true identity, linking him to the animal world and functioning as the visual clue to the incestuous relationshi"
f54c,TERRESTRIAL_PAREIDOLIA,high,landform,"The story centers on perceiving marks (finger-nail imprints) *on* the wife's face, interpreting them as evidence of an attack, which is a visual perception of a pattern on a surface."
f54d,ANTHROPOMORPHIC_ANIMAL,high,animal,"The core of the myth involves an animal's bodily fluid causing conception, effectively granting the animal a reproductive role typically reserved for persons."
f55,PURE_NARRATIVE,high,none,"The description details a social interaction and a revealing act, lacking any element of perceived figures in nature or personification of natural phenomena."
f56,PURE_NARRATIVE,high,none,"This describes a psychological impulse and resulting action, lacking any element of perceived figures in nature or personification of natural phenomena."
f56a,PURE_NARRATIVE,high,none,"This describes a social act with no element of perceived figures in nature, personification, or transformation."
f58,ANTHROPOMORPHIC_ANIMAL,high,animal,"The 'Trickster' figure inherently projects personhood and intent onto a being that often operates outside of human social norms, functioning *as if* a person despite being frequently represented by an"
f59,METAMORPHOSIS,high,multiple,"The core of the motif involves transformation *into* body parts, establishing a clear case of metamorphosis rather than simple resemblance or personification."
f5a,METAMORPHOSIS,high,animal,"The core of the myth is the transformation of an animal tail (or Adam's tail) *into* Eve, explaining her origin and thus fitting the definition of metamorphosis."
f5b,METAMORPHOSIS,high,multiple,"The core of the story involves a transformation – either of an object into a woman, or the protagonist into a woman – to fulfill the marriage requirement, directly linking to the motif of something *b"
f6,METAMORPHOSIS,high,animal,"The narrative centers on a woman *becoming* whole through the creation of a missing body part by an animal, which is a transformation of a person into a modified physical state."
f60,ANTHROPOMORPHIC_ANIMAL,high,animal,"The 'trickster' figure inherently projects personhood and intent onto a being (often animal) who acts with human-like cunning and motivations, even if the story focuses on the act itself."
f61,ANTHROPOMORPHIC_ANIMAL,high,animal,The 'Trickster' figure inherently projects personhood and intent onto a being (often animal-like in behavior) who acts with human motivations and deceives others.
f62,METAMORPHOSIS,high,none,"The core of the story is a transformation into a different form to engage in social interaction, fitting the definition of someone *becoming* a new persona rather than simply resembling one."
f63,ANTHROPOMORPHIC_ANIMAL,high,animal,"The core of the motif involves a being (often a trickster spirit) fundamentally *acting as* a person of a different gender, projecting personhood and intent onto a non-human or supernatural entity."
f64,PURE_NARRATIVE,high,none,This describes a social taboo and kinship violation with no element of perceiving figures in nature or attributing personality to it.
f64a,METAMORPHOSIS,high,none,"The core of the motif involves a person being *replaced* by a likeness, effectively transforming into the description given – a form of metaphorical transformation into another being."
f64b,PURE_NARRATIVE,high,none,"This describes a social taboo and familial relationship, lacking any element of perceived figures in nature or personification of natural phenomena."
f65,PURE_NARRATIVE,high,none,"This describes a social deception and plot, lacking any element of perceived figures in nature or personification of natural phenomena."
f65a,PURE_NARRATIVE,high,none,This is a plot-driven story of deception and relationships with no element of perceiving figures in nature or attributing personality to it.
f65b,ANTHROPOMORPHIC_ANIMAL,high,animal,"The man's deceptive behavior and self-serving actions are akin to an animal trickster prioritizing its own needs, projecting personhood onto a base instinct."
f65c,PURE_NARRATIVE,high,none,This is a plot-driven story about deception and familial relationships with no element of perceived figures in nature or personification of natural phenomena.
f65d,PURE_NARRATIVE,high,none,This is a plot-driven story of deception and social dynamics with no element of perceived figures in nature or personification of natural phenomena.
f66,PURE_NARRATIVE,high,none,"This is a social plot involving deception and kinship rules, lacking any element of perceived figures in nature or personification of natural phenomena."
f67,ANTHROPOMORPHIC_ANIMAL,high,animal,"The old woman is essentially taking on the *role* of a male, projecting personhood and intent onto a fabricated form, akin to attributing human characteristics to an animal."
f68,PURE_NARRATIVE,high,none,This is a plot-driven story of deception and romance with no discernible figure-in-nature element or personification.
f69,PURE_NARRATIVE,high,none,This describes a social transgression and familial relationship with no element of perceived figures in nature or personification of natural phenomena.
f7,METAMORPHOSIS,high,water,"The wife *is* connected to the underwater world, implying a transformation or origin from it, and the story likely explains how she became associated with the water."
f70,PURE_NARRATIVE,high,none,This is a plot-driven story of social conflict and false accusation with no element of perceived figures in nature or personification of natural phenomena.
f70a,PURE_NARRATIVE,high,none,"This describes a deceptive act and accusation, lacking any element of perceived figures or personhood in nature."
f70b,PURE_NARRATIVE,high,none,The description details a social conflict (rejection and revenge) with no indication of figures perceived in nature or natural phenomena being personified.
f70c,METAMORPHOSIS,high,none,"The core of the story is the transformation of the youth's body – restoration of lost parts – into a complete form, which aligns directly with the definition of metamorphosis as a change in physical b"
f70d,METAMORPHOSIS,high,none,"The core of the story is a transformation from a false state to a 'real' one, explaining the initial deception as a temporary condition, which aligns with the definition of metamorphosis prioritizing "
f70e,METAMORPHOSIS,high,none,"The core of the story is a complete transformation of one being into another, explaining a changed state, which prioritizes METAMORPHOSIS over any potential personification."
f70e1,METAMORPHOSIS,high,none,"The daughter *transforms* her appearance to fulfill a role traditionally reserved for men, explaining her ability to perform the work – this is a transformation motivated by visual disguise and societ"
f70e2,ANTHROPOMORPHIC_ANIMAL,high,animal,"The father disguises himself *as* an animal to test his children, projecting personhood and intent onto the animal form."
f71,PURE_NARRATIVE,high,none,"This is a social drama focused on interpersonal conflict and reputation, lacking any element of perceived figures in nature or personification of natural phenomena."
f72,PURE_NARRATIVE,high,none,"The description details a social interaction and request, lacking any element of perceived figures in nature or personification of natural phenomena."
f73a,METAMORPHOSIS,high,none,"The myth explains the origin of the vulva as a transformation from a wound, directly linking a body part to a prior state—a core element of metamorphosis."
f73b,ANTHROPOMORPHIC_ANIMAL,high,animal,"The bear speaks and acts with human intent, requesting a procedure (gelding) based on a perceived benefit, making it a clear case of projecting personhood onto an animal."
f74,PURE_NARRATIVE,high,none,This is a behavioral tactic for survival with no element of perceiving figures in nature or attributing personality to it.
f75,NATURE_SPIRIT_PERSONIFICATION,medium,water,"The water woman is a spirit of the river/lake who engages in relationships, but the story doesn't focus on a visual or auditory pareidolia triggering her existence, only her inherent personified natur"
f76,ANTHROPOMORPHIC_ANIMAL,high,animal,"The story centers on animals demonstrating and effectively *teaching* human behavior, projecting personhood and intent onto them."
f77a,METAMORPHOSIS,high,landform,"The story describes a body part *becoming* a landform (a bridge), fulfilling the core definition of metamorphosis even if fantastical."
f78,METAMORPHOSIS,high,none,"The presence of a second head or toothed anus represents a grotesque transformation of the body, fitting the motif of a being altered into something unnatural."
f79,ANTHROPOMORPHIC_ANIMAL,high,animal,"The core of the story involves animals acting with human-like agency as wives, establishing relationships and expectations akin to human marriage."
f8,PURE_NARRATIVE,high,none,This describes a social development with no element of perceived figures in nature or personification of natural phenomena.
f80,PURE_NARRATIVE,high,none,"This describes a characteristic of primeval people, lacking any figure-in-nature element or personification."
f80a,ANTHROPOMORPHIC_ANIMAL,high,animal,"The detached genitals are treated as independent, acting entities, effectively projecting personhood onto a body part as if it were an animalistic being."
f81,TERRESTRIAL_PAREIDOLIA,high,water,"The man perceives a human figure (the 'bride') within the natural form of the river's surface, specifically his own reflection, constituting a visual pareidolia."
f82,PURE_NARRATIVE,high,none,"This describes a social transgression and sexual act with no element of perceived figures in nature, transformation, or personification of natural elements."
f82a,AUDITORY_PAREIDOLIA,high,sound,"The core of the myth involves interpreting animal sounds (owl cries) as intentional communication, specifically to influence human behavior, which is a clear example of hearing personality in natural "
f83,PURE_NARRATIVE,high,none,"The story focuses on social consequences and gossip, lacking any element of perceived figures or personalities in nature."
f83a,ANTHROPOMORPHIC_ANIMAL,high,animal,"The core of the story involves an animal acting with human intent and making a direct, indecent proposal, establishing personhood beyond simple behavior."
f84,PURE_NARRATIVE,high,none,This describes a social transgression and deceptive act with no element of perceived figures or personification in nature.
f85,NATURE_SPIRIT_PERSONIFICATION,high,sky,"The Moon is presented as a personality leading a social group, without a specific visual or auditory trigger for the personification, and its primary role is as a presiding spirit of the lunar sphere."
f86,ANTHROPOMORPHIC_ANIMAL,high,multiple,"The core of the motif involves summoning and interacting with a being of non-human nature as a sexual partner or ward, implying personhood projected onto that being."
f86a,ANTHROPOMORPHIC_ANIMAL,high,animal,"The story centers on a creature treated *as* a companion, implying personhood and emotional connection, even though it's an animal."
f87,METAMORPHOSIS,high,plant,"The core of the myth is the transformation of the woman and her children *into* birds or trees following the death of the serpent, making it a clear case of metamorphosis despite the initial pareidoli"
f88,METAMORPHOSIS,high,animal,"The story describes a change in the inherent qualities of women, effectively transforming their natural state (fragrant or odorless) into an unpleasant one, which explains a current condition."
f89,PURE_NARRATIVE,high,none,The story focuses on social transgression and familial relationships without any element of perceived figures in nature or personification of natural phenomena.
f9,PURE_NARRATIVE,high,none,"The description focuses on social consequences of interaction, lacking any element of perceived figures in nature or personification of natural phenomena."
f90,PURE_NARRATIVE,high,none,This is a plot-driven story of kinship and social transgression with no element of perceived figures or personification in nature.
f91,PURE_NARRATIVE,high,none,The story describes actions and consequences between people without attributing personhood or form to any natural element.
f92,PURE_NARRATIVE,high,none,The description details social interaction and action without any element of perceived figures in nature or personification of natural phenomena.
f93,ANTHROPOMORPHIC_ANIMAL,high,animal,"The penis is treated as a speaking, acting entity with agency, exhibiting personified behavior."
f94,CELESTIAL_PAREIDOLIA,medium,sky,"The story takes place *in* the sky and involves figures perceived there, even if not explicitly visual; the choice of wives implies figures or patterns are seen in the celestial realm."
f95,PURE_NARRATIVE,high,none,This describes a social dynamic and plot point—jealousy and concealed relationships—without any element of perceived figures in nature or personification.
f96,METAMORPHOSIS,high,none,"The core of the story is the transformation of a person *into* a different physical form, explaining a change in appearance, which prioritizes METAMORPHOSIS over any potential pareidolic reading."
f97,METAMORPHOSIS,high,plant,"The fruit *causes* a transformation in human awareness, effectively turning them into sexually aware beings, which explains the origin of sex as a change in state."
f98,ANTHROPOMORPHIC_ANIMAL,high,animal,"The cow is treated as a sexual partner by a god, exhibiting personified agency beyond typical animal behavior."
f99,METAMORPHOSIS,high,none,"The core of the myth is a transformation – the son changes form to enact incest, then reverts – explaining a bizarre state of being, which prioritizes it over any potential pareidolic reading."
f9a,TERRESTRIAL_PAREIDOLIA,high,landform,"The vagina is visually likened to a dangerous landscape feature – a toothed mouth or a place filled with sharp stones, representing a perceived form within a natural body part."
f9a1,ANTHROPOMORPHIC_ANIMAL,high,animal,"The vagina is metaphorically presented as having the characteristics (teeth) of an animal (pike), effectively projecting animal personhood onto a human body part."
f9b,ANTHROPOMORPHIC_ANIMAL,high,animal,"The piranha is presented as an active agent *within* a human body, effectively assigning it agency and a disturbing role, thus projecting personhood onto the animal."
f9c,METAMORPHOSIS,high,animal,"The motif explicitly describes a transformation or association where the vagina *is* a snake's mouth, or a snake emerges from the woman, establishing a direct link between person and animal form."
f9d,NATURE_SPIRIT_PERSONIFICATION,medium,animal,"The description implies a harmful force *within* the woman's body, personifying the scorpions as agents of that force rather than a literal case of pareidolia or transformation."
f9e,ANTHROPOMORPHIC_ANIMAL,high,animal,"The motif centers on animals (mice) exhibiting agency within a human body, effectively projecting personhood onto them despite the bizarre context."
f9f,ANTHROPOMORPHIC_ANIMAL,high,animal,"The demon manifests as a snake and actively *acts* as a malicious agent, exhibiting intent and behavior beyond a simple natural force, thus projecting personhood onto the animal form."
f9f1,METAMORPHOSIS,high,animal,"The core of the motif involves a creature *emerging from* a woman, implying a transformation or origin story where the snake is intrinsically linked to her being, rather than simply being perceived in"
f9f2,METAMORPHOSIS,high,animal,"The snake's body part *becomes* the concealed object within the bag, directly linking a being to a physical object and motivating the plot."
f9g,PURE_NARRATIVE,high,none,"The story focuses on social customs (marriage, contests) and actions between people, lacking any perception of figures in nature or personification of natural elements."
g1,METAMORPHOSIS,high,multiple,"The motif describes a transfer of valuable things *because* of the child's removal, implying the child *becomes* the source of those things, fitting the definition of transformation into something els"
g10,METAMORPHOSIS,high,plant,"The tree's unusual state (hanging but not falling) implies a prior being or force now *within* the tree, sustaining it – a transformation narrative is central."
g11,ANTHROPOMORPHIC_ANIMAL,high,animal,"The squirrel performs a human role (woodcutter) and is central to the action, demonstrating personified behavior."
g12,METAMORPHOSIS,high,plant,"The description explicitly states a person is transformed into a tree, prioritizing this over a simple visual resemblance."
g12a,METAMORPHOSIS,high,plant,"The motif describes a transformation of blood into plants, explaining the origin of plant life through a bodily substance becoming a natural object."
g12b,NATURE_SPIRIT_PERSONIFICATION,high,sky,"The story describes a being originating from the sky (a star) who embodies a force related to plant life, without detailing a visual or auditory pareidolic trigger or transformation."
g12c,ANTHROPOMORPHIC_ANIMAL,high,animal,"The story centers on an animal (Fox/Coyote) acting with intent and agency to bring about a change on Earth, effectively functioning as a personified agent."
g13,PURE_NARRATIVE,high,plant,"The description details a past practice of consuming wood, lacking any element of perceived figures, voices, transformations, or personification of nature."
g13a,PURE_NARRATIVE,high,landform,"The description details a past practice without attributing personhood or agency to any natural feature, nor does it involve visual or auditory pareidolia, metamorphosis, or anthropomorphic animals."
g13b,PURE_NARRATIVE,high,plant,"The description details a historical practice of foraging for food, lacking any element of perceived figures or personification in nature."
g14,METAMORPHOSIS,high,water,"The man's journey *through* the monster and subsequent return with gifts implies a transformative experience that fundamentally alters his relationship to the natural world, effectively 'becoming' a c"
g15,ANTHROPOMORPHIC_ANIMAL,high,plant,"The description explicitly states that plants ('food products or materials') *looked as persons*, indicating a projection of personhood onto non-human life."
g16,ANTHROPOMORPHIC_ANIMAL,high,animal,"The ants are depicted as actively *finding* and possessing knowledge of the plants, implying agency and intent beyond typical insect behavior."
g17,ANTHROPOMORPHIC_ANIMAL,high,animal,"The serpent/alligator is acting as the originator of essential resources, implying agency and person-like control over them."
g18,METAMORPHOSIS,high,plant,"The core of the motif is a person *becoming* the source of cultivated plants, explaining their origin through a transformation and linking the person's death to the garden's growth."
g19,METAMORPHOSIS,high,none,"The core of the myth is the transformation of people into the source of cultivated plants, explaining their origin through a sacrificial act of self-immolation."
g20,METAMORPHOSIS,high,plant,"The core of the myth is the transformation of a person into plants, explaining their origin."
g21,METAMORPHOSIS,high,plant,"The story explicitly describes a human being transformed into a plant (coconut palm), making metamorphosis the defining motif."
g22,ANTHROPOMORPHIC_ANIMAL,high,animal,"The frog/toad is acting in a role related to human culture (cultivated plants), implying personified agency."
g23,METAMORPHOSIS,high,multiple,"The core of the motif is the transformation of a being *into* natural objects, explaining their origin, which directly aligns with the definition of METAMORPHOSIS."
g23a,METAMORPHOSIS,high,plant,"The core of the motif is the transformation of a being *into* plants, explaining their origin, which prioritizes METAMORPHOSIS over simple visual resemblance."
g23b,METAMORPHOSIS,high,multiple,"The core of the motif is the transformation of a being *into* people, explaining their origins via the body parts, prioritizing this over simple personification or social narrative."
g25,PURE_NARRATIVE,high,landform,The story describes an action (spilling seeds) and a consequence (cultivation) without attributing personhood or visual/auditory qualities to any natural feature.
g26,METAMORPHOSIS,high,none,"The act of swallowing/hiding food *transforms* it into a source of sustenance for people, explaining its availability – this is a transformation narrative, even if unusual."
g27,METAMORPHOSIS,high,plant,"The narrative describes a transformation of a bodily substance (urine) *into* plants, explaining their origin, which is the core of the METAMORPHOSIS motif."
g28,METAMORPHOSIS,high,plant,"The description implies a transformation – something *became* contained within the tree, explaining its unusual feature."
g29,METAMORPHOSIS,high,multiple,"The core of the motif is a being *becoming* or *being made of* objects and landscape elements, fitting the definition of transformation into natural/manufactured forms."
g3,METAMORPHOSIS,high,landform,"The story describes cultivated plants *within* a rock, implying a transformation of something into the rock itself to contain them."
g30,METAMORPHOSIS,high,plant,"The core of the myth is the transformation of a body part *into* plants, establishing a clear causal link between the person and the natural object."
g31,PURE_NARRATIVE,high,plant,"The description details an action performed on trees, lacking any element of perceived figures, voices, transformation, or personification of nature."
g4,TERRESTRIAL_PAREIDOLIA,high,landform,"The description explicitly states plants are *found inside* a mountain, implying a visual perception of the mountain as containing or being composed of food, thus a figure-in-landform pareidolia."
g5,METAMORPHOSIS,high,plant,"The description details a plant taking on an unnatural tree form or combining multiple plants into one, which is a transformation of botanical characteristics."
g6,TERRESTRIAL_PAREIDOLIA,high,plant,"The description focuses on a single, exceptionally large tree with features that suggest a figure or entity embodied within its form, fitting the visual perception of a being in a landform."
g6a,METAMORPHOSIS,high,plant,"The motif describes time *as* a tree, transforming an abstract concept into a natural object with corresponding parts."
g7,METAMORPHOSIS,high,plant,"The tree being felled represents a transformed being or ancestor, and the difficulty in cutting it highlights this transformation; the plants on the branches further emphasize the tree's non-natural s"
g8,METAMORPHOSIS,high,plant,"The tree's ability to heal the notch implies a transformation from damaged to restored, effectively explaining the tree's current state as a result of past actions."
g8a,METAMORPHOSIS,high,plant,"The tree's restoration and subsequent felling represent a transformation from living tree to finished canoe, motivated by a perceived agency or spirit within the tree itself."
g8b,METAMORPHOSIS,high,plant,"The core of the story is someone *becoming* the tree, explaining its resistance to being cut down, rather than simply resembling it."
g8c,ANTHROPOMORPHIC_ANIMAL,high,plant,"The 'animal-people' attempting to cut the tree implies personhood and intent projected onto beings who act like humans, even if they are not fully human."
g8d,TERRESTRIAL_PAREIDOLIA,high,plant,"The tree is perceived as a threat to the world, implying a perceived agency or personality within the landform itself, fitting the visual perception of a figure in nature."
g8e,CELESTIAL_PAREIDOLIA,high,sky,"The story explicitly involves an attempt to interact with a feature *in* the Moon, treating it as a physical object resembling a tree, which is a visual perception of a pattern in the sky."
g8f,TERRESTRIAL_PAREIDOLIA,medium,plant,"The tree's wound actively 'perceives' the actions of those who cut it, exhibiting a response akin to a living being reacting to harm, thus projecting personhood onto the tree itself."
g9,NATURE_SPIRIT_PERSONIFICATION,medium,plant,"The forest's restoration implies a presiding spirit actively reversing human actions, without a specific pareidolic trigger for perceiving this spirit."
g9a,ANTHROPOMORPHIC_ANIMAL,high,animal,"The reviving entity is a personified animal who speaks and warns the man, demonstrating human-like intent and communication."
h10,METAMORPHOSIS,high,water,"The story explains human mortality by referencing the transformation of stone into a sunken state, implying a lost potential to be like floating wood."
h11,AUDITORY_PAREIDOLIA,high,sound,The core motif involves *hearing* a call or name within a natural phenomenon (implied sound) and the consequences of responding or not responding to it.
h12,PURE_NARRATIVE,high,none,"The story focuses on a journey and a test of love, lacking any element of perceived figures in nature or personification of natural phenomena."
h12a,METAMORPHOSIS,high,multiple,"The core of the myth is the wife *becoming* a monster, explaining her pursuit of the husband – a transformation into a new form is central."
h12b,NATURE_SPIRIT_PERSONIFICATION,medium,none,"The description details the behavior of spirits (ghosts) without linking their perception to any specific natural phenomenon or visual/auditory trigger, representing a general characteristic of a spir"
h13,PURE_NARRATIVE,high,none,"The description focuses on a plot involving travel to the underworld and resurrection, lacking any element of perceived figures in nature or personification of natural phenomena."
h14,METAMORPHOSIS,high,animal,"The core of the motif is the transformation of a person into an animal, explaining her return and subsequent departure."
h15,AUDITORY_PAREIDOLIA,high,sound,"The motif centers on misinterpreting natural sounds (whispers, yawns) *as* the voices of spirits, fitting the definition of hearing personality in natural phenomena."
h16,METAMORPHOSIS,high,water,"The rivers *are* composed of tears/blood/milk, implying a transformation of emotional essence or life force into a physical feature of the underworld."
h17,TERRESTRIAL_PAREIDOLIA,medium,landform,"The ancestors forming a 'ring' around the chief strongly suggests a visual perception of figures in a landform, likely a hill, clearing, or other natural boundary, even if not explicitly stated as suc"
h18,ANTHROPOMORPHIC_ANIMAL,high,animal,"The core of the myth involves animals being treated as a hoardable resource and then released, implying agency and intentionality beyond simple animal behavior."
h18a,METAMORPHOSIS,high,animal,"The ancestor *becomes* the pup, directly explaining the pup's existence and actions, prioritizing this over any potential personification of the animals themselves."
h18b,METAMORPHOSIS,high,water,"The animals' disappearance into water implies a transformation from animal form into the water itself, explaining their absence and fulfilling the narrative of a changed state."
h19,ANTHROPOMORPHIC_ANIMAL,high,animal,"Raven acts as a person by intentionally manipulating the availability of game, demonstrating intent and agency beyond typical animal behavior."
h1a,PURE_NARRATIVE,high,none,"This is a purely narrative account of a conflict and a decision, lacking any element of perceived figures in nature or personification of natural phenomena."
h1b,PURE_NARRATIVE,high,none,"The description focuses on action and consequence between people, lacking any element of perceived figures in nature or personification of natural phenomena."
h1bb,PURE_NARRATIVE,high,none,"The description focuses on interpersonal conflict and a missed opportunity, lacking any element of perceived figures in nature or personification of natural phenomena."
h1c,PURE_NARRATIVE,high,landform,"The description details a social rule about death and burial, lacking any element of perceived figures or personification in nature."
h1d,PURE_NARRATIVE,high,none,"The story focuses on a social rule and the establishment of permanence of death, lacking any figure-in-nature element or personification."
h2,ANTHROPOMORPHIC_ANIMAL,high,animal,"The animals are depicted as having complex motivations (self-preservation, desire to feast) and actively petitioning a deity, demonstrating personified intent and agency."
h20,PURE_NARRATIVE,high,water,The story describes an action (dispersing fish) without attributing personhood or features to the natural world itself.
h20a,PURE_NARRATIVE,high,water,"The story focuses on actions and social conflict regarding resource control, lacking any element of perceived figures in nature or personification of natural elements."
h21,ANTHROPOMORPHIC_ANIMAL,high,animal,"The core of the motif involves animals acting with intent and agency towards a human child, effectively treating them as a person would – luring, killing, or carrying away – which defines anthropomorp"
h21a,PURE_NARRATIVE,high,water,"The description is missing, but the title suggests a rule of conduct regarding an animal, lacking any indication of pareidolia or personification of nature."
h22,METAMORPHOSIS,high,animal,"The narrative describes humans *creating* the animals' sense of smell, effectively transforming them into beings with this new ability, which explains their current state."
h22a,ANTHROPOMORPHIC_ANIMAL,high,animal,"The animals are described as lacking fear of people and reacting to touch, implying a level of personhood and agency beyond typical animal behavior."
h23,METAMORPHOSIS,high,plant,"The description explicitly states a former state of being 'fat' transforming into a stiff, inedible form, fitting the definition of transformation into a natural object."
h24,PURE_NARRATIVE,high,none,The description focuses on a plot event – the opening of a container and its consequences – without any element of perceived figures in nature or personification.
h24a,CELESTIAL_PAREIDOLIA,high,sky,"The stars *from* the bag become the stars *in* the sky, directly linking a contained object to the celestial phenomenon."
h24b,PURE_NARRATIVE,high,none,"This is a plot-driven story about a task and its failure, lacking any element of perceived figures in nature or personification of natural phenomena."
h24c,METAMORPHOSIS,high,multiple,"The opening of the container *causes* a transformation – immortality to mortality – and the container itself is the key to understanding the changed state, fitting the definition of something being tu"
h24d,ANTHROPOMORPHIC_ANIMAL,high,animal,"The core of the motif is an animal acting with human-like intent and responsibility, attempting to rectify a mistake – projecting personhood onto the animal's behavior."
h24e,PURE_NARRATIVE,high,none,"The description details a choice and its outcome, lacking any element of perceived figures in nature or personification."
h24f,PURE_NARRATIVE,high,none,"This is a plot-driven story about a failed delivery and disobedience, lacking any element of perceived figures in nature or personification."
h25,PURE_NARRATIVE,high,none,"The description details a choice between life and death, a purely narrative element of decision-making and consequence without any figure-in-nature reading or personification."
h26,PURE_NARRATIVE,high,none,"The description details a failed action regarding insects, lacking any element of perceived figures in nature, transformation, or personification."
h27,PURE_NARRATIVE,high,none,"The story describes an event with no element of perceived figures in nature, personification, or transformation; it's a simple plot about an accidental release."
h27a,METAMORPHOSIS,high,landform,The antagonist's staff creating a hole and his subsequent descent into the underworld directly implies a transformation of the antagonist *into* the feature of the landscape (the hole/underworld entra
h28,METAMORPHOSIS,high,animal,"The core of the motif is the transformation of a being *into* pests, explaining their origin from a destroyed body."
h28a,METAMORPHOSIS,high,multiple,"The core of the myth is the transformation of a being *into* insects, directly explaining their origin from the burned remains."
h29,ANTHROPOMORPHIC_ANIMAL,high,animal,"The core of the myth involves an animal acting as a progenitor, effectively assigning personhood and reproductive agency to it."
h3,PURE_NARRATIVE,high,none,The story describes a causal event (imitation leading to mortality) without any perception of figures in nature or personification of natural elements.
h30,PURE_NARRATIVE,high,none,"The description details a social plot involving choice and consequence, lacking any element of perceived figures in nature or personification of natural phenomena."
h31,NATURE_SPIRIT_PERSONIFICATION,high,multiple,"The story establishes celestial bodies as beings with inherent qualities (immortality) and assigns a role to a god who dictates their nature and that of humanity, without focusing on visual or auditor"
h32a,NATURE_SPIRIT_PERSONIFICATION,high,none,"The woman *is* the source of superfertility, embodying a natural force, but the story doesn't focus on her being *seen* in nature or transforming into it; it's about her inherent power and its loss."
h32b,METAMORPHOSIS,high,none,"The core of the motif is the child *being* the source of abundance, and their departure results in a change to the environment, implying a transformation from a state of plenty to scarcity—a transform"
h33,METAMORPHOSIS,medium,none,"The loss of an innate ability to walk suggests a transformation from a state *with* walking to a state *without* it, fitting the motif of a changed form."
h33a,METAMORPHOSIS,high,none,"The story centers on a divine attempt to *transform* the baby's physical ability (to walk) due to the mother's intervention, making it a transformation myth despite the lack of a visible natural objec"
h34a,PURE_NARRATIVE,high,none,"The description details a conflict and exchange of ideas, lacking any element of perceived figures in nature or personification of natural phenomena."
h34b,NATURE_SPIRIT_PERSONIFICATION,medium,water,"The description implies a deviation from the natural order of rivers, suggesting an inherent will or agency within the river itself, rather than a visual or auditory perception."
h34c,NATURE_SPIRIT_PERSONIFICATION,medium,plant,"The rice 'flowing' by itself implies an animating force or spirit associated with the plant, rather than a visual or auditory perception."
h34d,ANTHROPOMORPHIC_ANIMAL,high,sky,"The story features an animal acting with intent and agency (biting off a piece of the sky), demonstrating personification of the animal."
h34d1,CELESTIAL_PAREIDOLIA,medium,sky,"The sky itself is perceived as a source of sustenance, implying a figure-in-nature reading where the sky *is* food, even if that food is no longer accessible."
h34e,CELESTIAL_PAREIDOLIA,high,sky,"The motif describes perceiving something other than snow (something edible) falling from the sky, which is a visual perception in a sky phenomenon."
h34f,ANTHROPOMORPHIC_ANIMAL,high,plant,"The baskets are described as *walking* and carrying loads *by themselves*, attributing agency and movement typically associated with living beings."
h34g,PURE_NARRATIVE,high,plant,"The description details a practical detail about food preparation, lacking any element of perceived figures or personification in nature."
h34h,NATURE_SPIRIT_PERSONIFICATION,medium,plant,"The firewood arriving on its own implies a spirit or agency within the wood itself, acting independently of human effort."
h35,NATURE_SPIRIT_PERSONIFICATION,medium,none,"The description explains a characteristic of human teeth without attributing it to a visual or auditory pareidolia, metamorphosis, or animal personification; it's an explanation linked to inherent qua"
h36,PURE_NARRATIVE,high,none,The description focuses on plot – a messenger failing in their task – with no element of perceived figures in nature or personification of natural features.
h36a,PURE_NARRATIVE,high,none,"The core of the myth is a failed communication leading to a change in the condition of humanity, lacking any inherent figure-in-nature element or personification."
h36b,ANTHROPOMORPHIC_ANIMAL,high,animal,"The chameleon speaks and acts with agency, holding a responsibility and betraying a deity, demonstrating personified behavior."
h36c,ANTHROPOMORPHIC_ANIMAL,high,animal,"The lizard is presented as an agent responsible for a fundamental change in the human condition, acting with intent and agency beyond typical animal behavior."
h36d,ANTHROPOMORPHIC_ANIMAL,high,animal,"The hare acts as an agent with intent and responsibility, effectively functioning as a person within the narrative."
h36e,ANTHROPOMORPHIC_ANIMAL,high,animal,"The rat acts as an agent introducing a fundamental change to the world, exhibiting intentionality and a role beyond simple animal behavior."
h36f,ANTHROPOMORPHIC_ANIMAL,high,animal,"Raven acts with intent, fails in a task requiring responsibility, and is fundamentally portrayed as a personified agent rather than a natural force or simple visual/auditory trigger."
h36ff,ANTHROPOMORPHIC_ANIMAL,high,animal,"Raven acts as a personified agent responsible for a fundamental change in the world, exhibiting intent and agency beyond typical animal behavior."
h36g,ANTHROPOMORPHIC_ANIMAL,high,animal,"The story centers on a messenger, implying personhood projected onto a being acting as a divine agent, fitting the definition of an anthropomorphic animal even if not explicitly animal in form."
h36g1,ANTHROPOMORPHIC_ANIMAL,high,animal,"The bull acts as a messenger, implying human-like intent and agency beyond typical animal behavior."
h36gg,ANTHROPOMORPHIC_ANIMAL,high,animal,"Coyote is depicted as acting with intent and agency, essentially *being* a person who brings about a fundamental change, rather than simply being associated with death as a natural force."
h36h,PURE_NARRATIVE,high,multiple,The description focuses on plot and consequence—beings overcoming an obstacle leading to mortality—without any element of perceived figures in nature or personification of natural features.
h36hh,ANTHROPOMORPHIC_ANIMAL,high,animal,"The frog/toad is explicitly given the agency and role of introducing a fundamental aspect of existence (death), acting as a personified agent."
h36i,ANTHROPOMORPHIC_ANIMAL,high,animal,"The goat/sheep is presented as an agent responsible for a fundamental change (death), implying personified intent and action."
h36j,PURE_NARRATIVE,high,animal,The story focuses on a plot involving an animal's action that introduces a concept (death) without any element of perceived figures in nature or transformation into nature.
h37,PURE_NARRATIVE,high,none,"The description focuses on plot and consequences of misuse, lacking any element of perceived figures in nature or personification of natural features."
h37a,ANTHROPOMORPHIC_ANIMAL,high,none,"The narrative centers on a personified trickster figure and their actions, exhibiting human-like intent and ability."
h37b,ANTHROPOMORPHIC_ANIMAL,high,animal,"The core of the story involves an animal (skunk) bestowing a power, effectively acting as a personified source of ability, and the narrative centers on this animal's 'charge' being misused."
h38,METAMORPHOSIS,high,multiple,"The core of the motif is a supernatural being linked to a 'property' that is then reclaimed *by* the being through a change in form or disappearance, implying transformation into or from that property"
h39,METAMORPHOSIS,high,animal,"The core of the myth explains how snakes *became* poisonous through consuming a substance, representing a transformation into their current state."
h4,METAMORPHOSIS,high,animal,"The core motif describes beings *becoming* something else (shedding skin to become young), which prioritizes METAMORPHOSIS over a simple resemblance or personification."
h40,ANTHROPOMORPHIC_ANIMAL,high,animal,The dog is explicitly acting in a human role – guarding – demonstrating projected personhood and intent.
h41,ANTHROPOMORPHIC_ANIMAL,high,animal,"The dog acts as a character with agency, influencing the creation of humans and interacting with a divine/mythic figure, demonstrating personified animal behavior."
h42,METAMORPHOSIS,high,none,"The motif describes an initial perfect creation being *changed* into an imperfect one (mortal, diseased) during the Creator's absence, which is a transformation narrative at its core."
h43,NATURE_SPIRIT_PERSONIFICATION,medium,none,"The description details creation by supernatural beings without specifying any visual or auditory pareidolia, or transformation into a natural feature; it's simply the act of creation attributed to sp"
h43a,METAMORPHOSIS,high,none,"The story describes an attempt to *break* a human figure, implying a transformation of the figure into something else (likely a broken or incomplete form), which is central to the motif."
h43aa,METAMORPHOSIS,high,landform,"The act of smearing with filth transforms the initially pristine human figure into its final, imperfect form, effectively explaining the condition of humanity as a result of this transformation."
h44,NATURE_SPIRIT_PERSONIFICATION,high,multiple,"The myth describes Sky and Earth as personified entities dividing their offspring, establishing them as presiding spirits of realms without a specific pareidolic trigger for their personification."
h45,PURE_NARRATIVE,high,none,"The story describes disrespectful behavior and its consequences, lacking any element of perceived figures in nature or personification of natural elements."
h46,NATURE_SPIRIT_PERSONIFICATION,medium,animal,"The story attributes a role to a dog in divine justice, implying a personality or agency beyond simply being an animal, without a specific pareidolic trigger."
h46a,ANTHROPOMORPHIC_ANIMAL,high,plant,"The story attributes characteristics of a plant (cereal spike) to the actions of a dog, effectively giving the animal human-like agency in shaping the natural world."
h47,NATURE_SPIRIT_PERSONIFICATION,high,multiple,"The sky or earth is given a personality and reacts to human actions, without a specific pareidolic trigger for that personification."
h48,NATURE_SPIRIT_PERSONIFICATION,high,none,"The diseases are presented as offspring of a spirit, embodying a force of nature without a specific pareidolic trigger or transformation."
h49,ANTHROPOMORPHIC_ANIMAL,high,animal,"The story centers on an animal acting with intent to protect a human child, demonstrating personified behavior and agency."
h49b,ANTHROPOMORPHIC_ANIMAL,high,animal,"The dog exhibits human-like intelligence and bravery, functioning as a key agent in the plot beyond typical animal behavior, effectively acting as a person in the narrative."
h49c,ANTHROPOMORPHIC_ANIMAL,high,animal,"The falcon acts with intent and agency (aggression, saving a life), effectively behaving as a person despite being an animal."
h49d,PURE_NARRATIVE,high,plant,"The story focuses on actions, intent, and consequences without attributing personhood or form to any natural element; the fruit is a plot device, not a figure perceived within nature."
h4a,METAMORPHOSIS,high,multiple,"The core of the myth explains a current state (lack of rejuvenation) through a past transformation event where a person’s altered form was not acknowledged, implying they *became* something else."
h5,METAMORPHOSIS,high,animal,"The introduction of death is often linked to a transformation – specifically, a snake's action causing a mortal shift, effectively 'turning' humans towards mortality."
h50,NATURE_SPIRIT_PERSONIFICATION,high,sky,"The myth describes deities embodying natural realms (sky, underworld) without a specific pareidolic trigger for their forms or personalities."
h51,ANTHROPOMORPHIC_ANIMAL,high,animal,"The horse is depicted with agency and malicious intent, acting as a demonic entity rather than simply being an animal in the story."
h52,PURE_NARRATIVE,high,none,"The story focuses on a quest and its outcome, lacking any element of perceived figures in nature or personification of natural phenomena."
h53,ANTHROPOMORPHIC_ANIMAL,high,animal,"The motif centers on a wolf exhibiting personified roles – creation participation, demon battling, and mastery over the dead – effectively functioning as a personified being."
h54,TERRESTRIAL_PAREIDOLIA,high,landform,"The description evokes a visual perception of facial features (eyelids, eyebrows) on a being, implying a face is 'seen' in the form of the personage, akin to seeing a face in a rock formation."
h55,PURE_NARRATIVE,high,none,"The description focuses on a journey and judgment within another realm, lacking any element of perceived figures in nature or personification of natural phenomena."
h55a,TERRESTRIAL_PAREIDOLIA,medium,landform,"The blanket, as a landform-like covering, is visually interpreted to reveal or conceal figures (the couple), creating a pareidolic perception of faces or forms within its folds."
h56,METAMORPHOSIS,high,plant,"The fruit's consumption *transforms* people from a state of immortality to mortality, explaining the origin of death as a change in being."
h6a,METAMORPHOSIS,high,plant,"The description focuses on the life cycle of trees as analogous to human life, implying a transformation or mirroring of human states within the plant itself."
h6b,METAMORPHOSIS,high,plant,"The story explains the evergreen nature of plants by stating they *became* that way due to spilled medicine, prioritizing transformation over simple resemblance."
h6bb,ANTHROPOMORPHIC_ANIMAL,high,animal,The core of the story involves an animal acting as an agent with human-like intent and responsibility for delivering items to people.
h6c,ANTHROPOMORPHIC_ANIMAL,high,animal,"Raven is explicitly given human attributes – immortality – and acts as a cultural figure, exceeding simple animal behavior."
h6d,PURE_NARRATIVE,high,none,"This is a plot-driven story about a stolen object, lacking any element of perceived figures in nature or personification of natural phenomena."
h7,NATURE_SPIRIT_PERSONIFICATION,high,none,"While Death *acts* upon people, the description focuses on Death as a personified force without a specific visual or auditory trigger in nature, and isn't a transformation or animal figure."
h7a,NATURE_SPIRIT_PERSONIFICATION,high,none,"The story centers on Death as a personified entity who imparts knowledge, without focusing on a visual or auditory trigger in nature; it's about the spirit *of* Death, not seeing a figure *in* somethi"
h7b,METAMORPHOSIS,high,plant,"The story centers on a man *becoming* intrinsically linked to a tree, effectively transforming into part of it and controlling access, which is a clear case of metamorphosis explaining a natural featu"
h7c,PURE_NARRATIVE,high,none,This is a plot-driven story about outsmarting death with no element of perceived figures in nature or personification of natural phenomena.
h7d,ANTHROPOMORPHIC_ANIMAL,high,animal,"Death is personified as a being who can interact with humans and perform physical labor, effectively acting as a personified entity."
h7e,PURE_NARRATIVE,high,none,"The story focuses on a change in divine policy and human behavior, lacking any perception of figures or personalities within natural phenomena."
h7f,ANTHROPOMORPHIC_ANIMAL,high,none,"Death is personified as an entity who 'eats' people, exhibiting human-like agency and intent, making it an anthropomorphic animal figure despite not being an animal in the traditional sense."
h8,PURE_NARRATIVE,high,none,"The story describes a social rule about immortality and failing a test, lacking any figure-in-nature element or personification."
h9,METAMORPHOSIS,high,multiple,"The myth explains human mortality by stating people *are* like easily destroyed materials, effectively transforming their inherent nature to explain a current state."
h9a,METAMORPHOSIS,high,plant|landform,"The core of the myth explains the current state of beings (one fertile, one barren) through a prior transformation or origin linked to natural objects – a woman associated with a plant and another wit"
h9b,METAMORPHOSIS,high,plant,"The motif describes people being *like* plants, implying a transformation or origin connected to plant life, rather than simply perceiving a figure *in* a plant."
i1,NATURE_SPIRIT_PERSONIFICATION,high,sky,"The description details beings *associated* with weather phenomena, but doesn't claim they *are* formed from or resemble anything visible in nature, nor are they undergoing transformation; they are sp"
i100,CELESTIAL_PAREIDOLIA,high,sky,"The myth explicitly identifies a visual pattern in the sky (the Pleiades star cluster) *as* girls, demonstrating a clear case of figure-in-sky pareidolia."
i100a,CELESTIAL_PAREIDOLIA,high,sky,The myth explicitly describes perceiving a figure (a mother and her children) within a celestial phenomenon (the Pleiades star cluster).
i100b,CELESTIAL_PAREIDOLIA,high,sky,"The myth explicitly identifies a pattern in the sky (the Pleiades star cluster) *as* people, representing a visual perception of figures in a celestial phenomenon."
i100c,METAMORPHOSIS,high,multiple,"The core of the myth is the transformation of people *into* a star cluster (Pleiades) and an animal (cuckoo), establishing a direct link between beings and natural phenomena."
i100d,CELESTIAL_PAREIDOLIA,high,sky,"The description explicitly states a visual perception of figures (kids/lambs) *in* stars, fitting the definition of seeing patterns in celestial phenomena."
i101,CELESTIAL_PAREIDOLIA,high,sky,The myth explicitly describes a visual perception of stars (the Big Dipper) as structural elements supporting a skin or shelter.
i102,CELESTIAL_PAREIDOLIA,high,sky,"The Milky Way is visually perceived as a tree in the sky, fitting the definition of seeing a figure in a celestial phenomenon."
i103,CELESTIAL_PAREIDOLIA,high,sky,The myth explicitly states a figure (dog/wolf) is visually perceived in a celestial phenomenon (Sirius).
i104,CELESTIAL_PAREIDOLIA,high,sky,"The motif explicitly describes the origin of stars as pieces of a larger celestial body, representing a visual perception of patterns and relationships within the sky."
i105,CELESTIAL_PAREIDOLIA,high,sky,The description explicitly states a figure is visually perceived in a sky phenomenon (constellation).
i106,CELESTIAL_PAREIDOLIA,high,sky,"The myth explicitly identifies a constellation (Ursa Major) as representing a single person, demonstrating visual perception of a figure in a sky phenomenon."
i107,CELESTIAL_PAREIDOLIA,high,sky,"The motif explicitly describes a visual perception of stars *as* fixed objects (nails/pegs) within the sky, fitting the definition of visually perceiving a figure in a celestial phenomenon."
i108,CELESTIAL_PAREIDOLIA,high,sky,The myth directly perceives a figure (a person) within a celestial phenomenon (the Pleiades star cluster).
i109,CELESTIAL_PAREIDOLIA,high,sky,"The Milky Way is visually interpreted as a path or road for celestial bodies, directly perceiving a pattern in the sky."
i10a,CELESTIAL_PAREIDOLIA,high,sky,"The description directly attributes visual qualities (colors) to layers within a sky phenomenon (clouds), fitting the definition of visually perceiving a pattern in the sky."
i10b,NATURE_SPIRIT_PERSONIFICATION,medium,landform,"The description implies inherent qualities to earth layers, suggesting a spirit or personality associated with them, rather than a visual or auditory pareidolia or transformation."
i11,TERRESTRIAL_PAREIDOLIA,high,landform,"The turtle/toad's form is visually perceived as the land itself, embodying or supporting the world."
i110a,CELESTIAL_PAREIDOLIA,high,sky,The myth explicitly states a visual perception of a pattern (constellation) *as* a familiar object (plough).
i110b,CELESTIAL_PAREIDOLIA,high,sky,"The stars of Orion's belt are visually perceived as agricultural tools, a figure in a sky phenomenon."
i111,TERRESTRIAL_PAREIDOLIA,high,landform,"The myth directly states the earth *is* the body of a reptile, perceiving the land itself as a massive animal form."
i112,TERRESTRIAL_PAREIDOLIA,high,landform,"The boat is visually perceived as a living creature, specifically a fish, demonstrating a figure-in-object pareidolia despite being a constructed landform."
i113,ANTHROPOMORPHIC_ANIMAL,high,animal,"The pig, while possessing a fantastical trait (golden bristles), is presented as a valuable entity, implying a projection of importance and agency beyond a simple object."
i114,AUDITORY_PAREIDOLIA,medium,landform,"The shaking of the earth is interpreted as the intentional action of beings, effectively 'hearing' agency in the natural sound/movement of an earthquake."
i115a,CELESTIAL_PAREIDOLIA,high,sky,The myth explicitly defines constellations (Orion and the Pleiades) as figures visually perceived in the sky.
i116,CELESTIAL_PAREIDOLIA,high,sky,"The Milky Way is visually perceived as a boundary, a figure in the sky defining divisions in time or space."
i117,ANTHROPOMORPHIC_ANIMAL,high,animal,"The spider is depicted with agency and the ability to perform a complex task (ferrying between worlds), indicating personification beyond a simple animal role."
i117a,ANTHROPOMORPHIC_ANIMAL,high,animal,"The story features a bat acting with agency to *help* the hero, indicating personification and thus fitting the anthropomorphic animal motif."
i118,ANTHROPOMORPHIC_ANIMAL,high,animal,"The spider is explicitly given human attributes – patronage, familial relationships, and the ability to marry off her daughter – making it a clear case of projecting personhood onto an animal."
i119,AUDITORY_PAREIDOLIA,high,landform,"The story attributes agency and intent (shaking, attempting to emerge) to the sound and sensation of the earth moving, perceiving a 'voice' or activity within the natural phenomenon."
i12,METAMORPHOSIS,high,plant,"The tree *becomes* the axis connecting the universes, explaining its existence and form as a result of cosmic structure."
i120,METAMORPHOSIS,high,animal,"The cornucopia *is* the transformed horn of an animal, explaining its abundance as a result of that transformation."
i121,CELESTIAL_PAREIDOLIA,high,sky,The motif explicitly describes visually perceiving figures (constellations) within a sky phenomenon.
i122,CELESTIAL_PAREIDOLIA,high,sky,"The myth explicitly states a visual perception of a pattern in the stars (Pleiades) as resembling bees, fitting the definition of seeing figures in a sky phenomenon."
i123,CELESTIAL_PAREIDOLIA,high,sky,"The myth directly attributes perceived appearances of stars (Altair, Vega) as meaningful events, fitting the definition of visually perceiving figures in sky phenomena."
i124,CELESTIAL_PAREIDOLIA,high,sky,"The description explicitly states a visual perception of a pattern (Ursa Major) *as* a boat, fitting the definition of seeing a figure in a sky phenomenon."
i125,CELESTIAL_PAREIDOLIA,high,sky,"The myth explicitly states a visual perception of a shape (jaw bone/head) *in* the stars (Hyades), fitting the definition of seeing figures in celestial phenomena."
i126,CELESTIAL_PAREIDOLIA,high,sky,The myth directly perceives a figure (a stretcher or grave) *in* a sky phenomenon (Ursa Major/the Big Dipper).
i127,CELESTIAL_PAREIDOLIA,high,sky,The myth directly states a visual perception of a pattern in the stars (Ursa Major) as a specific object (a bed).
i128,CELESTIAL_PAREIDOLIA,high,sky,The myth explicitly states a visual perception of a pattern (Ursa Major) *as* an object (a dipper) in the sky.
i129,CELESTIAL_PAREIDOLIA,high,sky,"The myth directly links a visual pattern in the sky (the Heron constellation) to a seasonal event, perceiving a figure in the celestial realm."
i130,CELESTIAL_PAREIDOLIA,high,sky,The description explicitly states a visual pattern perceived in the sky (a constellation) resembling a net.
i131,NATURE_SPIRIT_PERSONIFICATION,medium,none,"The description presents a concept of life being tied to threads without any visual or auditory pareidolia, or transformation; it's an abstract connection to a natural 'material' without attributing p"
i132,METAMORPHOSIS,high,animal,"The antlers, part of a living creature, are extended to *become* a pathway to the sky, effectively transforming the animal into a cosmic structure."
i132a,CELESTIAL_PAREIDOLIA,high,sky,"The swing carries the girl *to* the sky, implying the sky itself is a landscape or entity capable of receiving and moving her, thus a visual perception of the sky as a place."
i132b,METAMORPHOSIS,high,sky,"The core of the myth is the girl *becoming* something else (a bird) as a result of her journey to and interaction with the Sun, prioritizing transformation over mere visual resemblance."
i133,CELESTIAL_PAREIDOLIA,high,sky,"The description explicitly states figures are *perceived* in the arrangement of stars, which are sky phenomena."
i133a,CELESTIAL_PAREIDOLIA,high,sky,"The description explicitly states a constellation *is* a bird, representing a visual perception of a figure in a sky phenomenon."
i134,CELESTIAL_PAREIDOLIA,high,sky,The description explicitly states a figure visually perceived within a sky phenomenon (the Milky Way).
i13a,NATURE_SPIRIT_PERSONIFICATION,high,water,"The serpent embodies a natural force (water) and possesses agency, but the description doesn't focus on a visual or auditory trigger for perceiving its form, nor is it a transformation story."
i13b,NATURE_SPIRIT_PERSONIFICATION,medium,animal,"While a horned snake is a creature of nature, the description doesn't suggest pareidolia (seeing a face *in* something) or metamorphosis (transformation *into* something), but rather a being *with* a "
i13c,ANTHROPOMORPHIC_ANIMAL,high,animal,"The snake possesses a crown/jewel and is the focus of the narrative as a possessor of treasure, implying personified agency and intent."
i13d,TERRESTRIAL_PAREIDOLIA,medium,landform,"The snake dwelling is a landform (cave, rock formation) and the man's interaction with it implies perceiving a personality or agency within that space, fitting the pareidolic projection of life onto a"
i14,ANTHROPOMORPHIC_ANIMAL,high,animal,"The description details a physical characteristic attributed to a creature, implying personified traits beyond simple anatomy."
i14a,PURE_NARRATIVE,high,animal,This describes a biological trait without any element of perceived figures in nature or personification.
i15,NATURE_SPIRIT_PERSONIFICATION,medium,none,"The description details beings *defined* by a lack of a feature, suggesting a fundamental nature rather than a perceived image or transformation; they are a category of being, not something seen *in* "
i15a,METAMORPHOSIS,high,landform,"The description explicitly states a human feature (mouth) being the origin of a landform (a cut), indicating transformation rather than simple resemblance."
i16,PURE_NARRATIVE,high,none,The description details a biological state of first humans without any element of perceived figures in nature or personification.
i17,ANTHROPOMORPHIC_ANIMAL,high,animal,"The description centers on a race of beings with human-like characteristics but fundamentally different anatomy, effectively projecting personhood onto a non-human form and focusing on their biologica"
i18,ANTHROPOMORPHIC_ANIMAL,high,animal,"The being's lack of natural orifices suggests a fundamentally non-human, animalistic nature, and the marriage plot implies social interaction and intent characteristic of personified animals."
i19,ANTHROPOMORPHIC_ANIMAL,high,animal,"The description centers on beings (implicitly animals or spirits acting like animals) performing human actions – cooking and enjoying the smell of food, indicating projected personhood."
i2,CELESTIAL_PAREIDOLIA,high,sky,"Lightning is a sky phenomenon visually perceived as emanating from a being, fitting the definition of seeing a figure in a celestial event."
i20,NATURE_SPIRIT_PERSONIFICATION,high,landform,"The dwarfs' existence *within* the underworld establishes them as spirits of that place, without any specific pareidolic trigger or transformation story."
i20a,NATURE_SPIRIT_PERSONIFICATION,high,sky,"The description presents personified beings *of* the sky without a specific visual or auditory trigger, defining them as presiding spirits of that realm."
i20b,NATURE_SPIRIT_PERSONIFICATION,medium,none,"The description details a cultural difference between 'people in the upper world' and those on Earth, implying distinct beings or spirits associated with different realms without a specific pareidolic"
i21,METAMORPHOSIS,high,none,"The red hair and dark skin are presented as a *result* of being scorched by the sun, implying a transformation or lasting effect on the people's bodies."
i22,TERRESTRIAL_PAREIDOLIA,high,landform,"The motif describes landforms (rocks, banks) perceived as actively 'meeting and parting', exhibiting agency akin to living beings."
i22a,CELESTIAL_PAREIDOLIA,medium,sky,"The description details a perceived movement *in* the sky, attributing a dynamic quality to a celestial phenomenon, which aligns with visually perceiving patterns in the sky."
i22b,CELESTIAL_PAREIDOLIA,medium,sky,"The 'edge of the sky' rising and falling, or a 'narrow opening' in the sky, is a visual phenomenon perceived in the sky itself, acting as a barrier the birds interact with, thus fitting the definition"
i23,TERRESTRIAL_PAREIDOLIA,medium,landform,"The door is a fixed landform-like object exhibiting agency, implying a perceived personality or spirit within it, thus fitting pareidolia rather than pure narrative."
i24,METAMORPHOSIS,high,animal,"The creature *becomes* the bridge, explaining its existence and function, rather than simply resembling one."
i25,ANTHROPOMORPHIC_ANIMAL,high,animal,"The 'dangerous creatures' are acting as gatekeepers with intent, demonstrating personified behavior beyond simple natural forces."
i25a,PURE_NARRATIVE,high,animal,The story describes a practical action regarding animal feeding with no element of perceived figures in nature or transformation into natural objects.
i26,NATURE_SPIRIT_PERSONIFICATION,medium,none,"The 'guards' are personified entities encountered on a journey, but the description doesn't suggest they *originate* from a visual or auditory pareidolic trigger in nature; they are simply beings the "
i27,ANTHROPOMORPHIC_ANIMAL,high,animal,"The motif centers on a dog acting in a role of lordship, guardianship, or guidance, effectively assigning it human-like agency and function."
i27a,ANTHROPOMORPHIC_ANIMAL,high,animal,"The motif centers on dogs possessing human-like qualities (having towns and paths for souls), projecting personhood onto them."
i27b,ANTHROPOMORPHIC_ANIMAL,high,animal,"The dog performs a distinctly human role (ferrying souls) and acts with agency, indicating a projection of personhood onto the animal."
i27c,ANTHROPOMORPHIC_ANIMAL,high,animal,"The dogs are attributed with a supernatural ability (seeing ghosts), effectively granting them human-like perception and a special role beyond typical animal behavior."
i28,ANTHROPOMORPHIC_ANIMAL,high,animal,"The core of the motif involves animals exhibiting human-like qualities and social structures within a distinct realm, prioritizing personification over any specific natural feature."
i28a,ANTHROPOMORPHIC_ANIMAL,high,animal,"The animals are described as *producing* earthquakes, implying agency and action beyond typical animal behavior, effectively granting them a power usually associated with intentional beings."
i29,METAMORPHOSIS,high,animal,"The hole created by the armadillo *is* the entrance to the underworld, effectively a transformation of a mundane animal feature into a portal to another realm."
i3,CELESTIAL_PAREIDOLIA,high,sky,"The motif explicitly describes a figure wielding an object *within* a sky phenomenon (lightning), creating a visual perception of agency and form in the natural event."
i30,NATURE_SPIRIT_PERSONIFICATION,high,none,"This describes a presiding spirit of the underworld with a defined personality and role, without a specific pareidolic trigger or transformation story."
i31,NATURE_SPIRIT_PERSONIFICATION,high,none,"The description details presiding spirits of the afterlife without any specific pareidolic trigger or transformation; it's a personification of a realm, not a figure *in* nature."
i32,TERRESTRIAL_PAREIDOLIA,high,plant,"The tree visibly embodies or displays the forms of babies, representing a clear visual pareidolia of human features within a landform (the tree itself)."
i32a,NATURE_SPIRIT_PERSONIFICATION,high,plant,"The tree isn't *seen* as a face or figure, nor is anyone transformed into it; it simply embodies a connection between its life and human life, acting as a presiding force over mortality."
i33,NATURE_SPIRIT_PERSONIFICATION,medium,plant,"The tree is the destination for souls, implying a presiding spirit or personality associated with it, without a specific pareidolic trigger described."
i34,TERRESTRIAL_PAREIDOLIA,high,plant,"The tree is actively perceived as dangerous and aggressive, exhibiting behaviors that project a hostile personality onto it, thus representing a visual pareidolia of a threatening being within the tre"
i35,AUDITORY_PAREIDOLIA,high,sound,"The myth directly attributes a sound (thunder) to a perceived action, creating a causal link between a human activity and a natural phenomenon, thus fitting the definition of auditory pareidolia."
i35a,AUDITORY_PAREIDOLIA,high,sound,"The myth directly attributes a personality and agency to a natural sound (thunder), perceiving it as originating from a being."
i35a1,AUDITORY_PAREIDOLIA,high,sound,"The core of the myth involves mimicking natural sounds (rain, thunder) and claiming to *be* the sky-god through auditory imitation, fitting the definition of hearing personality in natural sound."
i35a2,AUDITORY_PAREIDOLIA,high,sound,"The myth directly attributes a perceived sound (thunder) to a natural phenomenon (rolling stones), representing a clear case of auditory pareidolia."
i35b,CELESTIAL_PAREIDOLIA,high,sky,"The myth directly perceives the sky *as* a crafted metal object, a visual interpretation of its appearance."
i36,METAMORPHOSIS,high,sky,"The core of the motif is the transformation of beings *into* the phenomena of thunder and lightning, explaining their origin."
i37d,METAMORPHOSIS,high,plant,"The myth explicitly states mushrooms *are* the excrement of a mythological person, establishing a transformation from being to natural object."
i37e,TERRESTRIAL_PAREIDOLIA,high,plant,"The description explicitly states perceiving shapes (steps, platforms, umbrellas) *in* a landform-like plant structure (fungi), fitting the visual perception of figures in natural forms."
i37f,TERRESTRIAL_PAREIDOLIA,high,plant,The naming of fungi as 'ears' directly implies a visual perception of human-like features (ears) within the form of the fungi.
i37g,ANTHROPOMORPHIC_ANIMAL,high,plant,"The fungi are described as acting like persons by shouting, projecting personhood onto a non-human lifeform."
i38,ANTHROPOMORPHIC_ANIMAL,high,animal,"The beings possess human bodies combined with dog heads, demonstrating a clear projection of personhood onto animal features."
i38a,ANTHROPOMORPHIC_ANIMAL,high,animal,"The motif centers on dogs acting as husbands, exhibiting human roles and relationships, thus projecting personhood onto animals."
i39,CELESTIAL_PAREIDOLIA,high,sky,"The rainbow is visually perceived as a pathway, a figure *in* the sky, connecting realms."
i4,AUDITORY_PAREIDOLIA,high,sky,"The description explicitly states a sound (thunder) is *heard* when something moves in the sky, attributing a personality/event to the natural sound."
i40,CELESTIAL_PAREIDOLIA,high,sky,"The rainbow is directly identified as a bow, a perceived shape within a sky phenomenon."
i41,CELESTIAL_PAREIDOLIA,high,sky,"The motif explicitly describes perceiving a reptile *in* a rainbow, which is a sky phenomenon, fitting the definition of visually perceiving a figure in a celestial event."
i41a,CELESTIAL_PAREIDOLIA,high,multiple,"The rainbow is visually perceived as originating from the anthill, establishing a visual connection between a sky phenomenon and a landform."
i41b,CELESTIAL_PAREIDOLIA,high,sky,"The rainbow is treated as a being actively interacting with a natural phenomenon (water), perceiving it as 'drinking', which is a visual projection of agency onto a sky phenomenon."
i41b1,CELESTIAL_PAREIDOLIA,high,sky,"The rainbow is perceived as an active entity (drinking, swallowing) and its actions directly involve the transfer of beings between sky and earth, fitting the visual perception of a figure in a sky ph"
i42,CELESTIAL_PAREIDOLIA,high,sky,The description explicitly states a visual perception of figures *within* a sky phenomenon (the rainbow).
i43a,CELESTIAL_PAREIDOLIA,high,sky,"The description explicitly states a figure (monster) is visually perceived in a sky phenomenon (Milky Way, rainbow), fitting the definition of celestial pareidolia."
i43b,CELESTIAL_PAREIDOLIA,high,sky,The myth directly perceives a figure (serpent/fish) within a sky phenomenon (the Milky Way).
i44,TERRESTRIAL_PAREIDOLIA,high,landform,"The serpent's body *is* the perimeter of the earth, a visual perception of a landform feature as a massive creature."
i45a,CELESTIAL_PAREIDOLIA,high,sky,"The prohibition centers on perceiving (and potentially interacting with) figures *in* celestial bodies, specifically the moon and stars, making it a clear case of visual pareidolia avoidance."
i45b,CELESTIAL_PAREIDOLIA,high,sky,"The rainbow is a celestial phenomenon and the taboo centers on perceiving (and interacting with) a figure *in* it, as pointing at it causes a physical reaction."
i45c,NATURE_SPIRIT_PERSONIFICATION,medium,sky,"The stars are implicitly treated as agents capable of inflicting harm, suggesting a presiding spirit or personality without a specific visual or auditory trigger."
i46,CELESTIAL_PAREIDOLIA,high,sky,"The rainbow is visually perceived as a belt, a figure imposed on a sky phenomenon."
i46a,CELESTIAL_PAREIDOLIA,high,sky,"The rainbow, a sky phenomenon, is directly associated with a figure (an old woman), indicating a visual perception of form within it."
i46b,CELESTIAL_PAREIDOLIA,high,sky,"The rainbow's colors are visually interpreted as signs relating to future events, fitting the definition of perceiving a pattern in a sky phenomenon."
i46c,CELESTIAL_PAREIDOLIA,high,sky,"The rainbow is visually perceived as a rope, a figure in the sky, and its function relates to tethering an animal."
i46d,CELESTIAL_PAREIDOLIA,high,sky,"The rainbow, a sky phenomenon, is directly perceived as a constructed object (a snare/noose), fitting the visual perception of a figure in a celestial event."
i46e,CELESTIAL_PAREIDOLIA,high,sky,"The rainbow, a sky phenomenon, is directly perceived as a sword, a visual form imposed upon it."
i47,CELESTIAL_PAREIDOLIA,high,sky,"The rainbow, a sky phenomenon, is directly equated with repulsive substances, representing a negative visual perception *of* the rainbow itself."
i47a,CELESTIAL_PAREIDOLIA,high,sky,"The rainbow, a sky phenomenon, is visually linked to the concept of a fox's wedding, perceiving a pattern or meaning within it."
i48,METAMORPHOSIS,high,landform,"The motif describes a person becoming fixed in a location and *becoming* a structural element supporting the world, which is a transformation into a landform feature."
i49,NATURE_SPIRIT_PERSONIFICATION,high,landform,"The motif describes a personified force *of* the earth, without a specific visual or auditory trigger for the personification, and doesn't claim a transformation *into* the earth."
i4a,METAMORPHOSIS,high,sky,"The narrative centers on Thunder *falling* to earth and needing assistance to return, implying a transformation from a celestial being to a terrestrial state."
i4b,ANTHROPOMORPHIC_ANIMAL,high,sound,"Thunder is personified as an entity engaging in conflict, exhibiting agency and intent beyond a mere natural phenomenon."
i4c,NATURE_SPIRIT_PERSONIFICATION,high,sound,"The story centers on a deity *of* thunder, personifying the natural phenomenon without describing a visual or auditory pareidolic trigger for the god's existence."
i4d,ANTHROPOMORPHIC_ANIMAL,high,none,"Thunder, a natural phenomenon, is presented as an actor with agency and possessions, effectively personifying him as an animal-like being who seeks retribution."
i5,ANTHROPOMORPHIC_ANIMAL,high,animal,"The motif explicitly describes thunder *as* an animal, attributing animal form and therefore personhood to a natural phenomenon."
i50,METAMORPHOSIS,high,animal,"The unusual number of legs represents a deviation from the natural state of the animal, implying a transformation or altered form rather than simple personification or pareidolia of existing features."
i50a,ANTHROPOMORPHIC_ANIMAL,high,animal,"The animal is actively helping the hero, demonstrating agency and intent beyond simple animal behavior, thus projecting personhood onto it."
i50b,METAMORPHOSIS,medium,animal,"The horse's unusual form (three legs) suggests a prior state or transformation, even if not explicitly stated, making it more than just an anthropomorphic animal."
i51a,NATURE_SPIRIT_PERSONIFICATION,high,landform,"The bull *is* the earth-holder, embodying a foundational force without a specific pareidolic trigger or transformation story."
i51b,ANTHROPOMORPHIC_ANIMAL,high,landform,"The motif explicitly identifies the earth (a landform) *as* an animal, attributing animal characteristics and form to it."
i52,METAMORPHOSIS,high,water,"The earth *is* the fish or supported *by* a fish, representing a transformation of being into a natural form."
i53,ANTHROPOMORPHIC_ANIMAL,high,animal,"The core of the myth involves an animal (supporting the earth) exhibiting human-like reactions to an insect, demonstrating personified behavior."
i54,NATURE_SPIRIT_PERSONIFICATION,high,water,"The creature embodies the generative power of the water and is the origin of all fish, representing a presiding spirit of the aquatic environment rather than a visual or auditory pareidolia or transfo"
i55,CELESTIAL_PAREIDOLIA,high,sky,The myth directly perceives a pattern (stars) *in* a sky phenomenon (the firmament) as specific features (openings/holes).
i55a,CELESTIAL_PAREIDOLIA,high,sky,The motif directly perceives a visual likeness – stars resembling lakes – within a sky phenomenon.
i55b,METAMORPHOSIS,high,animal,"The deer/elk *carries* the sun, implying a transformation where the animal *is* the sun, or fundamentally linked to its essence, rather than simply being seen *as* resembling it."
i56,PURE_NARRATIVE,high,none,"The story describes interaction between worlds and a consequence of that interaction, lacking any figure-in-nature element or personification."
i57,AUDITORY_PAREIDOLIA,high,sound,"The story centers on Thunder *making* sounds and perceiving enemies within those sounds/the objects impacted by them, fitting the definition of hearing personality in natural sound."
i58,CELESTIAL_PAREIDOLIA,high,sky,"The Milky Way is visually interpreted as a pathway, specifically for birds, establishing a figure-in-sky pareidolia."
i59,CELESTIAL_PAREIDOLIA,high,sky,"The Milky Way is visually interpreted as a substance spilled across the sky, directly fitting the definition of perceiving a pattern in a celestial phenomenon."
i59a,CELESTIAL_PAREIDOLIA,high,sky,"The motif explicitly links a story to visually perceived features of the sky (astral objects, lunar spots), interpreting them as related to a theft."
i59b1,CELESTIAL_PAREIDOLIA,high,sky,"The Milky Way is visually interpreted as a road, a pattern perceived in the sky."
i59b2,CELESTIAL_PAREIDOLIA,high,sky,"The Milky Way is visually interpreted as a path or road, specifically associated with a known route, demonstrating a figure-in-sky pareidolia."
i59b3,CELESTIAL_PAREIDOLIA,high,sky,"The Milky Way is visually interpreted as a path or road, specifically one used by salt traders, representing a figure/pattern perceived in a sky phenomenon."
i59b4,CELESTIAL_PAREIDOLIA,high,sky,"The Milky Way is visually interpreted as a substance (snow/rime), representing a figure-in-sky pareidolia."
i5a,NATURE_SPIRIT_PERSONIFICATION,medium,animal,"The tapir is linked to a natural phenomenon (thunder) but the description doesn't detail a visual or auditory pareidolia, nor a transformation; it simply associates the animal with a force and implies"
i5b,NATURE_SPIRIT_PERSONIFICATION,high,sky,"The feline embodies a natural force (thunderstorms) without a specific visual or auditory trigger being described, representing a presiding spirit of the weather."
i6,ANTHROPOMORPHIC_ANIMAL,high,animal,"The birds act as agents of weather, essentially *being* the weather itself, demonstrating personified agency and intent."
i60,CELESTIAL_PAREIDOLIA,high,sky,"The Milky Way is visually perceived as a distinct feature *in* the sky, specifically a seam or crack."
i60a,CELESTIAL_PAREIDOLIA,high,sky,"The myth directly perceives a pattern (the Milky Way) *in the sky* as a feature *on* an animal's body, fitting the definition of visual pareidolia in a celestial phenomenon."
i61,CELESTIAL_PAREIDOLIA,high,sky,"The myth directly attributes a visual pattern in the sky (the Milky Way) to a substance (milk), perceiving a form within a celestial phenomenon."
i61a,CELESTIAL_PAREIDOLIA,high,sky,"The Milky Way is visually perceived as a belt-like structure in the sky, directly fitting the definition of a figure perceived in a celestial phenomenon."
i62,CELESTIAL_PAREIDOLIA,high,sky,"The Milky Way is visually perceived as a river in the sky, directly fitting the definition of seeing a figure/pattern in a celestial phenomenon."
i63,CELESTIAL_PAREIDOLIA,high,sky,"The description explicitly states a visual perception of an animal (tapir) *within* a sky phenomenon (Milky Way), fitting the definition of celestial pareidolia."
i64a,CELESTIAL_PAREIDOLIA,high,sky,"The Milky Way is explicitly described as the visual trace of a race happening *in* the sky, representing a figure perceived in a celestial phenomenon."
i65,CELESTIAL_PAREIDOLIA,high,sky,"The Milky Way is visually perceived as a path or road, and is interpreted as relating to the movement of souls."
i66,CELESTIAL_PAREIDOLIA,high,sky,"The description explicitly states a visual perception of a pattern (ashes/coals) *in* the Milky Way, a sky phenomenon."
i67,CELESTIAL_PAREIDOLIA,high,sky,"The myth explicitly states the Milky Way *is* a giant rhea, visually perceiving a creature in the sky."
i68,CELESTIAL_PAREIDOLIA,high,sky,"The motif explicitly describes a visual perception *within* a sky phenomenon (the opening revealing the sky's interior), fitting the definition of visually perceiving a figure/pattern in the sky."
i69,CELESTIAL_PAREIDOLIA,high,sky,"The myth directly attributes a visual phenomenon (shining objects) to the bodily processes of celestial beings, fitting the definition of perceiving a figure/being in a sky phenomenon."
i6a,NATURE_SPIRIT_PERSONIFICATION,high,animal,"The birds are personified as the cause of precipitation, representing natural forces without a specific pareidolic trigger or transformation."
i7,CELESTIAL_PAREIDOLIA,high,sky,The description explicitly states a figure (serpent) is perceived in a sky phenomenon (clouds) and is directly linked to weather events.
i70,TERRESTRIAL_PAREIDOLIA,high,landform,"The description explicitly states a visual perception of a figure (reptile) within a landform (trees/reeds growing on its back), fitting the definition of terrestrial pareidolia."
i71,CELESTIAL_PAREIDOLIA,high,sky,The motif directly perceives a pattern *in* the stars (roots) and assigns it a visual form related to plants.
i72,CELESTIAL_PAREIDOLIA,high,sky,"The motif explicitly states figures are *perceived* in stars, fitting the definition of visually perceiving a being in a sky phenomenon."
i73,CELESTIAL_PAREIDOLIA,high,sky,"The description directly attributes a visual quality (sparks, coals) to celestial bodies, perceiving a figure *in* the sky."
i74,CELESTIAL_PAREIDOLIA,high,sky,"The motif directly states stars *are* perceived as physical objects (stones), a visual perception in the sky."
i74a,CELESTIAL_PAREIDOLIA,high,sky,"The myth directly equates stars to fire-flies, a visual perception of lights in the sky resembling insects."
i75,PURE_NARRATIVE,high,none,The description details a sequence of worlds and peoples without any element of perceived figures in nature or personification of natural features.
i76a,METAMORPHOSIS,high,animal,"The core of the motif is the transformation of an animal (snake/fish) *into* a different creature (dragon), establishing a direct link between being and natural form."
i76b,METAMORPHOSIS,high,animal,"The core of the myth is the transformation of a mouse *into* a bat, explaining the bat's existence as a result of this change."
i77,NATURE_SPIRIT_PERSONIFICATION,high,sky,"The motif describes a personified force of nature (thunder/rain) with a characteristic, but doesn't rely on visual or auditory pareidolia or transformation."
i78,TERRESTRIAL_PAREIDOLIA,high,landform,"The description directly ascribes a shape (square) to the earth itself, representing a visual perception of its form."
i7a,CELESTIAL_PAREIDOLIA,high,sky,The description explicitly states a visual perception of a figure (serpent) within a sky phenomenon (lightning).
i80,AUDITORY_PAREIDOLIA,high,sound,"The story centers on a person interacting with Thunder itself, implying a perceived personality and agency within the sound of thunder."
i80a,METAMORPHOSIS,high,sky,"The core of the story is a human *becoming* a thunder being, explaining the origin of a celestial phenomenon through transformation."
i81,NATURE_SPIRIT_PERSONIFICATION,medium,water,The description implies a destination and inherent 'behavior' of water (rushing *to* the underworld) suggesting a personality or agency beyond simple physics.
i81a,NATURE_SPIRIT_PERSONIFICATION,high,water,The crab embodies a natural force (water/earth movement) and exerts agency over it without a specific pareidolic trigger like a visual resemblance or heard voice.
i81a1,METAMORPHOSIS,high,landform,"The story describes a confrontation *resulting* in the landscape, implying transformation of the beings into the landforms themselves."
i81b,NATURE_SPIRIT_PERSONIFICATION,high,water,"The description attributes agency and bodily functions to the sea itself, personifying it as a creature causing tides without describing a visual or auditory trigger."
i82a,CELESTIAL_PAREIDOLIA,high,sky,"The myth directly attributes personhood to a celestial body (Venus/star), perceiving it as a male figure."
i82b,CELESTIAL_PAREIDOLIA,high,sky,"The story directly attributes personhood (female gender) to a celestial body (Venus/Morning/Evening Star), fitting the definition of visually perceiving a figure in a sky phenomenon."
i82c,CELESTIAL_PAREIDOLIA,high,sky,"The myth directly attributes personhood and relationship to a celestial body (Venus) perceived in the sky, specifically its appearance near the Moon."
i82d,CELESTIAL_PAREIDOLIA,high,sky,"The myth directly perceives figures (man and woman) within celestial bodies (stars), fitting the definition of visually perceiving a figure in a sky phenomenon."
i82e,METAMORPHOSIS,high,sky,"The story centers on a star (a celestial body) originating from a parent, implying a transformation or origin story tied to the star's existence."
i82f,ANTHROPOMORPHIC_ANIMAL,high,animal,"Venus is directly associated with and embodies the characteristics of a wolf, acting as a predatory animal figure."
i82g,CELESTIAL_PAREIDOLIA,high,sky,The myth explicitly perceives a figure (a shepherd) within a celestial phenomenon (a star).
i82h,CELESTIAL_PAREIDOLIA,high,sky,"The myth directly equates a celestial body (Venus) with a name, implying a perceived likeness or association with a figure."
i82i,CELESTIAL_PAREIDOLIA,high,sky,"The motif directly links a celestial body (Venus) with a name suggesting a perceived likeness or association, fitting the definition of visually perceiving a figure in a sky phenomenon."
i83,NATURE_SPIRIT_PERSONIFICATION,medium,sky,"While birds inhabit the sky, the description focuses on their *presence* as defining the upper world, not a visual or auditory perception *within* the sky itself, nor a transformation into it."
i84,CELESTIAL_PAREIDOLIA,high,sky,"The Milky Way is visually interpreted as a track left by a person's snowshoes, directly perceiving a figure in a sky phenomenon."
i84a,METAMORPHOSIS,high,landform,"The son's death results in him *becoming* part of the frozen landscape, explaining its existence or characteristics."
i85,CELESTIAL_PAREIDOLIA,high,sky,The description directly states a perceived form (pole/nail) within a celestial phenomenon (Polaris).
i85a,CELESTIAL_PAREIDOLIA,high,sky,"The description explicitly states a visual perception of animals *within* a celestial phenomenon (Polaris/stars), fitting the definition of visually perceiving figures in the sky."
i85a1,CELESTIAL_PAREIDOLIA,high,sky,"The myth directly perceives a feature *in* the sky (Polaris) as a specific opening or hole, a visual interpretation of the star's position."
i85b,CELESTIAL_PAREIDOLIA,high,sky,The story directly states a visual perception of a human figure *in* a celestial body (Polaris/North Star).
i85c,NATURE_SPIRIT_PERSONIFICATION,medium,sky,"The story describes weather as being *contained* and managed, implying personified forces rather than a visual or auditory perception of figures *in* the sky."
i86,METAMORPHOSIS,high,multiple,"The core of the motif is the transformation of parts of beings *into* animals and fish, explaining their origin, which prioritizes METAMORPHOSIS over simple personification or pareidolia."
i86a,METAMORPHOSIS,high,multiple,"The motif explicitly states a transformation *into* a natural phenomenon (snow) originating from bird down, prioritizing this over a simple visual resemblance."
i87,TERRESTRIAL_PAREIDOLIA,high,landform,"The skull *is* a landform (a cave) and the story centers on perceiving it as shelter, thus a visual perception of a figure in a landform."
i87a,METAMORPHOSIS,high,multiple,"The core of the motif involves beings of varying sizes, implying a transformation or origin tied to their scale, rather than simply perceiving a shape in nature."
i87a1,ANTHROPOMORPHIC_ANIMAL,high,animal,"The core of the description involves attributing contradictory qualities (giant and small) to creatures, effectively imbuing them with fantastical, personified characteristics beyond simple size varia"
i87a2,PURE_NARRATIVE,high,none,The description details a repetitive question-and-answer exchange with no element of perceived figures in nature or personification of natural phenomena.
i87aa,TERRESTRIAL_PAREIDOLIA,high,landform,"The bull's immense size, stretching across fields, suggests a landform being perceived as an animal, fitting the visual perception of a figure in a landscape."
i87ab,METAMORPHOSIS,high,none,"The inability of strong people to move the corpse suggests a transformation into something heavy and fixed, like a landform, and the child's ability to move it implies a reversal or access to the orig"
i87ac,METAMORPHOSIS,high,landform,"The 'bone' entering the eye and requiring extraction implies a transformation of an object (bone) *into* a feature of the man's body, explaining its presence there – a core element of metamorphosis."
i87b,PURE_NARRATIVE,high,none,"The story describes a simple plot of seeking and encountering a stronger opponent, lacking any element of perceived figures in nature or personification."
i87c,TERRESTRIAL_PAREIDOLIA,high,multiple,"The animals perceive a discarded human object (mitten, skull, etc.) as a habitable space, projecting a dwelling-like quality onto it – a form of visual pareidolia where a shape suggests a shelter."
i87d,METAMORPHOSIS,high,landform,"The story centers on the replacement of giants by humans, implying the giants *became* the land/earth to make way for the new people."
i88,ANTHROPOMORPHIC_ANIMAL,high,animal,The description centers on an animal exhibiting human-like qualities (having 'many tails' implies unusual agency or symbolic weight beyond a typical animal trait).
i89,CELESTIAL_PAREIDOLIA,high,sky,"The story centers on misinterpreting a visual phenomenon in the sky (a star) as something else, leading to consequences."
i8c,NATURE_SPIRIT_PERSONIFICATION,medium,multiple,"The description implies an agency *holding* the earth up, personifying the ropes as having the power to suspend it, rather than simply describing a visual likeness."
i8e,TERRESTRIAL_PAREIDOLIA,high,landform,"The motif describes the earth resting *upon* landforms (mountains, giants) implying a visual perception of these as supports."
i8f,TERRESTRIAL_PAREIDOLIA,high,landform,"The single pole/mountain is perceived as holding up the world, projecting a figure-like support onto a landform."
i8g,METAMORPHOSIS,high,landform,"The myth explicitly states Atlas *became* the support for the sky, transforming into a permanent fixture holding up a celestial body."
i8h,NATURE_SPIRIT_PERSONIFICATION,high,landform,"The beings *hold* the earth, personifying its stability without a specific visual or auditory trigger in nature being described."
i8i,PURE_NARRATIVE,high,landform,The description details a cosmogonic event of earth stabilization without attributing personhood or visual/auditory qualities to any natural feature.
i9,NATURE_SPIRIT_PERSONIFICATION,medium,multiple,"The association of colors with directions implies a personification of those directions as entities with qualities (colors), without a specific pareidolic trigger being described."
i91,NATURE_SPIRIT_PERSONIFICATION,high,water,"The water body is described as connecting layers of the universe and being central to a 'world tree', indicating a presiding spirit or cosmic significance beyond simple visual resemblance."
i92,METAMORPHOSIS,high,multiple,"The core of the myth is a transformation *into* a different sex triggered by interaction with a natural phenomenon (the rainbow), making it a clear case of metamorphosis despite the rainbow's visual n"
i93,CELESTIAL_PAREIDOLIA,high,sky,"The Milky Way is visually perceived as a skeletal structure, a clear figure-in-sky pareidolia."
i94,CELESTIAL_PAREIDOLIA,high,sky,The myth directly describes a visual perception of a pattern (the Pleiades star cluster) *as* holes in the sky.
i95,CELESTIAL_PAREIDOLIA,high,sky,"The myth directly perceives a pattern (the Pleiades star cluster) as a functional object (a sieve), fitting the definition of visual perception in a sky phenomenon."
i95a,CELESTIAL_PAREIDOLIA,high,sky,"The myth directly identifies a constellation (Orion) with a visual pattern representing scales, a balance – a figure perceived in the sky."
i95b,CELESTIAL_PAREIDOLIA,high,sky,"The description explicitly states a figure (Orion) is perceived within a sky phenomenon (constellation), fitting the definition of visually perceiving a pattern in the sky."
i95c,METAMORPHOSIS,high,none,"The description explicitly states Orion *is* a staff, indicating a transformation or origin story where a being became an object."
i96,CELESTIAL_PAREIDOLIA,high,sky,"The rainbow, a sky phenomenon, is visually interpreted as blood, establishing a figure-in-nature reading."
i97,CELESTIAL_PAREIDOLIA,high,sky,"The myth explicitly describes perceiving a horse-like figure *within* a rainbow, which is a sky phenomenon."
i98a,CELESTIAL_PAREIDOLIA,high,sky,The myth explicitly describes a visual perception of a hen and chicks within the star cluster of the Pleiades.
i98b,CELESTIAL_PAREIDOLIA,high,sky,"The myth explicitly identifies a visual pattern in the sky (the Pleiades star cluster) *as* ducks or a duck's nest, fitting the definition of visually perceiving a figure in a celestial phenomenon."
i99,CELESTIAL_PAREIDOLIA,high,sky,The myth explicitly perceives figures (boys/men) within a celestial phenomenon (the Pleiades star cluster).
j10,ANTHROPOMORPHIC_ANIMAL,high,animal,"The insect's bite triggers a reaction where the woman attributes agency and intent to her unborn sons *because* of the animal's action, effectively projecting personhood onto the insect and its effect"
j11,AUDITORY_PAREIDOLIA,medium,sound,"The sons *within* the mother's womb are perceived as actively communicating requests, representing a hearing of voices/intent within a natural process (pregnancy)."
j12,PURE_NARRATIVE,high,none,The description focuses on social interactions and plot—a journey to find a husband and encountering unwanted attention—without any element of perceived figures in nature or personification of natural
j12a,METAMORPHOSIS,high,multiple,"The core of the myth involves a being (the penis/worm) being presented *as* a potential husband, implying a transformation or inherent nature disguised as something else, prioritizing this over any po"
j12b,NATURE_SPIRIT_PERSONIFICATION,high,plant,"The description presents a person intrinsically linked to and embodying the qualities of honey, indicating a personification of its essence rather than a visual or auditory pareidolia or transformatio"
j12c,PURE_NARRATIVE,high,none,The description details a social event and travel with no indication of figures perceived in nature or personification of natural elements.
j12d,PURE_NARRATIVE,high,none,The description details a social conflict and act of violence with no element of perceived figures in nature or personification of natural phenomena.
j12j,ANTHROPOMORPHIC_ANIMAL,high,animal,"The 'imposter' is acting *as* a buffoon, implying a deliberate performance of personhood and deception, characteristic of trickster animals."
j12k,PURE_NARRATIVE,high,none,"The description focuses on social relationships and deception, lacking any element of perceived figures in nature or personification of natural phenomena."
j12l,PURE_NARRATIVE,high,none,"The description focuses entirely on actions and social consequences, lacking any element of perceived figures in nature or personification of natural phenomena."
j12m,METAMORPHOSIS,high,water,"The core of the myth is the transformation of women *into* water birds, explaining their current form as a direct result of events."
j13,PURE_NARRATIVE,high,none,The description focuses on plot and character interaction without any indication of figures perceived in nature or personification of natural elements.
j14,AUDITORY_PAREIDOLIA,high,sound,"The story centers on perceiving a person (the flute-player) through sound, specifically his flute-playing or voice, which is the primary trigger for the narrative."
j15,PURE_NARRATIVE,high,none,"This is a plot-driven scenario of a journey and encounter with dangerous beings, lacking any element of perceived figures in nature or personification of natural features."
j15a,ANTHROPOMORPHIC_ANIMAL,high,animal,"The core of the motif involves interaction with jaguars who are implicitly treated as agents with intent, fitting the definition of animals acting as persons."
j15b,METAMORPHOSIS,high,animal,"The core of the motif involves a transformation, as the toad/frog is often a transformed person (usually a woman or a previously human being), explaining its presence and form."
j16,PURE_NARRATIVE,high,none,"The story focuses on a refusal to perform a task and the resulting death, lacking any element of perceived figures in nature or personification."
j17,TERRESTRIAL_PAREIDOLIA,high,plant,"The presence of frogs in hair evokes a visual perception of living creatures *within* a natural feature (hair, considered like a plant growth), creating a figure-in-nature reading."
j18,CELESTIAL_PAREIDOLIA,high,sky,"The core motif involves a figure visually perceived as falling *from* the sky, directly fitting the definition of perceiving a being in a sky phenomenon."
j18a,METAMORPHOSIS,high,none,"The ogress's actions and pursuit culminate in her own demise, implying a transformation or becoming-part-of-the-landscape as a consequence of her actions, rather than simply resembling something in na"
j19,NATURE_SPIRIT_PERSONIFICATION,medium,none,"The 'evil spirit' acts as an independent agent causing harm, without a specific pareidolic trigger or transformation being central to the narrative."
j19a,ANTHROPOMORPHIC_ANIMAL,high,animal,"The demand to serve food on a woman's abdomen treats her body *as if* it were a landscape or animal surface, projecting personhood and function onto it."
j19b,PURE_NARRATIVE,high,none,The description details a violent act with no indication of figure-in-nature perception or personification; it's a straightforward plot element.
j2,METAMORPHOSIS,high,plant,"The core of the myth is a being *becoming* a tree, fulfilling the definition of transformation into a natural object."
j20,NATURE_SPIRIT_PERSONIFICATION,medium,none,"The 'evil spirit' acts as a personified force enacting punishment for a broken taboo, without a specific pareidolic trigger being described."
j22a,METAMORPHOSIS,high,multiple,"The motif describes a transformation of a being *into* the origin of new beings, explaining their emergence from a divided or discharged body, which prioritizes metamorphosis over simple personificati"
j22b,METAMORPHOSIS,high,none,"The core of the myth involves a transformation of one being into two, explaining the origin of multiple individuals from a single source, which prioritizes METAMORPHOSIS over simple resemblance."
j22c,METAMORPHOSIS,high,none,"The creature's merged form suggests a transformation or unnatural combination resulting in a visible, albeit monstrous, likeness—it *is* a being altered into a specific shape."
j22d,METAMORPHOSIS,high,animal,"The core of the motif is the transformation of one being (the original animal) into two new entities, explaining their origin through a physical division and subsequent change."
j22e,METAMORPHOSIS,high,none,"The core of the myth is a transformation – a part of one being (the placenta) becoming a second, fully-formed person, explaining the origin of that second person."
j23,PURE_NARRATIVE,high,none,"The description focuses on plot and kinship—disappearances, birth, and a hero's quest—without any element of perceived figures in nature or personification of natural features."
j23a,METAMORPHOSIS,high,none,"The core of the myth is the transformation of mucus into a boy, explaining his origin and subsequent life, prioritizing this over any potential pareidolic reading."
j24,METAMORPHOSIS,high,landform,"The hero's body is reduced *to* powder (a terrestrial substance) and then reformed, fitting the transformation motif where a being becomes part of the natural world and returns."
j25,PURE_NARRATIVE,high,water,"The description focuses on a sequence of events—escape, transport, rescue—without attributing personhood or agency to the water or any natural feature, nor does it involve transformation or personifie"
j25a,METAMORPHOSIS,high,landform,"The core of the myth involves a being emerging *from* the grave (a landform), implying a transformation from within it into a living person."
j25b,METAMORPHOSIS,high,none,"The mother's spirit emerging from the grave to provide for her baby implies a transformation into a spirit form that allows her to perform this action, prioritizing this over a simple spirit presence."
j26,METAMORPHOSIS,high,water,"The motif describes beings *originating* from water, implying a transformation from a state within the water to a human form."
j26a,METAMORPHOSIS,high,water,"The narrative centers on a human becoming intrinsically linked to and originating from the water, effectively transforming from a baby into a water-dweller, explaining his connection to it."
j27,PURE_NARRATIVE,high,none,"The description focuses on kinship, adoption, and social dynamics with no indication of figures perceived in nature or natural phenomena being personified."
j27a,PURE_NARRATIVE,high,none,"The story focuses on kinship, action (killing the father), and social dynamics with no element of perceived figures in nature or personification of natural features."
j27b,NATURE_SPIRIT_PERSONIFICATION,high,water,"The story describes parental figures *of* the water itself, possessing personality and familial relationships without a specific pareidolic trigger like a face in the waves."
j28a,PURE_NARRATIVE,high,none,"The description focuses on a plot of inquiry and repeated trials, lacking any element of perceived figures in nature or personification of natural phenomena."
j28b,METAMORPHOSIS,high,none,"The act of inflicting pain to *extract* information implies a transformation – the mother's concealed knowledge is 'forced out' of her, akin to something being revealed through a change in state, prio"
j29,PURE_NARRATIVE,high,none,"This motif describes a plot element of revenge and revelation, lacking any perception of figures in nature or personification of natural phenomena."
j3,ANTHROPOMORPHIC_ANIMAL,high,animal,"The story centers on an animal acting with intent (impregnation) and initiating a relationship with a human, fitting the definition of an anthropomorphic animal motif."
j30,PURE_NARRATIVE,high,none,This describes a plot element – the discovery of remains – and doesn't involve perceiving figures in nature or attributing personality to it.
j31,PURE_NARRATIVE,high,none,"This describes a plot element of inheritance and revenge, lacking any perception of figures in nature or personification of natural elements."
j32,PURE_NARRATIVE,high,none,"The story focuses on theft and a series of attempts to catch the thief, lacking any element of perceived figures in nature or personification of natural elements."
j32a,PURE_NARRATIVE,high,none,"The story focuses on filial duty and a task completed, lacking any element of perceived figures in nature or personification of natural elements."
j32b,NATURE_SPIRIT_PERSONIFICATION,medium,sky,"The story involves manipulating a being responsible for the day/night cycle, attributing personality and control over natural phenomena without a specific pareidolic trigger."
j33,PURE_NARRATIVE,high,none,The story focuses on actions and consequences with no element of perceived figures in nature or personification of natural phenomena.
j33a,TERRESTRIAL_PAREIDOLIA,high,landform,"The old woman perceives her deceased husband's *form* (the dummy) as still present and responsive, projecting personhood onto an inanimate object, which is a core element of terrestrial pareidolia."
j34,ANTHROPOMORPHIC_ANIMAL,high,animal,"The 'dummy' represents the slain enemy, and frightening the grandmother implies projecting agency and emotional response onto it, akin to treating an animal as a person."
j35,ANTHROPOMORPHIC_ANIMAL,high,animal,"The frog actively intervenes to help the heroes, demonstrating agency and intent beyond typical animal behavior, thus projecting personhood onto it."
j36,ANTHROPOMORPHIC_ANIMAL,high,water,"The turtle acts as a malicious agent with intent, directly causing the deaths of the hero's parents, demonstrating personified behavior beyond a simple animal role."
j37,METAMORPHOSIS,high,animal,"The antagonist's transformation into a bird, and subsequent action, directly explains a change in form and is central to the narrative."
j38,METAMORPHOSIS,high,water,The story inherently explains the origin of a feature (the stuck talons) by describing a transformation – the bird becoming entangled with/in the water creature.
j39,ANTHROPOMORPHIC_ANIMAL,high,animal,"The core of the story revolves around the act of hunting an animal (the rabbit) as a symbolic act of liberation and revenge, effectively granting agency and intent to the animal within the narrative."
j4,PURE_NARRATIVE,high,none,This describes a plot point – revenge for kin – without any element of perceiving figures in nature or attributing personality to it.
j40,CELESTIAL_PAREIDOLIA,high,sky,"The dangerous being *lives in the sky* and the core of the motif involves perceiving a being *in* the sky carrying away people, thus visually perceiving a figure in a sky phenomenon."
j40a,PURE_NARRATIVE,high,none,"The story focuses on social dynamics, revenge, and familial relationships without any element of perceived figures in nature or personification of natural phenomena."
j41,ANTHROPOMORPHIC_ANIMAL,high,animal,"The foxes are actively deceiving a human by *imitating* a human voice, demonstrating personified behavior and intent."
j41a,METAMORPHOSIS,high,animal,"The core of the myth is the transformation of a person into an animal, specifically a bird, explaining their current form."
j41b,PURE_NARRATIVE,high,none,The story describes actions and consequences without attributing personhood or form to any natural element; it's a straightforward plot of revenge.
j41c,PURE_NARRATIVE,high,none,"The description focuses entirely on plot and character action, lacking any element of perceived figures in nature, transformation, or personification of natural elements."
j42,METAMORPHOSIS,high,water,"The splitting of the water implies a temporary transformation of the water's nature to allow passage, akin to a being altering the water's form."
j43,PURE_NARRATIVE,high,none,This describes a plot device—a method of defeating enemies—without any element of perceived figures in nature or personification of natural features.
j44,PURE_NARRATIVE,high,water,The story describes a strategic act of destruction with no element of perceived figures in nature or personification of natural features.
j45,METAMORPHOSIS,high,landform,"The story explicitly describes a person *becoming* a bridge (a landform feature), explaining its temporary existence and the consequences of its removal."
j46,PURE_NARRATIVE,high,water,The description details a plot event—an antagonist's death—without any element of perceived figures in nature or personification of natural features.
j47,METAMORPHOSIS,medium,multiple,"The act of falling and the implied transformation of the pursuer into a feature of the landscape (or remaining as a spirit tied to the height) suggests a metamorphosis narrative, even if not explicitl"
j47a,METAMORPHOSIS,high,plant,"The plant undergoes extraordinary growth, effectively *becoming* a pathway to the sky, explaining its unusual height and function."
j48,METAMORPHOSIS,high,sky,"The sky is personified as having a 'rope' that is severed, implying a transformation of the sky's structure and causing the person's descent."
j49,METAMORPHOSIS,high,sky,The story explains the origin of a feature in the sky (presumably a lunar surface marking) by stating someone *became* that feature through a failed attempt to join the Moon.
j5,PURE_NARRATIVE,high,none,"This describes a plot point involving kinship and revenge, lacking any element of perceived figures in nature or personification of natural phenomena."
j50,METAMORPHOSIS,high,none,"The failed revival attempt often results in the parent's transformation into a natural feature, explaining its origin."
j50a,METAMORPHOSIS,high,none,"The story describes a transformation – the mother becoming absent/dead *through* physical contact, explaining her subsequent state as a result of the embrace, which is a core element of metamorphosis."
j50b,PURE_NARRATIVE,high,none,"This is a plot-driven story of kinship and a difficult decision, lacking any element of perceived figures in nature or personification of natural features."
j51,METAMORPHOSIS,high,multiple,"The motif describes a transformation from a destroyed state to a revived, but incomplete, form, focusing on the physical reconstruction and resulting imperfection—a clear case of a being becoming a mo"
j51a,TERRESTRIAL_PAREIDOLIA,high,landform,"The rock is being treated as if it *requires* bones to reveal a pathway, implying a skeletal structure or face within the rock itself that is completed by the inserted bones."
j51a1,METAMORPHOSIS,high,none,"The core of the myth involves a person being broken apart and reassembled, effectively transforming her state of being, which prioritizes METAMORPHOSIS over any potential pareidolic reading."
j51b,CELESTIAL_PAREIDOLIA,high,sky,"The myth centers on a figure *in* the Moon itself, and its revival hinges on a perceived 'missing piece' within the lunar form."
j52,ANTHROPOMORPHIC_ANIMAL,high,animal,"The core of the motif involves animals acting as persons with relationships and intent, fulfilling the definition of anthropomorphic animals."
j52a,ANTHROPOMORPHIC_ANIMAL,high,animal,"The bear is depicted with human-like agency, motivations (killing a companion), and familial relationships, making it a personified animal rather than simply a creature in a narrative."
j52b,ANTHROPOMORPHIC_ANIMAL,high,animal,"The motif centers on beings with animal characteristics (hare/rabbit) acting with human agency and heroic qualities, fitting the definition of anthropomorphic animals."
j53,ANTHROPOMORPHIC_ANIMAL,high,animal,"The story centers on animals acting with human-like intent and engaging in revenge/escape, indicating personification of animal life."
j54,ANTHROPOMORPHIC_ANIMAL,high,animal,"The act of devouring another person fundamentally projects animalistic behavior and personhood onto the perpetrator, establishing her as acting on primal instinct rather than human social norms."
j54a,ANTHROPOMORPHIC_ANIMAL,high,animal,"The core of the motif involves animal persons (calf and tiger cub) acting with human-like intent and relationships, prioritizing this over any potential abstract narrative elements."
j54b,PURE_NARRATIVE,high,none,"This is a story of kinship, betrayal, and violence with no discernible element of perceiving figures in nature or attributing personality to natural phenomena."
j55,PURE_NARRATIVE,high,none,The description focuses on action and social interaction without any element of perceived figures in nature or personification of natural phenomena.
j56,PURE_NARRATIVE,high,none,"The description focuses on a test of kinship and power, lacking any element of perceived figures in nature or personification of natural phenomena."
j56a,METAMORPHOSIS,high,none,"The core of the myth is the transformation of beings *into* objects, specifically cooking implements, explaining their current state."
j57,CELESTIAL_PAREIDOLIA,high,sky,"The Sun is directly perceived as a procreative being who impregnates a human, establishing a visual figure in the sky as a parent."
j58,METAMORPHOSIS,high,multiple,"The arrow ladder *becomes* a means of ascent, transforming the arrows into a functional structure resembling a ladder or rope, thus prioritizing transformation over simple visual resemblance."
j58b,CELESTIAL_PAREIDOLIA,high,sky,"The motif explicitly describes manipulating a sky phenomenon (the sky or sun) as if it were a physical object with a surface that can be broken or moved, representing a visual perception of agency wit"
j59,CELESTIAL_PAREIDOLIA,high,sky,"The arrow's successful sticking to the sky implies a perceived feature or 'target' *in* the sky itself, motivating the climb."
j59a,METAMORPHOSIS,high,multiple,"The core of the motif involves a person being *sent* by an arrow, implying a transformation or conveyance *into* a new state or location via the arrow, prioritizing this over a simple visual associati"
j59b,CELESTIAL_PAREIDOLIA,medium,sky,"The falling arrow is perceived as a threat from the sky, triggering a reaction in the dead, thus establishing a figure-in-sky dynamic."
j6,PURE_NARRATIVE,high,none,"The story focuses on kinship, revenge, and social dynamics with no element of perceived figures in nature or personification of natural phenomena."
j60,PURE_NARRATIVE,high,none,This describes a social/kinship situation with no element of perceived figures in nature or personification of natural phenomena.
j61,METAMORPHOSIS,high,none,"The ability to move like a feather implies a transformation of the person's physical state, aligning with the core definition of metamorphosis where a being *becomes* something else."
j62,METAMORPHOSIS,high,landform,"The core of the motif is the transformation of people *into* stones, establishing a direct link between person and object, prioritizing it over simple visual resemblance."
j62a,METAMORPHOSIS,high,plant,"The core of the myth is the transformation of people *into* trees, establishing a direct link between person and natural object."
j62b,METAMORPHOSIS,high,animal,"The core of the motif is the transformation of people *into* animals, fitting the definition of metamorphosis where a person becomes a natural object."
j63,PURE_NARRATIVE,high,none,"The story focuses on actions, kinship, and betrayal without attributing personhood to natural features or describing any perceived figures in nature."
j64,METAMORPHOSIS,high,multiple,"The motif describes a transformation *into* a natural phenomenon (smoke clouds) as a means of travel or escape, prioritizing this over a simple visual perception of a figure *in* the smoke."
j65,CELESTIAL_PAREIDOLIA,high,sky,"The story centers on a marriage alliance with a 'sky-person', implying a figure perceived in the sky is considered a suitable spouse and progenitor of a lineage."
j66,ANTHROPOMORPHIC_ANIMAL,high,animal,"The act of gnawing implies animal agency and intent, projecting personhood onto the action of chewing through objects to achieve a goal."
j67,TERRESTRIAL_PAREIDOLIA,medium,landform,"The stones on the eyes create a perceived visual barrier, effectively projecting a 'face' or protective presence onto the person, influencing the antagonist's behavior based on this perceived visual c"
j68,PURE_NARRATIVE,high,landform,"The story describes a hunting technique and observation of animal scat, lacking any element of perceived figures or personification in nature."
j6a,METAMORPHOSIS,high,none,"The story centers on the consumption of a person, implying a transformation of the woman *into* the ogre's sustenance, even if not a visible natural object; this prioritizes METAMORPHOSIS over a poten"
j7,TERRESTRIAL_PAREIDOLIA,medium,landform,"The changed 'signs' at the crossroads imply visual alterations to the landscape itself, misleading the woman – a figure perceived in the landform."
j8,AUDITORY_PAREIDOLIA,medium,sound,"The feathers are interpreted as a sign, effectively 'hearing' a message or direction from the natural world, even if not a literal voice."
j9,AUDITORY_PAREIDOLIA,high,sound,"The core of the motif is hearing voices (speech) originating from a natural source (the womb/body), fitting the definition of auditory pareidolia."
k100,PURE_NARRATIVE,high,none,The description focuses on plot and character interaction with no indication of figures perceived in nature or personification of natural elements.
k100a,ANTHROPOMORPHIC_ANIMAL,high,animal,"The core of the motif involves a creature acting as a companion and protector, demonstrating personified behavior and reciprocal relationship with the hero."
k100b,NATURE_SPIRIT_PERSONIFICATION,medium,none,"The saint acts as a spirit protector without a specific pareidolic trigger; the story focuses on the relationship and aid, not a perceived figure *in* nature."
k100c,METAMORPHOSIS,high,animal,"The core of the motif involves a being *being* a snake within a person, explaining a dangerous condition – this is transformation rather than simply perceiving a shape."
k100d,METAMORPHOSIS,high,animal,"The core of the motif is the animal *becoming* a prince/princess, representing a transformation into a new form, rather than simply acting as a person."
k100e,ANTHROPOMORPHIC_ANIMAL,medium,none,"The stories *act* as persons and exhibit intentionality/harmful behavior, fitting the definition of projecting personhood onto a non-human entity (in this case, stories themselves)."
k100f,ANTHROPOMORPHIC_ANIMAL,high,water,"The fish is not merely an animal but acts with agency, helping the youth, indicating a projection of personhood and intent onto it."
k100f1,ANTHROPOMORPHIC_ANIMAL,high,animal,"The 'strange creature' is explicitly anthropomorphic, acting as a person despite being non-human, which defines this motif."
k100g,PURE_NARRATIVE,high,none,This is a story of action and kinship with no discernible figure-in-nature element or personification; it focuses solely on the plot of sacrifice and healing.
k101,ANTHROPOMORPHIC_ANIMAL,high,animal,"The core of the myth involves a human entering a non-human world and interacting with its inhabitants, implying personified entities within that realm."
k101a,METAMORPHOSIS,high,none,"The core of the story is a transformation – a girl becoming a demon and then being *changed back*, which prioritizes METAMORPHOSIS over any potential personification."
k101b,PURE_NARRATIVE,high,none,"The description focuses on a plot involving a hero's trials and a helper character, lacking any element of perceived figures in nature or personification of natural phenomena."
k101c,CELESTIAL_PAREIDOLIA,high,sky,"The core of the myth involves the wife ascending to the sky and joining 'sky maidens', establishing a visual perception of figures *in* the sky."
k102,ANTHROPOMORPHIC_ANIMAL,medium,animal,"The demon, acting through the woman, embodies a predatory, animalistic force opposing the hero, effectively projecting personhood and intent onto a non-human entity."
k102a,PURE_NARRATIVE,high,none,"This is a plot-driven story about familial conflict and moral choice, lacking any element of perceived figures in nature or personification of natural phenomena."
k102a1,METAMORPHOSIS,high,landform,"The animal is presented *as* the missing person, effectively a transformation of identity even if not a literal physical change, and this explains the 'grave' itself."
k102a2,PURE_NARRATIVE,high,none,The description details a plot involving interpersonal conflict without any element of perceived figures in nature or personification of natural phenomena.
k102b,PURE_NARRATIVE,high,animal,"The story focuses on action and escape, with the horse serving as a plot device but lacking any inherent personification or figure-in-nature element."
k103,ANTHROPOMORPHIC_ANIMAL,high,animal,"The cow actively *helps* a human, demonstrating agency and intent beyond typical animal behavior, thus projecting personhood onto it."
k103a,TERRESTRIAL_PAREIDOLIA,high,plant,"The tree actively resists the antagonist, exhibiting agency and intentionality that projects a personality onto the landform (the tree itself)."
k104,ANTHROPOMORPHIC_ANIMAL,high,animal,"The swan is not merely an animal but is actively followed, implying agency and a connection to the protagonist's journey, thus projecting personhood onto it."
k105,ANTHROPOMORPHIC_ANIMAL,high,animal,"The core of the myth involves births resulting in animals, effectively assigning human-like status/birth to non-human creatures."
k106,ANTHROPOMORPHIC_ANIMAL,high,animal,"The story centers on animals exhibiting human-like restraint and protection, effectively granting them personhood and agency."
k107,PURE_NARRATIVE,high,none,The description focuses on relationships and events without any indication of figures perceived in nature or transformations involving natural objects.
k107a,METAMORPHOSIS,high,none,"The motif describes a physical object (iron shoes/staff) being *worn out* through extensive travel, implying a transformation of the object through use, effectively becoming part of the journey itself"
k107b,METAMORPHOSIS,high,none,"The story implies the nighttime visitor *is* something else that vanishes when revealed by light, fitting the transformation motif where a being's true form is concealed and revealed."
k107c,METAMORPHOSIS,high,animal,"The prince *becomes* a bird, and the wounding of the bird-form directly leads to his disappearance and the heroine's quest, establishing transformation as central."
k108,PURE_NARRATIVE,high,none,"The story focuses on social transgression and punishment, lacking any element of perceived figures in nature or transformation into natural objects."
k108a,PURE_NARRATIVE,high,none,"The story focuses on actions, consequences, and social rules without any element of perceiving figures in nature or attributing personality to natural phenomena."
k109,METAMORPHOSIS,high,animal,"The core of the story is the transformation of the puppy *into* a woman, explaining her origin and form, which prioritizes METAMORPHOSIS over simply resembling a deity's daughter."
k10a,ANTHROPOMORPHIC_ANIMAL,high,animal,"The core of the motif involves a confrontation with an animal acting as a dangerous entity, implying personified intent and agency beyond simple animal behavior."
k10b,ANTHROPOMORPHIC_ANIMAL,high,animal,"The giant bird acts with intent, carrying people in a cage, demonstrating personified behavior beyond simple animal action."
k10c,ANTHROPOMORPHIC_ANIMAL,high,animal,"The bird acts with intent to deceive and kill, exhibiting personified behavior beyond simple instinct."
k10d,ANTHROPOMORPHIC_ANIMAL,high,animal,"The flying monster acts as a vehicle and opponent, exhibiting agency beyond typical animal behavior, effectively functioning as a personified creature facilitating the narrative."
k10e,ANTHROPOMORPHIC_ANIMAL,high,animal,"The central figure is a monstrous bird acting with intent (kidnapping people), thus projecting personhood onto the animal."
k10f,METAMORPHOSIS,high,animal,"The core of the motif is the transformation of beings (nestlings/monster birds) *into* eagles/owls, establishing a direct link between a creature and a natural form."
k10g,METAMORPHOSIS,high,animal,"The story centers on a man interacting with and ultimately utilizing parts of a giant bird, implying a transformation or at least a fundamental alteration of the bird's form for the man's benefit."
k10h,ANTHROPOMORPHIC_ANIMAL,high,animal,"The bird acts with intent (carrying, feeding, imprisoning) and exhibits personified behavior, making it functionally a person in animal form."
k10i,TERRESTRIAL_PAREIDOLIA,high,plant,"The tree actively *acts* like it has agency and intention (opening to shelter, crushing the bird), implying a perceived face or personality within the tree itself."
k110,PURE_NARRATIVE,high,water,"The story focuses on a quest for treasure and a trick of perception, lacking any inherent figure-in-nature element or personification."
k111,ANTHROPOMORPHIC_ANIMAL,high,animal,"The core of the myth involves animals acting as suitors, exhibiting intent and agency typically associated with people."
k112,NATURE_SPIRIT_PERSONIFICATION,high,sky,"The story centers on punishing the Sun, a supernatural entity embodying a natural force, for causing hardship, without describing any visual or auditory pareidolia or transformation."
k113,METAMORPHOSIS,high,animal,"The core of the story involves a being *transforming* from an animal form into a human, explaining the initial appearance and subsequent revelation of beauty."
k113a,PURE_NARRATIVE,high,none,"This describes a custom or practice for choosing a bride, involving an action and its consequence, without any element of perceived figures in nature or personification."
k114,PURE_NARRATIVE,high,none,"The story focuses on kinship, travel, and social dynamics with no element of perceived figures in nature or personification of natural phenomena."
k115,ANTHROPOMORPHIC_ANIMAL,high,animal,"The spider's action of spinning a web is presented as an intentional act that directly aids the man's escape, implying agency and intent beyond typical animal behavior."
k116,PURE_NARRATIVE,high,none,"This describes a social rule about choosing a companion, focusing on behavior and kinship, with no element of perceiving figures in nature or personifying natural features."
k116a,PURE_NARRATIVE,high,none,"The story focuses on social deception and a king's death due to mistaken identity, lacking any element of perceived figures in nature or personification of natural elements."
k116b,PURE_NARRATIVE,high,none,"This is a plot-driven story of deception and revenge with no discernible figure-in-nature element or personification; it focuses on social dynamics and actions, not pareidolic perception."
k117,PURE_NARRATIVE,high,none,"This is a social rule/expectation about marriage and humor, lacking any element of perceived figures in nature or personification of natural phenomena."
k117a,METAMORPHOSIS,medium,none,"The core of the story involves unlocking speech, implying a transformation *from* silence (a state akin to being 'stone-like' or 'lifeless') *into* vocal expression, fitting the motif of a being chang"
k117b,PURE_NARRATIVE,high,none,"The description details a magical action and its consequences, focusing on plot rather than any perception of figures within nature."
k117c,ANTHROPOMORPHIC_ANIMAL,high,animal,"The fiddle/flute player compels movement, effectively projecting agency and control onto the instrument and, by extension, the player, akin to a person exerting will over others."
k118,PURE_NARRATIVE,high,none,"The story focuses on a social prohibition and its violation, lacking any element of perceived figures in nature or personification."
k119,ANTHROPOMORPHIC_ANIMAL,high,animal,"The cat speaks, schemes, and acts as a human agent to improve the man's fortune, demonstrating clear personification of an animal."
k119a,ANTHROPOMORPHIC_ANIMAL,high,animal,"The core of the motif involves an animal acting with intent and agency akin to a person, experiencing gratitude/betrayal, making it a clear case of projecting personhood onto an animal."
k119b,ANTHROPOMORPHIC_ANIMAL,high,animal,"The fox acts with intent and deception, essentially functioning as a person manipulating other animals, making personification the defining element."
k11a,METAMORPHOSIS,high,animal,"The core of the myth is the transformation of feathers *into* birds, establishing a direct link between a being and a natural form."
k11b,METAMORPHOSIS,high,plant,"The core of the myth is the transformation of the bird's bones *into* reeds, explaining their origin and material composition."
k12,PURE_NARRATIVE,high,none,This describes a plot of abduction and rescue with no inherent figure-in-nature element or personification; it's a social drama focused on relationships and action.
k120,PURE_NARRATIVE,high,none,This is a social/kinship plot with no discernible figure-in-nature element or personification.
k120a,PURE_NARRATIVE,high,none,The story focuses on social rules and kinship dynamics with no element of perceived figures or personification in nature.
k120a1,PURE_NARRATIVE,high,none,The story focuses on plot and social maneuvering (avoiding marriage) without any discernible figure-in-nature element or personification.
k120a2,PURE_NARRATIVE,high,none,"This is a social plot about familial conflict and forbidden marriage, lacking any element of perceived figures in nature or personification of natural phenomena."
k120a3,METAMORPHOSIS,high,plant,"The story centers on valuables *inside* a nut, implying a transformation of those items into the nut's contents, or a person shrinking to fit inside—a clear case of transformation into a natural objec"
k120a4,PURE_NARRATIVE,high,none,The description details a task or challenge with no indication of figure-in-nature perception or personification; it's purely a plot element.
k121,PURE_NARRATIVE,high,none,"The story focuses on a choice and its consequences, lacking any element of perceived figures in nature or personification of natural features."
k122,PURE_NARRATIVE,high,none,"This is a plot-driven story of identity, deception, and justice with no discernible figure-in-nature element or personification."
k123,PURE_NARRATIVE,high,none,"The story describes a social conflict and resulting psychological compulsion, lacking any element of perceived figures in nature or personification of natural features."
k123a,PURE_NARRATIVE,high,none,"The description details an action with social consequences, lacking any element of perceived figures in nature or personification."
k123b,PURE_NARRATIVE,high,none,"The description details an action with social consequences, lacking any element of perceived figures in nature or personification."
k124,ANTHROPOMORPHIC_ANIMAL,high,animal,"The core of the motif is an animal exhibiting personified behavior (reviving and speaking), establishing it as more than just an animal in nature."
k125,ANTHROPOMORPHIC_ANIMAL,high,none,"The utensils are given agency and the ability to betray, effectively acting as persons with intent, which aligns with the definition of anthropomorphic projection."
k126,ANTHROPOMORPHIC_ANIMAL,high,animal,"The wolf acts as a person by offering compensation, demonstrating human-like intent and social behavior."
k127,METAMORPHOSIS,high,animal,"The core of the myth is the transformation of people *into* animals (swans), explaining their current form, which prioritizes METAMORPHOSIS over simple animal personification."
k127a,PURE_NARRATIVE,high,none,"The description focuses on a plot involving a curse and its resolution, lacking any element of perceived figures in nature or personification of natural phenomena."
k128,ANTHROPOMORPHIC_ANIMAL,high,animal,"The story centers on animals treated as possessions with consequences for their loss, implying a person-like responsibility placed upon them and the herdsman."
k128a,PURE_NARRATIVE,high,none,"The story focuses on a quest, social behavior (generosity vs. selfishness), and a marriage plot without any discernible figure-in-nature element or personification."
k129,PURE_NARRATIVE,high,none,"The story focuses on social dynamics and a romantic plot with magical intervention, lacking any perception of figures in nature or personification of natural elements."
k129a,METAMORPHOSIS,high,none,"The core of the story involves a transformation from alive to dead and back, implying a change *into* a state of being rather than simply resembling something else."
k12a,PURE_NARRATIVE,high,none,"The description focuses entirely on social conflict and action, lacking any element of perceived figures in nature or personification of natural phenomena."
k130,PURE_NARRATIVE,high,none,"The story focuses on social dynamics, rivalry, and a quest for validation, lacking any element of perceived figures in nature or personification of natural phenomena."
k130a,PURE_NARRATIVE,high,none,"The story focuses on kinship, separation, danger, and rescue, lacking any element of perceived figures in nature or personification of natural phenomena."
k131,ANTHROPOMORPHIC_ANIMAL,medium,none,"While involving objects, the core of the story revolves around the trickster figure (the man) exploiting the situation, acting with human-like cunning and intent to deceive – effectively embodying a p"
k131a,ANTHROPOMORPHIC_ANIMAL,high,animal,"The core of the motif involves animals acting as people, arguing and interacting in a human-like manner, thus projecting personhood onto them."
k131b,PURE_NARRATIVE,high,none,"The description focuses on exchange and retrieval of objects, lacking any element of perceived figures in nature or personification of natural phenomena."
k132,ANTHROPOMORPHIC_ANIMAL,high,animal,"The core of the story features an animal (chicken) acting with human-like agency, overcoming obstacles through cleverness and accumulated resources, effectively functioning as a person in a narrative."
k132a,ANTHROPOMORPHIC_ANIMAL,high,animal,"The story centers on animals acting with intent and agency, essentially functioning as stand-ins for the husband and wife, demonstrating personified behavior."
k133,NATURE_SPIRIT_PERSONIFICATION,medium,animal,"The horse experiences a nightly burden from unseen riders, implying a spirit or force inhabiting/affecting it, without a specific visual or auditory trigger for the phenomenon."
k134,PURE_NARRATIVE,high,none,This is a story of deception and social manipulation with no element of perceived figures or personhood in nature.
k135,PURE_NARRATIVE,high,none,The description focuses on character development and plot—a social dynamic of overcoming adversity—without any element of perceived figures in nature or personification of natural phenomena.
k136,ANTHROPOMORPHIC_ANIMAL,high,animal,"The core of the story involves a young man achieving mastery over cattle, effectively placing him within the animal world and granting him a leadership role amongst them, demonstrating personified ani"
k136a,METAMORPHOSIS,high,water,"The hair, carried by the river, *becomes* the origin point for a marriage and thus represents a transformation of something natural into a person/relationship."
k136b,METAMORPHOSIS,high,water,"The origin story of the rubies/flowers likely involves a transformation of a person or spirit *into* the stones/flowers found in the river, explaining their presence there."
k136c,METAMORPHOSIS,high,none,"The woman's state of being (killed/asleep) is directly tied to the demon's presence/absence, implying a transformation linked to his cyclical return, rather than simply resembling something in nature."
k137,ANTHROPOMORPHIC_ANIMAL,high,animal,"The sister disguises herself *as* a man to achieve her goal, effectively taking on a different persona and acting with human intent, which is the core of this motif."
k138,METAMORPHOSIS,high,animal,"The core of the story involves a transformation into an animal body, even if temporary and linked to inhabiting another corpse."
k139,ANTHROPOMORPHIC_ANIMAL,high,animal,"The pheasant (a non-human animal) is a servant and acts with intent, demonstrating personhood beyond simple animal behavior."
k13a,METAMORPHOSIS,high,sky,"The core of the motif is a person *becoming* a celestial object, specifically motivated by the loss of a limb and subsequent ascent, which is a transformation narrative."
k13b,METAMORPHOSIS,high,animal,"The core of the myth is the transformation of the man into a constellation or animal *because* of the caiman attack, prioritizing transformation over the initial pareidolic element of seeing a figure "
k13c,ANTHROPOMORPHIC_ANIMAL,high,animal,"The ogress' daughter, while not a typical animal, functions as a non-human being with agency and intent, enacting revenge – projecting personhood onto a creature outside the human realm."
k13d,CELESTIAL_PAREIDOLIA,medium,sky,"The story describes a body part appearing *in* the sky, suggesting a visual perception of a figure within a celestial phenomenon."
k14,PURE_NARRATIVE,high,none,"The story focuses on actions, consequences, and social interactions without attributing personhood to natural phenomena or involving transformations."
k140,PURE_NARRATIVE,high,none,"The description focuses on actions and consequences within a social context, lacking any element of perceived figures in nature or personification of natural phenomena."
k141,NATURE_SPIRIT_PERSONIFICATION,high,none,"The fairies are personified supernatural beings causing harm, but the description lacks any specific pareidolic trigger or transformation; they are simply presented as having agency and personality."
k142,PURE_NARRATIVE,high,landform,"The story focuses on deception and repeated burial as a plot device, lacking any element of perceived figures or personhood in natural phenomena."
k143,PURE_NARRATIVE,high,animal,The description focuses on a profession and doesn't involve perceiving figures in nature or any form of personification; it's simply a character detail within a potential narrative.
k144,ANTHROPOMORPHIC_ANIMAL,high,animal,"The motif centers on an animal being perceived as an agent of fate and causing death, effectively granting it personhood and intent beyond its natural role."
k145,METAMORPHOSIS,high,animal,"The core of the myth involves a transformation – a person becoming a wolf, directly explaining a death and linking it to the animal's form."
k146,PURE_NARRATIVE,high,none,"This is a plot-driven story about actions and betrayal, lacking any element of perceived figures in nature or personification of natural features."
k147,METAMORPHOSIS,high,animal,"The hero's fragmented body is *brought* as if the horse *is* the vessel containing his remains, implying a transformation of the hero's essence into a state carried by the animal, motivating the reviv"
k147a,METAMORPHOSIS,high,multiple,"The core of the story is the hero *becoming* different creatures, explaining his escape and eventual victory, which prioritizes METAMORPHOSIS over simple visual resemblance."
k148,NATURE_SPIRIT_PERSONIFICATION,medium,animal,"The recurring theft suggests a presiding spirit or being associated with the colts, rather than a visual or auditory pareidolia or a transformation story."
k149,METAMORPHOSIS,high,multiple,"The knots *are* the mechanism of control over speed/transport, effectively transforming the rope into a limiter that, when undone, causes a loss of control and destination – a transformation of potent"
k14a,PURE_NARRATIVE,high,none,"This is a plot-driven story of attempted murder and ironic reversal, lacking any element of perceived figures in nature or personification of natural features."
k14b,PURE_NARRATIVE,high,none,"The story focuses on social rules and consequences of actions, lacking any element of perceived figures or personalities in nature."
k14c,PURE_NARRATIVE,high,none,"The story focuses entirely on social relationships and mistaken identity, lacking any element of perceived figures in nature or personification of natural phenomena."
k14d,PURE_NARRATIVE,high,none,"This is a social test involving deception and betrayal, lacking any element of perceived figures or personification in nature."
k14e,PURE_NARRATIVE,high,none,"This story focuses on social dynamics and deception, lacking any element of perceived figures in nature or personification of natural phenomena."
k15,METAMORPHOSIS,high,none,"The core of the story is a person (the lover) *becoming* the beggar, explaining the woman's unusual behavior and the beggar's presence—this is transformation motivating the narrative."
k150,ANTHROPOMORPHIC_ANIMAL,high,animal,"The horse is depicted performing an action (eating coals) that is distinctly not natural for an animal, implying human-like behavior and agency."
k151,NATURE_SPIRIT_PERSONIFICATION,medium,water,"The story involves a supernatural being *of* the water granting wishes, representing a spirit with agency over the sea, without a specific pareidolic trigger for its appearance."
k152,METAMORPHOSIS,high,water,"The wife's transformation into a devil/snake within the well is the central motif, explaining the creature's origin and linking it directly to the well itself."
k153,ANTHROPOMORPHIC_ANIMAL,high,animal,"The core of the story revolves around animals acting with human-like gratitude and intent, making them essentially personified beings."
k154,METAMORPHOSIS,high,none,"The skull's inscription and subsequent events (girl licking it, pregnancy, son's actions) establish a transformation and causal link between the skull and future events, prioritizing this over any pot"
k154a,ANTHROPOMORPHIC_ANIMAL,high,animal,"The core of the motif involves discovering that beings *appearing* as women are actually men, projecting personhood and deceptive form onto what should be a clear biological distinction—essentially, a"
k155,PURE_NARRATIVE,high,none,This is a plot-driven story about isolation and discovery with no element of perceived figures in nature or personification of natural phenomena.
k156,PURE_NARRATIVE,high,plant,"The story focuses on a social practice for determining gender, lacking any element of perceived figures or personalities in nature."
k157,PURE_NARRATIVE,high,none,"The story focuses on a plot of deception and killing, lacking any element of perceived figures in nature or personification of natural phenomena."
k157a,PURE_NARRATIVE,high,none,The description focuses on plot and social interaction—establishing an inn to gather information—without any element of perceived figures in nature or personification of natural phenomena.
k158,TERRESTRIAL_PAREIDOLIA,medium,landform,"The portrait itself acts as a visual trigger, prompting recognition akin to seeing a face in a landform, and the reactions *to* the portrait are the key pareidolic element."
k159,PURE_NARRATIVE,high,none,The description details a social action (attempting to make someone fall during a fight) with no element of perceived figures in nature or personification.
k15a,PURE_NARRATIVE,high,none,"This describes a plot device involving deception and substitution, lacking any element of perceived figures in nature or personification."
k15b,NATURE_SPIRIT_PERSONIFICATION,medium,water,"The waters possess inherent qualities (life-giving and weakening) that function as personalities or forces, even though there's no visual or auditory trigger for this personification."
k15c,METAMORPHOSIS,high,landform,"The story centers on clothes *being* stone/ice, implying a transformation of a substance into an object with agency, rather than simply resembling something."
k16,ANTHROPOMORPHIC_ANIMAL,high,animal,"The core of the motif involves an animal acting with human intent (sexual desire, theft, gaining access to a person) and fundamentally behaving *as* a person, even while retaining animal form."
k160,AUDITORY_PAREIDOLIA,medium,none,"The core of the motif relies on overhearing the 'dangerous person' speak—interpreting their involuntary utterances as meaningful answers, which is a form of auditory pareidolia, even if not directly f"
k161,METAMORPHOSIS,high,multiple,"The core of the story involves a being *being* imprisoned and then liberated, effectively transforming from a contained state to a free one, which aligns with the definition of metamorphosis as a chan"
k162,PURE_NARRATIVE,high,none,"This is a straightforward plot of intrusion, deception, and violence with no element of perceived figures in nature or personification of natural phenomena."
k163,NATURE_SPIRIT_PERSONIFICATION,medium,multiple,"The genie is a spirit *of* the lamp, a natural object, and embodies a personality/power connected to it, without a specific pareidolic trigger described in the core motif."
k164,PURE_NARRATIVE,high,none,The story focuses on social relationships and betrayal without attributing personhood to nature or perceiving figures in natural phenomena.
k165,PURE_NARRATIVE,high,none,The story focuses on a character's emotional development and experiences a series of events without attributing personhood or agency to any natural phenomena.
k16a,PURE_NARRATIVE,high,none,"This is a trickster tale focused on social dynamics and deception, with no element of perceiving figures in nature or attributing personality to it."
k17,ANTHROPOMORPHIC_ANIMAL,high,animal,"The hero *is* an animal (bird) acting with human intent and engaging in a human relationship (impregnation), thus projecting personhood onto the animal form."
k18,PURE_NARRATIVE,high,none,"This is a social plot about kinship and paternity, lacking any element of perceived figures in nature or personification of natural phenomena."
k18a,PURE_NARRATIVE,high,none,"This is a story about recognition and kinship, lacking any element of perceived figures in nature or personification of natural elements."
k18b,PURE_NARRATIVE,high,none,"The story focuses on social recognition and infant behavior, lacking any element of perceived figures in nature or personification of natural phenomena."
k18c,PURE_NARRATIVE,high,none,"The story focuses on kinship and recognition, lacking any element of perceived figures in nature or personification."
k18d,ANTHROPOMORPHIC_ANIMAL,high,animal,"The fish clearly acts as a wish-granting agent, exhibiting personhood and agency beyond typical animal behavior."
k19a,METAMORPHOSIS,high,sky,"The story implies the star *became* a woman, explaining her presence and subsequent marriage, rather than simply resembling a person."
k19b,METAMORPHOSIS,high,sky,"The story implies the star *became* a husband, transforming into a being capable of marriage, thus prioritizing transformation over simple celestial perception."
k19c,METAMORPHOSIS,high,multiple,"The core of the myth is a being *transforming* into a girl, explaining her daytime concealment – this prioritizes METAMORPHOSIS over potential pareidolia of a figure in the bag."
k19d,METAMORPHOSIS,high,sky,"The story describes a man *becoming* part of the sky (marrying a star) and then undergoing a transformation related to the conditions of that realm, explaining why stars are distant and untouchable."
k19e,ANTHROPOMORPHIC_ANIMAL,high,animal,"Wolverine speaks and acts with intent to marry, demonstrating personhood projected onto the animal."
k19f,CELESTIAL_PAREIDOLIA,high,sky,"The story explicitly links figures perceived in stars (star people) to activity on Earth, fitting the visual perception of beings in celestial phenomena."
k19g,CELESTIAL_PAREIDOLIA,high,sky,"The myth explicitly perceives figures (men) within celestial bodies (stars), focusing on their visual appearance and characteristics."
k1c,PURE_NARRATIVE,high,multiple,"The story focuses on a sequence of events and reciprocal actions between adversaries, lacking any discernible figure-in-nature element or personification of natural features."
k1d,PURE_NARRATIVE,high,none,This is a story of social conflict and action with no element of perceived figures in nature or personification of natural phenomena.
k1e,PURE_NARRATIVE,high,water,"The story describes a situation of being stranded, which is a plot point without any inherent figure-in-nature element or personification."
k1f,PURE_NARRATIVE,high,none,This is a plot-driven story of interpersonal conflict with no element of perceived figures in nature or personification of natural phenomena.
k1g,METAMORPHOSIS,high,animal,"The core of the story involves a transformation into a stag, explaining the stag's appearance and action as a result of the hero's change."
k1h,METAMORPHOSIS,high,plant,"The story inherently implies the person *was* transformed into, or exists within, the tree-hollow, explaining its presence and requiring release."
k1i,TERRESTRIAL_PAREIDOLIA,high,plant,"The tree's growth is presented as a means of escape *from* the landform (rock/pit), implying a perceived helpfulness or agency within the plant itself, fitting the visual perception of a feature in th"
k1j,METAMORPHOSIS,high,animal,"The core of the story is the transformation of a man *into* a bird, explaining his return and presence before his adversary."
k2,METAMORPHOSIS,medium,plant,"The ladder/rope/branches represent a connection to the earthly realm, and its destruction effectively *transforms* the hero into someone/something permanently separated from it, akin to becoming part "
k20,CELESTIAL_PAREIDOLIA,high,sky,"The core of the myth involves perceiving personhood *in* a star, leading to a desire for union with that perceived being."
k21,METAMORPHOSIS,high,sky,"The woman's descent *from* the sky and return to earth implies a transformation from a celestial being to a terrestrial one, explaining her presence on earth."
k22,PURE_NARRATIVE,high,none,The description focuses on conflict and inhabitants without attributing personhood to natural features or claiming transformations; it's a simple account of a war between groups.
k22a,ANTHROPOMORPHIC_ANIMAL,high,animal,"The creatures are depicted as actively attacking a people, implying agency and intent beyond typical animal behavior."
k22aa,ANTHROPOMORPHIC_ANIMAL,high,animal,"The birds act as people and have a dual existence as both human and animal, demonstrating projected personhood onto the animal form."
k22b,PURE_NARRATIVE,high,none,The description focuses on conflict and assistance between groups without attributing personhood or form to any natural feature; it's a straightforward plot of inter-group relations.
k22c,ANTHROPOMORPHIC_ANIMAL,high,animal,"The core of the myth involves birds acting as agents with intent, attacking people, thus projecting personhood onto them."
k23,ANTHROPOMORPHIC_ANIMAL,high,animal,"The birds are depicted as actively attacking, implying agency and intent beyond typical animal behavior, thus functioning as personified entities."
k23a,ANTHROPOMORPHIC_ANIMAL,high,animal,"The birds are actively using tools (feathers as weapons) and targeting enemies, demonstrating intentional, person-like behavior."
k24,METAMORPHOSIS,high,multiple,"The core of the motif involves a supernatural being *becoming* bound to the human world through the loss of their transformative garment, effectively changing their state of being."
k24a,ANTHROPOMORPHIC_ANIMAL,high,animal,"The supernatural male is consistently depicted as an animal (snake, dragon) who acts with intent and engages in a social interaction (marriage proposal) – projecting personhood onto the creature."
k24b,METAMORPHOSIS,high,multiple,"The wife transforms into wings/flight, explaining her departure and the origin of the wings themselves, prioritizing transformation over mere resemblance."
k25,METAMORPHOSIS,high,sky,The woman originates from the sky-world and her arrival/relationship with the mortal man implies a descent or transformation from a celestial being into a terrestrial wife.
k25a1,METAMORPHOSIS,high,animal,"The core of the myth involves a being *becoming* human through the acquisition of clothing, implying a prior state as something else (a bird-woman) and a transformation into a human form, which is a t"
k25a2,METAMORPHOSIS,high,animal,"The wife *becomes* unable to fly when her feathers are shed, explaining her grounded state – this is a transformation narrative focused on a physical change mirroring a loss of form."
k25a3,METAMORPHOSIS,high,animal,"The wife transforms into a bird, utilizing feathers to complete the transformation and explain her avian form."
k25a4,METAMORPHOSIS,high,water,"The core of the myth involves a transformation – the hero escaping by *becoming* a bird, directly explaining their flight and escape from the sea demon's power."
k25a5,METAMORPHOSIS,high,animal,"The core of the story revolves around beings *transforming* between human and bird form, explaining their initial appearance and subsequent disappearance, which is a clear case of metamorphosis motiva"
k25b,METAMORPHOSIS,high,multiple,"The narrative describes a woman's ascent *to* the sky via a porcupine and tree, implying a transformation or becoming of the woman into a celestial being or feature."
k25c,METAMORPHOSIS,high,landform,"The baby is *found* emerging from the land (tussock/bulb), implying a transformation from earth-object to human, even if the origin is supernatural conception."
k25d,METAMORPHOSIS,high,sky,"The 'bulb' or 'tuber' *is* the firmament itself, and digging it out creates a hole revealing the earth – a transformation of the sky into a penetrable form."
k26,CELESTIAL_PAREIDOLIA,high,sky,"The 'hole in the firmament' functions as a visual perception of a pattern *in* the sky, allowing a view 'below' to another world, thus fitting the definition of visually perceiving a figure/pattern in"
k26a,METAMORPHOSIS,high,landform,"The stone *is* the covering of the sky, a transformation of something into a celestial feature, even if temporary."
k27a,PURE_NARRATIVE,high,none,"The description details a challenge or test of endurance, lacking any element of perceived figures in nature or personification of natural forces."
k27b,PURE_NARRATIVE,high,none,"The description details a test of endurance, a ritual challenge, lacking any element of perceived figures in nature or personification of natural elements."
k27c,METAMORPHOSIS,medium,plant,The ordeal involving thorns suggests a transformation or origin story where the sharpness of the thorns embodies a challenge or test inflicted by a being now represented by the plant.
k27d,ANTHROPOMORPHIC_ANIMAL,high,animal,"The core of the motif involves dangerous animals acting as active threats within the chamber, effectively projecting agency and intent onto them."
k27e,PURE_NARRATIVE,high,none,"The description focuses on a competitive act of consumption, lacking any element of perceived figures in nature or transformation into natural objects."
k27f,PURE_NARRATIVE,high,none,"The description details a plot-driven task involving interpersonal relationships, lacking any element of perceived figures in nature or personification of natural phenomena."
k27f1,METAMORPHOSIS,medium,landform,"The rapid construction of a bridge suggests a supernatural ability, often linked to a being *becoming* the bridge itself, rather than simply building it."
k27g,METAMORPHOSIS,high,none,"The ordeal involves a transformative trial by fire/liquid, implying a change in state and thus prioritizing metamorphosis over simple personification or narrative."
k27g1,PURE_NARRATIVE,high,landform,The description details a task or plot point—cleaning a stable—without any indication of figures perceived in nature or personification of natural elements.
k27h,TERRESTRIAL_PAREIDOLIA,high,landform,"The carving *creates* a face in a landform-derived object (the bench), implying a perceived figure within the wood."
k27hh,PURE_NARRATIVE,high,none,The description details a practical task with no indication of figures perceived in nature or personification of natural elements.
k27i,PURE_NARRATIVE,high,water,The description details a plot point – a task to be completed – without any element of perceived figures in nature or personification of the water itself.
k27k,PURE_NARRATIVE,high,water,The description details a competitive activity with no indication of figures perceived in nature or natural features being personified.
k27l,NATURE_SPIRIT_PERSONIFICATION,medium,water,"The task inherently implies a relationship with the water body itself, potentially involving a spirit or power residing within it that must be negotiated with or overcome to retrieve the object."
k27l1,METAMORPHOSIS,high,none,"The core of the story involves a person being *transformed* into ice, even if temporary and unsuccessful, which prioritizes METAMORPHOSIS over any potential pareidolia of a figure *in* ice."
k27ll,METAMORPHOSIS,high,water,"The antagonist actively *transforms* the water into ice, creating a physical barrier based on a natural phenomenon, which is the core of the motif."
k27m,ANTHROPOMORPHIC_ANIMAL,high,animal,"The quest centers on an animal with specific qualities, implying a focus on the animal as an agent or possessing noteworthy characteristics beyond its physical form."
k27n,PURE_NARRATIVE,high,none,"This describes a social conflict and plot device involving kinship and challenges, lacking any element of perceived figures or personification in nature."
k27n1,PURE_NARRATIVE,high,none,The description focuses on social roles and plot elements (task-giving) without any indication of figures perceived in nature or personification of natural phenomena.
k27n3a,NATURE_SPIRIT_PERSONIFICATION,high,sky,"The task-giver *is* the celestial body, embodying its power and will, rather than being perceived *in* it or transformed from it."
k27n3b,NATURE_SPIRIT_PERSONIFICATION,medium,sky,"The task-giver is a personified entity residing in the sky, but lacks a specific visual or auditory pareidolic trigger, representing a general spirit of the heavens."
k27n3c,ANTHROPOMORPHIC_ANIMAL,high,animal,"The motif explicitly states the task-giver *is* an animal or fish, acting in a role typically reserved for a person."
k27nn,PURE_NARRATIVE,high,none,This describes a social dynamic and plot device—envy and scheming—without any element of perceived figures in nature or personification of natural features.
k27o,PURE_NARRATIVE,high,none,The description details a contest with no indication of figures perceived in nature or personification of natural elements.
k27p,ANTHROPOMORPHIC_ANIMAL,high,animal,"The creatures are treated as relatives/helpers of the antagonist, implying personhood and emotional connection beyond mere tools."
k27p1,ANTHROPOMORPHIC_ANIMAL,high,animal,"The antagonist fundamentally *is* the animal, acting with human intent and engaging in relationships, making it a clear case of personhood projected onto an animal."
k27q,ANTHROPOMORPHIC_ANIMAL,high,animal,"The core of the motif relies on an animal possessing something (milk) and acting as a character in the quest, effectively projecting personhood onto the beast."
k27q1,NATURE_SPIRIT_PERSONIFICATION,medium,none,"The instrument itself is often imbued with agency or is guarded by a spirit, representing a personification of musical power rather than a visual or auditory pareidolia."
k27r,PURE_NARRATIVE,high,none,The description details a plot-driven task with no inherent figure-in-nature element or personification; it's simply an action undertaken by a character.
k27r1,ANTHROPOMORPHIC_ANIMAL,high,plant,"The core of the motif is objects (fruits, acting as plants) exhibiting personified behavior – dancing and singing – which falls squarely within the definition of anthropomorphic figures."
k27s,PURE_NARRATIVE,high,none,The description details a contest with no indication of figures perceived in nature or personification of natural elements.
k27ss,PURE_NARRATIVE,high,none,The description details a competitive event with no indication of figure-in-nature perception or personification; it's purely a plot element about a race.
k27t,PURE_NARRATIVE,high,plant,The description details a competitive action with no indication of figure-in-nature reading or personification; it's simply a plot element.
k27u,PURE_NARRATIVE,high,none,"The description details a contest of skill with no element of perceived figures in nature, personification of natural features, or transformation."
k27u1,METAMORPHOSIS,high,none,"The impossible birth timeline implies a transformation of the normal process, effectively 'turning' conception into birth, which aligns with the core of metamorphosis motifs."
k27u2,ANTHROPOMORPHIC_ANIMAL,high,plant,"The tumbleweed is treated as a messenger capable of carrying and delivering 'news', implying personhood and intent."
k27v,ANTHROPOMORPHIC_ANIMAL,high,animal,"The act of targeting and killing a bird implies a relationship with it as an agent, even if simply as a target, projecting intent onto the animal."
k27v1,PURE_NARRATIVE,high,none,The description details a skill-based challenge with no element of perceived figures in nature or personification.
k27v2,METAMORPHOSIS,high,landform,"The creature *is* made of copper, implying a transformation from person/spirit to metallic form, rather than simply resembling it."
k27v3,PURE_NARRATIVE,high,none,"This describes a skill-based challenge or competition, lacking any element of perceived figures in nature or personification."
k27w,PURE_NARRATIVE,high,none,"This is a plot-driven motif of betrayal and consequence, lacking any element of perceived figures in nature or personification of natural phenomena."
k27x,ANTHROPOMORPHIC_ANIMAL,high,animal,"The wife is non-human, implying animal or spirit qualities, and the narrative focuses on interactions *with* her and her people as if they are persons, rather than a landscape feature or sound."
k27x1,NATURE_SPIRIT_PERSONIFICATION,medium,none,"The 'invisible person' functions as a spirit assisting the hero, lacking a clear visual or auditory trigger in nature, and is defined by its inherent power rather than resembling anything specific."
k27x2,ANTHROPOMORPHIC_ANIMAL,high,animal,"The story centers on interacting with a bird as if it possesses intent and protective behavior towards its egg, projecting personhood onto the animal."
k27x3,PURE_NARRATIVE,high,none,"This describes a social conflict and plot involving desire and impossible tasks, lacking any element of perceived figures in nature or personification of natural phenomena."
k27x4,ANTHROPOMORPHIC_ANIMAL,medium,animal,"The challenge implicitly tests skill and balance, mirroring animal agility and requiring a 'sure-footedness' akin to an animal's natural abilities."
k27y,PURE_NARRATIVE,high,none,"The description focuses on a quest for materials and lacks any element of perceived figures in nature, transformation, or personification."
k27y1,PURE_NARRATIVE,high,none,"The description details a cultural practice or belief about arrow-making materials, lacking any element of perceived figures in nature or personification."
k27yy,TERRESTRIAL_PAREIDOLIA,medium,plant,"The 'dangerous tree' implies a perceived personality or agency within the tree itself, motivating the perilous quest – a form of visual pareidolia where the tree is seen as actively guarding its resou"
k27z,PURE_NARRATIVE,high,none,"The description details a conflict resolved through a game, which is a plot device without any inherent figure-in-nature element or personification."
k27z1,ANTHROPOMORPHIC_ANIMAL,high,animal,"The bird and horse both give instructions and act with intent, demonstrating personified behavior beyond simple animal traits."
k27z2,PURE_NARRATIVE,high,none,"The story focuses on kinship, social rules (incest taboo), and plot development without any discernible figure-in-nature element or personification."
k27z2a,NATURE_SPIRIT_PERSONIFICATION,medium,multiple,"The description suggests supernatural entities facilitating encounters, implying spirits or forces governing relationships without a specific visual or auditory trigger in nature, and the 'carrying' a"
k27z2a1,PURE_NARRATIVE,high,none,"The story focuses on social relationships, abandonment, and recognition, lacking any element of perceived figures in nature or personification of natural phenomena."
k27z2b,PURE_NARRATIVE,high,none,"The story focuses entirely on social dynamics, plot, and character interaction with no element of perceived figures or personalities in nature."
k27z2c,PURE_NARRATIVE,high,none,"The story focuses on social dynamics and trickery, lacking any element of perceived figures in nature or personification of natural phenomena."
k27z2d,ANTHROPOMORPHIC_ANIMAL,high,animal,"The story centers on birds exhibiting human-like behaviors – abandonment, remarriage, claiming offspring – projecting personhood and intent onto the animals."
k27z2e,PURE_NARRATIVE,high,none,"The description focuses entirely on plot – courtship, illness, theft, and marriage – without any element of perceived figures in nature or personification of natural phenomena."
k27z3,ANTHROPOMORPHIC_ANIMAL,high,animal,"The core of the story is a non-human animal (cat) performing a task requiring intelligence and exhibiting behavior akin to a person, prioritizing hunting over its trained duty."
k27z4,ANTHROPOMORPHIC_ANIMAL,high,animal,"The cat/mouse is not merely an animal, but an active agent influencing the game's outcome, exhibiting intentionality and effectively acting as a helper or hinderer – a personified role."
k27z4a,METAMORPHOSIS,high,none,"The core of the story is the claim of a body part being *taken* and not returned, implying a transformation of a person into a missing limb, even if metaphorical."
k27z4b,PURE_NARRATIVE,high,none,"This is a plot-driven story of deception, loss, and rescue with no element of perceiving figures in nature or attributing personality to natural phenomena."
k27z5,PURE_NARRATIVE,high,none,"This story focuses on a social agreement and its fulfillment, lacking any element of perceived figures in nature or personification of natural phenomena."
k27z6,TERRESTRIAL_PAREIDOLIA,high,landform,"The story centers on perceiving a sympathetic presence *within* a stone, implying a face or personality is seen in the rock itself."
k27z7,PURE_NARRATIVE,high,none,"The description focuses on a promise and a request for information about someone's behavior, lacking any element of perceived figures in nature or personification."
k27z8,PURE_NARRATIVE,high,none,The description focuses on a narrative device (unsolvable riddles based on personal history) with no element of perceived figures in nature or personification.
k27z9,ANTHROPOMORPHIC_ANIMAL,high,animal,The fish clearly exhibits human-like behavior (laughing/smiling/spitting) and is presented as a sentient being reacting to a human situation.
k27zz,METAMORPHOSIS,high,none,"The core of the story revolves around a woman *being* an ogress, a transformation that explains her power and actions, prioritizing this over any potential personification or narrative elements."
k27zz1,PURE_NARRATIVE,high,none,The story focuses on social dynamics and a rescue plot with no discernible figure-in-nature element or personification.
k27zz2,METAMORPHOSIS,medium,none,"The loss of eyes suggests a transformation or punishment resulting in a changed physical state, even if not *into* a natural object, it's a bodily alteration motivating the narrative."
k27zz3,PURE_NARRATIVE,high,none,"The story focuses on social dynamics and a reversal of power, lacking any element of perceived figures in nature or personification of natural phenomena."
k28,PURE_NARRATIVE,high,none,This describes a social conflict and kinship dynamic with no element of perceived figures in nature or personification of natural phenomena.
k29a,METAMORPHOSIS,high,none,"The hero's survival *in* the fire implies a transformation or resistance to fire akin to becoming fire-proof, rather than simply perceiving a figure within it."
k29b,METAMORPHOSIS,high,landform,"The hero is effectively *transformed* into part of the landform (buried within it), and their return demonstrates a reversal of that transformation, making it the central motif."
k29c,METAMORPHOSIS,high,plant,"The core of the motif is the man surviving an attempt to *become* part of the tree (being crushed by it), and then carrying the tree as evidence of his power, implying a transformation or resistance t"
k29d,ANTHROPOMORPHIC_ANIMAL,high,animal,"The core of the story involves animals exhibiting human-like behavior (getting drunk) and being subject to human actions, projecting personhood onto them."
k2a,PURE_NARRATIVE,high,none,"This is a plot-driven story of betrayal and acquisition, lacking any element of perceived figures in nature or personification of natural features."
k3,METAMORPHOSIS,high,plant,"The core of the motif is the alteration of the tree/rock itself, transforming its properties to trap the hero, which is a clear case of metamorphosis even if not explicitly stated as a magical change."
k30,METAMORPHOSIS,medium,sky,"The flying enemy's form suggests a transformation or origin connected to the sky, and the abduction implies a change in the woman's state, fitting the motif of transformation even if not explicitly st"
k30a,ANTHROPOMORPHIC_ANIMAL,high,animal,"The vultures are presented as agents in the wife's abandonment, implying intentionality and action beyond typical animal behavior."
k31,METAMORPHOSIS,high,plant,"The wooden carving *becomes* a sea creature capable of action, explaining its existence and function – this is transformation into an animal form, not simply perceiving a shape."
k32,ANTHROPOMORPHIC_ANIMAL,medium,animal,"The disguised figure, while appearing as a wife/sister, fundamentally *acts* as a deceptive entity, embodying traits beyond human normalcy, aligning with the projection of personhood onto a non-human "
k32a,METAMORPHOSIS,medium,none,"The replacement of the wife/daughter implies a transformation, even if not explicitly stated as such, focusing on a change in form rather than simple personification or narrative."
k32b,METAMORPHOSIS,high,none,"The core of the story is a person transforming into another person, specifically to *become* the wife, which prioritizes METAMORPHOSIS over any potential pareidolic reading."
k32b1,METAMORPHOSIS,high,none,"The core of the motif is a transformation – the mother-in-law *becomes* the daughter, explaining a change in appearance and identity, which prioritizes it over simple personification or narrative."
k32c,METAMORPHOSIS,high,animal,"The core of the myth is the transformation of a person into an animal, explaining the owl's existence as the transformed wife."
k32d,AUDITORY_PAREIDOLIA,high,sound,"The core of the motif relies on hearing the story *within* the song, representing a voice/narrative perceived in a natural sound (the girl's song)."
k32e,PURE_NARRATIVE,high,none,"The description focuses on a contrast between materials and values, lacking any element of perceived figures in nature or personification."
k32f,ANTHROPOMORPHIC_ANIMAL,high,animal,"The bird of prey acts as a rescuer with agency, demonstrating personified behavior beyond typical animal actions."
k32g,PURE_NARRATIVE,high,animal,"This describes a violent act as part of a plot, with no indication of perceived figures in nature or transformation into natural objects."
k32g1,PURE_NARRATIVE,high,none,The description details a plot element – a deceptive question – without any indication of figures perceived in nature or personification of natural elements.
k32h,PURE_NARRATIVE,high,landform,The description details a plot element (punishment) without any indication of figure-in-nature perception or personification.
k32h1,PURE_NARRATIVE,high,none,"This describes a punishment and lacks any element of perceived figures in nature, personification of natural features, or transformation; it is purely a description of action and social rule."
k32i,METAMORPHOSIS,high,none,"The prince's sleep and eventual awakening represent a transformation from a dormant state to a fully realized being, and the story hinges on *who* will be present at the moment of that transformation,"
k32j,PURE_NARRATIVE,high,none,This is a plot-driven story of deception and social consequences with no element of perceived figures in nature or personification of natural phenomena.
k33,METAMORPHOSIS,high,water,"The core of the myth involves a human being transformed and entering the water, establishing a direct link between the woman's form and the aquatic environment."
k33a,METAMORPHOSIS,high,animal,"The core of the motif is a person being transformed *into* an animal, which prioritizes METAMORPHOSIS over simply attributing personhood to an animal (ANTHROPOMORPHIC_ANIMAL)."
k33a1,METAMORPHOSIS,high,landform,"The story centers on a transformation – the woman entering the well and emerging with children, effectively explaining the origin or presence of people connected to that location."
k33b,METAMORPHOSIS,medium,landform,"The girl's fate—remaining in the forest or being transformed by it—implies a connection between her and the natural environment, suggesting she *becomes* part of the landscape rather than simply perce"
k33c,METAMORPHOSIS,high,plant,"The core of the story involves a being originating *from* a plant (fruit/flower), representing a transformation into a natural object."
k33d,METAMORPHOSIS,high,multiple,"The core of the story involves a character disguising themselves *as* an animal skin/object, explaining their altered appearance – this is a transformation narrative, prioritizing over potential parei"
k33d1,METAMORPHOSIS,high,none,"The core of the story is a being *inside* an object, implying a transformation into that form, even if the details of the transformation aren't explicitly stated."
k33e,METAMORPHOSIS,medium,none,"The disappearance and return of children, grown, suggests a transformation from infant to adult form, explaining their altered state and absence—a core element of metamorphosis even if the 'into what'"
k33f,NATURE_SPIRIT_PERSONIFICATION,medium,landform,"The story implies a spirit or force associated with the basin/landform that demands and receives fulfillment of a promise, without a specific visual or auditory trigger being described."
k33g,METAMORPHOSIS,high,plant,"The core of the myth involves transformation *into* another form triggered by consuming a plant, fitting the definition of metamorphosis prioritizing transformation over mere resemblance."
k33h,PURE_NARRATIVE,high,animal,"The story focuses on plot and reciprocal aid between characters, lacking any perception of figures in nature or personification of natural elements."
k34,PURE_NARRATIVE,high,none,The story describes actions and consequences without attributing personhood or form to any natural element; it's purely a plot of violence.
k35,PURE_NARRATIVE,high,none,"This describes a social deception and violation, lacking any element of perceived figures in nature or transformation into natural objects."
k35a,PURE_NARRATIVE,high,none,The description details a social interaction and power dynamic with no element of perceived figures in nature or transformation into natural objects.
k35a1,PURE_NARRATIVE,high,none,The description focuses on plot and social interaction (tasks given by a powerful person) without any element of perceived figures in nature or personification of natural phenomena.
k35a2,ANTHROPOMORPHIC_ANIMAL,high,animal,"The story centers on an animal possessing qualities (shining hide) that elevate it beyond a typical creature and into a being with significance, implying personhood and agency within the narrative."
k35a3,PURE_NARRATIVE,high,none,"This describes a social interaction and trickery involving role reversal, lacking any element of perceived figures in nature or transformation into natural objects."
k35a4,PURE_NARRATIVE,high,water,"This describes a plot of betrayal and survival, lacking any element of perceived figures in nature or personification of natural features."
k35a5,PURE_NARRATIVE,high,none,"This describes a social interaction and a promise, lacking any element of perceived figures in nature or personification of natural phenomena."
k35b,PURE_NARRATIVE,high,none,"The story focuses on a social interaction and a test of quality, lacking any element of perceived figures or personalities in nature."
k35c,ANTHROPOMORPHIC_ANIMAL,high,animal,"The ogre, though monstrous, acts with intelligence and engages in dialogue, demonstrating personified behavior beyond simple monstrous action."
k35c1,PURE_NARRATIVE,high,none,"The story focuses on a test of wisdom and a reward, lacking any element of perceived figures in nature or personification of natural phenomena."
k36,METAMORPHOSIS,high,animal,"The core of the motif is a person *becoming* an animal, fitting the definition of transformation into a natural object, even if temporary."
k37,PURE_NARRATIVE,high,none,"This is a plot device focused on recognition and relationships, lacking any element of perceived figures in nature or personification."
k37a,METAMORPHOSIS,high,multiple,"The core of the motif involves recognizing someone *after* a transformation, making it a case of pareidolia retold as metamorphosis – the likeness of the transformed being is key to recognition."
k37c,PURE_NARRATIVE,high,none,"The description details a task of recognition, a plot element, without any indication of figure-in-nature perception or personification."
k37d,ANTHROPOMORPHIC_ANIMAL,high,animal,"The story hinges on interpreting an animal's action (biting) as indicative of personality or presence, projecting agency onto the animal itself."
k38,ANTHROPOMORPHIC_ANIMAL,high,animal,"The bird mother acts with gratitude and agency, exhibiting human-like behavior and intent."
k38a,METAMORPHOSIS,high,animal,"The rams are not simply animals acting as helpers, but vehicles *transforming* the hero's journey into a descent further into the underworld, effectively changing his fate based on the chosen animal."
k38b,ANTHROPOMORPHIC_ANIMAL,high,animal,"The serpent acts as an agent with intent to harm, effectively personifying it beyond a simple natural threat."
k38b1,ANTHROPOMORPHIC_ANIMAL,high,animal,"The giant bird acts as a thief and is the central agent of the plot, exhibiting intentionality and agency beyond typical animal behavior."
k38b2,ANTHROPOMORPHIC_ANIMAL,high,animal,"The bird acts with intent (carrying the hero) and has a relationship with the hero (seeking help with the monster), demonstrating personified animal behavior."
k38b3,ANTHROPOMORPHIC_ANIMAL,high,animal,"The bird exhibits parental care and gratitude, effectively acting as a person with whom the hero forms a reciprocal relationship."
k38c,ANTHROPOMORPHIC_ANIMAL,high,animal,"The bird acts with intent, gratitude, and agency—essentially functioning as a person who provides assistance to the hero."
k38d,NATURE_SPIRIT_PERSONIFICATION,high,water,"The monster *is* the controlling force of the water source, embodying its power and demanding tribute, without a specific pareidolic trigger for its form."
k38e,NATURE_SPIRIT_PERSONIFICATION,medium,multiple,"The listing of valuable materials suggests inherent qualities or spirits associated with them, implying a symbolic rather than purely descriptive function, without a specific pareidolic trigger."
k38e1,METAMORPHOSIS,high,plant,"The trees *are* transformed into metal, explaining their unusual appearance, rather than simply resembling something else."
k38e2,METAMORPHOSIS,high,multiple,"The 'kingdom' being packed into a container implies a transformation of a complex entity into a smaller, contained form, fitting the definition of metamorphosis where a being or place *becomes* an obj"
k38f,NATURE_SPIRIT_PERSONIFICATION,high,water,"The dragon embodies a dangerous natural force (often associated with water sources) and acts with intent, demanding sacrifice, but the story doesn't focus on a visual or auditory pareidolia or a trans"
k38f1,PURE_NARRATIVE,high,animal,"This is a story of deception and proof, focused on action and social dynamics with no element of perceiving figures in nature or attributing personality to it."
k38f2,PURE_NARRATIVE,high,none,"This is a story of deception and proof of a deed, lacking any element of perceived figures or personalities in nature."
k38f3,PURE_NARRATIVE,high,none,This is a straightforward plot of a hunt with no element of perceived figures in nature or personification of natural features.
k39,ANTHROPOMORPHIC_ANIMAL,high,animal,"The creature is acting with intent and receiving offerings, effectively functioning as a personified being despite being an animal."
k4,ANTHROPOMORPHIC_ANIMAL,high,animal,"The story centers on interaction with a bird's nest and nestlings, implying a perceived agency or relationship with the animal, even if not explicitly stated as speech or personhood."
k40,PURE_NARRATIVE,high,none,"The description focuses on a plot involving a hero, a monster, and two characters with emotional states, lacking any element of perceived figures in nature or personification of natural phenomena."
k41,AUDITORY_PAREIDOLIA,high,sound,"The myth centers on perceiving a struggle within the sound of thunder, attributing agency and a conflict to the natural phenomenon itself."
k42,ANTHROPOMORPHIC_ANIMAL,high,animal,"The core of the myth involves a creature that is both bird and woman, acting with human intent and agency, thus projecting personhood onto an animal form."
k43a,PURE_NARRATIVE,high,none,"This describes a social interaction and act of kindness, lacking any element of perceived figures in nature or transformation into natural objects."
k43b,ANTHROPOMORPHIC_ANIMAL,high,animal,"The core of the motif involves a bird acting as a messenger and provider, exhibiting intentional behavior beyond typical animal actions, thus projecting personhood onto it."
k43c,ANTHROPOMORPHIC_ANIMAL,high,animal,"The dog performs a deliberate, helpful action (unfastening the children) demonstrating agency and intent beyond typical animal behavior, effectively acting as a person."
k44,ANTHROPOMORPHIC_ANIMAL,high,animal,"The core of the motif involves an animal acting as a parent, exhibiting personhood and familial intent, thus fitting the definition of an anthropomorphic animal."
k44a,ANTHROPOMORPHIC_ANIMAL,high,animal,"The frog actively *pretends to be* a mother, exhibiting human-like deception and familial role-playing, thus projecting personhood onto the animal."
k44b,PURE_NARRATIVE,high,none,The description focuses on social dynamics and actions—a returning hero and their impoverished parents—without any element of perceived figures in nature or personification of natural features.
k45,METAMORPHOSIS,high,water,"The core of the myth is the woman *becoming* sea creatures, explaining their origin through her transformation."
k46,METAMORPHOSIS,medium,water,"The act of throwing oneself into the ocean implies a transformation – a giving way to the water, potentially becoming part of it, and the narrative focuses on this final act rather than simply being *"
k47a,ANTHROPOMORPHIC_ANIMAL,high,animal,The dog is explicitly given human attributes – becoming a husband and father – which defines this as a case of projecting personhood onto an animal.
k47b,METAMORPHOSIS,high,animal,"The core of the story is a being *transforming* from an animal (dog) into a human, explaining the man's initial appearance."
k47c,ANTHROPOMORPHIC_ANIMAL,high,animal,"The dog is depicted with human-like agency and reproductive capacity, essentially acting as a person in the narrative."
k47d,ANTHROPOMORPHIC_ANIMAL,high,animal,"The dog is presented as capable of fulfilling marital conditions, implying human-like agency and intent."
k48,ANTHROPOMORPHIC_ANIMAL,high,animal,"The bird acts as a symbolic extension of the hero's power, essentially possessing agency and responding to events as a person would."
k48a,METAMORPHOSIS,high,animal,"The living birds and beasts *are* the decoration, effectively transforming into part of the hero's attire, and their altered state reveals the imposter."
k49,METAMORPHOSIS,high,multiple,"The core of the motif is a person being transformed and becoming part of the natural world, explaining a continued interaction (nursing) – this prioritizes METAMORPHOSIS over simply personifying a spi"
k5,ANTHROPOMORPHIC_ANIMAL,high,animal,"The antagonist *creates* fake nestlings, imbuing them with the intent to deceive – projecting personhood/agency onto the fabricated animal forms."
k50,PURE_NARRATIVE,high,none,This is a story of deception and violence with no element of perceived figures in nature or personification of natural phenomena.
k51,PURE_NARRATIVE,high,none,This describes a social situation and plot of deception without any element of perceived figures in nature or personification of natural phenomena.
k51a,PURE_NARRATIVE,high,none,This is a story of interpersonal conflict and violence with no discernible figure-in-nature element or personification.
k52,ANTHROPOMORPHIC_ANIMAL,high,animal,"The sea predators actively *carry away* a human, demonstrating intent and agency beyond simple predation, thus functioning as actors in a narrative with human-like motivation."
k52a,PURE_NARRATIVE,high,water,"The story focuses on a rescue plot with no discernible figure-in-nature element or personification; the steam is a plot device, not a perceived entity."
k52b,ANTHROPOMORPHIC_ANIMAL,high,animal,"The story centers on interactions with non-human beings who act as agents with intent, fulfilling a request – this indicates personification projected onto them."
k52c,AUDITORY_PAREIDOLIA,medium,water,"The filling of the dwelling with water and the perception of animals within it suggests hearing voices or perceiving forms *in* the sound and movement of the water, even if it's an illusion."
k52c1,METAMORPHOSIS,high,animal,"The core of the story involves a transformation of fish/waterfowl *into* penises, explaining their unexpected appearance and focusing on the changed form."
k53,METAMORPHOSIS,high,animal,"The core motif involves transformation *into* an animal, facilitated by the skin, making it a case of temporary metamorphosis rather than simply personifying the animal."
k54,ANTHROPOMORPHIC_ANIMAL,high,animal,"The 'giant' or 'serpent' is acting as a person with relationships and intent, fitting the definition of an anthropomorphic animal even if large in size."
k54a,PURE_NARRATIVE,high,none,"The story focuses on conflict and assistance between beings, lacking any perception of figures in nature or personification of natural elements."
k55,PURE_NARRATIVE,high,none,"The story focuses on social rules and tests of character, lacking any perception of figures in nature or personification of natural elements."
k56,NATURE_SPIRIT_PERSONIFICATION,medium,none,"The story centers on interaction with a being embodying a force of moral judgment, without a specific pareidolic trigger for its existence or form; it's a spirit of reward/punishment rather than a per"
k56a,PURE_NARRATIVE,high,none,"This is a plot-driven story about social dynamics and success/failure, lacking any element of perceived figures in nature or personification of natural phenomena."
k56a1,PURE_NARRATIVE,high,none,"This is a plot-driven story about social dynamics and marriage, lacking any element of perceived figures in nature or personification of natural features."
k56a2,PURE_NARRATIVE,high,none,"The core of the story is a test of cleverness and obedience, focusing on plot and social interaction rather than any perceived figure or personality within nature."
k56a2a,METAMORPHOSIS,high,water,"The story centers on a transformation *into* a state defined by interaction with the water, explaining a change in appearance—a clear case of someone becoming something else due to a natural element."
k56a2b,NATURE_SPIRIT_PERSONIFICATION,high,animal,"The female supernatural is a spirit associated with, and mother to, creatures of nature without a specific pareidolic trigger for her existence."
k56a3,PURE_NARRATIVE,high,none,The description details a social rule or taboo with no element of perceived figures in nature or personification of natural phenomena.
k56a4,ANTHROPOMORPHIC_ANIMAL,high,animal,The dog clearly communicates complex emotional states ('everything is well'/'everything is bad') functioning as a messenger with human-like intent and understanding.
k56a4a,NATURE_SPIRIT_PERSONIFICATION,medium,none,"The demon inhabiting the house embodies a spirit of the place, and the interaction focuses on its power and demands rather than a visual or auditory pareidolia or transformation."
k56a4b,AUDITORY_PAREIDOLIA,medium,sound,"The wind 'carries away' the yarn, implying a voice or agency within the natural sound, and initiating the narrative."
k56a5,METAMORPHOSIS,high,none,"The core of the motif is a person changing *into* a different form (young beauty), fulfilling the definition of metamorphosis even if the initial state is not a natural object."
k56a5a,METAMORPHOSIS,high,none,"The core of the motif is a transformation *into* a new form (beauty) achieved through a physical process (flaying), prioritizing it over a simple resemblance."
k56a5b,NATURE_SPIRIT_PERSONIFICATION,high,multiple,"The story features personified seasons/months as distinct entities without a specific visual or auditory trigger for their perception, focusing on their personalities and reactions to human behavior."
k56a6,ANTHROPOMORPHIC_ANIMAL,high,plant,"The food items are acting with agency and making requests, demonstrating personified behavior typically associated with animals or spirits acting *as* persons."
k56a7,METAMORPHOSIS,high,plant,"The story implies a transformation – something summery (strawberries) persists under the snow, suggesting a change in state or form to survive the winter."
k56a8,METAMORPHOSIS,high,animal,"The core of the story is a transformation *into* a human, explaining the initial animal form, which prioritizes it over simply anthropomorphizing the animal."
k56a8a,PURE_NARRATIVE,high,none,"This is a plot-driven story about social behavior and reward/punishment, lacking any element of perceived figures in nature or personification."
k56a9,AUDITORY_PAREIDOLIA,high,sound,"The core of the motif is misinterpreting a natural sound (the bell) as originating from a person (the hero), fitting the definition of auditory pareidolia."
k56aa,ANTHROPOMORPHIC_ANIMAL,high,animal,"The central figure is a dog acting with human-like agency in the role of a husband, demonstrating personified behavior."
k56ab,METAMORPHOSIS,high,animal,"The central plot revolves around a monster *transforming* into a human, directly linking his form to the shedding of his skin, which explains his current appearance."
k56b,PURE_NARRATIVE,high,none,"This describes a moral tale of social interaction and consequence, lacking any element of perceived figures in nature or personification of natural phenomena."
k56c,ANTHROPOMORPHIC_ANIMAL,high,none,"The spirit/official acts as a person offering rewards and testing honesty, projecting personhood onto a non-human entity."
k56d,ANTHROPOMORPHIC_ANIMAL,high,animal,"The birds are not merely animals, but agents with intent who bestow gifts based on how they are treated, demonstrating personified behavior and reciprocal relationships."
k56d1,METAMORPHOSIS,high,plant,"The pumpkin/watermelon *contains* the treasure, implying a transformation of seed/plant into valuable object, rather than simply resembling it."
k56e,METAMORPHOSIS,high,none,"The core of the story is the physical transformation of the men – the addition and subtraction of humps – which directly explains their physical state, prioritizing this over any potential pareidolic "
k56f,PURE_NARRATIVE,high,animal,"The story describes a social custom of dividing food with symbolic meaning, lacking any perception of figures in nature or transformation into natural objects."
k56f1,PURE_NARRATIVE,high,animal,"The story focuses on social dynamics, cleverness, and reward, lacking any element of perceived figures in nature or personification of natural elements."
k56f2,PURE_NARRATIVE,high,none,The story presents a social puzzle with no element of perceived figures or personification in nature; it's purely about a division of goods and cleverness.
k57,METAMORPHOSIS,high,none,"The core of the story involves a transformation – Cinderella’s shift from rags to finery, and ultimately her social elevation – which explains her current state as a result of a prior condition, fitti"
k57a,PURE_NARRATIVE,high,none,"The story focuses on social dynamics, recognition, and disguise without any element of perceiving figures in nature or attributing personality to natural phenomena."
k58,PURE_NARRATIVE,high,water,"The story focuses on a social agreement and its tragic consequences, lacking any element of perceived figures or personification within nature."
k58a,PURE_NARRATIVE,high,water,"The story focuses on a social exchange and a girl's refusal, lacking any element of perceived figures or personification within nature."
k59,PURE_NARRATIVE,high,water,"The story focuses on actions, revenge, and travel with no element of perceiving figures in nature or attributing personality to natural features."
k6,METAMORPHOSIS,high,plant,"The motif describes a bodily substance transforming *into* a plant, fitting the definition of transformation into a natural object."
k60a,PURE_NARRATIVE,high,none,"The description details a social interaction and a test of strength, lacking any element of perceived figures in nature or personification of natural phenomena."
k60b,PURE_NARRATIVE,high,none,This is a plot-driven story of deception and imprisonment with no discernible figure-in-nature element or personification.
k60c,PURE_NARRATIVE,high,none,The story focuses on social dynamics and relationships without attributing personhood to natural phenomena or involving transformations; it's a plot-driven narrative about infidelity and power imbalan
k61a,AUDITORY_PAREIDOLIA,medium,sound,"The core of the motif involves eliciting speech from a source, implying hearing information within a natural (or supernatural) 'sound' of revelation."
k61b,PURE_NARRATIVE,high,none,"The description focuses on social interaction and a character's manipulative behavior, lacking any element of perceived figures in nature or personification."
k61c,AUDITORY_PAREIDOLIA,medium,sound,"The demon's name is a sound that is revealed, and the act of 'guessing' the name relies on hearing or perceiving it within a soundscape, even if accidental."
k61c1,AUDITORY_PAREIDOLIA,high,sound,"The core of the motif is hearing a voice (the demon's speech) within natural sounds, which provides the crucial answer to the riddle."
k61d,METAMORPHOSIS,high,animal,"The core of the story involves a transformation (into an animal) presented as a consequence of hard work, explaining a perceived change in appearance."
k61e,NATURE_SPIRIT_PERSONIFICATION,medium,none,"The supernatural person's laughter is a response to events, implying a personality and agency without a specific pareidolic trigger; the focus is on the spirit's reaction, not a perceived figure *in* "
k61f,METAMORPHOSIS,high,multiple,"The core of the myth involves a transformation of an inanimate object (doll/animal) into a human being, explaining the sudden appearance of a child and subsequent spouse."
k62a,ANTHROPOMORPHIC_ANIMAL,high,animal,"The story centers on animals behaving with human-like conflict and agency, specifically a quarrel over resources, making it a clear case of anthropomorphic animals."
k63,ANTHROPOMORPHIC_ANIMAL,high,animal,"The 'fish people' are treated *as* animals to be hunted, demonstrating a projection of personhood onto non-human creatures for the purpose of exploitation."
k64,ANTHROPOMORPHIC_ANIMAL,high,animal,"The central element is the hero escaping by clinging to an animal, implying the animal possesses agency and is integral to the escape, thus projecting personhood onto it."
k64a,PURE_NARRATIVE,high,none,"The story focuses on action and escape, lacking any perception of figures in nature or personification of natural elements."
k64b,METAMORPHOSIS,high,none,"The core of the motif is an object *becoming* something that afflicts the hero, implying a transformation or change in state of the object itself, rather than simply resembling something else."
k65,METAMORPHOSIS,high,landform,"The description explicitly states beings *turn into* spirits of places, indicating transformation into a natural feature rather than simply resembling it."
k65a,METAMORPHOSIS,high,multiple,"The core of the motif is beings *becoming* something else (spirits/animals) after a fall, prioritizing transformation over simple visual resemblance."
k65b,PURE_NARRATIVE,high,none,This describes kinship and origins without any element of perceiving figures in nature or attributing personality to natural features.
k65c,METAMORPHOSIS,high,multiple,"The core of the myth involves beings *becoming* something else (poor people or non-human entities) as a direct result of being hidden, establishing a transformation narrative."
k65c1,PURE_NARRATIVE,high,none,"This is a story about social stratification and lineage, lacking any element of perceived figures in nature or personification of natural phenomena."
k65d,PURE_NARRATIVE,high,none,"The description focuses on a sequence of events – a flawed marriage, unusual births, and eventual successful procreation – without attributing personhood to natural features or phenomena; it's a cosmo"
k65e,NATURE_SPIRIT_PERSONIFICATION,medium,multiple,"The story involves interaction with supernatural beings inhabiting a different realm, implying personified forces without a specific pareidolic trigger in nature."
k65f,AUDITORY_PAREIDOLIA,medium,none,"The magic substance enables perception of beings previously unheard, suggesting sounds or voices are being perceived where none were before, even if the perception is visual in nature."
k66,ANTHROPOMORPHIC_ANIMAL,high,animal,"The description focuses on extraordinary *abilities* of companions, implying personified traits and actions beyond typical animal behavior."
k66a,METAMORPHOSIS,high,multiple,"The ship's ability to travel on land implies a transformation of a water-based object into something capable of terrestrial movement, fitting the core definition of metamorphosis."
k66b,PURE_NARRATIVE,high,none,"This describes a plot structure of reciprocal aid and travel, lacking any element of perceived figures in nature or personification of natural features."
k67,PURE_NARRATIVE,high,none,The story focuses on a plot of deception and revenge with no element of perceived figures in nature or personification of natural phenomena.
k67a,PURE_NARRATIVE,high,none,The story focuses on social conflict and trickery with no element of perceiving figures in nature or attributing personality to natural phenomena.
k67b,PURE_NARRATIVE,high,none,This is a social contract and power dynamic story with no element of perceiving figures in nature or attributing personality to it.
k67c,PURE_NARRATIVE,high,none,"This describes a social agreement or challenge involving bodily harm, lacking any element of perceived figures in nature or personification."
k67d,PURE_NARRATIVE,high,none,This is a plot-driven story of pursuit and trickery with no element of perceived figures in nature or personification of natural features.
k68,METAMORPHOSIS,high,none,"The core of the myth is the transformation of a blood clot into a child who then acts as an avenger, explaining the origin of the boy and prioritizing transformation over simple personification."
k69,CELESTIAL_PAREIDOLIA,high,sky,"The journey is *to* the Sun (a celestial body), implying a perception of the Sun as a being or destination, and the return via a 'shorter way' suggests knowledge gained from the Sun itself—a form of c"
k7,METAMORPHOSIS,high,landform,"The insult leads to the hero being *turned into* a tree or rock, making transformation the central motif despite the initial verbal offense."
k70,ANTHROPOMORPHIC_ANIMAL,high,animal,"The frog/toad is treated as a person who marries into the family and is subjected to a test of character, demonstrating projected personhood onto the animal."
k71,ANTHROPOMORPHIC_ANIMAL,high,animal,"The story centers on Coyote acting with human-like intent and agency, including betrayal and ultimately, resurrection – defining him as a personified animal figure."
k72,ANTHROPOMORPHIC_ANIMAL,high,animal,"The core of the motif involves beings (maidens) making promises contingent on a relationship with a powerful entity, effectively projecting human intent and social dynamics onto them."
k72a,PURE_NARRATIVE,high,none,"The description details a social rule and its violation, lacking any element of perceived figures in nature or personification."
k73,PURE_NARRATIVE,high,none,This is a plot-driven story of social conflict and attempted infanticide with no discernible figure-in-nature element or personification.
k73a,ANTHROPOMORPHIC_ANIMAL,high,animal,"The core of the motif involves attributing birth and personhood to an animal (the pup), effectively treating it as a human baby and substituting it for one."
k73a1,METAMORPHOSIS,high,none,"The core of the motif is the substitution of a baby with an inanimate object, representing a transformation and explaining the object's presence as a result of that change."
k73b,METAMORPHOSIS,high,none,"The core of the motif involves a woman being *transformed* into something subjected to public humiliation, explaining her current state as a consequence of the false accusation."
k73c,ANTHROPOMORPHIC_ANIMAL,high,animal,"The bird acts as a parental figure, exhibiting human-like care and fostering a relationship with the girl, thus projecting personhood onto the animal."
k74,ANTHROPOMORPHIC_ANIMAL,high,animal,"The demon, while supernatural, *acts* as a predatory being consuming resources and inflicting harm, effectively embodying animalistic behavior and projecting personhood onto it."
k74a,ANTHROPOMORPHIC_ANIMAL,high,animal,"The 'demonic person' functions as a non-human entity with agency and intent, essentially acting as a personified being, fitting the definition of an anthropomorphic animal even if not strictly an anim"
k75,METAMORPHOSIS,high,multiple,"The core of the motif involves a being initially appearing undesirable who *becomes* something else (demonstrates supernatural qualities), implying a transformation from a base form to a more powerful"
k75a,PURE_NARRATIVE,high,none,"This describes a selection ritual with social implications, lacking any element of perceived figures in nature or personification."
k76,METAMORPHOSIS,high,multiple,"The core of the motif is a being *becoming* or *being* something unusual before taking human form, which aligns with transformation into a novel state rather than simply resembling something natural."
k76a,ANTHROPOMORPHIC_ANIMAL,high,animal,The frog is explicitly given human attributes – marriage and a relationship – making it a case of projecting personhood onto an animal.
k76b,METAMORPHOSIS,high,animal,"The core of the story is the transformation of a snake *into* a man, explaining his initial form and subsequent change."
k76c,METAMORPHOSIS,high,plant,"The core of the story is a being *becoming* a gourd, and then transforming *from* a gourd into a human, which is a clear case of metamorphosis explaining a perceived form."
k76d,METAMORPHOSIS,high,animal,"The core of the story is a transformation from an animal form (hedgehog) into a human form (handsome man), which is a clear case of metamorphosis even with the adoptive son element."
k76e,METAMORPHOSIS,high,animal,"The core of the story is the transformation of a pig into a human, explaining his initial form and subsequent change."
k76f,METAMORPHOSIS,high,animal,"The core of the myth is a being *transforming* from an animal (calf) into a human, explaining his initial appearance."
k77a,ANTHROPOMORPHIC_ANIMAL,high,animal,"The core of the motif involves animals acting with intent and agency to defeat an enemy, projecting personhood onto them."
k77b,ANTHROPOMORPHIC_ANIMAL,high,animal,"The core of the story involves animals acting with human-like intent and agency – abandoning masters, building/finding shelter, and confronting threats – establishing them as personified actors."
k77b1,ANTHROPOMORPHIC_ANIMAL,high,animal,"The story centers on wolves behaving with human-like fear and deception, projecting personhood onto them."
k77bb,ANTHROPOMORPHIC_ANIMAL,high,animal,"The story centers on an animal possessing and describing weapon-like qualities, effectively projecting personhood and intent onto the goat."
k77c,ANTHROPOMORPHIC_ANIMAL,high,animal,"The core of the motif involves animals acting with intent to defend against an enemy, demonstrating personified behavior."
k78,METAMORPHOSIS,high,multiple,"The ogre's finger *becomes* the container for, and source of release for, the swallowed people, representing a transformation of the body part into a vessel for life."
k79,ANTHROPOMORPHIC_ANIMAL,high,animal,"The snake actively *uses* a remedy, demonstrating agency and intelligence beyond typical animal behavior, effectively acting as a personified helper."
k80,METAMORPHOSIS,high,multiple,"The core of the motif is repeated transformation *into* different forms, even if those forms are destroyed, ultimately leading back to the original form, which prioritizes it over simple resemblance o"
k80a,METAMORPHOSIS,high,plant,"The core of the motif is the transformation of a person into a plant (reed) which then *becomes* the storytelling instrument, explaining the origin of the object's ability to narrate."
k80a1,ANTHROPOMORPHIC_ANIMAL,high,animal,"The bird speaks and acts with intent related to a human crime, effectively functioning as a personified agent."
k80a2,METAMORPHOSIS,high,plant,"The story centers on a transformation – a body part or plant *becoming* an instrument that reveals a past event, prioritizing this over a simple personification of the instrument."
k80a3,PURE_NARRATIVE,high,none,"The description focuses on a competitive plot with reward and potential death, lacking any element of perceived figures in nature or personification."
k80a4,METAMORPHOSIS,high,plant,"The core of the motif is the transformation of a person's hair *into* a plant, establishing a direct link between the individual and the natural object."
k80b,ANTHROPOMORPHIC_ANIMAL,high,animal,"The core of the myth involves the son *becoming* an animal (a bird) who then speaks and acts with intent, demonstrating personhood projected onto the animal form."
k80c,ANTHROPOMORPHIC_ANIMAL,high,animal,"The cranes are not merely present, but actively function as witnesses and investigators, exhibiting agency and intent akin to human beings."
k80c1,METAMORPHOSIS,high,none,"The core of the myth is the transformation of an object into a human head, revealing the perpetrator's guilt – this prioritizes METAMORPHOSIS over any potential visual resemblance."
k80c2,PURE_NARRATIVE,high,none,"This is a story of betrayal and revenge with no element of perceived figures in nature, personification of natural features, or transformation; it's purely a plot-driven narrative."
k80d,METAMORPHOSIS,high,none,"The core of the myth involves a human being transformed into another form (a bird, or rendered unconscious) due to a physical act, fitting the definition of metamorphosis as a visible likeness motivat"
k81,METAMORPHOSIS,high,none,"The core of the motif is a transformation – from maimed/dead to whole and married – which explains a change in state, prioritizing it over any potential pareidolic reading."
k82,PURE_NARRATIVE,high,none,"This describes a social dynamic and plot involving interpersonal conflict, lacking any element of perceived figures in nature or personification of natural phenomena."
k82a,METAMORPHOSIS,high,animal,"The core of the myth involves a transformation *into* something else within the body – the snake eggs developing and causing a physical change resembling pregnancy, thus explaining the swelling."
k83,PURE_NARRATIVE,high,none,This is a straightforward plot about a quest for a cure with no element of perceived figures in nature or personification of natural phenomena.
k84,ANTHROPOMORPHIC_ANIMAL,high,animal,"The core of the motif involves animals acting as husbands, exhibiting personhood and relationships, thus fitting the definition of anthropomorphic animals."
k85,ANTHROPOMORPHIC_ANIMAL,high,animal,"The horses are presented as rivals capable of winning or losing a race, implying agency and competitive intent beyond mere animal behavior."
k85a,CELESTIAL_PAREIDOLIA,high,sky,"The comparison explicitly links the speed of thought to lightning, a sky phenomenon, demonstrating visual perception of a figure (thought) in a celestial event."
k85b,ANTHROPOMORPHIC_ANIMAL,high,animal,"The horse possesses qualities (strength, speed) beyond normal equine abilities, implying personified traits and agency."
k85c,PURE_NARRATIVE,high,animal,"The story presents a simple comparison of speed based on physical attributes, lacking any element of perceived figures in nature or personification."
k86,ANTHROPOMORPHIC_ANIMAL,high,animal,"The story centers on an animal actively taking the child, imbuing it with agency and person-like intent beyond simply being a natural force."
k87a,METAMORPHOSIS,high,plant,"The woman's intent is to transform the boy into a lover, implying a change in his essential nature to fit her desires, which prioritizes METAMORPHOSIS over simply personifying a forest spirit."
k87b,ANTHROPOMORPHIC_ANIMAL,high,animal,"The bear acts as a husband and is subject to human social rules (marriage, killing), demonstrating personhood projected onto the animal."
k88,PURE_NARRATIVE,high,none,This is a story of moral conflict and consequence with no discernible element of perceiving figures in nature or attributing personality to natural phenomena.
k88a,METAMORPHOSIS,high,none,"The regaining of sight is presented as a reversal of a transformation, fitting the core definition of someone returning to a previous state after being altered."
k88b,PURE_NARRATIVE,high,none,"This is a story of a transaction and a trick, lacking any element of perceived figures in nature or personification of natural features."
k89,PURE_NARRATIVE,high,none,"The story focuses on social dynamics, rivalry, and obtaining gifts through kinship networks, lacking any element of perceived figures in nature or personification of natural phenomena."
k89a,PURE_NARRATIVE,high,none,"The description focuses entirely on actions, relationships, and a plot of escape and decision-making, lacking any element of perceived figures in nature or personification."
k89b,METAMORPHOSIS,high,plant,"The core of the motif involves people transforming into a tree (or ascending to the sky, which is a form of transformation), explaining their presence as a natural feature."
k89c,ANTHROPOMORPHIC_ANIMAL,high,animal,"The core of the story involves a bear acting with agency and entering into a marital relationship, demonstrating personified animal behavior."
k89d,METAMORPHOSIS,high,none,"The core of the myth is the girl *becoming* a needle, explaining its form – this is a transformation narrative prioritizing the change itself."
k8a,METAMORPHOSIS,high,water,"The narrative centers on a person *becoming* part of the creature's interior, effectively a transformation into a component of the monster's being, even if temporary."
k8aa,ANTHROPOMORPHIC_ANIMAL,high,animal,"The bird acts as a predatory entity that *swallows* people, effectively taking on a human-like role of imprisonment and necessitating a heroic response."
k8b,ANTHROPOMORPHIC_ANIMAL,high,animal,"The woman *is* the whale's soul, effectively granting the whale personhood and interiority, making it a being with a self and agency."
k8c,ANTHROPOMORPHIC_ANIMAL,high,animal,"The narrative centers on an animal acting as a vessel and temporary dwelling, effectively granting it personhood through this action."
k8c1,ANTHROPOMORPHIC_ANIMAL,high,animal,The story centers on animals acting in ways that imply intent and agency – swallowing a boy and consuming offal – projecting personhood onto them.
k8c2,ANTHROPOMORPHIC_ANIMAL,high,animal,"The mouse acts with intent and agency (cutting its way out), demonstrating personified behavior within an animal form."
k8c3,ANTHROPOMORPHIC_ANIMAL,high,animal,"The narrative centers on an animal acting with intentionality and adhering to a specific, unusual moral code, effectively projecting personhood onto the animal."
k8d,ANTHROPOMORPHIC_ANIMAL,high,animal,"The core of the motif involves a person being swallowed by an animal acting with intent and agency, effectively functioning as a personified being."
k8e,ANTHROPOMORPHIC_ANIMAL,high,animal,"The act of entering another being via the anus implies agency and intent, projecting personhood onto the animal performing the action."
k8f,ANTHROPOMORPHIC_ANIMAL,high,animal,"The deer are presented as living beings *within* the monster, implying agency and a life beyond simply being prey, thus projecting personhood onto the animals."
k9,METAMORPHOSIS,high,sky,"The central claim is the transformation of a celestial being *into* a feature of the lower world, explaining her presence there, which prioritizes METAMORPHOSIS over CELESTIAL_PAREIDOLIA."
k90,ANTHROPOMORPHIC_ANIMAL,high,animal,"The core of the story involves animals behaving in a manner suggestive of personhood – fighting, seeking help, and offering assistance – indicating a projection of human qualities onto them."
k90a,ANTHROPOMORPHIC_ANIMAL,high,animal,"The serpents are depicted as acting with intent, having kinfolk who seek retribution, and responding to the man's remorse, indicating personified animal behavior."
k90b,METAMORPHOSIS,high,animal,"The story describes a physical blockage *within* the serpent, implying a transformation of the stag/elephant parts into a permanent fixture causing the serpent's ailment, rather than simply resembling"
k91,AUDITORY_PAREIDOLIA,medium,water,"The color/foam rising from the water is interpreted as a sign of the battle's outcome, effectively 'hearing' the results of the fight through the water's visual changes."
k92,PURE_NARRATIVE,high,none,"The story focuses on social dynamics, familial relationships, and character flaws without attributing personhood to natural phenomena or involving transformations; it's a purely human drama."
k92a,PURE_NARRATIVE,high,none,"The description details a plot of social mobility and personal agency, lacking any element of perceived figures in nature or personification of natural elements."
k92b,PURE_NARRATIVE,high,none,"The story focuses on a social interaction and emotional response, lacking any element of perceived figures in nature or personification of natural phenomena."
k93,PURE_NARRATIVE,high,none,The description focuses on social relationships and actions without any element of perceived figures in nature or personification of natural phenomena.
k93a,PURE_NARRATIVE,high,none,This describes a social custom/practice with no element of perceived figures in nature or personification of natural phenomena.
k93b1,METAMORPHOSIS,high,animal,"The fish is internally transformed within the woman, resulting in the birth of a child, which is a clear case of transformation into a new form."
k93b2,METAMORPHOSIS,high,plant,"The apple's consumption directly causes a transformation within the woman, resulting in birth, effectively turning the fruit into the child."
k93b3,METAMORPHOSIS,high,animal,"The story fundamentally explains the birth of animals *through* the consumption of a substance linked to human birth, implying a shared transformative origin and a connection between the woman and the"
k93b4,ANTHROPOMORPHIC_ANIMAL,high,animal,"The animals are giving birth to humans, demonstrating a clear projection of human characteristics and birth onto non-human creatures."
k94,METAMORPHOSIS,high,animal,"The core of the motif is the transformation of the person *through* consuming an animal, effectively becoming imbued with its power and changing their state of being."
k95,METAMORPHOSIS,high,plant,"The description explicitly states a transformation – people becoming intertwined with plants, representing a lasting union even in death."
k96,PURE_NARRATIVE,high,none,The description details a kinship and marriage pattern with no indication of figures perceived in nature or natural phenomena being given personality.
k97,ANTHROPOMORPHIC_ANIMAL,high,animal,"The bird acts with intent, emotion (grief, revenge), and engages in a deliberate act to evoke a specific feeling in the man, demonstrating personhood."
k98,METAMORPHOSIS,high,animal,"The core of the motif is the transformation of a being *into* a house, fulfilling the definition of metamorphosis where a person/animal becomes a natural object."
k99,CELESTIAL_PAREIDOLIA,medium,sky,"The dream contains symbols (suns, moon) that directly correlate to future achievements, indicating a visual perception of figures in celestial bodies as predictive signs."
k99a,PURE_NARRATIVE,high,none,"This motif describes a social dynamic and prophecy fulfillment, lacking any element of perceived figures in nature or personification of natural phenomena."
k99a1,PURE_NARRATIVE,high,none,This describes a plot device – a rescue and subsequent problem-solving – without any element of perceived figures in nature or personification of natural features.
k99a2,PURE_NARRATIVE,high,none,"This is a story about a transaction and its consequences, lacking any element of perceived figures in nature or personification of natural phenomena."
k99b,PURE_NARRATIVE,high,none,"This is a plot-driven story about social transgression and mistaken identity, lacking any element of perceived figures in nature or personification."
k9a,METAMORPHOSIS,high,landform,"The punished person *becomes* a fixed point between heaven and earth via hanging, explaining a visible landmark or phenomenon."
l10,ANTHROPOMORPHIC_ANIMAL,high,animal,"The monster *is* an animal with a defining characteristic that allows it to act as an agent of harm, effectively projecting personhood onto it."
l100,METAMORPHOSIS,high,multiple,"The core of the motif is the transformation of people *into* objects to evade pursuit, prioritizing metamorphosis over simple resemblance."
l100a,METAMORPHOSIS,high,multiple,"The core of the motif is the transformation of a person *into* a natural object to facilitate escape, prioritizing this over a simple visual resemblance."
l100b,METAMORPHOSIS,high,none,"The core of the story involves a forgotten person *reawakening* through magical action, implying a transformation from a state of non-existence or oblivion back into being, which aligns with the motif"
l100c,PURE_NARRATIVE,high,none,The story focuses on social interaction and deception without attributing any personhood or form to natural phenomena; it's a plot-driven narrative about trickery and humiliation.
l100d,PURE_NARRATIVE,high,none,This is a story of social transgression and punishment with no element of perceived figures in nature or personification of natural phenomena.
l100d1,METAMORPHOSIS,high,multiple,"The core of the story is the transformation of an adult man *into* a baby, explaining the deception and motivating the violent acts; this prioritizes METAMORPHOSIS over any potential pareidolic readin"
l100e,PURE_NARRATIVE,high,none,"This is a social drama focused on deception and relationships, lacking any element of perceived figures in nature or personification of natural phenomena."
l100f,PURE_NARRATIVE,high,none,"This is a plot-driven story of miscommunication and flight, lacking any element of perceived figures or personification in nature."
l100f1,PURE_NARRATIVE,high,none,"The story focuses on deception and a resulting chase, lacking any element of perceived figures in nature or personification of natural elements."
l100g,ANTHROPOMORPHIC_ANIMAL,high,animal,"The story centers on a goose behaving in a way that allows the servant to project a false reality, effectively giving the goose human-like agency and deceptive intent."
l101,PURE_NARRATIVE,high,water,"The story focuses on a chase and a tactic for escape, lacking any element of perceived figures in nature or personification of natural phenomena."
l102,ANTHROPOMORPHIC_ANIMAL,high,animal,"The core of the myth involves an animal acting as a husband, exhibiting agency and intent, thus projecting personhood onto the animal."
l103,PURE_NARRATIVE,high,none,This describes a plot device—a tactic in a chase—and contains no element of perceived figures in nature or personification of natural features.
l103a,PURE_NARRATIVE,high,none,"This is a plot-driven story of pursuit and familial rejection, lacking any element of perceived figures in nature or personification of natural features."
l103b,ANTHROPOMORPHIC_ANIMAL,high,animal,"The animals are not merely vehicles but actively participate in rescuing the hero, demonstrating agency and intent beyond simple transportation, thus embodying personified qualities."
l104,METAMORPHOSIS,high,multiple,"The core of the motif is repeated transformation *into* different forms, establishing a clear link to metamorphosis rather than simple personification or pareidolia."
l105,PURE_NARRATIVE,high,animal,"This is a plot-driven story about healing and skill, lacking any element of perceived figures or personhood in natural phenomena; the projectile is a physical object, not a pareidolic one."
l106,PURE_NARRATIVE,high,none,This describes a plot of retrieval with no inherent figure-in-nature element or personification; it's a straightforward action sequence focused on ownership and travel.
l106a,PURE_NARRATIVE,high,none,"The description details a sequence of actions and consequences involving characters and objects, lacking any element of perceived figures in nature or personification of natural phenomena."
l106b,NATURE_SPIRIT_PERSONIFICATION,medium,water,"The wind or water 'carries away' the object, implying agency and a personality associated with the natural force, even if not explicitly stated as a spirit; the 'powerful person' likely controls this "
l107,ANTHROPOMORPHIC_ANIMAL,high,animal,"The beings are described as having animal-like features (huge ears) and these ears define their existence and function, projecting personhood onto a physical trait."
l108,ANTHROPOMORPHIC_ANIMAL,high,animal,"The wolf acts as a person, using deception and communication to achieve its goals, demonstrating personified animal behavior."
l108a,ANTHROPOMORPHIC_ANIMAL,high,animal,"The goat actively *kills* the antagonist and releases captives, demonstrating agency and intent beyond typical animal behavior, thus functioning as a personified actor."
l108b,PURE_NARRATIVE,high,none,"The description focuses on a plot device for disguise and predation, lacking any element of perceived figures in nature or personification of natural features."
l108c,ANTHROPOMORPHIC_ANIMAL,high,animal,"The predator is acting with intent to deceive, projecting a false persona (mother's limb) onto itself to manipulate the victim, which is a clear case of attributing personhood and intent."
l108e,ANTHROPOMORPHIC_ANIMAL,high,animal,"The fox acts as a parent to another animal, exhibiting human-like care and intent, making it a clear case of personhood projected onto an animal."
l108f,AUDITORY_PAREIDOLIA,high,water,"The core of the myth involves perceiving a familiar voice within the sound of the water, luring the child, which is a clear instance of auditory pareidolia."
l108g,METAMORPHOSIS,high,none,"The core of the story involves a transformation in appearance (becoming black, then being washed white), fitting the definition of metamorphosis where a person's state changes into something else."
l109,METAMORPHOSIS,high,plant,"The story centers on a being (monster or person) becoming a gourd, explaining its unusual properties, which is a clear transformation into a natural object."
l10a,ANTHROPOMORPHIC_ANIMAL,high,none,"The demon, while supernatural, *acts* as a predatory being tricked by a deception, exhibiting agency and intent akin to an animal hunter being outsmarted."
l11,TERRESTRIAL_PAREIDOLIA,high,landform,"The description explicitly states objects *have the appearance of* animals and reptiles, indicating a visual perception of animal forms in inanimate objects."
l110,METAMORPHOSIS,high,multiple,"The story centers on beings *inside* the monster's body, implying a transformation into its form and subsequent release, rather than simply resembling a natural phenomenon."
l110a,PURE_NARRATIVE,high,none,"The story focuses on actions, relationships, and consequences without attributing personhood or form to any natural phenomenon; it's a plot-driven narrative of betrayal and revenge."
l110b,METAMORPHOSIS,high,plant,"The story centers on an organ *becoming* a monster that consumes a tree, fitting the definition of transformation into a natural object."
l110c,METAMORPHOSIS,high,none,"The core of the myth is the transformation of an artificial object (clay/wood/straw doll) *into* a living, destructive being, explaining its existence and behavior."
l111,CELESTIAL_PAREIDOLIA,high,sky,"The myth directly perceives agency and action (fishing) within a sky phenomenon (the sky dwellers and their line/hook), fitting the definition of visually perceiving a being in the sky."
l112,METAMORPHOSIS,high,none,"The core of the motif is the incomplete being *becoming* complete, representing a transformation into a fully formed state."
l113,METAMORPHOSIS,high,none,"The handsome man is revealed to be a demon, implying a transformation or disguise that allowed him to appear human, thus fitting the motif of a being changing form."
l114,PURE_NARRATIVE,high,none,The description focuses on plot and social dynamics—sibling relationships and a rescue—without any element of perceived figures in nature or personification of natural phenomena.
l114a,PURE_NARRATIVE,high,none,The story focuses on a plot of escape and trickery with no discernible figure-in-nature element or personification; it's a pure action sequence.
l114b,ANTHROPOMORPHIC_ANIMAL,high,animal,"The description centers on a 'trickster' repeatedly interacting with another being and taking things, implying the trickster acts with intent and agency like a person, even if it's an animal figure."
l114b1,PURE_NARRATIVE,high,none,The description focuses on a plot-driven task with no indication of figures perceived in nature or personification of natural elements.
l114c,PURE_NARRATIVE,high,none,The story focuses on a plot of deception and mistaken identity with no discernible figure-in-nature element or personification.
l115,METAMORPHOSIS,high,none,"The man progressively transforms, shedding borrowed parts until only his skull remains, indicating a fundamental change in being into something else—a skeletal form—rather than a simple resemblance."
l116,PURE_NARRATIVE,high,none,"The story focuses on actions and social interactions—capture, forced performance, recognition, and release—without attributing personhood to natural features or involving transformations."
l116a,METAMORPHOSIS,high,animal,"The core of the myth is the revelation that the doe *is* a transformed person/demon, explaining its unusual golden horns and linking it directly to the transformation motif."
l117,ANTHROPOMORPHIC_ANIMAL,high,none,"The spirit acts as a companion and claims a share of the bride, exhibiting personified intent and behavior, thus fitting the definition of an animal-like entity acting as a person."
l118,ANTHROPOMORPHIC_ANIMAL,high,plant,"The story centers on an animal tricking another being, demonstrating personified animal agency and intent."
l119,CELESTIAL_PAREIDOLIA,medium,sky,"The battle *is* the phenomenon, with the combatants' forms perceived within the sky as a visual spectacle, akin to shapes seen in clouds or other atmospheric events."
l12,CELESTIAL_PAREIDOLIA,medium,sky,"The description details a figure visually perceived *in* the sky (carried by vultures), suggesting a visual pattern or form seen in the sky itself."
l120,METAMORPHOSIS,high,plant,"The core of the myth is the transformation of beings *into* apple-trees, explaining their current form, which prioritizes it over simple visual resemblance."
l120a,ANTHROPOMORPHIC_ANIMAL,high,animal,"The dragoness acts with intent and agency, pursuing the hero and interacting with the smithy in a way that projects personhood onto the animal."
l121,ANTHROPOMORPHIC_ANIMAL,high,animal,"The core of the motif involves a creature *acting* as a human (wife) with malicious intent, projecting personhood onto a non-human being."
l121a,METAMORPHOSIS,high,multiple,"The core of the story revolves around the hunter *becoming* different objects, which directly aligns with the definition of metamorphosis as a transformation into a natural form."
l122,ANTHROPOMORPHIC_ANIMAL,high,animal,"The core of the motif involves a personified animal (the cock) being ridden, indicating a projection of human action and agency onto the animal."
l122a,TERRESTRIAL_PAREIDOLIA,high,landform,The story directly attributes agency and action to a figure perceived *within* the landform (the cracks in the earth) – the act of 'stitching' implies a visual perception of the cracks as wounds being
l123,PURE_NARRATIVE,high,none,"This describes a tactic of evasion, a plot element, with no element of perceiving figures in nature or attributing personality to it."
l124,METAMORPHOSIS,high,plant,"The sinew of the enemy *becomes* the means of cutting the tree, effectively transforming the enemy's essence into the force that affects the natural object."
l125,METAMORPHOSIS,high,none,"The core of the story is the revelation of a non-human being *being* revealed, implying a prior transformation into human form, rather than simply resembling a human."
l126,ANTHROPOMORPHIC_ANIMAL,high,animal,"The bird acts as an agent of suffering and disruption for a human, exhibiting behavior beyond typical avian actions, thus projecting personhood onto it."
l127,NATURE_SPIRIT_PERSONIFICATION,medium,none,"The description details beings existing in another world, implying spirits or entities without a specific pareidolic trigger in natural phenomena, and emphasizes a taboo against acknowledging them, su"
l128,ANTHROPOMORPHIC_ANIMAL,high,animal,"The core of the motif involves animals (or beings treated *as* animals) establishing dominance through naming, projecting personhood and intent onto themselves in relation to a predator."
l13,ANTHROPOMORPHIC_ANIMAL,high,animal,"The core of the motif involves attributing agency and a dangerous personality to a creature, effectively projecting personhood onto an animal."
l130,METAMORPHOSIS,high,none,"The shared eye implies a transformation or merging of individuals into a single physical form, prioritizing transformation over simple visual resemblance."
l14,METAMORPHOSIS,high,animal,"The core of the motif involves a creature *becoming* something larger and dangerous, implying a transformation from a smaller form, which prioritizes METAMORPHOSIS over simply anthropomorphizing the a"
l15a,METAMORPHOSIS,high,landform,"The vulnerability of a specific limb suggests a prior, complete being whose form now manifests as a natural feature, with that limb being the remaining weak point."
l15a1,METAMORPHOSIS,high,none,"The story explains a vulnerability as a result of incomplete transformation, linking the hero's body to a specific, weakened physical state—a transformed but imperfect form."
l15b,PURE_NARRATIVE,high,plant,The story focuses on a specific method of killing and lacks any element of perceived figures or personification in nature.
l15b1,ANTHROPOMORPHIC_ANIMAL,high,animal,"The deer horn, originating from an animal, functions as a crucial weapon with agency in the conflict, implying a projection of power and intent onto the animal's attribute."
l15c,PURE_NARRATIVE,high,none,"This is a plot-driven story about deception and resilience, lacking any element of perceived figures or personification in nature."
l15d,METAMORPHOSIS,high,multiple,"The motif describes a being *becoming* intrinsically linked to, and destroyed with, an external object, effectively transforming into it for the purpose of continued existence."
l15e,METAMORPHOSIS,high,multiple,"The hero's life *is* the sword, representing a transformation of life-force into an object, which is the defining characteristic of metamorphosis even though it involves a narrative of loss and recove"
l15e1,AUDITORY_PAREIDOLIA,medium,water,"The core of the motif relies on the powerful person *hearing* a lack of response from the water – the absence of supernatural phenomena is interpreted as proof of deception, effectively 'hearing' the "
l15f,METAMORPHOSIS,high,none,"The heroine's life is intrinsically linked to the necklace, implying a transformation *into* a state of lifelessness when it's removed, and revival when it's restored – a transformation motif rather t"
l15g,METAMORPHOSIS,high,plant,"The man's life is intrinsically linked to and extinguished with the burning of the wood, representing a transformation of a person into a natural object and its subsequent destruction."
l15h,PURE_NARRATIVE,high,none,"This motif describes a nested containment relationship and a concept of the soul, lacking any element of perceived figures in nature or personification of natural elements."
l15i,METAMORPHOSIS,high,plant,"The hair, once part of the man, retains a life-force connection to him, effectively transforming a part of him into a vital, external element; its removal causes harm as if a part of his being is lost"
l17,TERRESTRIAL_PAREIDOLIA,high,landform,"The description explicitly states a visual perception of human features (eyes/mouth) *on* a body part, indicating a figure perceived within a physical form."
l17a,METAMORPHOSIS,high,multiple,"The extra eyes represent a transformation – a physical alteration resulting in a new feature resembling a natural pattern or object (eyes appearing where they shouldn't), thus prioritizing it over sim"
l17b,TERRESTRIAL_PAREIDOLIA,high,landform,"The second face is a visual perception *on* a body, akin to seeing a face in a rock formation – a figure perceived within a physical form."
l18,METAMORPHOSIS,high,animal,"The multi-headed bird represents a deviation from the natural form of an animal, implying a transformation or unnatural state rather than simple personification or pareidolia of existing features."
l19b,METAMORPHOSIS,high,multiple,"The existence of multiple heads is an unusual physical characteristic that likely originated from observing complex natural forms and then attributing them to a transformed being, rather than a simple"
l1b,METAMORPHOSIS,high,animal,"The central narrative focuses on a woman *becoming* a bear, explaining her monstrous form, rather than simply perceiving a figure *in* a bear."
l1c,METAMORPHOSIS,high,sky,"The core of the myth is the transformation of people *into* stars, explaining their current celestial existence."
l1c1,CELESTIAL_PAREIDOLIA,medium,sky,"The men physically ascend and *remain* in the sky, implying their forms are now a permanent feature or pattern within it, akin to constellations or other perceived figures."
l1c2,PURE_NARRATIVE,high,none,This describes a plot of pursuit and concealment with no element of perceived figures in nature or personification of natural phenomena.
l1d,ANTHROPOMORPHIC_ANIMAL,high,animal,"The jaguar acts as a predatory being who actively harms people, effectively functioning as a personified threat."
l1e,METAMORPHOSIS,high,animal,"The creation of the bird directly involves the transformation of flesh or starch into a new being, fitting the definition of metamorphosis where a substance *becomes* something else."
l1f,METAMORPHOSIS,high,none,"The core of the story is the woman *becoming* a monster, explaining her monstrous form as a result of grief and revenge, which prioritizes METAMORPHOSIS over any potential pareidolic reading."
l20,ANTHROPOMORPHIC_ANIMAL,high,animal,"The cannibalistic behavior projects a predatory, animalistic nature onto the human character, effectively making them 'act like' a dangerous beast."
l20a,ANTHROPOMORPHIC_ANIMAL,high,animal,"The core of the story involves a human acting towards animals (parrots) in a way that implies intentionality and a predatory relationship, effectively projecting personhood onto the act of consuming t"
l21,PURE_NARRATIVE,high,plant,This is a straightforward plot of trickery and escape with no element of perceived figures in nature or personification of natural features.
l22,AUDITORY_PAREIDOLIA,medium,sound,"The description suggests people are vulnerable during sleep because they misinterpret or don't recognize the sounds of approaching spirits as dangerous, implying a pareidolic hearing of neutral or eve"
l22a,METAMORPHOSIS,high,none,"The motif describes a transformation *into* a state of blindness, implying a change in being rather than simply perceiving a figure within nature."
l23,METAMORPHOSIS,high,multiple,"The core of the myth involves a being actively *transforming* into various forms to evade capture, which prioritizes METAMORPHOSIS over simple visual resemblance."
l23a,METAMORPHOSIS,high,multiple,"The core of the motif is a person changing *into* natural elements, specifically fire and water, making it a clear case of transformation rather than simply perceiving a figure within them."
l23b,METAMORPHOSIS,high,none,"The core of the motif is a being *becoming* an object (a spindle), directly linking to the definition of metamorphosis."
l24,TERRESTRIAL_PAREIDOLIA,medium,landform,"The demons' den within a cave or tree hollow suggests a perceived face or personality within the landform itself, motivating the attack and subsequent fiery 'suffocation' of the perceived being."
l25,METAMORPHOSIS,high,none,"The demonic being's actions – consuming brains/eyes – functionally *transform* the victims, and the story centers on revealing the true, monstrous form hidden within a seemingly human guise."
l26,ANTHROPOMORPHIC_ANIMAL,high,animal,"The 'supernatural beings' are acting as agents with intent and rules, effectively embodying personhood despite their non-human nature, and are being actively engaged with as if they were people."
l27,PURE_NARRATIVE,high,none,"The description focuses on a plot involving encounters and actions, lacking any element of perceived figures in nature or personification of natural phenomena."
l27a,PURE_NARRATIVE,high,none,"This is a plot-driven story of pursuit and escape with no discernible figure-in-nature element or personification; it focuses on actions and relationships between beings, not pareidolic perception."
l28,METAMORPHOSIS,high,animal,"The core of the myth is the transformation of a person *into* an animal, specifically a snake or fish, due to a transgression."
l28a,NATURE_SPIRIT_PERSONIFICATION,medium,water,"The flood is a reaction to a transgression against the spirit of the water, embodied by the snake/fish, indicating a presiding personality without a specific pareidolic trigger."
l29,METAMORPHOSIS,high,water,"The narrative centers on a transformation or attack *following* the consumption of the fish, implying the fish itself is not merely resembling something, but is intrinsically linked to the character's"
l3,METAMORPHOSIS,high,none,"The core of the motif is a being *becoming* a demon in human form, explaining the appearance of a monstrous husband – this prioritizes METAMORPHOSIS over any potential personification or narrative ele"
l30,METAMORPHOSIS,high,water,"The extreme thirst is implicitly linked to the transformation of the taboo-breaker, often into a water source or embodying watery qualities as a consequence of the act."
l31,METAMORPHOSIS,medium,multiple,"The 'sticking' implies a transformation or adhesion to something natural, and the destination (water/sky) suggests a change in state or location motivated by the object/creature's inherent nature."
l31a,CELESTIAL_PAREIDOLIA,high,sky,"The motif explicitly involves perceiving a figure (the descending object) in the sky and children interacting with it, leading to their ascent – a clear visual perception in a sky phenomenon."
l31b,ANTHROPOMORPHIC_ANIMAL,high,animal,"The reptile acts as a vehicle, demonstrating agency and intentionality beyond typical animal behavior, effectively functioning as a personified carrier."
l32,METAMORPHOSIS,high,landform,"The core motif is people being *transformed* into stone, explaining the stone's monstrous nature and behavior."
l33,TERRESTRIAL_PAREIDOLIA,high,landform,"The stone is perceived as an agent with intent, actively pursuing and attacking people, thus projecting personhood onto a landform."
l33a,ANTHROPOMORPHIC_ANIMAL,high,landform,"The rock is animated with intent and actively pursues the trickster, demonstrating personified agency beyond simply being a setting."
l33b,ANTHROPOMORPHIC_ANIMAL,high,landform,"The rock is treated as a competitor with agency, effectively acting as a person in a contest, which aligns with projecting personhood onto a non-human entity."
l33c,ANTHROPOMORPHIC_ANIMAL,high,landform,"The rock is personified as a racer with agency and intent, competing against the trickster, indicating a projection of personhood onto an inanimate object."
l33d,TERRESTRIAL_PAREIDOLIA,high,landform,"The rock is presented as a monstrous entity actively causing harm, implying a perceived face or form within the rock itself."
l33e,ANTHROPOMORPHIC_ANIMAL,high,none,"The trickster's actions imply personhood and intent regarding an inanimate object, effectively treating it *as if* it were a person with possessions."
l33f,METAMORPHOSIS,high,landform,"The story centers on a rock being broken, implying it *was* something else (pursuing the person) before being destroyed, fitting the transformation motif."
l33g,TERRESTRIAL_PAREIDOLIA,high,landform,"The core motif involves perceiving a being *in* a rock (or tree), which actively lures and consumes people, establishing a visual likeness as central to the narrative."
l34,METAMORPHOSIS,high,plant,"The enemy's straw costume/hair is *set on fire*, enacting a transformation of the object into flame and implying a change in the enemy's state due to that fire."
l35,ANTHROPOMORPHIC_ANIMAL,high,animal,"The 'shaman' or 'bush spirit' acts as a personified being with intent, entering the hut to steal or engage in sexual activity, demonstrating human-like agency projected onto a non-human entity."
l36,METAMORPHOSIS,high,plant,"The wife's transformation into a demonic creature directly explains the danger presented by the tree itself, fitting the motif of a person becoming a natural feature/threat."
l37a,PURE_NARRATIVE,high,none,"The description is too vague to identify any pareidolic or personification motifs; it suggests a quest for knowledge about problems, which is purely narrative in nature."
l37a1,ANTHROPOMORPHIC_ANIMAL,high,animal,"The central conflict revolves around an animal (wolf/bear/lion) acting with intent and judgment towards a human, essentially treating him as a person deserving of punishment, which defines anthropomor"
l37a2,PURE_NARRATIVE,high,water,"The story focuses on a transaction and a trick, lacking any perception of figures or personalities within natural phenomena; it's a plot-driven exchange."
l37b,AUDITORY_PAREIDOLIA,high,animal,"The motif centers on *hearing* voices/secrets within natural sounds (animal vocalizations), attributing intentionality and meaning to them, which is the core of auditory pareidolia."
l37b1,NATURE_SPIRIT_PERSONIFICATION,medium,animal,"The toad is implicitly connected to household fortune, acting as a spirit influencing well-being without a specific pareidolic trigger."
l37c,NATURE_SPIRIT_PERSONIFICATION,high,none,"Misfortune is presented as a being *of* bad luck, a spirit-like entity without a specific pareidolic trigger in nature, and the story focuses on its agency rather than a perceived form."
l38,PURE_NARRATIVE,high,none,"The description focuses on plot and action (demon setting a trap, hero falling into it) without any element of perceived figures in nature or personification."
l38a,METAMORPHOSIS,high,multiple,"The core of the motif involves a person becoming adhered to, and thus *transformed* into part of, an object or creature, explaining its sticky nature."
l39,TERRESTRIAL_PAREIDOLIA,medium,plant,"The tree provides a hiding place, implying a perceived 'presence' or personality within the landform that allows for concealment and subsequent forced descent."
l39a,PURE_NARRATIVE,high,none,"The story describes an attack with no element of perceived figures in nature, transformation, or personification of natural elements."
l39b,METAMORPHOSIS,high,plant,"The story centers on an object (doughnut) transforming into a tree, explaining its unusual fruit—this is a clear case of transformation into a natural object."
l39c,METAMORPHOSIS,high,plant,"The rapid growth of the tree, appearing suddenly, suggests a transformation or manifestation linked to the boy's action of planting the seed, effectively turning the seed *into* a tree with agency (at"
l3a,PURE_NARRATIVE,high,none,The story describes a social interaction and a violent outcome without any element of perceived figures in nature or personification of natural phenomena.
l4,PURE_NARRATIVE,high,none,This is a plot-driven story of crime and escape with no element of perceived figures in nature or personification of natural phenomena.
l40,METAMORPHOSIS,high,water,"The story describes a being *becoming* real from a reflection in water, which is a transformation into a physical form."
l40a,TERRESTRIAL_PAREIDOLIA,high,water,"The woman perceives her own likeness (or a desired likeness) *in* the water's reflection, demonstrating a visual pareidolia of a face."
l40b,ANTHROPOMORPHIC_ANIMAL,medium,animal,"The absurd actions are characteristic of a trickster figure, often embodied by an animal, attempting to manipulate another being."
l41,PURE_NARRATIVE,high,none,This is a straightforward plot of capture and escape with no indication of figures perceived in nature or personification of natural elements.
l41a,METAMORPHOSIS,high,landform,The hero's substitution with a stone directly explains the stone's presence and implies a transformation of the hero *into* the stone to facilitate his escape.
l41b,METAMORPHOSIS,high,multiple,"The victims are *placed into* the basket, implying a transformation into a state of being contained and immobilized within it, effectively becoming part of the basket's 'substance' (pitch)."
l42,PURE_NARRATIVE,high,none,This is a straightforward plot of capture and escape with no element of perceived figures in nature or personification of natural features.
l42a,ANTHROPOMORPHIC_ANIMAL,high,animal,"The ogre, while not a typical animal, functions as a monstrous being with predatory behavior, essentially acting as a personified, monstrous creature—an animalistic figure with intent."
l42b,ANTHROPOMORPHIC_ANIMAL,high,animal,"The ogre, while monstrous, functions as a predatory animal figure whose offspring is deceived and killed, projecting personhood and intent onto a creature acting on instinct."
l42c,PURE_NARRATIVE,high,none,"The description details a chase and hiding, lacking any element of perceived figures in nature or personification of natural elements."
l42d,METAMORPHOSIS,high,water,"The ogre's tongue becoming frozen *is* the transformation of a body part into a feature of the natural world (ice), explaining its presence and immobility."
l42e,PURE_NARRATIVE,high,none,This is a straightforward plot of capture and escape with no element of perceived figures in nature or personification of natural features.
l42f,PURE_NARRATIVE,high,none,"The story focuses on actions and consequences within a social context, lacking any element of perceived figures in nature or personification of natural elements."
l42g,PURE_NARRATIVE,high,none,"The story focuses on abandonment, survival, and overcoming adversity with no discernible figure-in-nature element or personification."
l42g1,AUDITORY_PAREIDOLIA,high,sound,"The children perceive their father's presence and activity in the sounds of the tree trunk being struck by the wind, projecting his actions onto the natural phenomenon."
l42g2,PURE_NARRATIVE,high,none,"The story describes an action and its consequence without attributing personhood or agency to natural features, nor does it involve visual or auditory pareidolia or transformation."
l42h,ANTHROPOMORPHIC_ANIMAL,high,animal,"The ogres, while monstrous, act as predatory beings with social structures and intent, effectively functioning as personified animals engaging in a hunt and subsequent cannibalistic feast."
l42i,PURE_NARRATIVE,high,none,This is a straightforward plot of rescue with no indication of figures perceived in nature or personification of natural elements.
l42i1,PURE_NARRATIVE,high,water,"The story focuses on actions and escape, lacking any element of perceived figures in nature or personification of natural features."
l42j,ANTHROPOMORPHIC_ANIMAL,high,animal,"The fox actively releases the children, demonstrating personified intent and action beyond simple animal behavior."
l43,ANTHROPOMORPHIC_ANIMAL,high,animal,"The ogre, while humanoid, exhibits bestial eating habits (filth, insects) and predatory behavior towards the hero, effectively functioning as a monstrous animal figure."
l44,ANTHROPOMORPHIC_ANIMAL,high,animal,"The man deceives the ogre by presenting animal body parts as his own, effectively embodying an animal persona to avoid being eaten."
l44a,ANTHROPOMORPHIC_ANIMAL,high,animal,"The story centers on tricking the ogre with animal parts, effectively giving the animal a deceptive agency and personified role in the interaction."
l44b,METAMORPHOSIS,high,multiple,"The core of the story is the *transformation* of disability into ability triggered by specific emotional states, explaining a change in physical form – a clear case of pareidolia retold as metamorphos"
l45,ANTHROPOMORPHIC_ANIMAL,high,animal,"The story centers on an animal acting as a guard/watchman, exhibiting intentionality and a role typically held by a person, thus projecting personhood onto the animal."
l46,METAMORPHOSIS,high,none,"The motif describes a change in orientation that fundamentally alters perception, implying a transformation of the person into a state where 'down' is their new normal, akin to becoming something else"
l47,TERRESTRIAL_PAREIDOLIA,medium,landform,"The enemy's backward movement and positioning against a tree/rock creates a visual scenario where the landform facilitates the hero's action, implying a perceived 'assistance' or 'figure' within the l"
l48,TERRESTRIAL_PAREIDOLIA,medium,landform,"The location (tree, rock, precipice) serves as a deceptive element, visually masking the fallen comrade as something else to the remaining enemies, creating a form of visual misrecognition akin to par"
l49,METAMORPHOSIS,high,landform,"The falling body parts represent a transformation of a person into elements found on the land, and the act of 'taking them for game' implies a perceived origin in a former living being."
l50,TERRESTRIAL_PAREIDOLIA,high,landform,"The ogre *is* the cliff, or inextricably linked to it, using its form to lure and kill – a clear visual perception of a being within the landform."
l51,ANTHROPOMORPHIC_ANIMAL,high,water,"The 'water creatures' are acting as agents of destruction, effectively behaving as predators with intent, thus projecting personhood onto them."
l52,ANTHROPOMORPHIC_ANIMAL,high,plant,"The bird actively *helps* the hero escape, implying agency and person-like intent beyond simply being a natural element."
l53,METAMORPHOSIS,high,landform,"The monster's body *becomes* the recipient of the stones, effectively transforming it into a geological feature or a contained space, and the story focuses on this 'filling' as the means of neutraliza"
l54,NATURE_SPIRIT_PERSONIFICATION,medium,water,"The lake's 'boiling' suggests an angered spirit needing appeasement, without a specific visual or auditory trigger being described."
l55,ANTHROPOMORPHIC_ANIMAL,high,animal,"The motif centers on a creature with orifices being targeted, implying personified animal characteristics rather than a simple natural phenomenon."
l56,ANTHROPOMORPHIC_ANIMAL,high,animal,"The story centers on an animal behaving as a container for fire, implying personified internal space and agency."
l57,PURE_NARRATIVE,high,none,This is a plot-driven story about retrieval of property with no indication of figure-in-nature elements or personification.
l57a,PURE_NARRATIVE,high,none,"This describes a plot involving loss and recovery, lacking any element of perceived figures in nature or personification of natural features."
l57b,METAMORPHOSIS,high,multiple,"The demon's body part *becomes* a component of the person, and the story centers on the demon reclaiming that transformed piece of itself."
l58,METAMORPHOSIS,high,multiple,"The core of the story is the transformation of the man or his food into another form as a direct consequence of his behavior, prioritizing this over any potential pareidolic reading."
l59,METAMORPHOSIS,high,none,"The core of the myth is the transformation of a person into something else as a direct consequence of their actions, fitting the definition of metamorphosis."
l59a,METAMORPHOSIS,high,animal,"The core of the myth involves individuals being *transformed* into parts of a whale or other sea creatures as punishment, directly fitting the definition of metamorphosis."
l5c,TERRESTRIAL_PAREIDOLIA,high,landform,"The 'rolling head' is a visual perception of a shape in the landscape, pursuing figures, implying a face or form seen in a rock, hill, or other land feature."
l5d,TERRESTRIAL_PAREIDOLIA,high,landform,"A rolling head implies a head-shaped landform experiencing a sensation, directly perceiving a figure in the landscape."
l5e,METAMORPHOSIS,high,none,"The story centers on the transformation of a person (the wife) into a pursuing body, explaining a haunting phenomenon – this is a clear case of pareidolia retold as transformation."
l5f,TERRESTRIAL_PAREIDOLIA,high,landform,"The skull *is* a face perceived in a landform (implicitly, a rock or earth formation), and functions as a familial figure."
l5g,METAMORPHOSIS,high,landform,"The story describes a human head becoming a stationary landform feature after separation from the body, fitting the definition of transformation into a natural object."
l5h,METAMORPHOSIS,high,landform,"The story describes a being becoming permanently fixed within a natural opening (the hole), and a physical separation resulting in a detached head, indicating transformation into a part of the landsca"
l6,TERRESTRIAL_PAREIDOLIA,medium,landform,The demon clinging to the person can be interpreted as a visual pareidolia where the person's body becomes a landscape upon which a figure (the demon) is perceived.
l60,METAMORPHOSIS,high,none,"The core of the story is a transformation – a baby becoming a man and back again – which explains a perceived change in form, prioritizing this over any potential personification."
l61,PURE_NARRATIVE,high,none,"This describes a self-destructive act with no element of perceived figures in nature, personification of natural features, or transformation into them."
l62,TERRESTRIAL_PAREIDOLIA,high,landform,"The story centers on a figure *in* stone (a landform) who acts with agency, indicating a perceived personhood within the rock itself."
l63,ANTHROPOMORPHIC_ANIMAL,high,animal,"The depiction of eating with non-oral orifices projects animalistic behaviors and personhood onto bodily functions, effectively treating the body part *as* an acting agent."
l64,METAMORPHOSIS,high,none,"The act of removing and replacing a body part constitutes a temporary transformation, even if self-inflicted, prioritizing it over simple personification or narrative."
l65,METAMORPHOSIS,high,none,"The 'baby' is revealed to be something else entirely – a demon in disguise – representing a transformation from a seemingly harmless form into a monstrous one, which explains its destructive behavior."
l65a,PURE_NARRATIVE,high,none,"The story focuses on actions, kinship, and pursuit without attributing any personhood or form to natural phenomena; it's a plot-driven tale of familial horror."
l65b,ANTHROPOMORPHIC_ANIMAL,high,animal,"The dogs are acting with intent to save their master, exhibiting human-like loyalty and agency beyond typical animal behavior."
l65c,METAMORPHOSIS,medium,none,"While horrific, the elder sister's cannibalism often results in her *becoming* something monstrous or associated with a natural force, representing a transformation from human to something other, even"
l65d,METAMORPHOSIS,high,none,"The elder sister's transformation into a cannibalistic being, and the implication that this is a fundamental change in her nature, prioritizes metamorphosis over simple personification or narrative."
l66,PURE_NARRATIVE,high,landform,The story focuses on action and overcoming a challenge without attributing personhood or form to any natural feature; the tunnel is simply a means to an end.
l67,TERRESTRIAL_PAREIDOLIA,high,animal,"The monster's body *is* the landform/obstacle, and the hairless spot created by the mouse's gnawing represents a vulnerability perceived within that form, allowing the hero to penetrate it."
l68,METAMORPHOSIS,high,none,"The core of the story is a transformation from person to monster, explaining a changed state rather than simply perceiving a likeness."
l69,ANTHROPOMORPHIC_ANIMAL,high,animal,"The puma/jaguar actively *fights* a monster to rescue a man, demonstrating agency and intent beyond typical animal behavior."
l6a,ANTHROPOMORPHIC_ANIMAL,high,animal,"The 'weak and feeble person' is revealed to be a heavy animal (often a deer or similar) clinging to the man, projecting personhood and intent onto the animal's behavior."
l7,ANTHROPOMORPHIC_ANIMAL,high,animal,"The core of the motif involves a being with agency (the spirit/monster) mistakenly pursuing an animal, demonstrating projected personhood and intent onto the animal."
l70,PURE_NARRATIVE,high,none,"The description focuses on action and misjudgment, lacking any element of perceived figures or personification within nature."
l71,ANTHROPOMORPHIC_ANIMAL,high,animal,"The trickster acts as a person with intent, engages in social interaction (sharing a meal), and ultimately suffers a fate due to their actions, fitting the definition of an animal embodying personhood"
l72,METAMORPHOSIS,high,multiple,"The core of the myth involves objects being *transformed* into obstacles, directly explaining their presence and function as impediments to the pursuer, prioritizing this over a simple visual resembla"
l72a,METAMORPHOSIS,high,plant,"The core of the myth is the transformation of an object (a comb) *into* a natural feature (a thicket), explaining its current form."
l72b,METAMORPHOSIS,high,landform,"The core of the myth is the transformation of an object (whetstone) *into* a landform (mountain), explaining its current existence."
l72c,METAMORPHOSIS,high,landform,"The mirror's transformation into a landform (ice, lake) is the central action and explains the obstacle's existence."
l72d,PURE_NARRATIVE,high,none,This is a plot-driven escape sequence with no element of perceived figures in nature or personification.
l72e,ANTHROPOMORPHIC_ANIMAL,high,animal,"The core of the motif relies on animals actively warning the pursuer and preventing theft, demonstrating anthropomorphic behavior and intent."
l72f,PURE_NARRATIVE,high,none,This is a plot-driven escape tactic with no element of perceived figures in nature or personification of natural features.
l72g,METAMORPHOSIS,high,landform,"The salt thrown transforms into a physical obstacle (a pillar of salt) that alters the landscape and explains its current form, prioritizing transformation over simple visual resemblance."
l73,METAMORPHOSIS,high,water,"The story explains the river's continued existence by claiming the ogre *became* the bursting point, transforming into the event itself."
l73a,PURE_NARRATIVE,high,none,"This describes a tactic used by characters in flight, focusing on action and strategy without any element of perceived figures in nature."
l74,ANTHROPOMORPHIC_ANIMAL,high,animal,The core of the story involves a bear acting with intent and agency – stealing and possessing a human hand – which defines it as projecting personhood onto an animal.
l74a,PURE_NARRATIVE,high,none,"This describes a plot involving capture, torture, and rescue, lacking any element of perceived figures in nature or personification of natural features."
l75,PURE_NARRATIVE,high,none,This is a story of birth and fratricide with no element of perceived figures in nature or personification of natural phenomena.
l76,ANTHROPOMORPHIC_ANIMAL,high,animal,"The ogress, while not a typical animal, functions as a predatory being with animalistic behavior (devouring parts of a victim) and is presented as an acting, intentional agent."
l77,ANTHROPOMORPHIC_ANIMAL,high,animal,"The girl's behavior of 'devouring' people projects animalistic instincts and personhood onto the act of eating, effectively making her a predatory being."
l78,METAMORPHOSIS,high,animal,"The core of the motif involves transformation *into* an animal form (jaguar), prioritizing it over simple animal personification."
l79,PURE_NARRATIVE,high,none,"The story focuses on social dynamics and conflict between wives, lacking any element of perceived figures in nature or personification of natural phenomena."
l7a,ANTHROPOMORPHIC_ANIMAL,high,animal,"The demon's behavior of 'sticking' implies a projection of agency and intent onto a non-human entity, effectively treating it as a personified being."
l7b,ANTHROPOMORPHIC_ANIMAL,high,water,"The spirit's mistaken chase implies projecting intent and agency onto an inanimate object (the gourd), effectively treating it *as if* it were a living being with motivations."
l80,METAMORPHOSIS,high,multiple,"The uncontrolled blood/flesh represents a transformation into a new, potentially monstrous form, motivating the narrative and acting as a visible 'likeness' of the original being's continued existence"
l81,PURE_NARRATIVE,high,none,The story describes a simple encounter and conflict without any element of perceived figures in nature or transformation into natural objects.
l81a,ANTHROPOMORPHIC_ANIMAL,high,animal,"The cat acts with intent and agency, performing a trick as a direct result of being offended, thus projecting personhood onto the animal."
l81a1,TERRESTRIAL_PAREIDOLIA,high,landform,"The story centers on misinterpreting an inanimate object (the bead) as a living entity (a coal), demonstrating visual pareidolia of life in a terrestrial object."
l81a2,NATURE_SPIRIT_PERSONIFICATION,medium,none,"The 'demonic person' is a supernatural entity acting on a desire (drinking blood) without a clear visual or auditory trigger in nature, representing a spirit-like force rather than a perceived figure "
l81a3,METAMORPHOSIS,high,none,"The core of the story is the demon's appearance changing based on the girl's perception, effectively transforming from a disgusting form to a golden one in her eyes, and then revealing the true form—t"
l81b,PURE_NARRATIVE,high,none,"This is a plot-driven event with no element of perceived figures in nature, personification, or transformation; it's a trick played on the hero, a pure action sequence."
l82,METAMORPHOSIS,high,none,"The core of the story is a person transforming into a demon as a direct result of being burned, establishing a clear transformation into a new form."
l83,METAMORPHOSIS,high,multiple,"The core of the motif is the transformation of a body part into a natural phenomenon (thunder/lightning), fitting the definition of metamorphosis prioritizing transformation over mere resemblance."
l84,ANTHROPOMORPHIC_ANIMAL,high,plant,"The 'bush spirits' are acting as people with intent and tools, projecting personhood onto non-human entities."
l85,METAMORPHOSIS,high,multiple,"The description details beings *lacking* parts of their bodies, implying a transformation or incomplete formation resulting in a specific physical state resembling a natural lack or absence."
l85a,METAMORPHOSIS,high,none,"The core of the motif involves a transformation from a partial human state *into* a complete human, fitting the definition of someone becoming a natural (or in this case, complete) object/being."
l85b,METAMORPHOSIS,high,none,"The disfigurement at birth and subsequent attainment of a normal body represent a transformation, even if supernatural in origin, and this is the central motif."
l85b1,METAMORPHOSIS,high,multiple,"The core of the motif is a transformation – an incomplete being *becomes* a complete one, with the sky acting as the location of this change, thus prioritizing metamorphosis over a simple location-bas"
l85c,ANTHROPOMORPHIC_ANIMAL,high,animal,"The motif explicitly describes a being with animal characteristics and personhood, fitting the definition of an anthropomorphic animal."
l85d,METAMORPHOSIS,medium,landform,"The giant's missing limbs suggest a past encounter resulting in physical transformation/loss, explaining his current state as a permanent feature – a form of embodied narrative of a past event."
l86,METAMORPHOSIS,high,none,"The core of the myth is the woman *becoming* a demon, explaining her current monstrous form, which prioritizes it over any potential pareidolia."
l87,METAMORPHOSIS,high,none,"The narrative centers on a transformation *into* a cannibal, motivated by the initial taste – a likeness between self and other fuels the change."
l88,METAMORPHOSIS,high,none,"The ogre's revival upon being touched implies a transformation *from* death/remains *back to* life, fitting the motif of a being changing form."
l89,METAMORPHOSIS,high,animal,"The core of the motif is the transformation of humans *into* animals/monsters, triggered by consumption, making it a clear case of metamorphosis rather than simple personification or pareidolia."
l90,TERRESTRIAL_PAREIDOLIA,high,landform,"The description explicitly states a visual perception of a monstrous form *in* the land (reaching from earth to sky), fitting the definition of perceiving a figure in a landform."
l90a,TERRESTRIAL_PAREIDOLIA,high,landform,"The house standing on bird legs visually projects a figure (the bird) onto a landform (the legs supporting the house), creating a pareidolic image."
l91,METAMORPHOSIS,high,multiple,"The core of the myth is the transformation of a person into a serpent as a direct result of interacting with (and consuming) the serpent creature, making transformation the defining motif."
l92,ANTHROPOMORPHIC_ANIMAL,high,animal,"The animal actively substitutes for the ogre and interacts with him as a person would, demonstrating agency and intent beyond simple animal behavior."
l93,ANTHROPOMORPHIC_ANIMAL,high,animal,The central action involves an animal performing a distinctly human action (throwing/carrying an axe) indicating a projection of personhood onto the animal.
l93a,ANTHROPOMORPHIC_ANIMAL,high,animal,"The motif centers on an animal exhibiting human-like cunning and agency in assisting people, defining it as a personified animal rather than a simple narrative element."
l93b,ANTHROPOMORPHIC_ANIMAL,high,animal,"The rabbit exhibits cunning and agency, actively saving a person, thus functioning as a personified being."
l94,PURE_NARRATIVE,high,none,"This is a plot-driven story of a bargain and its consequences, lacking any element of perceived figures in nature or personification of natural features."
l94a,TERRESTRIAL_PAREIDOLIA,medium,landform,"The beard is implied to be a feature of the land (e.g., a root, vine, or rock formation) that physically traps the man, representing a visual perception of a figure in the landscape."
l95,PURE_NARRATIVE,high,none,"This is a plot-driven scenario about actions and consequences, lacking any element of perceived figures in nature or personification of natural phenomena."
l95a,METAMORPHOSIS,high,multiple,"The motif centers on an organ *becoming* a physical object in the world, triggering a supernatural event, which aligns with the core idea of transformation into a natural feature."
l96,METAMORPHOSIS,high,animal,"The core of the motif is a person *becoming* an animal, fulfilling the definition of transformation and prioritizing it over potential personification."
l96a,AUDITORY_PAREIDOLIA,high,sound,"The emergence of a demon is triggered by the *sound* of a sigh or interjection resembling a name, representing a perceived personality within the sound itself."
l96b,METAMORPHOSIS,high,none,"The core of the story involves a transformation – the yogi/demon *becomes* the fate suffered by the man, explaining the outcome of the test; it's not simply a resemblance or personification."
l97,METAMORPHOSIS,high,landform,"The description explicitly details a human becoming fixed to the ground, implying a transformation into a land-bound form rather than simply perceiving a shape in the land."
l98,ANTHROPOMORPHIC_ANIMAL,high,animal,"The owl is depicted as actively harmful to humans, exhibiting intentionality and predatory behavior beyond typical animal actions, thus projecting personhood onto it."
l99,ANTHROPOMORPHIC_ANIMAL,high,animal,"The story hinges on the man's interaction with an animal helper who aids his escape, effectively granting the animal person-like agency and intent."
l9a,METAMORPHOSIS,high,animal,"The injured leg is transformed into a weapon, explaining its altered form and function, prioritizing transformation over simple injury."
l9b,METAMORPHOSIS,high,none,"The description explicitly states a bodily feature *being like* a tool, implying a transformation of form or function into something else—a core element of metamorphosis."
l9c,METAMORPHOSIS,high,landform,"The description implies a human form *having* a landform-like (axe-shaped rock) feature as part of their body, indicating transformation into or integration with a natural object."
l9d,METAMORPHOSIS,high,landform,"The description implies a transformation of hands into weapon-like forms, explaining their deadly appearance and function."
l9e,ANTHROPOMORPHIC_ANIMAL,high,animal,"The description details a character with a non-human physical trait (metallic nose), implying personification of an animal or being beyond typical human form."
m10,METAMORPHOSIS,high,plant,"The core of the myth involves a transformation *into* honey or a bee, directly linking a person to a natural substance, prioritizing this over a simple resemblance."
m100,ANTHROPOMORPHIC_ANIMAL,high,animal,"The story features animal characters acting with intent and engaging in deceptive behavior, fitting the definition of anthropomorphic animals."
m100a,ANTHROPOMORPHIC_ANIMAL,high,animal,"The core of the story involves an animal acting with intent and employing social pressure (referencing ancestry) to cause another's demise, demonstrating personified behavior."
m101,ANTHROPOMORPHIC_ANIMAL,high,animal,"The animals exhibit fear and express it verbally, demonstrating personified behavior and intent."
m101a,ANTHROPOMORPHIC_ANIMAL,high,animal,"The predator acts and speaks as a person, boasting and proposing a contest, demonstrating projected personhood onto the animal."
m101b,ANTHROPOMORPHIC_ANIMAL,high,animal,"The predator acts with intent and recognizes stages of life in a human, demonstrating projected personhood onto the animal."
m102,METAMORPHOSIS,high,animal,"The story centers on a person desiring to *become* like the bird and turtle by having body parts removed, explaining their apparent lack of limbs/head – this is transformation motivated by perceived l"
m103,PURE_NARRATIVE,high,none,The story focuses on actions and beliefs with no element of perceived figures in nature or personification of natural phenomena.
m104,PURE_NARRATIVE,high,none,This is a plot-driven story of deception and reciprocal killing with no element of perceived figures in nature or personification.
m105,PURE_NARRATIVE,high,none,This is a plot-driven story of deception and patricide/matricide with no element of perceived figures in nature or personification.
m105a,PURE_NARRATIVE,high,none,The description indicates an action (killing) and social dynamic (children as victims) without any element of perceived figures in nature or personification of natural features.
m106,ANTHROPOMORPHIC_ANIMAL,high,animal,"The core of the motif relies on others misinterpreting the 'name' as a common word, effectively projecting a quality or action onto the person *as if* they were an animal or object embodying that word"
m106a,ANTHROPOMORPHIC_ANIMAL,high,animal,"The demons are tricked by a linguistic play on 'myself' and 'nobody', effectively projecting personhood and intent onto the words themselves, functioning as a trickster tale akin to animal tricksters."
m106b,PURE_NARRATIVE,high,none,"The story focuses on deception and social dynamics among demons, lacking any element of perceived figures in nature or personification of natural phenomena."
m106c,ANTHROPOMORPHIC_ANIMAL,high,animal,"The trickster figure, 'The Guest', embodies a personality and intent focused on self-gain (eating all the food), acting as a person despite being a deceptive entity."
m106d,PURE_NARRATIVE,high,none,"The description focuses on social dynamics and deception, lacking any element of perceived figures in nature or personification of natural phenomena."
m106e,ANTHROPOMORPHIC_ANIMAL,high,none,"The 'trickster' explicitly *is* Long Winter, embodying the concept as a personified being who interacts with humans and receives provisions, demonstrating projected personhood."
m106f,ANTHROPOMORPHIC_ANIMAL,high,animal,"The 'stranger' is consistently a trickster figure, often an animal (like a fox or raven) acting with human-like cunning and intent to deceive, establishing personhood onto the animal."
m106g,ANTHROPOMORPHIC_ANIMAL,high,animal,"The cow is treated as if it has agency and a need to graze in an unusual location, implying personified behavior."
m107,ANTHROPOMORPHIC_ANIMAL,high,animal,"The turtle acts with intent and agency, performing a violent act that defines its character, thus projecting personhood onto the animal."
m108,ANTHROPOMORPHIC_ANIMAL,high,animal,"The core of the motif involves a being with animal characteristics acting with human-like intent and deception, fitting the definition of an anthropomorphic animal trickster."
m108a,ANTHROPOMORPHIC_ANIMAL,high,animal,"The core of the story involves an animal acting with human-like agency and social roles (being adopted as a son), fitting the definition of an anthropomorphic animal."
m109,ANTHROPOMORPHIC_ANIMAL,high,animal,"The core of the story involves an animal acting with human-like intent and giving advice, fitting the definition of an anthropomorphic animal."
m109a,ANTHROPOMORPHIC_ANIMAL,high,animal,"The story features an animal giving advice and ultimately being transformed due to following it, demonstrating personified animal behavior."
m109a1,ANTHROPOMORPHIC_ANIMAL,high,animal,"The story features an animal acting with intent to deceive, essentially *playing* the role of an injured person."
m109b,ANTHROPOMORPHIC_ANIMAL,high,animal,"The core of the story involves animals acting with human-like deceit and intent, establishing them as personified actors rather than simply part of the natural world."
m109c,ANTHROPOMORPHIC_ANIMAL,high,animal,"The story centers on an animal exhibiting agency and attempting an action, implying personhood beyond simple animal behavior."
m109d,ANTHROPOMORPHIC_ANIMAL,high,water,"The story centers on an animal acting with intent (putting its tail/tongue in the water) and being actively opposed by another animal (the sea creature), demonstrating personified animal agency."
m110,ANTHROPOMORPHIC_ANIMAL,high,animal,"The animal acts with intent, deception, and memory, exhibiting personified behavior beyond simple instinct."
m111,ANTHROPOMORPHIC_ANIMAL,high,animal,"The story centers on animals acting with human-like intent and engaging in reciprocal actions, establishing them as personified beings."
m112,ANTHROPOMORPHIC_ANIMAL,high,animal,"The story centers on an animal behaving with human-like intent and social failings, establishing it as a personified animal rather than a simple narrative."
m112a,ANTHROPOMORPHIC_ANIMAL,high,animal,"The story centers on animals exhibiting human-like intelligence and behavior (deception, catching a thief), making it a clear case of anthropomorphic animals."
m112b,ANTHROPOMORPHIC_ANIMAL,high,animal,"The story centers on animals acting with human-like agency and facing consequences for their actions, defining them as personified beings rather than simply creatures within a narrative."
m113,ANTHROPOMORPHIC_ANIMAL,high,animal,"The birds are described as actively 'calling for rain', demonstrating intentionality and a human-like action beyond simple instinct."
m113a,AUDITORY_PAREIDOLIA,medium,water,"The bird 'hears' or perceives a threatening quality (blood) in the sound/appearance of the water, misinterpreting it as something dangerous, which is a form of auditory/visual misperception."
m114,METAMORPHOSIS,high,multiple,"The core motif involves transforming insubstantial materials (sand, ash, smoke) into a tangible 'rope', representing a transformation of form and substance."
m114a,METAMORPHOSIS,high,landform,"The core of the motif involves transforming a person (or part of a person) *into* stone, explaining the origin of a stone-like feature."
m114b,PURE_NARRATIVE,high,none,"The description details a paradoxical instruction or situation, representing a narrative challenge or riddle without any element of perceived figures in nature."
m114b1,PURE_NARRATIVE,high,none,"The story is a riddle with a focus on cleverness and abstract thought, lacking any element of perceived figures or personification in nature."
m114c,METAMORPHOSIS,high,none,"The story implies a transformation where a person sacrifices their body to shield objects from the rain, explaining their current state as a protective covering."
m114d,PURE_NARRATIVE,high,none,"The story focuses on a dispute over payment and legal argument, lacking any element of perceived figures in nature or personification of natural elements."
m114d1,PURE_NARRATIVE,high,none,"The story focuses on an impossible request and a counter-request, lacking any element of perceived figures in nature or personification."
m114e,NATURE_SPIRIT_PERSONIFICATION,medium,none,"The request to tether the horse to 'summer' or 'winter' treats these seasons as entities capable of receiving a tether, indicating personification without a specific pareidolic trigger."
m114f,PURE_NARRATIVE,high,none,"The story focuses on social interaction and a minor observation about a house, lacking any element of perceived figures in nature or personification."
m114g,ANTHROPOMORPHIC_ANIMAL,high,animal,"The story centers on attributing human characteristics (being 'high' and having a 'long beard') to animals, effectively treating them as figures with personality."
m114h,PURE_NARRATIVE,high,none,"The story describes a task and its solution, lacking any element of perceived figures in nature or personification of natural phenomena."
m114i,PURE_NARRATIVE,high,none,"The description focuses on clever dialogue and social interaction, lacking any element of perceived figures in nature or personification of natural phenomena."
m114j,PURE_NARRATIVE,high,none,"The story focuses on social interaction and a moral lesson about infidelity, lacking any element of perceived figures in nature or personification of natural phenomena."
m114k,METAMORPHOSIS,high,water,"The description centers on a liquid's unusual origin, implying a transformation from something else into water, and the riddle focuses on identifying what *was* before becoming water."
m115,ANTHROPOMORPHIC_ANIMAL,high,animal,"The story centers on an animal acting with intent and agency, engaging in trickery and facing consequences, thus projecting personhood onto it."
m116,PURE_NARRATIVE,high,none,"The story focuses on social rules and a plot to circumvent them, lacking any element of perceived figures in nature or personification of natural phenomena."
m116a,METAMORPHOSIS,high,none,"The core of the motif involves anticipating a future transformation – the parents becoming like the aged father, and the grandson enacting a symbolic 'reversal' of the son's actions, effectively prefi"
m116b,PURE_NARRATIVE,high,none,"The description focuses on action and advice, lacking any element of perceived figures in nature or personification of natural phenomena."
m117,ANTHROPOMORPHIC_ANIMAL,high,animal,"The story centers on a predator (fox) exhibiting intentional, deceptive behavior towards a bird, effectively treating the bird as a person to be tricked and killed."
m118,METAMORPHOSIS,high,multiple,"The core of the motif involves accessing something *within* a natural object, implying a prior transformation or inherent presence that is then damaged, prioritizing metamorphosis over simple pareidol"
m118a,PURE_NARRATIVE,high,none,The story focuses entirely on plot – a conflict between thieves and a defender – with no element of perceived figures in nature or personification of natural features.
m118b,ANTHROPOMORPHIC_ANIMAL,high,animal,"The story centers on accessing resources *from* an animal, implying agency and a relationship beyond simple resource extraction, thus projecting personhood onto the cow."
m119,ANTHROPOMORPHIC_ANIMAL,high,animal,"The Trickster consistently acts as a person, deceiving others and performing actions indicative of intent and personality, even if initially disguised as a seemingly benign role like a shepherd."
m11a,METAMORPHOSIS,high,animal,"The core of the motif is a person *becoming* the source of the fish, explaining its origin through bodily transformation."
m11b,METAMORPHOSIS,high,none,"The core of the story involves a transformation – the woman’s body becoming the source of the meat, which directly explains its origin and cessation of supply."
m11c,METAMORPHOSIS,high,none,"The core of the motif is a person transforming part of their body into food, explaining the origin or availability of that food – a clear case of bodily transformation into a consumable substance."
m12,PURE_NARRATIVE,high,none,"This describes a social custom/behavior with no element of perceived figures in nature, transformation into nature, or personification of natural elements."
m120,ANTHROPOMORPHIC_ANIMAL,high,animal,"The motif centers on an animal acting with human intent and fulfilling a human social role (babysitting), thus projecting personhood onto the animal."
m120a,ANTHROPOMORPHIC_ANIMAL,high,animal,"The animal acts as a person by performing a culturally significant role (mourning) and engaging in a human-like act (cannibalism), demonstrating projected personhood."
m120b,AUDITORY_PAREIDOLIA,high,sound,"The initial selection criteria centers on the *sound* of a voice, establishing auditory perception as the primary motif before the narrative unfolds."
m120c,ANTHROPOMORPHIC_ANIMAL,high,animal,"The core of the story involves animals acting with human-like deceit and parental roles, establishing them as personified beings rather than simply creatures within a narrative."
m121,ANTHROPOMORPHIC_ANIMAL,high,animal,"The louse is explicitly acting as a spy, demonstrating personified intent and agency."
m122,ANTHROPOMORPHIC_ANIMAL,high,animal,"The animal is consulting internal entities as if they are separate personalities, projecting personhood onto parts of its own body or internal inhabitants."
m123,ANTHROPOMORPHIC_ANIMAL,high,animal,"The story explicitly depicts animals acting as people with marital intent, prioritizing personification over any potential visual or auditory pareidolia."
m123a,ANTHROPOMORPHIC_ANIMAL,high,animal,"Raven acts as a person, attempting marriage and experiencing shame, projecting human characteristics and intent onto the animal."
m123b,ANTHROPOMORPHIC_ANIMAL,high,animal,"The trickster's actions and intent are fundamentally human-like, even though the story involves a canoe (an animal-derived technology), prioritizing personification over a simple narrative."
m123c,ANTHROPOMORPHIC_ANIMAL,high,animal,"The core of the story involves a being with both bird and person characteristics attempting to participate in avian migration, demonstrating projected personhood onto the animal."
m123d,ANTHROPOMORPHIC_ANIMAL,high,animal,"Raven acts as a person attempting marriage and is judged based on his behavior, demonstrating personhood projected onto an animal."
m124,METAMORPHOSIS,high,landform,"The story describes an animal *becoming* part of the ground, explaining its disappearance and the resulting 'discovery' of its tail/horns as if it were a transformed entity."
m125,ANTHROPOMORPHIC_ANIMAL,high,animal,"The story centers on deception and the manipulation of perception, projecting human-like intent and trickery onto the act of 'eating' eyes, effectively treating the companion as a naive animal being t"
m126,AUDITORY_PAREIDOLIA,high,none,"The core motif is hearing speech emanating from an inanimate object (the skull/tortoise), fitting the definition of auditory pareidolia, and the punishment for reporting it reinforces the illusory nat"
m127,ANTHROPOMORPHIC_ANIMAL,high,animal,"The story centers on a fox acting with human-like intent and engaging in trickery to alter the physical characteristics of others, demonstrating personified animal behavior."
m127a,ANTHROPOMORPHIC_ANIMAL,high,animal,"The quail acts as a trickster, engaging in intentional deception and manipulation, demonstrating personified behavior beyond simple animal instinct."
m127b,ANTHROPOMORPHIC_ANIMAL,high,water,"The story centers on an animal acting with intent (setting a trap) and experiencing consequences, demonstrating personified behavior."
m127c,ANTHROPOMORPHIC_ANIMAL,high,animal,"The core of the motif is an animal exhibiting human-like misinterpretation and reaction, projecting intent onto an inanimate object."
m128,ANTHROPOMORPHIC_ANIMAL,high,animal,"The story centers on animals being treated as possessions and subject to the hero's will, demonstrating projected personhood and agency onto them."
m129,PURE_NARRATIVE,high,none,This describes a plot of deception and social maneuvering with no element of perceived figures in nature or personification of natural phenomena.
m13,NATURE_SPIRIT_PERSONIFICATION,high,none,"The deity is a personified natural force (supreme being) granting requests, but the motif doesn't involve perceiving a figure *in* nature, nor transformation, animal personification, or pure narrative"
m130,ANTHROPOMORPHIC_ANIMAL,high,animal,The story centers on animals exhibiting human-like behavior – deception and self-preservation – making them function as characters with intent.
m130a,ANTHROPOMORPHIC_ANIMAL,high,animal,"The bird actively *advises* and *helps* the herbivore, demonstrating personified intent and action beyond typical animal behavior."
m130b,ANTHROPOMORPHIC_ANIMAL,high,animal,"The predator and bird are depicted with intentionality, relationships, and motivations equivalent to human actors, establishing them as personified animals."
m130c,ANTHROPOMORPHIC_ANIMAL,high,animal,"The story centers on animals acting with human-like intent and agency, specifically a mouse rescuing a lion."
m131,ANTHROPOMORPHIC_ANIMAL,high,plant,"The narrative centers on animal-like behavior (pursuit, seizing) and relies on deception involving a plant as a perceived obstacle, projecting agency onto both animal and plant."
m132,ANTHROPOMORPHIC_ANIMAL,medium,animal,"The enemy seizing someone by the ears and throwing them implies a bestial, animalistic action and treats the ears *as if* they were a handle or appendage for manipulation, projecting animal-like agenc"
m132a,ANTHROPOMORPHIC_ANIMAL,high,animal,"The story centers on an animal (predator) misinterpreting a feature of another animal (ungulate) as intentional and dangerous, projecting personified intent onto the ungulate's ears."
m133,AUDITORY_PAREIDOLIA,medium,sound,"The wind is personified as an actor capable of *making* others act, implying a perceived agency and 'voice' within the natural sound of the wind itself."
m134,ANTHROPOMORPHIC_ANIMAL,high,animal,"The story depicts animals acting in a distinctly human way – building and maintaining a precarious structure, implying intent and social dynamics."
m134a,ANTHROPOMORPHIC_ANIMAL,high,animal,"The story centers on an animal acting with intent and agency, specifically the ability to destroy structures, which projects personhood onto the animal."
m134b,ANTHROPOMORPHIC_ANIMAL,high,animal,"The wolf is depicted performing an action (being measured) typically associated with humans, implying personhood and agency."
m134c,ANTHROPOMORPHIC_ANIMAL,high,animal,"The wolf is depicted as acting with human-like gluttony and experiencing the consequences, projecting personhood onto the animal."
m135,ANTHROPOMORPHIC_ANIMAL,high,animal,"The story centers on animals acting with intent and engaging in conflict, effectively portraying them as personified agents."
m135a,ANTHROPOMORPHIC_ANIMAL,high,animal,"The story centers on a wolf acting with human-like regret and engaging in bargaining, demonstrating personified behavior."
m136,TERRESTRIAL_PAREIDOLIA,high,landform,"The sickle's shape is misidentified as a beast, representing a visual perception of a figure in an object found on the land."
m136a,CELESTIAL_PAREIDOLIA,high,sky,"The motif directly involves perceiving and containing a celestial phenomenon (sunlight) as if it were a physical object, fitting the definition of visually perceiving a figure in a sky phenomenon."
m136b,METAMORPHOSIS,high,plant,"The core of the motif involves a direct action *causing* the transformation of the branch into a situation of falling, implying the branch *becomes* the source of the man's predicament."
m136c,PURE_NARRATIVE,high,animal,"The story focuses on a prediction and its fulfillment, lacking any element of perceived figures or personification in nature."
m136d,PURE_NARRATIVE,high,none,"The story focuses on social interaction and future possessions without attributing any personhood or form to natural phenomena; it's a tale of flawed planning and conflict, not pareidolia."
m137,ANTHROPOMORPHIC_ANIMAL,high,animal,"The story centers on animals behaving with human-like intent and demonstrating social behaviors like imitation and dominance, making it a clear case of anthropomorphic animal behavior."
m138,ANTHROPOMORPHIC_ANIMAL,high,animal,"The core of the myth involves animals actively making choices about their lifespans and engaging in a transaction with humans, demonstrating personified agency."
m139,ANTHROPOMORPHIC_ANIMAL,high,animal,"The story centers on animals acting with intent and engaging in trickery, demonstrating personified animal behavior."
m13a,METAMORPHOSIS,high,landform,"The core of the motif is a person being *turned into* a stone, which directly fits the definition of metamorphosis prioritizing transformation over mere resemblance."
m140,ANTHROPOMORPHIC_ANIMAL,high,animal,"The core of the story involves a 'Trickster' figure enacting a deceptive plan, demonstrating personified intent and action, which aligns with the definition of an anthropomorphic animal motif."
m140a,ANTHROPOMORPHIC_ANIMAL,high,animal,"The fox acts with intent, deception, and agency, essentially functioning as a person within the narrative."
m140b,ANTHROPOMORPHIC_ANIMAL,high,animal,"The wolf and bird are acting as people, engaging in deception and artistic creation, demonstrating personified behavior."
m141,ANTHROPOMORPHIC_ANIMAL,high,animal,"The story depicts animals behaving with human-like intent and engaging in a social dynamic (predation and survival) within a confined space, prioritizing animal agency over any natural feature's perso"
m141a,ANTHROPOMORPHIC_ANIMAL,high,animal,"The story features animals acting with human-like social dynamics (speaking, judging, being targeted for weakness) and ultimately being consumed based on those dynamics, indicating a projection of per"
m141b,ANTHROPOMORPHIC_ANIMAL,high,animal,"The story centers on animals reacting as people would to a perceived threat, demonstrating projected personhood and intent."
m142,ANTHROPOMORPHIC_ANIMAL,high,animal,"The story centers on a fox acting with human-like agency and engaging in self-destructive behavior, projecting blame onto a body part as a person would."
m143,ANTHROPOMORPHIC_ANIMAL,high,animal,"The fox acts with intent, trickery, and self-preservation, exhibiting human-like behavior and agency."
m144,ANTHROPOMORPHIC_ANIMAL,high,animal,"The core of the story involves an animal deceiving another about the nature of an object, effectively projecting personhood and intent onto the wasp nest (treating it as a musical instrument) and othe"
m144a,ANTHROPOMORPHIC_ANIMAL,high,animal,"The story centers on a trickster interacting with and exploiting a dangerous animal, attributing human-like cunning and being tricked to the animal itself."
m145,ANTHROPOMORPHIC_ANIMAL,high,animal,"The story centers on an animal behaving with human-like intent and engaging in social conflict, making it a clear case of anthropomorphic projection."
m146,ANTHROPOMORPHIC_ANIMAL,high,animal,"The story features animals exhibiting intentional, deceptive behavior characteristic of personhood, prioritizing trickery over any natural phenomenon being perceived as having a face or spirit."
m147,ANTHROPOMORPHIC_ANIMAL,high,animal,"The story features animals acting with human-like deception and belief, establishing them as personified agents rather than simply animals within a plot."
m147a,ANTHROPOMORPHIC_ANIMAL,high,animal,"The story features foxes exhibiting human-like behavior – meeting, speaking, and referencing a human marketplace, indicating personification of the animals."
m147b,ANTHROPOMORPHIC_ANIMAL,high,animal,"The story centers on a fox exhibiting intentional, problem-solving behavior (removing fleas) which is a distinctly human-like trait."
m148,ANTHROPOMORPHIC_ANIMAL,high,animal,"The core of the motif involves animals acting with intent and engaging in a deceptive agreement, demonstrating personified behavior."
m149,METAMORPHOSIS,high,landform,"The hero actively instructs others to identify him *as* a landform (stump/log) to deceive the antagonist, making the transformation central to the plot."
m149a,ANTHROPOMORPHIC_ANIMAL,high,animal,"The tiger is depicted as capable of making and enforcing a treaty, demonstrating human-like intent and agency."
m149b,ANTHROPOMORPHIC_ANIMAL,high,animal,"The core of the story involves perceiving dangerous intent and personality within animals (the 'dogs' inside), effectively granting them personhood and agency."
m14a,PURE_NARRATIVE,high,none,This is a story of revenge and violence with no element of perceived figures in nature or personification of natural phenomena.
m15,METAMORPHOSIS,high,plant,"The girl's fate *is* becoming part of the tree, explaining her presence there and motivating the rescue attempt; it's not merely resembling a tree or being near one."
m150,ANTHROPOMORPHIC_ANIMAL,high,animal,The core of the story is an animal acting as a person (herdsman) with human-like deceitful intent.
m151,ANTHROPOMORPHIC_ANIMAL,high,animal,"The core of the motif is an animal acting with human-like intent and deception, essentially *being* a person in disguise."
m152,ANTHROPOMORPHIC_ANIMAL,high,animal,"The story centers on an animal acting with intent and being deceived, demonstrating personified behavior and interaction, making it a clear case of an animal embodying human-like traits."
m152a,ANTHROPOMORPHIC_ANIMAL,high,animal,"The story centers on animals exhibiting intentional behavior (tying themselves together) for a social purpose (safety), effectively granting them personhood."
m152b,ANTHROPOMORPHIC_ANIMAL,high,animal,"The lion attributes human-like qualities of bravery and cowardice to the donkey and itself, effectively projecting personhood onto these animals."
m152c,ANTHROPOMORPHIC_ANIMAL,high,animal,"The story centers on animals behaving with human-like personality, intent, and social interaction, making the animal the primary agent of the narrative."
m152d,ANTHROPOMORPHIC_ANIMAL,high,animal,"The story centers on animals behaving as people, arguing and one threatening to eat the other, demonstrating personified intent and action."
m153,ANTHROPOMORPHIC_ANIMAL,high,animal,"The wolf/lion acts with intent and strategy, engaging in a deceptive interaction with the horse, demonstrating personified behavior."
m153a,ANTHROPOMORPHIC_ANIMAL,high,animal,"The story features an animal acting with intent and engaging in a deceptive interaction, characteristic of anthropomorphic animal motifs."
m153b,ANTHROPOMORPHIC_ANIMAL,high,animal,"The story features an animal (wolf and horse) with agency and the ability to interact in a way that implies personhood, specifically the horse offering advice."
m154,ANTHROPOMORPHIC_ANIMAL,high,animal,"The core of the story revolves around the man understanding and interacting with animals *as if they were people* capable of speech and judgment, fitting the definition of anthropomorphic animals."
m154a,ANTHROPOMORPHIC_ANIMAL,high,animal,The story centers on animals exhibiting human-like behavior – deception and persuasion – establishing them as acting with intent and personality.
m154b,PURE_NARRATIVE,high,none,"The story focuses on social roles and consequences of failing to fulfill them, lacking any element of perceived figures in nature or personification."
m155,PURE_NARRATIVE,high,none,"This describes a social test or a story about kinship and moral character, lacking any element of perceived figures in nature or personification of natural phenomena."
m156,ANTHROPOMORPHIC_ANIMAL,high,animal,"The core of the story involves animals acting with human-like intent and engaging in social interactions (saving, betrayal, trickery), establishing them as personified beings."
m157,METAMORPHOSIS,high,multiple,"The core of the motif involves a violation of natural birth order, effectively a transformation of expected biological roles or species boundaries into an impossible outcome, which aligns with the def"
m157a1,PURE_NARRATIVE,high,none,"The story focuses on a logical absurdity and a challenge to a claim, lacking any element of perceived figures in nature or personification."
m157a2,METAMORPHOSIS,high,animal,"The claim centers on an impossible birth attributed to an inanimate object or another animal, implying a transformation or origin story explaining the calf's existence."
m157a3,PURE_NARRATIVE,high,animal,"The request is an impossible task, focusing on a social demand and plot point rather than any perceived figure or personality within nature."
m157a4,PURE_NARRATIVE,high,none,"The story focuses on a demonstration of absurdity and irrationality, lacking any element of perceived figures in nature or personification of natural elements."
m157a5,PURE_NARRATIVE,high,none,"The story focuses on social interaction and expectation, lacking any perception of figures in nature or personification of natural elements."
m157b,ANTHROPOMORPHIC_ANIMAL,high,animal,"The husband is treated *as if* he is an object to be carried, exhibiting a lack of agency and essentially being treated like an animal, thus projecting personhood onto a passive figure."
m157c,ANTHROPOMORPHIC_ANIMAL,high,animal,"The core of the interaction relies on projecting human social roles (cock/hen, dominance/subordination) onto animal behavior, establishing a playful anthropomorphism."
m158,ANTHROPOMORPHIC_ANIMAL,high,animal,"The story centers on an animal acting with intent and engaging in a deceptive agreement with a person, demonstrating personified behavior."
m159,ANTHROPOMORPHIC_ANIMAL,high,animal,"The story centers on animals acting with human-like intent and social dynamics (sharing, betrayal, learning), projecting personhood onto them."
m16,PURE_NARRATIVE,high,none,This describes a social dynamic and plot of abandonment/revenge with no inherent figure-in-nature element or pareidolic trigger.
m160,ANTHROPOMORPHIC_ANIMAL,high,animal,"The animal clearly exhibits human-like emotional responses and engages in complex communication with the man, acting as a personified being rather than simply a creature within the narrative."
m161,ANTHROPOMORPHIC_ANIMAL,high,animal,"The core of the story involves a dog being substituted for a person and actively participating in a human-like act of aggression, demonstrating projected personhood onto the animal."
m162,PURE_NARRATIVE,high,none,"This is a story of deception and suicide, lacking any element of perceived figures in nature or personification of natural phenomena."
m162a,PURE_NARRATIVE,high,none,This is a story of social influence and imitation with no element of perceived figures in nature or personification.
m162b,ANTHROPOMORPHIC_ANIMAL,high,animal,"The bear acts with intent and is tricked, demonstrating personified behavior beyond simply being an animal in the environment."
m163,ANTHROPOMORPHIC_ANIMAL,high,animal,"The cat is presented as a solution to a problem, implying agency and value beyond a typical animal, effectively acting as a cultural hero figure."
m164,ANTHROPOMORPHIC_ANIMAL,high,animal,"The story centers on an animal exhibiting reasoning and fear based on observation, effectively acting as a person would."
m164a,ANTHROPOMORPHIC_ANIMAL,high,animal,"The lion speaks and acts as a person, engaging in social interaction and exhibiting complex behavior beyond typical animal instincts."
m165,ANTHROPOMORPHIC_ANIMAL,high,animal,"The story centers on an animal acting with human intent (deception) and engaging in a human-like transaction, making it a clear case of anthropomorphism."
m166,ANTHROPOMORPHIC_ANIMAL,high,animal,"The story centers on animals behaving with human-like deceit and communication, establishing them as personified actors."
m167,ANTHROPOMORPHIC_ANIMAL,high,animal,"The tiger is mistaken for a bull and interacted with as if it possesses human-like qualities of docility, making it a case of projecting personhood onto an animal."
m167a,ANTHROPOMORPHIC_ANIMAL,high,animal,"The tiger speaks, understands human speech, and exhibits human-like fear and reasoning, functioning essentially as a person in animal form."
m168,ANTHROPOMORPHIC_ANIMAL,high,animal,"The hare exhibits human emotions (despair, delight) and interacts with other animals in a way that implies personhood and social dynamics."
m168a,ANTHROPOMORPHIC_ANIMAL,high,animal,"The story centers on an animal behaving with intent and understanding of a human's actions, essentially acting as a person would to protect its young."
m168b,TERRESTRIAL_PAREIDOLIA,medium,plant,"The quest for a specifically shaped stick (not straight, not curved) implies a perceived significance in its form, suggesting pareidolia of a desired shape within natural objects."
m169,PURE_NARRATIVE,high,animal,"The story focuses on political intrigue and violence between individuals, lacking any element of perceived figures in nature or personification of natural phenomena."
m16a,ANTHROPOMORPHIC_ANIMAL,high,animal,"The loon acts as a helper with agency, effectively granting a human ability through a shared action, indicating personification of the animal."
m17,ANTHROPOMORPHIC_ANIMAL,high,animal,"The core of the story revolves around the actions of an animal (being hunted) and the deception surrounding its fate, effectively projecting agency and importance onto the animal as a 'victim' of the "
m170,ANTHROPOMORPHIC_ANIMAL,high,animal,"The core of the story involves an animal acting with human-like intent and deception, essentially functioning as a person with a malicious plan."
m170a,ANTHROPOMORPHIC_ANIMAL,high,animal,"The story features animals acting with intent and moral judgment, essentially as people, making it a clear case of anthropomorphic animals."
m171,ANTHROPOMORPHIC_ANIMAL,high,animal,"The core of the story involves a trickster figure repeatedly exchanging worthless items for increasingly valuable animals, demonstrating personified agency and intent in the animal acquisitions."
m171a,PURE_NARRATIVE,high,none,"The description focuses on a transactional plot involving exchange and acquisition, lacking any element of perceived figures in nature or personification of natural phenomena."
m171b,ANTHROPOMORPHIC_ANIMAL,high,animal,"The trickster is projecting personhood and intent onto an inanimate body part, essentially treating it *as if* it were a living creature with meat on it, and then enacting a social deception based on "
m171c,PURE_NARRATIVE,high,none,"The story describes a transaction and resulting compensation, lacking any element of perceived figures in nature or personification."
m171d,ANTHROPOMORPHIC_ANIMAL,high,animal,"The story centers on an animal acting with intent and engaging in exchange, demonstrating personified behavior."
m172,ANTHROPOMORPHIC_ANIMAL,high,animal,"The core of the story involves an animal (hare) acting with human-like cunning and dominating another (lion), establishing a power dynamic of personhood projected onto the animals."
m173,ANTHROPOMORPHIC_ANIMAL,high,animal,"The core of the story involves an animal acting with human-like intent and deception, essentially *being* a person in animal form to achieve a goal."
m173a,PURE_NARRATIVE,high,none,This is a straightforward plot about theft and trickery with no element of perceived figures in nature or personification of natural elements.
m174,ANTHROPOMORPHIC_ANIMAL,high,animal,"The story depicts animals exhibiting intentional, strategic behavior (immobilizing and consuming another) which projects personhood and intent onto them."
m175,TERRESTRIAL_PAREIDOLIA,high,landform,"The hyena perceives a deceased lion as alive, demonstrating visual pareidolia where a form (the dead lion) is mistaken for a living being."
m176,PURE_NARRATIVE,high,water,"The description focuses on an action and its outcome, lacking any element of perceived figures in nature or personification of natural features."
m177,ANTHROPOMORPHIC_ANIMAL,high,animal,"The story centers on animals exhibiting deceptive behavior and communication, effectively projecting human intent and personality onto them."
m178,ANTHROPOMORPHIC_ANIMAL,high,animal,"The goat speaks and deceives, exhibiting human-like intent and behavior, making it a clear case of projecting personhood onto an animal."
m179,ANTHROPOMORPHIC_ANIMAL,high,animal,"The narrative centers on animals acting as persons, displacing another from their home, which defines the core motif as anthropomorphic animal behavior."
m179a,PURE_NARRATIVE,high,none,This describes a social conflict and trickery with no element of perceiving figures in nature or attributing personality to it.
m179b,ANTHROPOMORPHIC_ANIMAL,high,animal,"The core of the story involves an animal acting with intent and personality, creating social friction – it's a person-like animal causing trouble."
m18,ANTHROPOMORPHIC_ANIMAL,high,animal,"The core of the motif involves a person acting *as* an object used to hunt/fish animals, effectively embodying the role of the prey and exhibiting intentional behavior, thus projecting personhood onto"
m180,ANTHROPOMORPHIC_ANIMAL,high,animal,"The story features animals acting with human-like intent and social behavior, specifically inviting and tricking each other, which defines anthropomorphic animals."
m180a,ANTHROPOMORPHIC_ANIMAL,high,animal,"The story centers on an animal behaving with human social expectations and agency, establishing it as a personified being."
m181,ANTHROPOMORPHIC_ANIMAL,high,animal,"The core of the story involves animals acting as people with intent and relationships, fulfilling the definition of anthropomorphic animals."
m181a,CELESTIAL_PAREIDOLIA,high,sky,"The description explicitly states perceiving something (fire) in a sky phenomenon (sunset), fitting the definition of visually perceiving a figure in the sky."
m181b,METAMORPHOSIS,high,animal,"The core of the story is Spider *becoming* the spider we know, explaining its current habitat and behavior."
m182,TERRESTRIAL_PAREIDOLIA,high,landform,"The tarbaby is a constructed landform-like figure that the thief perceives as a living being, triggering the pareidolic response of perceiving personhood in an inanimate object."
m182a,ANTHROPOMORPHIC_ANIMAL,high,animal,"The core of the motif involves wild animals interacting with a domestic animal in a way that implies agency and intent, effectively projecting personhood onto them."
m182a1,ANTHROPOMORPHIC_ANIMAL,high,animal,"The core of the story involves animals acting with intent, making promises, and fulfilling obligations, effectively portraying them as persons."
m182b,ANTHROPOMORPHIC_ANIMAL,high,animal,"The animals act with intent, bringing materials and ultimately consuming the horse/bull, demonstrating personified behavior beyond simple animal action."
m183,ANTHROPOMORPHIC_ANIMAL,high,animal,"The story centers on animals acting with human-like strategy and deception in a competitive scenario, projecting personhood onto them."
m184,ANTHROPOMORPHIC_ANIMAL,high,animal,"The story features animals acting with human-like intent and engaging in a competition, demonstrating personified animal behavior."
m185,ANTHROPOMORPHIC_ANIMAL,high,animal,"The story centers on animals acting with intent and employing a deceptive strategy, effectively projecting personhood onto them."
m185a,ANTHROPOMORPHIC_ANIMAL,high,animal,"The core of the story involves animals acting with intent and competing, effectively projecting personhood onto them."
m186,AUDITORY_PAREIDOLIA,high,water,"The animal perceives the fish's voice from ahead, attributing speech and direction to a natural sound (the fish's response) – this is hearing personality in a natural phenomenon."
m187,ANTHROPOMORPHIC_ANIMAL,high,animal,"The snail participates in and wins a race, demonstrating human-like agency and behavior."
m188,ANTHROPOMORPHIC_ANIMAL,high,animal,"The core of the story is an animal exhibiting human-like qualities and social standing, with the change in appearance enhancing this personification."
m188a,ANTHROPOMORPHIC_ANIMAL,high,animal,"The core of the story is an animal acting with regal authority and being perceived as a person, even if ultimately revealed as an imposter."
m189,ANTHROPOMORPHIC_ANIMAL,high,animal,"The ant is being utilized as an agent to perform a task, implying intentionality and personified action."
m18a,METAMORPHOSIS,high,animal,"The core of the story is a person *becoming* an animal to receive arrows, explaining the unusual state of being covered in projectiles."
m18b,METAMORPHOSIS,high,animal,"The core of the motif involves a person transforming into either a fish or a fishing implement, directly explaining the origin or presence of the object."
m19,PURE_NARRATIVE,high,none,"This describes a cruel act and a fishing method, lacking any element of perceived figures in nature or personification of natural elements."
m190,ANTHROPOMORPHIC_ANIMAL,high,animal,"The story centers on animals behaving with intent and agency, essentially acting as people in a social dynamic."
m191,ANTHROPOMORPHIC_ANIMAL,high,animal,"The narrative centers on animals exhibiting human-like behavior – specifically, the fox establishing dominance and receiving tribute, indicating a projection of personhood onto them."
m191a,ANTHROPOMORPHIC_ANIMAL,high,animal,"The story centers on animals (mice and a cat) behaving with human-like planning and social interaction, making the cat a figure with projected personhood."
m192,ANTHROPOMORPHIC_ANIMAL,high,animal,"The story centers on a person becoming trapped *within* an animal's remains, implying a blurring of boundaries and a kind of sympathetic identification with the animal itself."
m192a,METAMORPHOSIS,high,animal,"The motif describes a transformation *into* a state of being bound (like becoming a natural object), focusing on the physical change and its consequences, rather than simply attributing personhood to "
m193,METAMORPHOSIS,high,plant,"The core of the story involves a person changing form (rolling *inside* a gourd implies becoming the gourd in a functional sense) to avoid danger, fitting the definition of transformation into a natur"
m194,ANTHROPOMORPHIC_ANIMAL,high,animal,"The core of the story involves animals acting with human-like motivations (greed, fairness) and using/misusing human objects, establishing them as personified beings."
m195,ANTHROPOMORPHIC_ANIMAL,high,animal,The narrative centers on interpreting the behavior and characteristics of horses as if they possess human-like qualities to determine age.
m195a,PURE_NARRATIVE,high,none,"This is a riddle or test of practical knowledge, lacking any element of perceived figures in nature or personification."
m195b,ANTHROPOMORPHIC_ANIMAL,high,none,"The dolls, representing men, are treated as if they possess internal states and react to stimuli like living beings, projecting personhood onto inanimate objects."
m196,PURE_NARRATIVE,high,none,"The story focuses entirely on a social interaction and a test of will, lacking any element of perceived figures in nature or personification of natural phenomena."
m196a,METAMORPHOSIS,high,landform,"The core of the story is people *becoming* something else (appearing as corpses in the earth) and then reverting, explaining their apparent state as a transformation."
m197,PURE_NARRATIVE,high,none,"The description details an action with no element of perceived figures in nature, personification, or transformation; it's a simple, if illogical, plot point."
m197a,ANTHROPOMORPHIC_ANIMAL,high,multiple,"The pot is treated as a living being capable of reproduction and death, exhibiting personified qualities beyond simple object status."
m197b,ANTHROPOMORPHIC_ANIMAL,high,animal,"The story centers on the actions and perceived agency of the stallions and dogs, attributing to them behaviors and impacts (causing mares to foal, failing to drive wolves) that demonstrate personified"
m197c,PURE_NARRATIVE,high,none,"The story is a trickster tale focused on deception and a logical fallacy, lacking any element of perceived figures in nature or personification of natural elements."
m197d,METAMORPHOSIS,high,plant,"The core of the story relies on the stick *changing* in form (growing) to reveal guilt, which is a transformation of an object directly linked to a person's fate."
m197e,ANTHROPOMORPHIC_ANIMAL,high,animal,"The wife is deliberately disguised *as* an animal to deceive the devil, effectively acting as one and projecting personhood onto the animal form."
m197f,METAMORPHOSIS,high,plant,"The story explains a visible difference (hair color) by positing a temporal difference in the *age* of the hair, effectively a transformation over time – the head hair having 'aged' into white while t"
m198,AUDITORY_PAREIDOLIA,medium,sound,"The brothers perceive a 'taste' or 'smell' – a sensory experience akin to hearing a quality in a sound – that reveals the host's true nature, functioning as a hidden message within the sensory input."
m198a,TERRESTRIAL_PAREIDOLIA,high,landform,"The brothers are visually interpreting tracks (a landform feature) to reconstruct the appearance of the camel, demonstrating a perception of a figure/being from a natural sign."
m198a1,PURE_NARRATIVE,high,none,"The riddle-like description focuses on a succession of brothers and a mystery object, lacking any element of perceived figures in nature or personification."
m198a2,PURE_NARRATIVE,high,none,"The story focuses on a demonstration of value and deception, lacking any element of perceived figures or personification in nature."
m198a3,PURE_NARRATIVE,high,none,"The description focuses entirely on social dynamics, conflict, and a quest for justice, lacking any element of perceived figures in nature or personification of natural phenomena."
m198a4,PURE_NARRATIVE,high,none,The story presents a moral dilemma and focuses on actions and relationships without attributing personhood to natural phenomena or involving transformations.
m198b,PURE_NARRATIVE,high,none,"The story focuses on a guessing game and a lucky guess, lacking any element of perceived figures in nature or personification of natural phenomena."
m198b1,ANTHROPOMORPHIC_ANIMAL,high,animal,"The story centers on a man named after an animal (crab) and his clever response relating to that animal, effectively projecting personhood onto the creature."
m198b2,ANTHROPOMORPHIC_ANIMAL,high,animal,"The grasshopper is not merely an insect, but a named individual ('Grasshopper by name, the astrologer') who is addressed and interacts as if possessing intelligence and agency."
m198b3,PURE_NARRATIVE,high,none,"The story focuses on social dynamics and consequences of actions, lacking any perception of figures in nature or personification of natural elements."
m199,ANTHROPOMORPHIC_ANIMAL,high,none,"The ogre, while not an animal, is presented as a monstrous being engaged in a contest of strength akin to an animalistic display, and the trick relies on deceiving this being with a substitution – eff"
m199a,TERRESTRIAL_PAREIDOLIA,medium,landform,"The act of 'extracting brains from the earth' implies perceiving a form (brains) within the land itself, triggered by the burial and arrow-shooting, even if metaphorical."
m199b,PURE_NARRATIVE,high,none,"The story focuses on a competition of skill and trickery, lacking any element of perceived figures in nature or personification of natural features."
m199c,CELESTIAL_PAREIDOLIA,medium,sky,"The act of 'throwing to the clouds' implies a perceived target or interaction with a sky phenomenon, suggesting a figure or space is being addressed in the clouds."
m199c1,PURE_NARRATIVE,high,none,"The story focuses on action and threat, lacking any perception of figures in nature or personification of natural elements; it's a plot-driven narrative about an ogre's aggressive intent."
m199d,ANTHROPOMORPHIC_ANIMAL,high,animal,"The core of the story relies on animals acting as stand-ins and competitors for humans, exhibiting human-like skill and agency in the contests."
m199d1,ANTHROPOMORPHIC_ANIMAL,high,animal,"The squirrel is presented as a competitor capable of winning a contest against a giant, demonstrating personified agency and skill."
m199e,ANTHROPOMORPHIC_ANIMAL,high,animal,"The horse is treated as a participant in a contest of strength and endurance, effectively acting as a personified agent in the narrative."
m199f,NATURE_SPIRIT_PERSONIFICATION,high,water,"The story centers on water-dwelling entities ('devils', fish) possessing agency and a home within the lake, implying a spirit or personality of the lake itself without a specific pareidolic trigger."
m199g1,ANTHROPOMORPHIC_ANIMAL,high,animal,"The ogre is presented as a creature acting with intent and trickery, effectively functioning as a personified animal figure in the narrative."
m199g2,ANTHROPOMORPHIC_ANIMAL,high,animal,"The tiger acts as a person, being tricked and experiencing pain as a result of the man's actions, demonstrating personified behavior."
m199h,PURE_NARRATIVE,high,none,"This is a trickster tale focused on plot and deception, lacking any element of perceived figures in nature or personification of natural phenomena."
m199i,ANTHROPOMORPHIC_ANIMAL,high,animal,"The ogre, while not a typical animal, functions as a monstrous being with exaggerated strength and is defeated through a contest of skill/sound, projecting personhood and agency onto a non-human entit"
m199j,ANTHROPOMORPHIC_ANIMAL,high,animal,"The ogre, while not a typical animal, functions as a monstrous being with agency and is outwitted by the human protagonist, fitting the pattern of a creature acting with intent and being subject to tr"
m1a,METAMORPHOSIS,high,sky,"The story describes beings *becoming* the Pleiades star cluster, which is a transformation into a celestial phenomenon."
m1b,ANTHROPOMORPHIC_ANIMAL,high,animal,"The story centers on animals acting with intent and agency – the monkey deliberately escapes the caiman, demonstrating personified behavior."
m2,ANTHROPOMORPHIC_ANIMAL,high,animal,"The core of the motif involves animals acting in a way that facilitates human movement, demonstrating personified animal agency."
m20,ANTHROPOMORPHIC_ANIMAL,high,animal,"The story centers on an animal acting with intent and experiencing consequences, effectively portraying it as a personified being."
m21,PURE_NARRATIVE,high,none,"This describes a simple plot of pursuit and protection, lacking any element of perceived figures in nature or personification of natural features."
m21a,ANTHROPOMORPHIC_ANIMAL,high,animal,"The core of the story relies on an animal acting with human-like intent (deception) and providing aid, effectively functioning as a person in the narrative."
m22,ANTHROPOMORPHIC_ANIMAL,high,animal,"The bird actively *saves* a person, demonstrating intent and agency beyond typical animal behavior, thus projecting personhood onto it."
m22a,ANTHROPOMORPHIC_ANIMAL,high,animal,"The bird is presented as a guardian, implying personified behavior and a role beyond typical animal actions."
m23,ANTHROPOMORPHIC_ANIMAL,high,animal,"The description implies a creature exhibiting intentional behavior (pretending), which aligns with projecting personhood onto an animal."
m23a,ANTHROPOMORPHIC_ANIMAL,high,animal,"The turtle speaks and gives instructions, exhibiting human-like intelligence and intent."
m24,ANTHROPOMORPHIC_ANIMAL,high,animal,"The narrative centers on a turtle acting as a warrior, exhibiting agency and participating in warfare, thus projecting personhood onto the animal."
m24a,ANTHROPOMORPHIC_ANIMAL,high,animal,"The turtle acts as a warrior, intentionally killing people, demonstrating personified agency and intent beyond typical animal behavior."
m25,CELESTIAL_PAREIDOLIA,high,sky,"The core motif involves perceiving a realm *in* the sky and ascending to it, establishing a visual perception of figures or a place within the sky itself."
m26,ANTHROPOMORPHIC_ANIMAL,high,animal,"The ducks act with agency and physical power comparable to humans, essentially 'kidnapping' and carrying a person, demonstrating personified behavior."
m26a,ANTHROPOMORPHIC_ANIMAL,high,animal,"The ducks are depicted as being manipulated and lifting a human, exhibiting agency and intentionality beyond typical animal behavior."
m27,METAMORPHOSIS,high,plant,"The tree/reeds *are* the means of ascent and descent, effectively transforming people into sky-dwellers and then causing their fall, explaining their current state."
m28,METAMORPHOSIS,high,multiple,"The story centers on a human *becoming* a flyer (akin to a bird) through artificial means, and his failure results in a permanent altered state – a fall from that transformed state, effectively a fail"
m29a,ANTHROPOMORPHIC_ANIMAL,high,animal,The description explicitly states the protagonist is a raven acting with human-like intent and engaging in behaviors associated with personhood.
m29b,ANTHROPOMORPHIC_ANIMAL,high,animal,"The description explicitly states the animal acts as a protagonist with human-like behaviors (deception, absurdity) which defines personification of an animal."
m29b1,ANTHROPOMORPHIC_ANIMAL,high,animal,"The wolf is depicted with human-like failings (stupidity, unsocial behavior) leading to negative consequences, indicating a projection of personhood onto the animal."
m29b2,ANTHROPOMORPHIC_ANIMAL,high,animal,"The bear is depicted with human-like failings and experiences consequences for its behavior, indicating a projection of personhood onto the animal."
m29c,ANTHROPOMORPHIC_ANIMAL,high,animal,"The motif centers on a skunk acting with human-like intent and engaging in behaviors characteristic of a person (deception, absurdity), establishing personhood within the animal."
m29d,ANTHROPOMORPHIC_ANIMAL,high,animal,"The mink consistently acts as a personified trickster, exhibiting human-like behaviors and intent."
m29f,ANTHROPOMORPHIC_ANIMAL,high,animal,"The wolverine is depicted with human-like failings (stupidity, unsocial behavior) leading to negative consequences, indicating a projection of personhood onto the animal."
m29g,ANTHROPOMORPHIC_ANIMAL,high,animal,"The description explicitly states the hare/rabbit *acts* as a protagonist with human-like behaviors (deception, absurdity), fitting the definition of an animal with projected personhood."
m29g1,ANTHROPOMORPHIC_ANIMAL,high,animal,"The description explicitly states the hare/rabbit *acts* as a trickster protagonist, exhibiting human-like behaviors and intent, thus fitting the definition of an anthropomorphic animal."
m29gg,ANTHROPOMORPHIC_ANIMAL,high,animal,"The hedgehog exhibits human-like intelligence and agency, actively 'winning' through cleverness, thus projecting personhood onto the animal."
m29h,ANTHROPOMORPHIC_ANIMAL,high,animal,"The owl consistently acts as a personified trickster, exhibiting human-like behaviors and intent."
m29i,ANTHROPOMORPHIC_ANIMAL,high,animal,"The hawk consistently acts as a trickster figure, exhibiting human-like behavior and intent, thus projecting personhood onto the animal."
m29j,ANTHROPOMORPHIC_ANIMAL,high,animal,The motif explicitly defines the trickster as an animal acting with human-like intent and engaging in complex behaviors.
m29k,ANTHROPOMORPHIC_ANIMAL,high,animal,"The motif explicitly describes an animal acting with human-like intent and engaging in behaviors characteristic of a person (deception, absurdity), thus fitting the definition of an anthropomorphic an"
m29l,ANTHROPOMORPHIC_ANIMAL,high,animal,"The opossum consistently acts as a personified trickster figure, exhibiting human-like behaviors and intent."
m29m,ANTHROPOMORPHIC_ANIMAL,high,animal,"The story centers on a rat acting with human-like intent and engaging in behaviors characteristic of a person, making it a clear case of anthropomorphic animal."
m29n,ANTHROPOMORPHIC_ANIMAL,high,animal,The motif explicitly defines the trickster as an animal acting with human-like characteristics and engaging in complex behaviors.
m29nn,ANTHROPOMORPHIC_ANIMAL,high,animal,"The narrative centers on a ground squirrel exhibiting human-like behaviors and acting as a trickster figure, projecting personhood onto the animal."
m29o,ANTHROPOMORPHIC_ANIMAL,high,animal,"The monkey consistently acts as a person, exhibiting complex behaviors and fulfilling the role of a trickster figure."
m29p,ANTHROPOMORPHIC_ANIMAL,high,animal,"The spider is presented as a trickster figure exhibiting human-like behavior and intent, thus projecting personhood onto the animal."
m29q,ANTHROPOMORPHIC_ANIMAL,high,animal,"The racoon consistently acts as a person, exhibiting behaviors and roles typically associated with human characters."
m29qq,ANTHROPOMORPHIC_ANIMAL,high,animal,"The anteater is consistently depicted performing actions and exhibiting behaviors characteristic of a person, making it a clear case of personification projected onto an animal."
m29r,ANTHROPOMORPHIC_ANIMAL,high,animal,"The porcupine consistently acts as a personified agent with human-like behaviors, fulfilling the criteria for an anthropomorphic animal."
m29u,CELESTIAL_PAREIDOLIA,high,sky,"The Moon is directly identified as a character exhibiting personality and agency, constituting a figure perceived in a celestial phenomenon."
m29v,ANTHROPOMORPHIC_ANIMAL,high,animal,"The motif explicitly describes an animal acting with human-like characteristics (deception, absurd behavior), fitting the definition of an anthropomorphic animal."
m29w,ANTHROPOMORPHIC_ANIMAL,high,animal,"The motif explicitly describes a feline acting with human-like intent and engaging in behaviors characteristic of a person, thus projecting personhood onto the animal."
m29w1,ANTHROPOMORPHIC_ANIMAL,high,animal,"The leopard is explicitly described as possessing human-like failings (stupidity, unsocial behavior) and suffering consequences as a result, indicating a projection of personhood onto the animal."
m29w2,ANTHROPOMORPHIC_ANIMAL,high,animal,"The tiger is depicted with human failings (stupidity, unsocial behavior) and experiences consequences as a result, indicating a projection of personhood onto the animal."
m29w3,ANTHROPOMORPHIC_ANIMAL,high,animal,"The lion is depicted with human failings (stupidity, unsocial behavior) and experiences consequences as a result, indicating a projection of personhood onto the animal."
m29x,ANTHROPOMORPHIC_ANIMAL,high,animal,"The hyena is depicted with human-like failings (stupidity, unsocial behavior) leading to negative consequences, indicating a projection of personhood onto the animal."
m29x1,ANTHROPOMORPHIC_ANIMAL,high,animal,"The badger consistently acts as a person, exhibiting behaviors and roles typically associated with human tricksters."
m29y,ANTHROPOMORPHIC_ANIMAL,high,animal,"The wren is explicitly acting as a trickster figure, embodying personified behavior and intent."
m3,ANTHROPOMORPHIC_ANIMAL,high,animal,"The core of the motif involves animals acting collectively to *facilitate* human travel, implying agency and personhood beyond simple natural behavior."
m30,PURE_NARRATIVE,high,none,"The description focuses on action and inability, lacking any element of perceived figures in nature or personification of natural features."
m30a,ANTHROPOMORPHIC_ANIMAL,high,animal,"The 'trickster' is a recurring figure embodying animal-like cunning and is the central agent in the narrative, acting as a personified entity."
m30b,METAMORPHOSIS,high,animal,"The narrative centers on a transformation – feathers are *given* and then *taken back*, effectively altering the person's state, which aligns with the core of metamorphosis as a change in form or abil"
m30c,METAMORPHOSIS,high,multiple,"The act of falling implies a transformation from a flying state to a grounded one, motivated by a broken taboo, effectively explaining the person's current state as a result of prior aerial existence."
m30d,ANTHROPOMORPHIC_ANIMAL,high,animal,"The tortoise is depicted as actively participating in a flight facilitated by birds, demonstrating agency and intentionality beyond typical animal behavior."
m31,ANTHROPOMORPHIC_ANIMAL,high,animal,The core of the story is an animal acting with human-like intent and engaging in a deceptive social interaction.
m32,METAMORPHOSIS,high,none,"The description details a fundamental transformation of the body's function, explaining a physical characteristic as a result of an altered state – essentially, a person *becoming* a leaking vessel."
m32a,PURE_NARRATIVE,high,none,"This describes a gruesome bodily function and consumption, lacking any element of perceived figures in nature, transformation, or personification."
m33,PURE_NARRATIVE,high,none,"The description details a physical action with no indication of pareidolia, personification, or transformation; it's a purely behavioral act."
m34,METAMORPHOSIS,high,animal,"The core of the myth is a transformation of a person *into* an animal via an object, fitting the definition of metamorphosis prioritizing transformation over mere resemblance."
m35,ANTHROPOMORPHIC_ANIMAL,high,animal,The story features animals acting as persons and engaging in a competitive social interaction.
m36,METAMORPHOSIS,high,plant,"The core of the motif is a transformation *into* a state allowing passage through a natural object (the tree/stone/ice), fulfilling the definition of metamorphosis."
m37,PURE_NARRATIVE,high,none,"The description details a violent act and its unusual outcome, focusing on plot and action without any element of perceived figures in nature or personification."
m38,ANTHROPOMORPHIC_ANIMAL,high,animal,"The core of the motif involves observing and imitating behaviors rooted in 'animal nature', projecting personhood and intent onto those observed actions."
m38a,ANTHROPOMORPHIC_ANIMAL,high,animal,"The core of the motif involves an animal acting as a person who observes and imitates others, demonstrating personified behavior and intent."
m38a1,PURE_NARRATIVE,high,none,"The description details a social practice of imitation, lacking any element of perceived figures in nature or personification of natural phenomena."
m38b,METAMORPHOSIS,high,sky,"The daughter of the Sun implies a transformation from celestial being to human form, and the imitation attempts likely involve replicating aspects of this original transformation."
m38b1,METAMORPHOSIS,high,none,"The wife's silence and eventual speech are triggered by revealing her true origin, implying a transformation or unveiling of her inherent, hidden nature – a form of reverse metamorphosis where acknowl"
m38b2,PURE_NARRATIVE,high,none,"The story focuses on social dynamics, competition, and magical ability, lacking any element of perceived figures in nature or personification of natural phenomena."
m38c,METAMORPHOSIS,high,none,"The core of the myth is the transformation of people (old into young), fitting the definition of metamorphosis even though it's done by a craftsman rather than a natural process."
m38d,ANTHROPOMORPHIC_ANIMAL,high,animal,"The description explicitly features animated objects/small animals exhibiting life and travel, implying personification and agency beyond typical animal behavior."
m38d1,TERRESTRIAL_PAREIDOLIA,high,landform,"The description of a 'neck like a hair' strongly suggests a visual perception of a thin, natural form (like a blade of grass or a root) being likened to a human body part, fitting the definition of pe"
m38d2,PURE_NARRATIVE,high,water,"The story focuses on a journey and its failure, lacking any element of perceived figures in nature or personification of natural elements."
m38d3,METAMORPHOSIS,high,landform,"The core of the story is the transformation of a being *into* earth, and its subsequent dissolution with water, explaining its ephemeral existence."
m38d4,ANTHROPOMORPHIC_ANIMAL,high,animal,"The story centers on a squirrel acting as a companion and participant in the hunt, exhibiting agency beyond typical animal behavior."
m38d5,ANTHROPOMORPHIC_ANIMAL,high,plant,"The grains are acting as persons, exhibiting agency and interaction, which falls squarely within the definition of anthropomorphic projection onto a lifeform (even a harvested one)."
m38d6,PURE_NARRATIVE,high,none,"The description focuses on a sequence of deaths and a final, fatal laugh, lacking any element of perceived figures in nature or personification of natural features."
m38e,ANTHROPOMORPHIC_ANIMAL,high,plant,"The mushroom is given the human trait of imagination and self-comparison, effectively acting as a personified being."
m39a,ANTHROPOMORPHIC_ANIMAL,high,animal,"The core of the story revolves around the 'fool' misinterpreting animal behavior as human-like intention and applying human logic to them, demonstrating a projection of personhood onto the animals."
m39a1,PURE_NARRATIVE,high,none,"The description details a plot-driven sequence of events based on miscommunication and escalating absurdity, lacking any element of perceived figures or personification in nature."
m39a2,PURE_NARRATIVE,high,none,"The description details a plot-driven scenario of a fool's actions and misunderstandings, lacking any element of perceived figures in nature or personification."
m39a3,PURE_NARRATIVE,high,water,"The story focuses on deception and a crime, lacking any element of perceived figures or personalities in nature; it's purely a plot-driven narrative about concealing a murder."
m39a3a,TERRESTRIAL_PAREIDOLIA,high,landform,"The story centers on perceiving cracks in the ground/stumps as resembling something deserving of sympathy, fitting the visual perception of a figure in a landform."
m39a4,ANTHROPOMORPHIC_ANIMAL,high,none,"The shadow is treated as a separate, pursuing entity with agency, effectively personifying a non-human phenomenon."
m39a4a,ANTHROPOMORPHIC_ANIMAL,high,animal,"The lizard is treated as a capable buyer and is then physically assaulted when payment isn't forthcoming, indicating a projection of personhood and intent onto the animal."
m39a4b,ANTHROPOMORPHIC_ANIMAL,high,animal,"The story attributes human-like agency (spinning/weaving) to frogs, implying they possess skills and intent beyond their natural behavior."
m39a5,PURE_NARRATIVE,high,none,The story describes an action and its consequences without attributing personhood to nature or perceiving figures within it.
m39a5a,PURE_NARRATIVE,high,none,"The story focuses on social consequences of truth-telling and deception, lacking any element of perceived figures in nature or personification of natural phenomena."
m39a5a1,ANTHROPOMORPHIC_ANIMAL,high,animal,"The chickens are acting as agents of punishment, essentially carrying out a task with intent and understanding of the situation, thus exhibiting personified behavior."
m39a5b,PURE_NARRATIVE,high,landform,"The story focuses on social consequences of a deceptive act and a resulting misunderstanding, lacking any element of perceived figures or personification in nature."
m39a6,PURE_NARRATIVE,high,none,"The description details a misunderstanding and resulting action, focusing on social interaction and communication without any element of perceived figures in nature."
m39a6a,PURE_NARRATIVE,high,none,"The story focuses entirely on plot and social dynamics (marriage, imprisonment, deception, rescue) without any element of perceiving figures in nature or attributing personality to natural phenomena."
m39a6b,PURE_NARRATIVE,high,none,"The story focuses on plot, deception, and social dynamics with no element of perceived figures in nature or personification of natural phenomena."
m39a6c,PURE_NARRATIVE,high,none,"The story focuses on plot, social dynamics (marriage agreement, crime), and action, lacking any element of perceived figures in nature or personification of natural elements."
m39a6d,PURE_NARRATIVE,high,none,"This is a plot-driven motif about communication and deception, lacking any element of perceived figures or personification in nature."
m39a6f,PURE_NARRATIVE,high,animal,"The story focuses on a transaction and a lesson, lacking any element of perceived figures in nature or personification of natural elements."
m39a6g,PURE_NARRATIVE,high,none,The story describes economic behavior and familial responsibility without any element of perceived figures in nature or personification of natural elements.
m39a6h,ANTHROPOMORPHIC_ANIMAL,high,animal,"The goose serves as a stand-in for a person, and the story revolves around tricking someone by exploiting the perceived similarity between plucking a goose and fleecing a person."
m39a6i,PURE_NARRATIVE,high,none,"The story focuses on deception and a social interaction, lacking any element of perceived figures in nature or personification of natural phenomena."
m39b,PURE_NARRATIVE,high,water,The story focuses on action and kinship with no element of perceiving figures in nature or attributing personality to natural phenomena.
m39b1,PURE_NARRATIVE,high,water,"The story describes an action and its result, lacking any element of perceived figures in nature or personification of natural phenomena."
m39c,ANTHROPOMORPHIC_ANIMAL,high,animal,"The core of the story involves attributing animal-like qualities (being 'hatched' from an egg, being a 'young animal') to the hare/rabbit/fox/mouse, effectively projecting personhood and life onto it."
m39d,PURE_NARRATIVE,high,none,"The description focuses entirely on a sequence of legal events and social interactions, lacking any element of perceived figures in nature or personification of natural phenomena."
m39e,PURE_NARRATIVE,high,none,"The story focuses on a legal interaction and deception, lacking any element of perceived figures in nature or personification of natural elements."
m39e1,PURE_NARRATIVE,high,none,"This is a story about social transgression and regaining stolen property through manipulation, lacking any element of perceived figures in nature or personification of natural phenomena."
m39e1a,ANTHROPOMORPHIC_ANIMAL,high,animal,"The mice are described as actively *eating* valuable metals, exhibiting a human-like action and intent beyond typical animal behavior."
m39e2,TERRESTRIAL_PAREIDOLIA,high,plant,"The story hinges on the belief that the tree can 'speak' and reveal information, representing a visual or perceived personality within the landform of the tree itself."
m39f,ANTHROPOMORPHIC_ANIMAL,high,animal,"The story centers on a fool whose head is bitten off by a bear, attributing human-like action and agency to the animal."
m39g,PURE_NARRATIVE,high,none,The story focuses on internal emotional states and social dynamics without attributing personhood to natural phenomena or involving transformations; it's a plot-driven narrative about jealousy and ant
m39h,PURE_NARRATIVE,high,none,"The story focuses on deception and murder within a marital relationship, lacking any element of perceived figures in nature or personification of natural phenomena."
m39i,PURE_NARRATIVE,high,none,"The story focuses on a man's financial hardship and subsequent discovery of treasure, lacking any element of perceived figures in nature or personification."
m3a,ANTHROPOMORPHIC_ANIMAL,high,water,"The story centers on an animal trickster using deception and social manipulation of other animals to achieve a goal, demonstrating personified animal behavior."
m4,ANTHROPOMORPHIC_ANIMAL,high,animal,"The narrative centers on a human interacting with an animal in a way that leads to consequence, effectively treating the animal as an agent with intent and causing harm through disrespecting its body "
m40,ANTHROPOMORPHIC_ANIMAL,high,animal,"The core of the motif involves an animal (or someone *acting* as an animal messenger) delivering demands and engaging in social interactions typically reserved for humans, thus projecting personhood o"
m41,METAMORPHOSIS,high,none,"The story describes a body part being thrown away and *becoming* lost, representing a transformation from possession to absence."
m42,METAMORPHOSIS,high,none,"The core of the myth involves a transformation – the loss of original eyes and their replacement with something else, explaining the altered state of the person."
m42a,METAMORPHOSIS,high,plant,"The motif centers on a person being *transformed* – gaining functional eyes made *from* berries, explaining their new vision."
m42b,METAMORPHOSIS,high,none,The core of the myth is a bodily transformation – the loss of eyes and their replacement with gum – which directly explains a changed state of being and ability.
m42c,METAMORPHOSIS,high,landform,"The narrative centers on a person physically *becoming* part of the landform's consequence (eating his own marrow after a fall), rather than simply perceiving a figure in it."
m43,TERRESTRIAL_PAREIDOLIA,high,landform,"The doll *is* the landform (a constructed figure) that the monster perceives, triggering a physical interaction based on perceived form."
m44a,PURE_NARRATIVE,high,none,"The description focuses on action and social conflict (theft, capture) without any element of perceived figures in nature or personification of natural features."
m44b,ANTHROPOMORPHIC_ANIMAL,medium,water,"The thief is identified as a water being, effectively attributing personhood and agency to a natural feature, fitting the anthropomorphic projection onto a non-human entity."
m44c,PURE_NARRATIVE,high,none,This describes a social interaction and plot point—a theft and subsequent acceptance—without any element of perceived figures in nature or personification of natural features.
m45,ANTHROPOMORPHIC_ANIMAL,high,animal,"The predator is depicted as intentionally deceiving other animals, exhibiting human-like cunning and predatory intent beyond simple instinct."
m45a,ANTHROPOMORPHIC_ANIMAL,high,animal,"The core of the motif involves animals acting with human-like intent (mourning, burial plans, valuing possessions) and interacting with the man as if he were a person, even if deceived."
m46a,METAMORPHOSIS,high,none,"The core of the motif is a person transforming *into* a baby, explaining the baby's presence and actions, prioritizing this over any potential pareidolic reading of the baby's form."
m46b,METAMORPHOSIS,high,multiple,"The core of the myth involves a person transforming into an object/creature which leads to conception, establishing a transformation-as-origin story."
m46c,METAMORPHOSIS,high,plant,"The core of the myth is a person transforming into a plant element (conifer needle) which directly leads to a new life, prioritizing transformation over simple resemblance."
m46d,PURE_NARRATIVE,high,none,"The description focuses on plot and consequence, lacking any element of perceived figures in nature, transformation, or personification of natural entities."
m47,METAMORPHOSIS,high,multiple,"The motif describes a physical transformation – reintegrating a disintegrated body, effectively turning 'bottoms' into a head – which prioritizes METAMORPHOSIS over simple visual resemblance."
m48,METAMORPHOSIS,high,animal,"The core of the story is Trickster *becoming* a buffalo, explaining the temporary appearance of a buffalo-like form, which is a transformation narrative."
m49,ANTHROPOMORPHIC_ANIMAL,high,animal,"The core of the motif involves assuming the *identity* of another being, specifically an animal-person, granting access and agency based on that assumed form."
m49a,METAMORPHOSIS,high,none,"The core of the motif is the hero *becoming* the old woman, transforming into her to achieve disguise, which prioritizes METAMORPHOSIS over any potential personification or narrative elements."
m5,ANTHROPOMORPHIC_ANIMAL,high,animal,"The core of the motif involves interacting with an animal as if it possesses human-like intent and reacting to its provocations, thus projecting personhood onto the animal."
m50,CELESTIAL_PAREIDOLIA,high,sky,"The core of the myth involves perceiving persons *in* the stars (Pleiades) and attempting to rejoin them, demonstrating a visual pareidolic perception of figures within a celestial phenomenon."
m51,ANTHROPOMORPHIC_ANIMAL,high,animal,"The core of the story involves animals acting with human-like intent and engaging in deception and violence, establishing them as personified actors."
m52,ANTHROPOMORPHIC_ANIMAL,high,animal,"The story centers on animals acting as people, negotiating and attempting to exploit each other, which defines the anthropomorphic animal motif."
m53,ANTHROPOMORPHIC_ANIMAL,high,animal,"The core of the motif involves animals acting as participants in a deceptive interaction with a human, effectively projecting personhood and intent onto them."
m53a,ANTHROPOMORPHIC_ANIMAL,high,animal,"Raven acts as a person, employing trickery and intent to kill the seals, demonstrating personified animal behavior."
m53b,ANTHROPOMORPHIC_ANIMAL,high,animal,"The trickster, a common animal figure, exhibits human-like behavior by possessing and controlling songs, implying personhood and intent."
m53c,ANTHROPOMORPHIC_ANIMAL,high,animal,"The story centers on birds acting with agency and being punished for disobeying a trickster, demonstrating personified animal behavior."
m53d,ANTHROPOMORPHIC_ANIMAL,high,none,"The core of the story involves a person *acting as* or creating illusions *of* others to manipulate behavior, projecting agency and intent onto these fabricated figures—essentially, a form of personif"
m53e,ANTHROPOMORPHIC_ANIMAL,high,animal,"The raven acts as a deceptive person, exploiting a situation to benefit itself, demonstrating personified intent and behavior."
m53f,ANTHROPOMORPHIC_ANIMAL,high,animal,"The core of the story involves a person disguised as an animal predator to deceive and exploit others, demonstrating personhood projected onto animal form."
m54,METAMORPHOSIS,medium,landform,"The repeated return to the house suggests a transformation *into* the house itself, or being bound to it, rather than simply perceiving a figure within it."
m55,PURE_NARRATIVE,high,none,This describes a deceptive act and social dynamic with no element of perceived figures in nature or personification of natural phenomena.
m56a,ANTHROPOMORPHIC_ANIMAL,high,animal,"The alligator speaks and possesses knowledge of a vulnerability, demonstrating personified intelligence and agency."
m56b,ANTHROPOMORPHIC_ANIMAL,high,animal,The core of the story relies on animals being treated as sources of power and possessing qualities that can be 'taken' – effectively projecting personhood and agency onto them.
m56c,ANTHROPOMORPHIC_ANIMAL,high,animal,"The snake acts as a person by agreeing to be measured and participating in the process, demonstrating personified behavior."
m56d,ANTHROPOMORPHIC_ANIMAL,high,animal,"The story centers on the agency and collective behavior of the flies, effectively treating them as a responsive group with intent, which aligns with projecting personhood onto animal life."
m57a,METAMORPHOSIS,high,multiple,"The discharge of valuables *is* a transformation of bodily fluids into something else, explaining the unusual appearance – a clear case of pareidolia retold as transformation."
m57b,METAMORPHOSIS,high,multiple,"The discharge of beads/metals *from* the deities implies a transformation of their substance into material objects, explaining the origin of those objects."
m57c,ANTHROPOMORPHIC_ANIMAL,high,animal,"The animal is performing an action with extraordinary results, implying agency and a break from typical animal behavior, thus projecting personhood onto it."
m57d,PURE_NARRATIVE,high,none,The story focuses on actions and consequences – theft and punishment – without attributing personhood or form to any natural element; it's a plot-driven narrative about magical objects and their prote
m57d1,ANTHROPOMORPHIC_ANIMAL,high,animal,"The bird acts with intent and agency, *giving* gifts, which projects personhood onto the animal."
m57d2,ANTHROPOMORPHIC_ANIMAL,high,plant,"The tree (or bird within it) speaks and grants wishes, demonstrating personified agency and intent beyond simply being a natural object."
m57d3,NATURE_SPIRIT_PERSONIFICATION,high,sound,"The wind is treated as a personified force capable of granting wishes, without a specific pareidolic trigger described."
m57d4,NATURE_SPIRIT_PERSONIFICATION,high,none,"The motif describes Frost as an entity capable of granting wishes, embodying a natural force without a specific pareidolic trigger."
m58,METAMORPHOSIS,high,landform,"The cooling of the earth implies a transformation of the land itself to provide protection, fitting the definition of metamorphosis where a natural object changes to aid the hero."
m59,ANTHROPOMORPHIC_ANIMAL,high,animal,"The story centers on animals behaving with human-like intent and agency, specifically a small animal deliberately killing a larger one, which projects personhood onto the animal actors."
m59a,ANTHROPOMORPHIC_ANIMAL,high,animal,"The porcupine acts with intent, makes choices, and engages in lethal behavior, demonstrating personified agency beyond typical animal behavior."
m5a,ANTHROPOMORPHIC_ANIMAL,high,animal,"The story centers on a rat behaving with human-like malice (defecating on or killing its rescuer), projecting personhood onto the animal."
m6,ANTHROPOMORPHIC_ANIMAL,high,animal,"The partridge acts with intent, providing shelter and fire, and reacting to the person's actions, demonstrating personified behavior."
m60,PURE_NARRATIVE,high,none,"The story describes actions and deception, lacking any perception of figures in nature or personification of natural elements."
m60a,ANTHROPOMORPHIC_ANIMAL,high,animal,"The core of the motif involves a hero interacting with an animal (or supernatural creature) as if it were a person, demonstrating agency and being subject to the hero's actions and deception."
m60a1,PURE_NARRATIVE,high,none,"The description focuses on a plot of disguise and social interaction, lacking any element of perceived figures in nature or personification of natural features."
m60a2,ANTHROPOMORPHIC_ANIMAL,high,animal,"The core of the story hinges on the substitution of an animal tongue for the expected human action, imbuing the tongue with agency and a performative role typically reserved for a person."
m60b,ANTHROPOMORPHIC_ANIMAL,medium,animal,"The 'deceiver' acts with intent and agency, essentially *behaving* as a predator, projecting personhood onto an animalistic act of consumption or malicious intent."
m61a,PURE_NARRATIVE,high,none,"This describes a method of theft involving social conflict, lacking any element of perceived figures in nature or personification."
m61a1,ANTHROPOMORPHIC_ANIMAL,high,animal,"The story centers on birds acting with human-like intent and engaging in social conflict based on false accusations, demonstrating personification of animal behavior."
m61a2,ANTHROPOMORPHIC_ANIMAL,high,landform,"The raven actively provokes a conflict by *telling* the stones things, demonstrating personified intent and agency beyond simple action."
m61a3,ANTHROPOMORPHIC_ANIMAL,high,animal,"The fish are given human-like motivations (being offended by insults) and are actively engaged in a quarrel instigated by a person, demonstrating personification."
m62b,PURE_NARRATIVE,high,none,The description details a purely kinetic event – a conflict between characters – without any element of perceived figures in nature or personification.
m62c,ANTHROPOMORPHIC_ANIMAL,high,animal,"The core of the story involves animals acting with human intent and engaging in a social agreement, fitting the definition of anthropomorphic animals even though it involves a trick."
m62d,ANTHROPOMORPHIC_ANIMAL,high,animal,"The hare actively deceives and manipulates other animals through disguise and trickery, demonstrating personified intent and behavior."
m62e,PURE_NARRATIVE,high,landform,"The story focuses on social dynamics and deception regarding agricultural labor, lacking any element of perceived figures or personalities in nature."
m62f,PURE_NARRATIVE,high,none,The story focuses on a sequence of actions and power dynamics with no element of perceived figures in nature or personification of natural phenomena.
m63,PURE_NARRATIVE,high,none,"The description details a narrative process of elimination, lacking any element of perceived figures in nature or personification."
m64,ANTHROPOMORPHIC_ANIMAL,medium,none,"The act of pretending to possess something implies attributing agency and intent – a form of projecting personhood – onto the resources themselves, akin to how a trickster animal might feign ownership"
m65,ANTHROPOMORPHIC_ANIMAL,high,animal,The core of the story involves an animal acting with human-like intent (stealing) and the Trickster *is* an animal exhibiting personified behavior.
m65a,AUDITORY_PAREIDOLIA,high,plant,"The story centers on a character misinterpreting a natural sound (squeaking tree) as something intentional, leading to a consequence."
m65b,PURE_NARRATIVE,high,none,The description details a plot of hunting and theft without any element of perceived figures in nature or personification of natural elements.
m66,ANTHROPOMORPHIC_ANIMAL,medium,plant,"The plant is causing a physiological reaction *as if* it has agency and is actively 'afflicting' the person, projecting a personality onto the plant's effect."
m67,AUDITORY_PAREIDOLIA,high,sound,"The wind is presented as an agent that *carries* the trickster, implying a personality or intent within the natural sound of the wind itself."
m68,ANTHROPOMORPHIC_ANIMAL,high,animal,"The man's flatulence directly impacts his ability to hunt animals, effectively granting his bodily function a disruptive agency over animal behavior, making it a personified force affecting the animal"
m69,TERRESTRIAL_PAREIDOLIA,high,landform,"The skull is a landform-like object where perceived activity (dancing animals, feasting, entrapment) creates a figure-in-nature reading, specifically perceiving life *within* the static form of the sk"
m7,CELESTIAL_PAREIDOLIA,high,sky,"The sun or moon is explicitly perceived as the agent of transport, visually 'picking up' the hero, thus representing a figure in a sky phenomenon."
m70,ANTHROPOMORPHIC_ANIMAL,high,animal,"The act of releasing intestinal gas is a bodily function associated with animals, and the story centers on this animalistic behavior being used intentionally to harm another, projecting agency and int"
m70a,PURE_NARRATIVE,high,none,"The description details an act of violence and its motivation, lacking any element of perceived figures in nature, transformation, or personification."
m71,METAMORPHOSIS,high,plant,"The core of the motif is a being *transforming into* a wooden object, which prioritizes METAMORPHOSIS over simply resembling something natural."
m72,ANTHROPOMORPHIC_ANIMAL,high,animal,"The narrative centers on an animal acting as an agent in a bizarre situation, essentially 'punishing' the person through its actions, projecting agency and intent onto the animal."
m73,ANTHROPOMORPHIC_ANIMAL,high,animal,"The core of the story involves animals acting as persons, engaging in a social comparison based on their bodily functions, demonstrating personified behavior."
m74,ANTHROPOMORPHIC_ANIMAL,high,animal,"The motif centers on animals exhibiting behaviors (comparison, exchange, and consumption of vomit) indicative of personhood and social interaction."
m74a,ANTHROPOMORPHIC_ANIMAL,high,animal,"The core of the motif is an animal acting with human intent and social roles (godfather), establishing it as a personified animal figure."
m74aa,ANTHROPOMORPHIC_ANIMAL,high,animal,The core of the story involves an animal acting with human social roles and intent (pretending to be a godfather) to achieve a selfish goal.
m74ab,ANTHROPOMORPHIC_ANIMAL,high,animal,"The fox acts as a person, performing actions with intent and causing consequences, establishing it as a personified animal rather than a simple nature spirit or visual/auditory illusion."
m74b,ANTHROPOMORPHIC_ANIMAL,high,animal,"The story centers on an animal performing an action with intent to deceive, demonstrating personified behavior and agency."
m75a,ANTHROPOMORPHIC_ANIMAL,high,animal,"The vulture acts with intent, suggesting personhood and revenge, making it more than just a creature in the narrative."
m75b,ANTHROPOMORPHIC_ANIMAL,high,animal,"The story centers on an animal (the bird) unknowingly carrying a human 'inside' its domain, effectively treating the carcass as a mobile extension of itself and projecting agency onto the animal's act"
m75b1,PURE_NARRATIVE,high,none,"The description focuses on social dynamics, inheritance, and attempts to alter fate, lacking any element of perceived figures in nature or personification of natural phenomena."
m75b1a,PURE_NARRATIVE,high,none,This is a story of fate and social dynamics with no discernible figure-in-nature element or personification; it focuses solely on plot and character interaction.
m75b2,ANTHROPOMORPHIC_ANIMAL,high,animal,"The bird acts with intent and agency to change a social outcome, demonstrating personified behavior beyond simple animal action."
m75b3,ANTHROPOMORPHIC_ANIMAL,high,animal,"The story centers on humans using an animal form (the horse) to enact a plan, effectively giving the horse agency and a role in the narrative beyond simply being an object."
m75c,METAMORPHOSIS,medium,landform,"The successful retrieval of treasure *from* the mountain top, coupled with the impossibility of return, suggests the mountain itself has fundamentally altered the seeker, effectively transforming him "
m75d,ANTHROPOMORPHIC_ANIMAL,high,animal,"The story centers on interaction with vultures as if they possess tools and therefore agency, projecting personhood onto them."
m76,METAMORPHOSIS,high,plant,"The act of severing a limb and the tree being the site of this event strongly suggests a transformation or origin story linked to the tree's form, even if not explicitly stated."
m77,ANTHROPOMORPHIC_ANIMAL,medium,animal,"The act is a trickster's behavior, projecting agency and intent onto the perpetrator, akin to attributing human-like qualities to an animal."
m78,ANTHROPOMORPHIC_ANIMAL,high,animal,"Though small, Thumbling acts with human cunning and agency, exhibiting personality traits and engaging in interactions typically reserved for people, effectively functioning as a personified being des"
m78a,METAMORPHOSIS,high,animal,"The core of the myth is the transformation of a being *into* a part of an animal, specifically a tail becoming a boy."
m79,TERRESTRIAL_PAREIDOLIA,high,plant,"The core of the story involves perceiving figures (dancers) in the movement of plants (reeds/trees), fitting the definition of visually perceiving a figure in a landform."
m7a,ANTHROPOMORPHIC_ANIMAL,high,animal,"The core of the story involves animals acting with intent and agency, essentially 'taking' a person and enacting a punishment, demonstrating personified animal behavior."
m7b,ANTHROPOMORPHIC_ANIMAL,high,animal,The core of the story is a fox behaving with human-like agency – asking for help – establishing it as a personified animal.
m8,PURE_NARRATIVE,high,none,"The description focuses on action and obstacle overcoming, lacking any element of perceived figures in nature or personification of natural features."
m80,ANTHROPOMORPHIC_ANIMAL,high,animal,"The partridge acts with intent and agency, enacting revenge on the person who harmed her, demonstrating personified behavior."
m81,PURE_NARRATIVE,high,none,"The description details a travel narrative and interaction between people, lacking any element of perceived figures in nature or personification of natural phenomena."
m81a,METAMORPHOSIS,high,animal,"The core of the story is the transformation of the women *into* birds, making it a clear case of metamorphosis despite the initial act of curing their blindness."
m81b,PURE_NARRATIVE,high,plant,"The story focuses on action and disobedience, lacking any element of perceived figures or personification in nature."
m81c,CELESTIAL_PAREIDOLIA,medium,sky,"The blind persons are encountered *in the sky*, suggesting figures perceived within a celestial phenomenon, and their 'cure' implies restoring a perceived visual element."
m81d,CELESTIAL_PAREIDOLIA,medium,sky,"The curing event happens 'in the sky', suggesting a visual phenomenon or figure perceived there is responsible for the restoration of sight, fitting the definition of perceiving a figure in a sky phen"
m81e,PURE_NARRATIVE,high,none,"This is a straightforward plot about a transgression and a conflict, lacking any element of perceived figures in nature or personification of natural features."
m81e1,PURE_NARRATIVE,high,none,"The story focuses on action, transgression, and reward, lacking any element of perceived figures in nature or personification of natural features."
m81e2,AUDITORY_PAREIDOLIA,medium,sound,"The ability to attract others through music implies a perceived personality or intentionality within the sound itself, fitting the definition of hearing a personality in a natural sound."
m81f,ANTHROPOMORPHIC_ANIMAL,high,animal,"The 'blind trickster' functions as a personified agent acting with intent and cunning, characteristic of an animal trickster figure despite being human."
m82,ANTHROPOMORPHIC_ANIMAL,high,animal,"The story centers on an animal acting with human-like desire and experiencing consequences, indicating personification of the animal."
m82a,ANTHROPOMORPHIC_ANIMAL,high,animal,"The story centers on animals acting with intent and engaging in a social deception, demonstrating personified behavior."
m83,PURE_NARRATIVE,high,none,"The description focuses solely on a dispute about age and origin, lacking any element of perceived figures in nature or personification of natural phenomena."
m83a,PURE_NARRATIVE,high,none,"The description focuses on a dispute over age and memory of events, lacking any element of perceived figures in nature or personification of natural phenomena."
m83b,ANTHROPOMORPHIC_ANIMAL,high,animal,"The core of the story involves animals acting as persons, competing, and engaging in social interaction (eating) based on a perceived quality (dream content); this establishes them as personified bein"
m83c,ANTHROPOMORPHIC_ANIMAL,high,animal,The story centers on animals exhibiting human-like behavior – getting drunk and arguing – projecting personhood onto them.
m84,METAMORPHOSIS,high,multiple,"The core motif involves a being *becoming* something else (disassembled and reassembled), which prioritizes METAMORPHOSIS over simple resemblance or personification, even though multiple substrates ar"
m84a,METAMORPHOSIS,high,animal,"The core of the myth involves a complete transformation – the animal is killed, disassembled, and then *re-made* into a living being, explaining its miraculous return."
m84b,METAMORPHOSIS,high,water,"The core of the myth is the transformation of bones *into* a living creature, explaining the origin of the animal's renewed life."
m84c,NATURE_SPIRIT_PERSONIFICATION,high,plant,"The story centers on spirits *of* the forest/desert, demonstrating personification of the natural environment without a specific pareidolic trigger for their perception."
m84d,AUDITORY_PAREIDOLIA,high,plant,"The story centers on a man *hearing* trees converse, attributing speech and personality to them based on natural sounds."
m85,ANTHROPOMORPHIC_ANIMAL,high,animal,"The fox is depicted as capable of complex deception and negotiation, exhibiting distinctly human-like intent and behavior."
m86,TERRESTRIAL_PAREIDOLIA,high,landform,"The story explicitly attributes agency and punitive action to a rock, implying a perceived personality within the landform itself."
m87,TERRESTRIAL_PAREIDOLIA,medium,landform,"The 'invisible beings' are implicitly tied to the house itself, suggesting a perception of agency or personality within the structure – a form of pareidolia applied to the building as a landform."
m88,PURE_NARRATIVE,high,none,The description details a plot event—a man joining a dance and suffering harm—without any element of perceived figures in nature or personification.
m89,METAMORPHOSIS,high,multiple,"The core of the motif involves a person being reduced or transformed (effectively 'melted' into nothingness) due to an object they created or valued, aligning with the definition of metamorphosis as a"
m89a,ANTHROPOMORPHIC_ANIMAL,high,animal,"The hyena acts with human-like intent to deceive and participate in a social event, demonstrating personified behavior."
m8a,METAMORPHOSIS,medium,landform,"The rock itself is the enclosure *becoming* unlocked through the actions of the animals, implying a transformation of its state from confining to releasing."
m8b,METAMORPHOSIS,high,landform,"The rock/cane *becomes* the source of water/honey due to the animals' actions, explaining its presence – this is transformation, not just seeing a figure in it."
m8c,METAMORPHOSIS,high,landform,"The story describes a person being *transformed* into a feature of the landscape (eyes stuck up with material, then pecked at), rather than simply resembling it."
m8d,ANTHROPOMORPHIC_ANIMAL,high,animal,"The birds are actively *doing* something that implies intent and agency, effectively acting as agents in a narrative rather than simply being part of the environment."
m9,METAMORPHOSIS,high,plant,"The core of the motif involves being *stuck* in the tree, implying a transformation or permanent integration with the natural object, rather than simply perceiving a figure within it."
m90,PURE_NARRATIVE,high,none,"The story focuses on a challenge and a promise, lacking any element of perceived figures in nature or personification of natural elements."
m90a,PURE_NARRATIVE,high,none,"The story focuses on a challenge and deception to achieve marriage, lacking any element of perceived figures in nature or personification of natural elements."
m90a1,ANTHROPOMORPHIC_ANIMAL,high,animal,"The story centers on deceiving someone about the identity of an animal, implying it possesses characteristics beyond its size, thus projecting personhood onto it."
m90a2,METAMORPHOSIS,high,plant,"The motif explicitly states the plant originates from a transformed body part, making it a case of transformation into a natural object."
m90a3,METAMORPHOSIS,high,plant,"The motif describes a transformation of a snake (a being) into a plant, explaining the plant's origin."
m90b,CELESTIAL_PAREIDOLIA,high,sky,"The story centers on a perceived anomaly in a celestial phenomenon (the sun rising in the West), implying a visual misinterpretation or expectation of a pattern in the sky."
m90c,PURE_NARRATIVE,high,none,"This is a trickster tale focused on outsmarting someone through a loophole, with no element of perceived figures in nature or personification of natural elements."
m91,PURE_NARRATIVE,high,none,The description details a social deception and reward-seeking behavior with no element of perceived figures in nature or personification of natural phenomena.
m91a,PURE_NARRATIVE,high,none,"This describes a deceptive act with no element of perceived figures in nature, personification, or transformation."
m91b,ANTHROPOMORPHIC_ANIMAL,medium,none,"The core of the story revolves around trickery and social interaction, implying a personality and intent within the act of deception, akin to an animal trickster figure, even though no animal is expli"
m91b1,PURE_NARRATIVE,high,none,"The story focuses on economic transaction and social dynamics, lacking any element of perceived figures in nature or personification of natural elements."
m91c1,PURE_NARRATIVE,high,water,"The story focuses on deception and acquisition of possessions through trickery, lacking any element of perceived figures or personification within natural phenomena."
m91c2,PURE_NARRATIVE,high,none,"This describes a plot device involving deception and sacrifice, lacking any element of perceived figures in nature or personification of natural phenomena."
m91c3,ANTHROPOMORPHIC_ANIMAL,high,animal,"The core of the story relies on an animal acting as a messenger with intent and being recognized as such, demonstrating projected personhood."
m91c4,ANTHROPOMORPHIC_ANIMAL,high,none,"The 'stick touching ground creates food' implies agency and intent beyond a simple tool, effectively personifying the stick as a provider – a characteristic of anthropomorphic figures."
m91c5,ANTHROPOMORPHIC_ANIMAL,high,animal,"The trickster attempts to deceive by misidentifying a large animal *as* a smaller one, projecting a false identity onto the animal and relying on social confirmation of this false perception."
m91d,PURE_NARRATIVE,high,none,The description focuses on deception and social dynamics—a plot of trickery and murder—without any element of perceiving figures in nature or attributing personality to natural phenomena.
m92,PURE_NARRATIVE,high,none,"The story describes a deception and a misinterpretation, lacking any element of perceived figures in nature or personification."
m93,ANTHROPOMORPHIC_ANIMAL,high,animal,"The body parts (eyes, anus) are given the agency and function of a guard, effectively acting as sentient beings with intent."
m93a,METAMORPHOSIS,high,none,"The punishment *is* a self-inflicted transformation of a body part, explaining its subsequent condition – a clear case of enacting a change to the physical form based on a perceived duty."
m94,PURE_NARRATIVE,high,landform,"The story describes an action and its consequences without attributing personhood or agency to the hill itself, nor any visual or auditory pareidolia."
m94a,PURE_NARRATIVE,high,none,This is a story of trickery and violence with no element of perceived figures in nature or personification of natural phenomena.
m94b,ANTHROPOMORPHIC_ANIMAL,high,animal,"The wolf acts as a character with agency and is the subject of a trick, demonstrating personified behavior."
m95,ANTHROPOMORPHIC_ANIMAL,high,none,"The core of the story involves deception and agency attributed to the 'weaker' person, effectively acting *as if* an animal trickster, using disguise and relying on the 'stronger' one's lack of percep"
m96,PURE_NARRATIVE,high,none,"The story describes social behavior and a deception, lacking any element of perceived figures in nature or personification of natural phenomena."
m97,ANTHROPOMORPHIC_ANIMAL,high,plant,"The trees are actively responding to the person, effectively acting as guides with intent, which constitutes projecting personhood onto plant life."
m98,PURE_NARRATIVE,high,none,"The description focuses on a counting puzzle and a demonstration of a point, lacking any element of perceived figures in nature or personification."
m99,PURE_NARRATIVE,high,none,The description focuses on action and social interaction (advice) without any element of perceived figures in nature or personification of natural elements.
m99a,METAMORPHOSIS,high,animal,"The construction *of* a palace from bird bones implies a transformation of the birds (or their remains) into a structure, rather than simply perceiving a shape in nature."
m99a1,ANTHROPOMORPHIC_ANIMAL,high,animal,"The story involves intentionally modifying birds as if they were objects to be crafted, projecting human intent and action onto them."
m9a,METAMORPHOSIS,high,plant,"The core of the motif is a person being transformed into a tree-frog, directly linking a person to a natural object via transformation."
n1,METAMORPHOSIS,high,landform,"The formula describes a state of being 'small' that transformed into the current 'huge' state, fitting the definition of transformation into a landform (Altai mountain range)."
n10,METAMORPHOSIS,high,none,"The transparent body implies a transformation *into* a state of being akin to glass or light, explaining a unique physical characteristic, rather than simply perceiving a figure *in* nature."
n10a,TERRESTRIAL_PAREIDOLIA,medium,landform,"The description evokes a visual perception of internal structure *through* the body, akin to seeing shapes within a translucent rock or ice formation – a figure perceived within a natural material."
n10b,TERRESTRIAL_PAREIDOLIA,medium,plant,"The transparent neck evokes the appearance of a translucent plant stem, and the visibility of swallowed substances suggests a visual pattern *within* the 'neck' resembling something flowing through a "
n10c,TERRESTRIAL_PAREIDOLIA,high,landform,"The human body is treated as a landscape where internal features are 'seen' as if they were formations within it, representing a visual perception of figures within a form."
n11,TERRESTRIAL_PAREIDOLIA,high,landform,The desired spouse is explicitly likened to natural elements – snow and blood – creating a visual pareidolic association with complexion and color.
n12,METAMORPHOSIS,high,plant,"The beards/moustaches, once part of a person, are transformed into a new object (the cloak), explaining its unusual composition and likely power."
n13,NATURE_SPIRIT_PERSONIFICATION,medium,none,"The association of a girl with scissors doesn't inherently involve perceiving a figure *in* nature, but rather ascribes a personality or role to an object, suggesting a spirit or force connected to it"
n14,PURE_NARRATIVE,high,none,This is a framing device for storytelling and contains no element of perceiving figures in nature or personifying natural phenomena.
n15,PURE_NARRATIVE,high,none,"This is a purely formulaic closing to a tale, describing an action without any element of perceived figures in nature or personification."
n16,METAMORPHOSIS,high,none,"The tale centers on a horse *made of* a natural substance (ice, wax, etc.) that is then consumed or melts, representing a transformation from horse to something else."
n17,NATURE_SPIRIT_PERSONIFICATION,medium,multiple,"The 'characters' bestowing paper clothes suggest a spirit world interacting with the human world, without a specific pareidolic trigger for the encounter; the materials themselves are personified as s"
n18,PURE_NARRATIVE,high,none,This describes a plot element – the loss of gifts – and doesn't involve perceiving figures in nature or attributing personality to it.
n19,METAMORPHOSIS,high,multiple,"The tale describes people *becoming* physically altered (bald/lame) due to interactions with food/objects, representing a transformation motivated by the events within the narrative."
n2,ANTHROPOMORPHIC_ANIMAL,high,animal,"The core of the motif is animals acting in human social roles (colonel), demonstrating personification and agency beyond typical animal behavior."
n20,PURE_NARRATIVE,high,none,"This is a concluding statement about the outcome of a story, lacking any element of perceived figures in nature or personification."
n21,METAMORPHOSIS,high,none,"The central claim is the transformation of a substance (dough) into a living being, fitting the definition of metamorphosis over simple personification."
n22,PURE_NARRATIVE,high,none,This is a purely narrative framing device with no element of perceived figures in nature or personification.
n23,PURE_NARRATIVE,high,none,"This is a purely structural element of storytelling, lacking any figure-in-nature perception or personification."
n24,CELESTIAL_PAREIDOLIA,high,sky,The core of the myth is the visual perception of a figure (a woman) *in* a celestial phenomenon (light resembling a moon/sun).
n25,PURE_NARRATIVE,high,none,The description focuses on a narrative element – the exaggeration of travel time relative to distance – and contains no perception of figures in nature or personification of natural elements.
n26,METAMORPHOSIS,high,landform,"The growth of plants on ice/salt implies a transformation of the environment, explaining an unusual phenomenon as the result of a prior event or being."
n27,METAMORPHOSIS,high,animal,"The myth explains the origin of a rare substance (milk) from an animal (birds), implying a transformation of the animal's nature to produce something unexpected."
n28,TERRESTRIAL_PAREIDOLIA,high,landform,The myth explicitly focuses on perceiving something *in* a landform (rocks/mountains) – the non-existent 'roots' – which is a visual imagining of a feature that isn't there.
n29,PURE_NARRATIVE,high,none,"This describes a method of timekeeping, a cultural practice, and contains no element of perceived figures in nature or personification."
n3,ANTHROPOMORPHIC_ANIMAL,high,animal,"The fingers, while part of a human, are treated as individual entities with desires and opinions, effectively acting as personified beings."
n30,METAMORPHOSIS,medium,landform,"The shifting emotional response is tied to the direction of gaze, implying a transformation of perception based on what is 'seen' in the landscape, akin to a figure revealed or concealed within it."
n4,METAMORPHOSIS,high,none,"The description details a physical transformation of humans *into* a structural element (ribs forming armor), prioritizing this over any potential personification or abstract qualities."
n5,PURE_NARRATIVE,high,none,"The description details a method of telling seasons, a purely observational and descriptive element lacking any figure-in-nature reading or personification."
n6,ANTHROPOMORPHIC_ANIMAL,high,animal,"The horse speaks and gives instructions, exhibiting clear personification and agency beyond typical animal behavior."
n7,METAMORPHOSIS,medium,plant,"The apples falling from the sky or tree suggest a transformation or origin story linked to a natural object, even if the specifics aren't fully detailed."
n8,METAMORPHOSIS,high,multiple,"The storyteller *becomes* the projectile (cannonball/rifle shot) to travel to a new location, explaining their arrival – this is a transformation narrative, even if unusual."
n9,CELESTIAL_PAREIDOLIA,high,sky,"The story explicitly describes interpreting visual phenomena in the sky (what appears to be crows and snow/fog) as elements of a horseman's approach, demonstrating a visual perception of a figure in a"
