motif_id,motif_base,name,description,n_traditions,pareidolic,perceptual_class,perceptual,perceptual_v2,is_celestial,pc_class,pc_subtype,pc_engine
a1_1,a1,The old sun,"Another sun, usually less benevolent and/or powerful, existed before the present one",44,True,,False,False,True,MENTION,celestial,rule
a2a_1,a2a,Several suns burn the earth,"The world was (almost) burned when several suns had (will) appear(ed) simultaneously. (Texts with ""Moon was equal to Sun"" without ""the burned earth"" motif not mentioned)",75,True,,False,False,True,MENTION,celestial,rule
a2b_1,a2b,Extra suns and moons annihilated,Other suns or moons besides present ones had been in the sky and were later annihilated,65,True,,False,False,False,MENTION,celestial,rule
a2b1_1,a2b1,The last sun,"Two or more suns shine in the sky. When the extra suns had been annihilated, there was a risk of the last one being destroyed too",19,True,,False,False,True,MENTION,celestial,rule
a2c_1,a2c,Extra suns are children of the present one,Extra suns who almost burned or could burn the world are children of the present one,19,False,,False,False,False,MENTION,celestial,rule
a2d_1,a2d,Suns of the other worlds,Different suns illuminate different worlds or will appear successively in the future,14,False,,False,False,False,MENTION,celestial,rule
a3_1,a3,Male sun and female moon,"The Moon is female or bisexual, the Sun is male",325,True,,False,False,True,MENTION,celestial,rule
a4_1,a4,Female sun,"The Sun is female, the Moon is male or (much more rare) also female",209,True,,False,False,True,MENTION,celestial,rule
a4a_1,a4a,The Sun dazzles eyes,"Modest Sun-woman dazzles (usually pricks with needles, i.e. the sun rays) eyes of those who look at her",11,True,,False,False,True,MENTION,celestial,rule
a4b_1,a4b,The Sun is afraid of the night,"Being afraid of the night, the Sun decided to travel across the sky only at the day time",5,True,,False,False,True,MENTION,celestial,rule
a5_1,a5,The Sun and the Moon are males,"The Moon is male, the Sun is also male or (much more rare) asexual",302,True,,False,False,True,MENTION,celestial,rule
a5a_1,a5a,The Sun created from the Moon’s swaddling clothes,The younger brother (usually the Sun) is created from urine and swaddling clothes of the elder brother (usually the Moon).,8,True,,False,False,True,MENTION,celestial,rule
a6_1,a6,The Sun and the Moon are females,Both the Sun and the Moon are considered to be females (incl. cases when the gender is not directly specified but both emerge from parts of the body of a female person),48,True,,False,False,True,MENTION,celestial,rule
a7_1,a7,The sun pursues the moon,The Sun and the Moon are persons of different sex. The man pursues the woman or vice versa. Details of pursuit usually explain why the luminaries are not equally bright and/or why there are stains on the lunar disc,36,True,,False,True,True,PERCEPTION,celestial,rule
a8_1,a8,"The Sun, the Moon and the Star are three siblings","The Sun, the Moon and the star (stars) are three sisters or three brothers",3,True,,False,False,True,MENTION,celestial,rule
a8a_1,a8a,,,6,False,,False,False,False,NONE,,rule
a9_1,a9,The moon defends people,Female moon does not permit her husband or son to destroy people,5,True,,False,False,True,MENTION,celestial,rule
a10_1,a10,The sun finds its eyes,The sun gets his bright eye or eyes from an animal,6,True,,False,False,True,MENTION,celestial,rule
a11a_1,a11a,Eyes of the Sun and the Moon: coolness and night,"Visible sun and/or moon are the Sun's and/or the Moon's eyes. If these eyes were not injured, light and heat would be more intense",31,True,celestial,True,False,True,MENTION,celestial,rule
a11b_1,a11b,One-eyed luminaries,The Sun or the Moon have only one eye (the Mundurucu: they are blind),30,True,,False,False,True,MENTION,celestial,rule
a11c_1,a11c,"The Sun, the Moon and monster’s eyes",The Sun and the Moon kill a monster whose eyes are unequally bright. The Moon takes the brighter eye but gives it back to the Sun,4,True,,False,False,True,MENTION,celestial,rule
a12_1,a12,Eclipses: a monster’s attack,"Some creature or creatures regularly (sunrise and sunset, summer and winter, lunar phases) or irregularly (solar and lunar eclipses, eschatological events) attack the luminaries or shade their light",270,True,,False,False,True,MENTION,celestial,rule
a12a_1,a12a,Eclipses: a predator animal,"During an eclipse or at the sunset the Sun or the Moon are attacked by a predator animal (a bear, a feline, a canine, a racoon)",82,True,,False,True,True,MENTION,celestial,rule
a12b_1,a12b,Eclipses: a frog or toad,During an eclipse or at the sunset the Sun or the Moon are attacked by a frog or toad,21,True,,False,True,True,MENTION,celestial,rule
a12c_1,a12c,Eclipses: reptiles and fish,"During an eclipse or at the sunset the Sun or the Moon are attacked by a reptile (a snake, a lizard, a dragon, a crocodile) or a fish",65,True,,False,True,True,MENTION,celestial,rule
a12d_1,a12d,Eclipses: birds,A bird or birds attack or shade the Sun or the Moon during an eclipse or at the sunrise and sunset,25,True,,False,False,True,MENTION,celestial,rule
a12e_1,a12e,Eclipses: spider,A spider produces the lunar eclipses,5,True,,False,False,True,MENTION,celestial,rule
a12f_1,a12f,Eclipses: creditor,A creditor comes from time to time to the Sun or the Moon to claim back his money producing eclipses,12,True,,False,False,True,MENTION,celestial,rule
a13a_1,a13a,Raven steals the Sun,Raven steals (hides) the Sun or tries to do it,8,True,,False,False,True,MENTION,celestial,rule
a13a1_1,a13a1,Raven obtains the Sun,Raven obtains the hidden or stolen Sun,27,True,,False,False,True,MENTION,celestial,rule
a13b_1,a13b,Ants shade the Sun,During an eclipse or during the first night ants shade or shaded the Sun,7,True,,False,False,True,MENTION,celestial,rule
a14_1,a14,Eclipses: relations between the Sun and the Moon,Coming together of the Sun and the Moon is the reason of their eclipses,96,True,,False,False,True,MENTION,celestial,rule
a15_1,a15,Eclipses: crossing of the paths,An eclipse happens when the Sun or the Moon turns to a wrong path or when their paths cross,13,True,,False,False,True,METAMORPHOSIS,celestial,rule
a16_1,a16,Dangers along the Sun’s way,Every night the Sun and/or the Moon passes by creatures or objects which try to destroy them,30,True,,False,False,True,MENTION,celestial,rule
a17_1,a17,The Sun’s relax at the midday,"After passing half of the its way across the sky (in the day time) or in the underworld (in the night time), the Sun stops to have a rest",45,True,,False,False,True,MENTION,celestial,rule
a18_1,a18,The sky boats,The Sun and/or the Moon regularly travel across the sky or the underworld in a boat. (Voyages by boat of the mythical persons who eventually become the Sun or the Moon not included),25,True,,False,False,True,MENTION,celestial,rule
a19a_1,a19a,"By horse in the morning, by ox in the evening","During its everyday travel across the sky, the Sun changes its draught animals (usually in the morning the Sun rides a slow animal and in the evening a quick one)",8,True,,False,False,True,MENTION,celestial,rule
a19b_1,a19b,"By snail in summer, by bird in winter","For its sky voyage, the Sun chooses draught animals according to the season, riding a slow animal in the summer time and a quick one in the winter time",5,True,,False,False,True,MENTION,celestial,rule
a20_1,a20,Childhood of the Sun and Moon,The Sun and Moon are two siblings who live on earth and then ascend to the sky. Their (birth and) childhood are described,34,True,,False,False,True,MENTION,celestial,rule
a21_1,a21,Luminaries thrown up into the sky,The sun and/or the moon are inanimate objects thrown up or put into the sky,55,True,,False,False,True,MENTION,celestial,rule
a22_1,a22,To the sky from a bonfire,"After getting into the fire or boiling water, one or two persons ascend to the sky and turn into the Sun and/or Moon",30,True,,False,False,True,METAMORPHOSIS,celestial,rule
a22a_1,a22a,The hot Sun and its cold companion,"After two persons burn up, one turns into the present Sun and another into a less important sky object",14,True,,False,False,True,METAMORPHOSIS,celestial,rule
a22b_1,a22b,Hot fire and cold ashes,Person who becomes the Sun burned up in a hot fire while his companion burned up in the less hot fire or threw himself into the ashes. He (she) turns into the Moon or a star which gives no warmth,8,True,,False,False,True,METAMORPHOSIS,celestial,rule
a22c_1,a22c,Person sacrificed to the Sun,"To make the Sun rise above the horizon, to send him to the right distance from the earth, to make him move across the sky, etc. a person has to be sacrificed",17,True,,False,False,True,MENTION,celestial,rule
a22d_2,a22d,The burned up persons turn into constellation,The burned up persons turn into a constellation or into the dark spot on the Milky Way,4,True,celestial,True,True,True,PERCEPTION,celestial,rule
a23_1,a23,Elections of the Sun to be,The primeval ancestors come together to choose the best candidate to become the Sun and/or to send the Sun to the sky or to see how the Sun rises to the sky for the first time,38,True,,False,False,True,MENTION,celestial,rule
a23a_11,a23a,Who will see the Sun first?,Two persons or animals argue about who of them will be the first to see the rising sun. One who seemed to have less chances wins,39,True,,False,False,True,MENTION,celestial,rule
a23b_11,a23b,First beams on the tree tops,Two persons or animals argue who would see the rising sun first. One who looks not to the east but to the opposite direction gets to see the first beams on trees or mountain tops and wins,19,True,,False,False,True,MENTION,celestial,rule
a23c_11,a23c,Who will fly higher?,Birds argue who of them will fly higher. One who seemed to have less chances wins (he hides himself in feathers of a strong bird using it as a vehicle) ,33,False,,False,False,False,NONE,,rule
a24_1,a24,The first sunrise,"In the beginning it is dark. When the Sun first appears on the sky, primeval beings or part of them perish or turn into animals or spirits",46,True,,False,False,True,METAMORPHOSIS,celestial,rule
a24a_3,a24a,The first day or night: transformed into spirits,"At the moment when the first day or the first night come, (some) people turn into supernatural beings",5,False,,False,False,False,NONE,,rule
a25_3,a25,Getting accustomed to the light,"When people see light of day for the first time, they are prohibited to look at it immediately. Those who break this taboo are ruined",7,False,,False,False,False,NONE,,rule
a26_1,a26,The Sun-bird,"A bird incorporates the Sun or the day light. It can be caught, let free, killed",4,True,,False,False,True,MENTION,celestial,rule
a27_1,a27,Crowns of the Sun and Moon,"Light and/or heat of the Sun and/or Moon originate from their crowns, necklaces or clothes (of feathers, of animal teeth)",45,True,,False,False,True,MENTION,celestial,rule
a29_1,a29,The Sun and a demon compete for the hero,"Two persons one of whom is connected with the upper and another with the lower or middle world, both are eager to possess another person and pull him or her to his or her side. One or both rivals are female. Person connected with the upper world and/or the object of the competition are luminaries – the Sun, the Moon, or Venus",13,True,,False,False,True,MENTION,celestial,rule
a29a_10,a29a,Torn in half by two wives,The sky wife and the wife from the earth each pull the man to her side tearing him in half,6,True,,False,False,False,MENTION,celestial,rule
a29b_1,a29b,The Moon torn in half,"Person, connected with the upper world and another person connected with the lower world or the earth both are eager to possess a hero or heroin who is associated with the Moon",10,True,,False,False,True,MENTION,celestial,rule
a30_1,a30,The Moon eats the dead,"Moon descends to earth to eat children, corpses or bones of the dead",7,True,,False,False,True,MENTION,celestial,rule
a31_2,a31,The incestuous Moon ,"As a result of some intimate contacts and/or love affair, the Moon acquires its present appearance (often, the stains on his face) and/or ascends to the sky",103,True,celestial,True,True,True,MENTION,celestial,rule
a31a_5,a31a,The cut off breast,"When a woman gets know that her husband or lover did something against accepted rules of behavior, she cuts off her breast and shows it to him",9,False,,False,False,False,NONE,,rule
a32_2,a32,Figure on lunar disc,A figure or an imprint of some being or object are seen in the Moon. (For statistical analysis motifs A32A – A32J are also included into A32),337,True,celestial,True,True,True,PERCEPTION,celestial,rule
a32a_2,a32a,The Moon rabbit,Rabbit or hare are seen in the moon,58,True,celestial,True,True,True,PERCEPTION,celestial,rule
a32b_2,a32b,The Moon toad,Frog or toad are seen in the moon or the Moon is associated with them,38,True,celestial,True,True,True,PERCEPTION,celestial,rule
a32c_2,a32c,A man and a dog in the Moon,A human being and a dog together are seen in the moon,15,True,celestial,True,True,True,PERCEPTION,celestial,rule
a32c1_2,a32c1,,,25,False,,False,False,False,NONE,,rule
a32d_2,a32d,Man in the Moon,Human being or imprint of human being is seen in the moon,250,True,celestial,True,True,True,PERCEPTION,celestial,rule
a23d1_2,a23d1,,,14,False,,False,False,False,NONE,,rule
a32dd_2,a32dd,Firewood-carrier in the moon,Person who carries a bundle of brushwood or firewood is seen in the moon.,16,True,celestial,True,True,True,PERCEPTION,celestial,rule
a32e_2,a32e,Person with an object in hands,Person who holds some object in his or her hands is seen in the moon,126,True,celestial,True,True,True,PERCEPTION,celestial,rule
a32f_2,a32f,Water-carrier in the Moon,Person who went to fetch water and/or holds in hands a container for liquid is seen in the moon,69,True,celestial,True,True,True,PERCEPTION,celestial,rule
a32g_2,a32g,Holding a bush,Person who had been carried up to the moon took hold of a bush or a small tree and is seen now on the lunar disc together with this bush,17,True,,False,True,True,MENTION,celestial,rule
a32h_2,a32h,The Moon plant,A tree or bush is seen in the moon,60,True,celestial,True,True,True,PERCEPTION,celestial,rule
a32i_2,a32i,A shepherd in the moon,"A shepherd or herdsman (alone or with a girl, with his herd, dogs) is seen in the moon",5,True,celestial,True,True,True,PERCEPTION,celestial,rule
a32j_2,a32j,A shaman in the moon,"A shaman with his drum ascends to the moon and remains there, his figure is seen in the moon",5,True,celestial,True,True,True,PERCEPTION,celestial,rule
a32k_2,a32k,"First to the Sun, then to the Moob",Person seen in the Moon initially had to get to the Sun or the Sun and the Moon argue who of them should get the person,9,True,celestial,True,True,True,PERCEPTION,celestial,rule
a33_2,a33,The Sun ram,"The Sun has appearance of one a hoofed animal (bull, ram, pig, etc.)",11,True,,False,False,True,MENTION,celestial,rule
a34_2,a34,The fox and the Moon,"Jackal, coyote, or fox are connected with the Moon (usually with the origin of spots on the lunar disc)",23,True,celestial,True,True,True,PERCEPTION,celestial,rule
a35_2,a35,Spots on the lunar disc,"Dark spots on the lunar disc are dirt, blood, paint, traces of beating, burning, scratching, etc. on the Moon person's body or face (Kiliwa: spots on the Sun) and do not form any particular figure",188,True,celestial,True,True,True,PERCEPTION,celestial,rule
a35a_2,a35a,Dirt into the Moon’s face,Spots on the lunar disc are dirt thrown into the Moon's face by his/her sister/brother or mother,28,True,celestial,True,True,True,PERCEPTION,celestial,rule
a35b_2,a35b,To smear the Moon with pitch,"To make the Moon less bright, some person tried to smear it with pitch ",6,True,,False,False,True,MENTION,celestial,rule
a36_4,a36,The immortal Moon,"Moon, unlike people, revives or rejuvenates every month; or those who live in the Moon are immortal; or the Moon makes decision if people should die forever or regularly revive",66,True,,False,False,True,MENTION,celestial,rule
a37_1,a37,The Sun is attacked,Person attacks the Sun (or several suns if they were many) with weapon,59,True,,False,False,True,MENTION,celestial,rule
a37a_7,a37a,Shooter hides underground,"Small animal (marmot, rabbit, mole, toad, frog) or person who turns into this animal tried to hit the Sun with arrows and since then has been hiding from the Sun in underground holes or in the water",11,True,,False,False,True,METAMORPHOSIS,celestial,rule
a37b_7,a37b,Shooter’s thumb cut off,"Small animal (marmot, rabbit, mole, toad, frog) or person who turns into this animal tried to hit the Sun with his arrows but remains without thumb as a result",7,True,,False,False,True,METAMORPHOSIS,celestial,rule
a38_1,a38,The Sun caught in snare,"Person prepares a snare, loop, noose, etc. to catch the Sun and/or the Sun is caught in a snare, tied by a rope, etc.",60,True,,False,False,True,MENTION,celestial,rule
a38a_5,a38a,Snare of pubic hair,The Sun is caught into snare made of the pubic hair of hero's female relative,7,True,,False,False,True,MENTION,celestial,rule
a38b_7,a38b,Mouse gnaws snare open,"After the Sun is caught into snare only mouse, shrew or other small animal is able to cut it open",22,True,,False,False,True,MENTION,celestial,rule
a38c_10,a38c,The Sun’s cloak,A boy or a girl has a cloak. The Sun spoils it or gives instead a better one,12,True,,False,False,True,MENTION,celestial,rule
a38d_10,a38d,The Sun ruins cloak,"Because the Sun does damage to a person or animal (spoils, burns his cloak, skin, etc.), the person or animal kills him or catches him in a snare",10,True,,False,False,True,MENTION,celestial,rule
a39_1,a39,The twelve months,Every one of the months of a year is a separate object or creature,35,False,,False,False,False,NONE,,rule
a40_5,a40,The Sun or Moon marry toad,Frog or Toad is a wife of the Sun or Moon,21,True,,False,False,True,MENTION,celestial,rule
a41_1,a41,The Sun swallows her children,"Two persons have children (younger siblings, mothers). One of them proposes to another that they should kill (eat, bake, etc.) their children (mothers, etc.) but hides his or her own. The opponent actually kills his or her own kin. One of the persons or/and the only survived child is the Sun",20,True,,False,False,True,MENTION,celestial,rule
a42_1,a42,Phaethon: false Sun fails to fulfill his duty,"Person comes to the sun, attempts to fulfill the sun's duty but intentionally or because of a lack of skill does it wrong and the earth suffers from heat etc.",16,True,,False,False,True,MENTION,celestial,rule
a43_3,a43,The Moon in one moccasin ,"The Moon-person runs out of the lodge and flies up. He forgets to put his footwear on one foot, or somebody attempts to seize him grasping his foot or cuts the foot off. Now the Moon-person lacks one foot or footwear on one of his (or her) feet",15,True,,False,False,True,MENTION,celestial,rule
a43a_10,a43a,Person with a shoe on one foot,"While being transformed into a bird or ascending to the sky a person was in a hurry and put a footwear only on one foot, or somebody attempted to seize him grasping his foot. Now the corresponding bird or a sky-person is believed to have different feet",18,True,,False,False,False,METAMORPHOSIS,celestial,rule
a44_2,a44,Moon the protector,A woman tyrannized by her husband or an orphan girl or boy asks the Moon to take her or him to the sky. The request is granted and the person is seen now on the lunar disc,44,True,,False,True,True,MENTION,celestial,rule
a45_2,a45,The insulted Moon,Person who teases or insults the Moon is punished,31,True,,False,False,True,MENTION,celestial,rule
a46_1,a46,The Sun and Moon from eyes of a being,The Sun and Moon (Rig-Veda: the Sun only) appear from eyes of a person or creature,22,True,,False,False,True,MENTION,celestial,rule
b1_3,b1,Two male creators,In the beginning of times two companions or brothers compete in producing things. Usually one of them is or becomes master of the underworld,72,False,,False,False,False,NONE,,rule
b1a_3,b1a,Three worlds: the universe divided between gods,"Anthropomorphic persons agree to divide between them levels of universe (upper world, earth, lower world)",6,False,,False,False,False,NONE,,rule
b1b_3,b1b,Two female creators,"In the beginning of times two supernatural females compete in producing things. One has positive, another negative characteristics",5,False,,False,False,False,NONE,,rule
b1c_3,b1c,One creator deceives another,"Two creators agree that whose object will be found in a certain condition (usually: whose tree or flower will grow or blossom first) should be recognized as a senior one. While one of the creators sleeps or is absent, another replaces the objects and so achieves the priority by deceit",6,False,,False,False,False,MENTION,terrestrial,rule
b1d_3,b1d,Good and bad workers,"Two persons are creating the world, one is a good and and another a bad worker, that’s because separate parts of the world look differently",4,False,,False,False,False,NONE,,rule
b2a_3,b2a,The female earth,The earth is a female being or associated with a woman,251,False,,False,False,False,NONE,,rule
b2b_3,b2b,The earth eats the dead,The earth devours bodies of the people when they die and are buried,21,False,,False,False,False,NONE,,rule
b2c_3,b2c,The earth as a child’s body,"The earth as a whole or fertile soil is the body of a child, has been born by a woman",11,False,,False,False,False,NONE,,rule
b2d_3,b2d,Marriage of the sky and the earth,"The male Sky (the Sun, the Thunder, the creator of the sky) marries the female Earth (or its female creator) or the female Sky marries the male Earth",95,True,,False,False,True,MENTION,celestial,rule
b2e_3,b2e,The male earth,The earth or the world as a whole is a male person,36,False,,False,False,False,NONE,,rule
b2f_3,b2f,Buried in a head,Initially the earth is absent or liquid. Zoomorphic person buries his relatives in his own body or flies carrying the coffin,12,False,,False,False,False,NONE,,rule
b2g_7,b2g,,,6,False,,False,False,False,NONE,,rule
b3_3,b3,A primeval swamp,"Initially the earth is a swamp, water and dry land are not separated from each other",14,False,,False,False,False,NONE,,rule
b3a_3,b3a,Primeval waters,"Water is the original element, the dry earth appears later",291,False,,False,False,False,NONE,,rule
b3b_3,b3b,Earth grows big,Original earth was small and later increased in size or the fertile soil grew from a small amount of original substance,277,False,,False,False,False,NONE,,rule
b3c_3,b3c,An attempt to drown God,"When dry land is created, Creator takes a rest and sleeps. His antagonist decides to drown him and drags him to the edge of the earth. The dry land grows in size as long as the antagonist drags the Creator's body, the edge never reached",11,False,,False,False,False,NONE,,rule
b3d_3,b3d,Earth from worm’s excrements,"A worm obtains the earth (from the underworld), it emerges from the worm's excrements, is extracted from inside of the worm",17,False,,False,False,False,NONE,,rule
b3e_3,b3e,Earth falls on waters,"In the beginning there are only air and water. 1) Person descends from the sky, creates the dry land or a hard support created for her or him grows into the earth. 2) The earth is sent or dropped from the sky, put on the surface of the water. 3) The earth is brought from somewhere (not from the underworld) and put on the water",68,True,celestial,True,False,False,PERCEPTION,celestial,rule
b4_3,b4,The fished out earth,Islands or continent are fished out of the ocean or pulled to their present place by rope,34,False,,False,False,False,MENTION,terrestrial,rule
b5a_3,b5a,Two creators: a dialogue,"In the beginning of time, a male and a female persons meet each other and become engaged into the dialogue",13,False,,False,False,False,NONE,,rule
b5b_3,b5b,The universal mother,Woman (alone or with her companion) gives birth to or creates not only people but also different creatures and objects,25,False,,False,False,False,NONE,,rule
b6_5,b6,First man and woman meets each other,"The first or the only survived man and woman walk or run to each other around a post, a hill, etc. When they come together they marry each other",16,False,,False,False,False,MENTION,terrestrial,rule
b7a_3,b7a,The spit out water,"Somebody is the only possessor of water or certain beverage. Another person drinks it, escapes and spits out making it available for the people",16,False,,False,False,False,NONE,,rule
b7b_3,b7b,Waters from broken pot,"Sea, river, waters of flood flow out of a small container",36,False,,False,False,False,MENTION,terrestrial,rule
b7c_3,b7c,Water splashed out,Person or creature possesses all the fresh water. Another person splashes it out of a container or pond making it available for everybody,8,False,,False,False,False,NONE,,rule
b7d_3,b7d,Water flows from broken bone,Water flows from a broken bone (of a bird) producing a flood,5,False,,False,False,False,NONE,,rule
b8_3,b8,Frog hides the water,Frog hides all the water but other person makes it available for everybody,14,False,,False,False,False,NONE,,rule
b9_3,b9,Water in the tree trunk,There is enormous amount of water inside a trunk of a tree or a tree turns into water,51,False,,False,False,False,METAMORPHOSIS,terrestrial,rule
b10_3,b10,Drunk out water,"Person drinks a lake or all the water in the world or all the water is originally inside person's belly. When a hole is made in it, the water pours out",36,False,,False,False,False,MENTION,terrestrial,rule
b11a_3,b11a,Mammoth creates the landscape,Mammoth described as an underground creature moves across the earth while it is still wet creating the present landscape,7,False,,False,False,False,NONE,,rule
b13a_10,b13a,Stream follows person,A stream of water (with a monster in it) pursues person who tries to escape from it,24,False,,False,False,False,NONE,,rule
b14_3,b14,Tears turn into water,"Rivers, fountains, ocean, waters of flood, rain, etc. emerge from somebody's tears",59,False,,False,False,False,METAMORPHOSIS,terrestrial,rule
b15_3,b15,River from woman’s body,A river flows from the body of a female person,13,False,,False,False,False,MENTION,terrestrial,rule
b16a_3,b16a,Sea from the urine,"Initially there is no sea, it is produced from some person's urine",8,False,,False,False,False,NONE,,rule
b16b_3,b16b,Wolverine makes the sea salty,Wolverine or fox bathes in the sea making the water salty,5,False,,False,False,False,NONE,,rule
b16c_3,b16c,Salt-grinding mill,Magic mill is ordered to grind salt but not ordered to stop. It sinks into ocean and continues to work making the water salty,41,False,,False,False,False,NONE,,rule
b17_3,b17,Night in container,Darkness is a particular object that can be carried (usually brought from its original owner in a container),54,False,,False,False,False,NONE,,rule
b18_3,b18,Day in container,"Day light (also warmth, the sun, the moon) is kept as a particular object in a container, under a cover, etc.",48,True,,False,False,True,MENTION,celestial,rule
b19_3,b19,The night and the married life,People had trouble making love before night came into being,13,False,,False,False,False,NONE,,rule
b20_3,b20,Expedition to the upper world,"People regularly ascend to the sky for hunting, fishing or gathering; do not give honey, fish or proper meat to the old person remained below; she or he makes their return impossible, they remain in the sky",7,True,,False,False,False,MENTION,celestial,rule
b21_3,b21,Destruction of the world tree,"People ascend the tree to hunt, fish, or gather food in the sky. The tree is destroyed, people fall to earth or remain in the upper world",8,True,,False,False,False,MENTION,celestial,rule
b22_3,b22,Offended person destroys the tree,People who have climbed up a tree do not share food with a person who remained below. He or she revenges on them destroying the tree. The events have cosmic dimensions,9,False,,False,False,False,MENTION,terrestrial,rule
b22a_10,b22a,Lads and tapir,"Boys climb a tree to eat fruits. Tapir asks them to give some fruits to him, they refuse to do so. Tapir tries to kill the boys",3,False,,False,False,False,MENTION,terrestrial,rule
b23_7,b23,Prohibited fire and smoke,God prohibits making fire for cooking and punishes breakers of this taboo,11,False,,False,False,False,NONE,,rule
b24_7,b24,Transformation of kinsmen into wild pigs,Person transforms into wild pigs his kinsmen or children,5,False,,False,False,False,NONE,,rule
b24a_7,b24a,Circle of feathers,"Person makes a circle of bird feathers around a group of people or throws feathers into their dwelling, people turn into wild pigs",6,False,,False,False,False,NONE,,rule
b25_7,b25,Pigs fall from a tree,Persons climb a tree or liana and fall turning into wild pigs and other game animals,6,False,,False,False,False,MENTION,terrestrial,rule
b26_10,b26,Man joins wild animals,Person who follows the wild animals turns into one of them or into their master,54,False,,False,False,False,NONE,,rule
b27_10,b27,Variants of transformations,"Persons ponders over what object, feature, or creature it would be appropriate for him or her to turn into. When the choice is made, the persons transforms himself or herself",36,False,,False,False,False,NONE,,rule
b28_3,b28,Travelling transformer,"The transformer walks along coming across different persons, transforming them into birds, animals, stones, shrines, etc. and introducing cultural norms",61,False,,False,False,False,MENTION,terrestrial,rule
b28a_8,b28a,Pierced to the ground,Person who have been transforming people into animals or stones is pierced to the ground with a pole,5,False,,False,False,False,MENTION,terrestrial,rule
b28b_7,b28b,Pacification of things,Hero comes to a country where inhabitants are afraid of objects or plants who attack them. He easily overcomes these objects and transforms them in what they are now,14,False,,False,False,False,NONE,,rule
b28c_7,b28c,Lice grasp a man and pull him into the sea,Lice grasp a man and pull him into the sea,2,False,,False,False,False,NONE,,rule
b28d_7,b28d,"Man transformed into deer, his knives into antlers","Unrecognized Transformer meets a man who tells him that he prepares knives (a spear) to kill Transformer. The latter transforms him into deer, his knives or spear into deer antlers",10,False,,False,False,False,NONE,,rule
b29_8,b29,Eschatological feast,"People turn into animals, birds or stones at a feast, after the feast, after performing a ritual or after a victory over dangerous enemy",50,False,,False,False,False,METAMORPHOSIS,terrestrial,rule
b30a_7,b30a,Murdered person turns into fish,Fish emerges from remains of a killed person or creature,7,False,,False,False,False,NONE,,rule
b30b_7,b30b,Murdered person turns into game animals,Different game animals emerge from remains of a murdered person,11,False,,False,False,False,NONE,,rule
b31_7,b31,Woman turns into water mammal,"After a conflict with a man or remaining alone, a woman turns into water mammal",37,False,,False,False,False,NONE,,rule
b32_7,b32,Women turn into fish,After a conflict with their husbands women turn into fish,6,False,,False,False,False,NONE,,rule
b33_3,b33,Mother of wind,"Female person is incarnation of wind, mother of winds, etc.",35,False,,False,False,False,NONE,,rule
b33a_10,b33a,One dies of cold in the spring,"Believing that a winter is over, an old woman (rare: a young girl, a man) goes outdoors (usually to graze her animals) without a proper clothing. It becomes cold again and she dies of cold",40,False,,False,False,False,NONE,,rule
b33a1_10,b33a1,The offended March,"Person teases, offends March or other month and is punished",21,False,,False,False,False,NONE,,rule
b33b_7,b33b,A bird of march,In the late winter or early spring a bird (usually a thrush) flies out before time and dies of cold or her nestlings die of cold,7,False,,False,False,False,NONE,,rule
b33c_7,b33c,The borrowed days,When the winter ends and the spring begins certain mother (usually March) borrows several days from a neighbor month to preserve its strength and produce a short period of a very cold weather,23,False,,False,False,False,NONE,,rule
b33d_3,b33d,The old woman of winter,Old woman is incarnation of winter or there are several cold days between winter and spring (or fall) associated with a certain old woman,29,False,,False,False,False,NONE,,rule
b34_7,b34,Overtaken by the first night,"When night escapes from container where it was originally preserved, men surprised by the darkness turn into birds or animals",9,False,,False,False,False,NONE,,rule
b35_7,b35,Waddling bear,"Being in a hurry, the bear puts his left shoe on his right foot and vice versa. Now is lumbering",6,False,,False,False,False,NONE,,rule
b35a_7,b35a,Tree fulfills wishes and then transforms into bear,Tree grants a man the fulfillment of his wishes but ultimately transforms him into a bear,6,False,,False,False,False,MENTION,terrestrial,rule
b36_7,b36,"Color, voice, form: one divided between many","Because the integrity of some creature or (rare) object is ruined, different beings get their present colors, voices and other anatomical traits",66,False,,False,False,False,NONE,,rule
b36a_7,b36a,Bathing in blood,Birds or fish obtain their colors after smearing themselves with liquids extracted from the body of some being or dividing among themselves its bright skin or dress,49,False,,False,False,False,NONE,,rule
b36b_7,b36b,Birds obtain their voices,Birds obtain their voices after pecking big reptile and smearing themselves with liquids from its body,5,False,,False,False,False,NONE,,rule
b36c_7,b36c,Fat animals,"Animals get meat and fat extracted from some original creature or created otherwise. Some get a lot, some remain lean",14,False,,False,False,False,NONE,,rule
b37_7,b37,Color of birds,"Person paints two or more different birds (rare: fish) or they paint each other, smear themselves with paint, decorate their bodies with pieces of bright skin or fabric. Since then feathers, beaks and feet of the birds (skin and scales of fish) are of different colors",116,False,,False,False,False,NONE,,rule
b38_7,b38,The ruined painting,Person paints birds or animals or they paint each other. It is made not according to the original plan,71,False,,False,False,False,NONE,,rule
b38a_7,b38a,Two birds paint each other,"Two birds paint each other, one becomes worse than it was before",36,False,,False,False,False,NONE,,rule
b38b_7,b38b,Raven and loon paint each other,Raven and loon paint each other,17,False,,False,False,False,NONE,,rule
b38c_7,b38c,Tail base of the loon,Person kicks loon or other water bird. Since then this bird has flat tail base and it walks on dry land with difficulty,19,False,,False,False,False,NONE,,rule
b38d_7,b38d,Raven and owl paint each other,Raven and owl paint each other,6,False,,False,False,False,NONE,,rule
b38e_7,b38e,Swan marries crow,A bird with white or bright feathers marries a bird with black feathers but flies away after getting know that his or her marriage partner eats carrion or excrements,5,False,,False,False,False,NONE,,rule
b39_7,b39,Narrow waist of an insect,"Insect-person knows the source of food (cultivated plants) and water but does not share his knowledge. To make him speak, ancestors tie a rope around his waist and pull it till the waist becomes narrow (origin of narrow place between breast and belly of insects)",10,False,,False,False,False,MENTION,terrestrial,rule
b40_7,b40,Rabbit as deer’s proxy,"Hare or rabbit is a false deer or it was deer in the past or a close kin of the deer or had horns or antlers or missed opportunity to get them, its ears are the false horns",35,False,,False,False,False,NONE,,rule
b40a_7,b40a,Missed opportunity to have horns,Animal who has no horns now had them before or missed opportunity to get them,56,False,,False,False,False,NONE,,rule
b40b_7,b40b,Horse exchanges features with cow,"The horse exchanges some parts of his body with the cow, usually gives her horns and/or obtains teeth",12,False,,False,False,False,NONE,,rule
b41_7,b41,The talking dog,"Dogs could speak. To prevent them to spread information, the dog is deprived of this ability or the dog rejects it itself",39,False,,False,False,False,MENTION,terrestrial,rule
b41a_7,b41a,Animal reveals master’s secrets,The dog or other domestic animal speaks aloud about those details of its masters' life that they would prefer to conceal. He is punished by depriving his ability to speak,19,False,,False,False,False,MENTION,terrestrial,rule
b42_2,b42,Cosmic hunt,"Certain stars or constellations are interpreted as hunters, their dogs and game which the hunters pursue",121,False,celestial,True,False,False,PERCEPTION,celestial,rule
b42a_2,b42a,Blood or fat drops to earth,"Hunters pursue a bear across the sky, kill it in August – October. Its blood or fat drops to earth as a dew or painting leaves of the trees in red",6,True,,False,False,False,MENTION,celestial,rule
b42b_2,b42b,Sky hunters pursue an ungulate,"In the cosmic hunt tale the game pursued by the hunters is an ungulate (elk, deer, mountain sheep, etc.)",62,True,,False,False,False,MENTION,celestial,rule
b42c_2,b42c,Sky hunters pursue a bear,In the cosmic hunt tale the game pursued by the hunters is a bear,19,False,,False,False,False,MENTION,celestial,rule
b42d_2,b42d,Sky hunters pursue a tapir,In the cosmic hunt tale the game pursued by the hunters is a tapir,5,False,,False,False,False,MENTION,celestial,rule
b42e_2,b42e,Sky hunters pursue a rhea,In the cosmic hunt tale the game pursued by the hunters is a rhea bird (Rhea americana),6,False,,False,False,False,MENTION,celestial,rule
b42f_2,b42f,Ursus major is an ungulate,"Ursus major (seven stars or only four stars of a dipper) is identified with an ungulate (elk, deer, mountain sheep, etc.)",47,True,,False,False,False,MENTION,celestial,rule
b42h_2,b42h,The object of cosmic hunt is the Belt of Orion,The object of hunt in the cosmic hunt tale is identified with the Belt of Orion,35,False,,False,False,True,MENTION,celestial,rule
b42h1_2,b42h1,,,19,False,,False,False,False,NONE,,rule
b42i_2,b42i,The object of cosmic hunt is the Lady in the Chair,The object of hunt in the cosmic hunt tale is identified with the Lady in the Chair,4,False,,False,False,False,NONE,,rule
b42k_2,b42k,Cosmic hunt and the Pleiades,In the cosmic hunt tale either hunters or game is identified with the Pleiades,21,False,,False,False,False,MENTION,celestial,rule
b42l_2,b42l,"Animal is the dipper, hunters are the handle","Stars of the handle of the Big Dipper are identified with the hunters, the dipper itself with the game (bear or elk)",20,False,,False,False,False,MENTION,celestial,rule
b42m_2,b42m,Second hunter’s cooking pot,Hunter identified with Mizar (the second star of the handle of the Big Dipper) carries a cooking pot identified with Alcor (weak star near Mizar),10,True,,False,False,True,MENTION,celestial,rule
B42m1_2,B42m1,,,7,False,,False,False,False,NONE,,rule
b42mm_2,b42mm,The boaster and the hurried one,"In the cosmic hunt tales according to which stars of the handle of the Big Dipper are three hunters, each of the hunters demonstrates particular psychological characteristics (one is a boaster, another is a hurried one, etc.). Usually these hunters are identified with peoples of different ethnic groups or with different species of birds",7,False,,False,False,False,MENTION,celestial,rule
b42mn_2,b42mn,,,17,False,,False,False,False,NONE,,rule
b42n_2,b42n,Orion is one person,"Constellation of Orion or the Belt of Orion is identified with only one male person, usually with a warrior or hunter",60,True,,False,False,True,MENTION,celestial,rule
b42o_2,b42o,Broken back constellation,Certain constellation is a male person whose back is broken or wounded,6,True,,False,False,True,MENTION,celestial,rule
B42o1_2,B42o1,,,4,False,,False,False,False,NONE,,rule
b42p_2,b42p,Ursa major is a bear,Ursa major is identified with a bear,34,False,,False,False,True,MENTION,celestial,rule
b42q_2,b42q,Ursa major is a carriage,"Ursa major is identified with a carriage, a cart",43,False,,False,False,True,MENTION,celestial,rule
b42r_2,b42r,The Belt of Orion: one runs after another,Three stars of the Belt of Orion are three persons or animals who pursue each other,11,False,,False,False,True,MENTION,celestial,rule
b42s_2,b42s,Hit with a projectile,"Ursa major or Polaris are identified with a middle size animal (ermine, fisher, woodchuck) or person (identified with an animal?) hit with a dart or arrow",11,False,,False,False,True,MENTION,celestial,rule
b42t_2,b42t,Ursa major is a big mammal,"Seven main stars of Ursa major are interpreted as a figure of a mammal: bear, deer, mountain sheep, camel, dog",53,True,celestial,True,True,True,PERCEPTION,celestial,rule
b43_3,b43,Purusha,Parts of the body of the primeval person or creature are transformed into different elements of the landscape and parts of the universe,33,False,,False,False,False,NONE,,rule
b44a_7,b44a,Council on seasons: units of time,The number of discrete units of time in a certain calendar period of time is discussed,50,False,,False,False,False,NONE,,rule
b44b_7,b44b,"Council on seasons: toes, claws, hairs, feathers","Toes, claws, feathers, hairs, color stripes, etc. are counted and compared to establish the number of period of time or particular way of alternation of periods",23,False,,False,False,False,NONE,,rule
b44c_7,b44c,Should warmth and light exist?,"It is discussed if darkness or light, cold or warm periods should exist",66,False,,False,False,False,NONE,,rule
b44d_7,b44d,Black-an-white animal is night and day,There are both night and day because spotted (or otherwise black and white) animal has been killed,3,False,,False,False,False,NONE,,rule
b44e_7,b44e,Dispute of animals,"Participants of the discussion concerning number of the units of time, etc. are animals (rare: animals and elements, in particular Wind)",60,False,,False,False,False,NONE,,rule
b44f_7,b44f,Fox stands for day,"In a dispute about should it be dark or light, Fox stands for light",5,False,,False,False,False,NONE,,rule
b45_7,b45,Marriage of winter and summer,"A coming of warm (light, abundant, etc.) or cold (dark, barren, etc.) time is related to the marriage of certain person",26,False,,False,False,False,NONE,,rule
b45b_7,b45b,The bull of cold,"Bull or cow are related to winter and cold, responsible for existence of the cold season",8,False,,False,False,False,NONE,,rule
b46_2,b46,Ursa major as seven men,"Every star of the Ursa mayor is a separate person. Usually the constellation represents seven men, rare it is seven women or seven persons and animals",70,True,,False,False,True,MENTION,celestial,rule
b46a_2,b46a,Stolen star of the Pleiades,The seventh star of the Pleiades was abducted by stars of Big Dipper and now is seen among them,16,True,,False,False,True,MENTION,celestial,rule
b46a1_7,b46a1,,,14,False,,False,False,False,NONE,,rule
b46c_2,b46c,,,90,False,,False,False,False,NONE,,rule
b46d_2,b46d,,,9,False,,False,False,False,NONE,,rule
b47_2,b47,The Pleiades bring cold,In former times or regularly the Pleiades or other group of stars produced or produce till now severe cold. (The heliacal set of the Pleiades is in May-June while in the Northern Hemisphere they are seen best of all in the winter time),13,False,,False,False,False,MENTION,celestial,rule
b47a_7,b47a,Split hood of cow,Cow steps on the stars of the Pleiades which were dangerous being and lived on earth. Some of these stars slipped through its split hoof,5,False,,False,False,False,MENTION,celestial,rule
b48_7,b48,Predators become herbivorous ,Weak or herbivorous animals were dangerous predators but have been transformed,51,False,,False,False,False,NONE,,rule
b48a_7,b48a,Other creatures’ flesh,"Particular pieces of flesh or inner organs in the bodies of animals, birds, or fish originally belonged to other creatures",16,False,,False,False,False,NONE,,rule
b48b_7,b48b,Human flesh in the animals,Some game animals have a piece of human flesh in their body that remained since the time when these animals were anthropomorphic,8,False,,False,False,False,NONE,,rule
b49_7,b49,Muddled request,Animals of particular species do not hear well the instructions concerning their way of life or the ask God for some benefit but muddle their request. Thanks to this they acquire their present habits. (In the Toraja tale the motif is used to explain the mortal nature of human beings),15,False,,False,False,False,NONE,,rule
b49a_7,b49a,How many cubs in a year,Mighty animals lost opportunity to have many children and now give birth only once in several years,4,False,,False,False,False,NONE,,rule
b50_7,b50,Bloodsuckser’s lie,An insect feeds on human blood (flesh). Dangerous person asks it where it got to suck blood or whose blood (flesh) is the most delicious. The insect lies or cannot answer (its tongue is cut off). Thanks to this dangerous person attacks certain plants or animals and not people,60,False,,False,False,False,NONE,,rule
b51_7,b51,Mosquito and thunder,Bloodsucking insect does not tell thunder that it has sucked human blood,14,False,,False,False,False,NONE,,rule
b51a_7,b51a,Snake and swallow,Swallow does not let snake to destroy people. Usually the snake sends mosquito or other bloodsucking insect to get know whose blood is the most delicious. The insect flies back to report that human blood is the sweetest. Swallow bites its tongue off and the snake gets to pull off feathers from the swallow's tail,31,False,,False,False,False,NONE,,rule
b52a_3,b52a,Vulture creates the landscape,"Flying above the earth and flapping its wings, a bird (usually a vulture) makes it dry after the flood or otherwise creates present landscape",13,False,,False,False,False,NONE,,rule
b52b_3,b52b,Some earth is concealed,Person spits out earth that he swallowed or concealed otherwise. This way the broken landscape is created,19,False,,False,False,False,NONE,,rule
b52c_3,b52c,Earth bigger than sky,"When the earth and the sky were created, they p[roved to be of unequal size. The earth was squeezed, this way mountains appeared",18,True,,False,False,False,MENTION,celestial,rule
b53_5,b53,Creatures or objects from cut off genitals,Supernaturally big genitals are cut off and turn into snakes or other creatures and objects,20,False,,False,False,False,NONE,,rule
b54_7,b54,Chips turn into fish,"Chips of wood, branches or pieces of bark thrown or fallen into the water turn into fish and/or aquatic animals",46,False,,False,False,False,METAMORPHOSIS,terrestrial,rule
b55_7,b55,Leaves are fish,Fish grows on branches of a tree or leaves of a tree turn into fish,13,False,,False,False,False,METAMORPHOSIS,terrestrial,rule
b56_7,b56,Fire tongue of crocodile,"After the crocodile or caiman swallows or loses fire (that he possessed before), he remains without his tongue; or the crocodile's tongue is cut off to make something related to celestial fire (thunderbolt, sun beams, etc.",12,True,,False,False,True,MENTION,celestial,rule
b57_3,b57,Blood reddens world,"When some person or animal is killed, blood paints the sky or vegetation (origin of the sunrise or sunset, of reddish colors of Aurora borealis or of the red color of the autumn leaves)",34,True,,False,False,True,MENTION,celestial,rule
b57a_3,b57a,Red sunset contains a message,When person gets to see that the sky becomes red he or she understands that another person's blood is shed or that another person spilled a red liquid,10,True,,False,False,False,MENTION,celestial,rule
b58_7,b58,Wild turkey’s red neck,"After the original fire is stolen by the ancestors, a partridge size forest bird (Penelope sp.; Anhima cornuta; etc.; jacu, paujil) swallows burning coal and (besides the Andoque) its neck becomes red",9,False,,False,False,False,MENTION,terrestrial,rule
b59_2,b59,A groups of dancers ascend to the sky,"A group of people (usually children, brothers or sisters) play, dance, ascend to the sky and turn into Pleiades or other compact constellation",14,True,,False,False,True,METAMORPHOSIS,celestial,rule
b60_10,b60,Offended children abandon parents,"Children conflict with their parents who do not pay them enough attention, condemn their sexual behavior, do not give them enough food, clothes, etc.; the children abandon their parents and become birds, bats, atmospheric phenomena, or stars (usually the Pleiades)",29,False,,False,False,False,MENTION,celestial,rule
b61_7,b61,The mole’s paw,Mole had to support the sky or the Sun that had fallen down. Usually its paw (hand) remained crooked after this,6,True,,False,False,True,MENTION,celestial,rule
b62_10,b62,Buzzard husband,"Man thinks that buzzard or hawk has better life than he. They exchange clothes. The bird lives with the man's wife as her husband, the man usually does not enjoy his bird life",20,False,,False,False,False,NONE,,rule
b63_3,b63,Transformation of lazy boys,"Young people, usually siblings, tell other person, usually their mother, that they have been doing agricultural work though it is not the case. When the deceit is discovered, they turn into atmospheric phenomena",4,False,,False,False,False,NONE,,rule
b64_7,b64,The bony fish,Bones of fresh-water fish are result of a fighting or military expedition. The bones are arrows that have pierced the fish bodies (gill openings are pierced by arrows) or the small bones are fragments of originally big ones,19,False,,False,False,False,NONE,,rule
b64a_7,b64a,Small bones: war between fish and birds,Fish and birds shoot arrows into each other. Since then there are many small bones inside the fish,10,False,,False,False,False,NONE,,rule
b64b_7,b64b,Small bones: war between different fish,Fish of two species shoot arrows into each other. Since then there are many small bones in the fish or some bones are forked,8,False,,False,False,False,NONE,,rule
b64c_7,b64c,Small bones: fish fall from the sky,Fish in company of other earth dwellers ascend to fight with the sky dwellers. They fall to earth and break their bones. Since then there are many small bones in the fish,4,True,,False,False,False,PERCEPTION,celestial,rule
b64d_7,b64d,Bones in the birds’ leg,Small bones in the legs of birds of particular species or spots on their feathers are arrows shot into them from below,4,True,,False,False,False,NONE,,rule
b65_7,b65,Intestines turn into creepers,Person plays imitating other animal person. His belly is cut open as a result and intestines turn into vines,5,False,,False,False,False,NONE,,rule
b66_7,b66,Rope turns into creepers,Persons climb to the sky up a rope or an arrow ladder; fallen down rope turns into forest vines,6,True,,False,False,False,METAMORPHOSIS,celestial,rule
b67_7,b67,Tree turns to rocks,People fell giant tree. The fallen tree and/or its stump turns into mountain(s) or rocks,9,True,,False,False,False,METAMORPHOSIS,terrestrial,rule
b68_7,b68,The giant grouse,Hazel-grouse was big and dangerous. He is torn to pieces which are shared between other birds and animals. What remains is the present grouse,17,False,,False,False,False,NONE,,rule
b69_7,b69,Chipmunk's back scratched: hence his stripes,"(Animal)-person wants to thank or to punish small animal (chipmunk, ground squirrel, etc.) and scratches or paints it producing stripes on its back",34,False,,False,False,False,NONE,,rule
b69a_7,b69a,"Council on seasons, chipmunk participates","Chipmunk or an animal of similar size (weasel, pika) is engaged into argument with another animal person (bear, elk, puma, snake) if it should be warm and light or cold and dark",8,False,,False,False,False,NONE,,rule
b70_7,b70,Ears of hare,"Person beats hares, foxes or other medium size animals who became helpless (usually closed in his house). Tale explains why tips of the animals' ears or tails have a particular color",15,False,,False,False,False,NONE,,rule
b71_3,b71,Aurora borealis,"Aurora borealis is spirits (of the dead) who run holding burning torches, play or fight with each other",35,False,,False,False,True,MENTION,celestial,rule
b72_7,b72,The thirsty cuckoo,"Children do not give water to their mother or mother to her child. The offended person turns into a bird, usually a cuckoo",20,False,,False,False,False,NONE,,rule
b72a_7,b72a,"Mother, child and swans","(Step)parent does not share his or her food with a child. The child (usually a small girl) asks the migratory birds (swans, geese, etc.) to take her or him with them. The birds give the child feathers (wings, etc.) and the girl (boy) flies away with the birds",7,False,,False,False,False,NONE,,rule
b72b_7,b72b,Offended one turns into bird,"Children do not give water to their thirsty mother or mother (step mother, stepfather) does not give water to thirsty child. The offended one turns into a bird and flies away",22,False,,False,False,False,NONE,,rule
b73_7,b73,The cuchoo: different legs,Person turns into the cuckoo so quickly that one of his or her legs remains bare or one of her braids not plaited. Now it is believed that the cuckoo has different legs or wings,9,False,,False,False,False,NONE,,rule
b73a_7,b73a,The cuchoo: in search of lost horse,A girl (with her brother; two small brothers) is (are) in search of the horse or cattle or the girl is in search of her lost brother. She (alone or with her brother; both brothers) turns into a bird (usually a cuckoo; or both siblings turn into birds) that cries in specific way,7,False,,False,False,False,NONE,,rule
b73b_7,b73b,The cuckoo: in search of lost sibling,"Girl searches for her lost brother, calls him or brother calls his sister, or they call each other, or two lost brothers call each other. One or both siblings turn into birds with specific cry",15,False,,False,False,False,NONE,,rule
b74_7,b74,The red-eyed wood-grouse,Eyes of wood-grouse became red because it shed tears,11,False,,False,False,False,MENTION,terrestrial,rule
b74a_7,b74a,The marriage of the owl and the Moon,Owl had to separate with the Moon and since then cries when the Moon shines. Usually the (proposed) marriage of the owl and the Moon broke up,5,True,,False,False,True,MENTION,celestial,rule
b75a_7,b75a,Sounds of the time of creation: a woman's voice (echo),A certain woman lived in primeval time but her voice is still heard (usually she turns into echo),17,False,,False,False,False,NONE,,rule
b75b_7,b75b,Sounds of the time of creation: a creaking of trees,"Man pushes his mother-in-law or his wife into a tree hollow, she turns into the creaking of trees or into echo",6,False,,False,False,False,METAMORPHOSIS,terrestrial,rule
b75c_7,b75c,Sounds of the time of creation: a murmur of forest and waves,The murmur of leaves or waves of the time of creation is still heard,5,False,,False,False,False,MENTION,terrestrial,rule
b76_3,b76,Waves turn into mountains,Waves of the sea petrified and turned into dry land with mountain chains,10,True,,False,False,False,METAMORPHOSIS,terrestrial,rule
b77_3,b77,Primeval sky close to earth,"Originally the sky was close to the earth, then it has risen up",192,True,,False,False,False,MENTION,celestial,rule
b77a_3,b77a,Giant pushed the sky up,One or several (animal)-persons push sky up to its present height,52,True,,False,False,False,MENTION,celestial,rule
b77b_3,b77b,Sky touched with a long object,"The sky rose to its present height and/or the direct relations of the sky deity with the people were broken off when the sky or the deity was touched or struck with a long object (a pestle, a broom, etc.)",35,True,,False,False,False,MENTION,celestial,rule
b77b1_3,b77b1,Sky touched with a pestle,"The sky rose to its present height and/or the direct relations of the sky deity with the people were broken off when the sky or the deity was pushed up, touched or struck with a pestle or with a ladle during the preparation of food",25,True,,False,False,False,MENTION,celestial,rule
b77b2_3,b77b2,Sky touched with a broom,"The sky rose to its present height and/or the direct relations of the sky deity with the people were broken off when the sky or the deity was pushed up, touched or struck with a broom",4,True,,False,False,False,MENTION,celestial,rule
b77c_3,b77c,Serpent pushes sky up,Serpent-like creature pushes the sky far away from the earth,4,True,,False,False,False,MENTION,celestial,rule
b78_3,b78,Shaking bed makes snowfall,"When person or creature shakes himself or itself, shakes his or her bed, clothes, plucks birds, etc., snow falls down to earth",13,False,,False,False,False,NONE,,rule
b79_3,b79,Cosmic egg,"From the primeval egg, eggs, or egg-like ball emerge the earth, the sky, sky bodies, different animals (all or part of the items of this list)",36,True,,False,False,False,MENTION,celestial,rule
b79a_3,b79a,The bird lain an egg,"In the beginning of time a bird flies, lays an egg or eggs, different objects and creatures emerge from them or a bird drops some solid substance on the waters and the dry land or an island appear",31,False,,False,False,False,MENTION,terrestrial,rule
b80_3,b80,Measuring of the world,The process of world creation includes the measuring of its size,12,False,,False,False,False,NONE,,rule
b81_7,b81,Rifle for dog,Creator and his opponent ponder upon should the dog be able to use a bow or fire-arms,10,False,,False,False,False,NONE,,rule
b82_7,b82,The white raven,Raven or other carrion-eating bird of dark color and a similar size was originally white,127,False,,False,False,False,NONE,,rule
b83_10,b83,Too heavy bag,Person tries to pick up a small object or creature but it proves to be of enormous size and weight,12,False,,False,False,False,NONE,,rule
b84_7,b84,Fungi and excrescences (ogress transformed),"A female demonic person, usually while she is pursuing a man, dies and her flesh turns into objects that are found on trees, like fungi, pitch, fruits or nuts",9,False,,False,False,False,METAMORPHOSIS,terrestrial,rule
b85_3,b85,Wind pacified,Wind is too strong and is pacified,21,False,,False,False,False,NONE,,rule
b85a_3,b85a,Wind regulated,"Wind blows in a wrong way, people can get no game or fish. When a hero overcomes it, it initially becomes too calm but the hero creates the desirable balance",9,False,,False,False,False,NONE,,rule
b85b_3,b85b,Bag of winds,"Wind was or is in a particular enclosure (bag, cave, etc.). It was released from it or comes out from time to time",17,False,,False,False,False,MENTION,terrestrial,rule
b86_3,b86,Babylonian tower,"To reach the sky, people build a ladder or tower that consists of separate modules (bricks, logs, sticks, etc.). This construction collapses",61,True,,False,False,False,MENTION,celestial,rule
b87_2,b87,Alcor,Alcor (a weak star near the second star of the handle of the Big Dipper) is selected as a particular sky object,85,True,,False,False,True,MENTION,celestial,rule
b87a_2,b87a,Alcor is a dog,Alcor is interpreted as a dog,19,False,,False,False,False,NONE,,rule
b87b_2,b87b,A harnessed wolf,"The handle of the Big Dipper is not straight because a wolf or a bear (identified with Alcor or with the last star of the handle, η) attacked an ox that was dragging a cart",8,True,,False,False,True,MENTION,celestial,rule
b87c_2,b87c,,,12,False,,False,False,False,NONE,,rule
b88_10,b88,Job,All person's children die. He or she addresses God and asks him why he or she suffers so much,4,False,,False,False,False,NONE,,rule
b89_7,b89,Owl as a king of birds,Owl was or wanted to be king of birds or it behaved itself in a wrong way during the elections of the king. Now it avoids other birds and/or other birds chase it,24,False,,False,False,False,NONE,,rule
b90_3,b90,Master of wolves,There is an anthropomorphic patron or patroness of wolves. Usually he or she gives instructions to wolves on particular day of the year,28,False,,False,False,False,NONE,,rule
b91_7,b91,Sharp-eyed snail,Snail had (the) sharp(est) eyes. Another animal person borrows them and never returns,8,False,,False,False,False,NONE,,rule
b92_7,b92,Flint turns into flints,"Person who embodies flint or other hard stone is broken, stones disperse in the world",22,False,,False,False,False,METAMORPHOSIS,terrestrial,rule
b93_2,b93,Sky bridge in the mid of summer,Once a year in the middle of summer sky dwellers or messegers of the deity who are at the opposite sides of the Milky Way come together. Usually birds make a chain of their bodies to serve as a bridge across the celestial river and feathers on the birds' heads become worn down,6,True,,False,True,True,MENTION,celestial,rule
b93a_2,b93a,,,6,False,,False,False,False,NONE,,rule
b94_7,b94,Talking trees,Trees and (domestic) animals could talk and asked people not to cut or kill them,9,False,,False,False,False,MENTION,terrestrial,rule
b94a_10,b94a,Tree grants a wish,"When a man has felled a tree or is going to cut it, the tree or a bird who lived in the trunk grants the man’s wishes",9,False,,False,False,False,MENTION,terrestrial,rule
b95_7,b95,Burned bottom parts,Human posterior looks in particular way because certain person burned it,4,False,,False,False,False,NONE,,rule
b96_7,b96,Pursuer turns into surgeon ,"Pursuing heroes, a monster falls into water, turns into a big fish or a water mammal",5,False,,False,False,False,NONE,,rule
b97_7,b97,Kingfisher’s necklace,"Thankful person decorates a bird who lives near water (kingfisher, loon, goose), thence its appearance (crest, beak, feathers)",18,False,,False,False,False,NONE,,rule
b98_7,b98,Bat between birds and animals,Bat becomes outcast among other creatures usually after it makes attempts to join first animals and then birds or vice versa,48,False,,False,False,False,NONE,,rule
b98a_7,b98a,Bat and funerals,Bat is in conflict with other creatures because of the incident related to somebody's death or funerals,7,False,,False,False,False,NONE,,rule
b99_7,b99,Turned into nest of insects,Person abandoned in a tree turns into a nest of insects,13,False,,False,False,False,METAMORPHOSIS,terrestrial,rule
b100_3,b100,Getting a sleep,Formerly or in a particular country the sleep was not known;,12,False,,False,False,False,NONE,,rule
b101_7,b101,Slashes on birch bark,"Angry against the birch, person beats or cuts it, whence scratches and slashes on its bark",9,False,,False,False,False,NONE,,rule
b102_3,b102,Clouds from smoke,Clouds are formed from smoke that ascends from the earth,6,False,,False,False,False,MENTION,terrestrial,rule
b103_7,b103,Cornel-tree fruits,"Person (a devil or a bear) thinks that because the Cornus mas tree (European cornel, male cornel) blossoms before all other fruit trees do, it also brings its fruits early. The cornel fruits become ripe very late, so the person is disappointed and gets no fruits",11,False,,False,False,False,MENTION,terrestrial,rule
b104_7,b104,Chicken turns into tortoise,"When a guest comes, a host hides from him a cooked chicken. When the host is going to eat it himself, he finds the chicken transformed into the tortoise (origin of tortoises) or a toad",7,False,,False,False,False,NONE,,rule
b105_7,b105,Daughter-in-law turns into hoopoe,Father-in-law gets to see his daughter-in-law when she combs or washes her hair. She is ashamed and turns into the hoopoe (origin of hoopoe),3,False,,False,False,False,NONE,,rule
b106_7,b106,The sky cock,"When the sky cock cries, all the cocks on earth cry after him, not before",5,True,,False,False,False,MENTION,celestial,rule
b107_7,b107,The black oyster,"During a (world) fire oyster was burned, nor now oyster shells are black",2,False,,False,False,False,NONE,,rule
b108_7,b108,Person turns into snow,Anthropomorphic person broken into small particles turns into the snow that shines under the sun,3,True,,False,False,True,METAMORPHOSIS,celestial,rule
b109_7,b109,Person turns into bear,Person turns into bear (origin of bears),22,False,,False,False,False,NONE,,rule
b109a_7,b109a,,,3,False,,False,False,False,NONE,,rule
b110_7,b110,,,6,False,,False,False,False,NONE,,rule
b110a_3,b110a,,,5,False,,False,False,False,NONE,,rule
b111_7,b111,,,2,False,,False,False,False,NONE,,rule
c1_3,c1,Reversal of cosmic levels,"The present earth or the underworld is the former sky that has fallen down, or the earth turned in the past upside down, or the layers of the universe collapsed in the past one after another, or they will change their place during the future cataclysm",30,True,,False,False,False,MENTION,celestial,rule
c2_3,c2,Deluge and conflagration combined,"World is destroyed once with fire or draught, another time with a flood or it is destroyed with a flood of fire or boiling water",129,False,,False,False,False,NONE,,rule
c2a_3,c2a,Conflagration of the woodpecker,"Two persons meet a woodpecker and as a consequence, the earth burns. The strong and smart person survives, the weak and stupid is burned",7,False,,False,False,False,MENTION,terrestrial,rule
c2b_11,c2b,The burned Moon,"The Sun and Moon get into conflagration. The Sun survives, the Moon is burned",6,True,,False,False,True,MENTION,celestial,rule
c3_7,c3,Hole in arch,During the flood a hole is opened in the arch. An animal stops it up with its own body,23,False,,False,False,False,NONE,,rule
c4_3,c4,The flood: fruits fall from a tree,"During the flood or in the beginning of times fruits, seeds or other objects are dropped into water one by one, usually by a person who has climbed a tree. As far as the objects fall, water recedes and the dry land appears",38,False,,False,False,False,MENTION,terrestrial,rule
c5a_3,c5a,Bird-scouts,"Birds or humans who are later changed to birds are send to explore the earth (is it dry, are any survivals, to bring some dry soil, to investigate why smoke rises to the sky, etc.)",119,True,,False,False,False,MENTION,celestial,rule
c5b_3,c5b,Animal-scouts,"During the creation of the world or after the world cataclysm animals run around making the earth big, reporting about its condition or they are sent to report the size of the growing earth",33,False,,False,False,False,NONE,,rule
c6_10,c6,The diver,Persons or animals dive to get something from the bottom of the water body,161,False,,False,False,False,NONE,,rule
c6a_3,c6a,The diver is turtle or frog,"A turtle, a frog, a toad, or an armadillo brings the desired object from the bottom of the water body or from the lower world",31,False,,False,False,False,NONE,,rule
c6b_3,c6b,The diver is muskrat or beaver,"A muskrat, a beaver or a nutria brings the desired object from under the water",42,False,,False,False,False,NONE,,rule
c6c_3,c6c,The diver is a bird,An aquatic bird brings the desired object from under the water,70,False,,False,False,False,NONE,,rule
c6c1_3,c6c1,Birds: successful and unsuccessful divers,Two or more different birds (often a loon and a duck) dive one after another to get earth from under the ocean. Only one of them is successful,10,False,,False,False,False,NONE,,rule
c6d_3,c6d,The earth-diver,Persons or creatures get from the bottom of the ocean or from the lower world small amount of solid substance which turns into the earth,146,False,,False,False,False,NONE,,rule
c6e_3,c6e,The diver is a crustacean,A crustacean brings the earth from the bottom of the ocean or from the lower world,9,False,,False,False,False,NONE,,rule
c6f_10,c6f,Diving for drowned person,Persons or animals dive to get from under the water a drowned person or creature or part of its body,9,False,,False,False,False,NONE,,rule
c6g_3,c6g,The diver is a wild boar,A wild boar brings the earth from under the water and/or spills it over the water,4,False,,False,False,False,NONE,,rule
c6h_3,c6h,An insect brings the earth,"An insect brings the earth (from under the water, from a lower world or from a far-away place)",6,False,,False,False,False,NONE,,rule
c6I_3,c6I,,,6,False,,False,False,False,NONE,,rule
c7_3,c7,The flood: breaking the dam,"In the beginning of times or after the flood a dam of earth, person or creature does not let water to recede. The dam is broken or opened, waters withdraw",28,False,,False,False,False,NONE,,rule
c8_5,c8,The primeval couple of siblings,"In the beginning of time or after the world catastrophe brother and sister or mother and son are the only humans. They marry each other, present people descend from them",68,False,,False,False,False,NONE,,rule
c8a_5,c8a,Grinding stones match,"Being alone and having no other marriage partners, brother and sister agree to marry each other if a highly improbable event or a series of events will take place. Among the events that take place (alternatively or one after the other) are 1) the siblings let two grinding stones roll from two mountains, the brother's stone falls on the sister's one; 2) brother and sister throw two swords from two mountains, both swords get into one sheath; 3) they throw some objects up, the objects get together; 4) they kindle two fires, columns of smoke get together; 5) they put to grow two stems of bamboo, tops of the stems get together",11,False,,False,False,False,MENTION,terrestrial,rule
c8b_5,c8b,Siblings change their looks and marry,"In the beginning of time or after the world catastrophe brother and sister or mother and son are the only humans. They reject marriage or only the man does not want to marry his sister or mother. After their looks are changed (or only the sister or mother changes her face) they take each other for strangers, marry and beget the new race",10,False,,False,False,False,NONE,,rule
c8c_5,c8c,,,4,False,,False,False,False,NONE,,rule
c9a_7,c9a,The flood: people turn into toads,During a flood or when crossing a river those people who drown (or those who survive) turn into toads,4,False,,False,False,False,METAMORPHOSIS,terrestrial,rule
c10_7,c10,The flood: the wet tails,"During the flood birds or animals escape to some place (mountain, tree, boat, sky). Tips of their tails or other body parts get covered with water or foam and acquire their present color and form",24,True,,False,False,False,MENTION,celestial,rule
c10a_7,c10a,The flood: birds cling to the sky,During the flood some birds survive clinging to the sky with their beaks,10,True,,False,False,False,MENTION,celestial,rule
c11_3,c11,Father avenges his son,Person uses his supernatural powers to destroy a large group of people who have offended or insulted his son,11,False,,False,False,False,NONE,,rule
c12a_7,c12a,The dog and the world cataclysm,"A dog warns people about approaching flood or world conflagration, instructs them what should be done",6,False,,False,False,False,NONE,,rule
c12b_7,c12b,People descend from a dog,In the beginning of time or after the flood man marries a bitch. Present people descend from them.,25,False,,False,False,False,NONE,,rule
c13_3,c13,The objects’ revolt,"During or before the world cataclysm (deluge, darkness) or (Suruí) in particular place at night, household objects and/or stones, trees, domestic animals turn into wild beasts and monsters",35,False,,False,False,False,METAMORPHOSIS,terrestrial,rule
c14_3,c14,Monsters destroy people,"During or before the world catastrophe (deluge, darkness) wild beasts and monsters attack and destroy people",59,False,,False,False,False,NONE,,rule
C15_3,C15,,,6,False,,False,False,False,NONE,,rule
c16_10,c16,Processed objects turn into animals,"Against person's will, butchered, dried or cooked meat, tanned hides, etc. turn back into animals or fish and escape.",42,False,,False,False,False,NONE,,rule
c16a_3,c16a,The offended mistress of animals,Mistress of animals or fish revives them after being offended,12,False,,False,False,False,MENTION,terrestrial,rule
c17_3,c17,Fire pit for the people,The men of primeval community destroy most of the people and/or themselves in a fire pit or on the bonfire,11,False,,False,False,False,NONE,,rule
c18_3,c18,Dance for the hidden Sun,"Certain person hides valuables or the impersonator of the valuables hides himself or herself from the people. To get valuables, the interest of their owner or imperso­nator is attracted or diverted by way of singing, dancing, playing music, provocative behavior, offering of unusual gifts, sex or alcohol",54,False,,False,False,True,MENTION,celestial,rule
c19_3,c19,Acquisition of the sun,The primeval ancestors acquire with difficulty the hidden or stolen sun or daylight. (for computing all cases for motif C19A are included into C19),189,True,,False,False,True,MENTION,celestial,rule
c19a_11,c19a,Child plays with the sun,"Persons (usually Raven) turns into child, asks and receives to play luminaries or comes to play with a small daughter of the owner of the luminaries",30,False,,False,False,True,METAMORPHOSIS,celestial,rule
c22_3,c22,Toad in search of thunder,"In time of severe drought or the world conflagration birds and animals are sent to bring rain from Thunders who live at the end of the world. Some fail, the last one succeeds. Toad takes important part in the action",3,False,,False,False,False,NONE,,rule
c23_3,c23,Tree eclipses sky-light,"Growth and falling of giant tree defines the condition of the sky with luminaries on it (tree eclipses the light of the sun, can destroy the sky, tears the sun off the sky, etc.)",19,True,,False,False,True,MENTION,celestial,rule
c24_3,c24,The world in danger of falling down,"A tree or pillar supports the sky or the earth. If it collapses, people perish",11,True,,False,False,False,MENTION,celestial,rule
c25a_2,c25a,Cooking soup in the Moon,"The destiny of creation depends on a person (usually an old woman) who is cooking soup somewhere outside of our world (in the sky, in the Moon, etc.)",5,True,,False,False,True,MENTION,celestial,rule
c25b_2,c25b,A spinner in the Moon,"Somewhere outside of our world (in the sky, on the Moon, etc.) certain person is spinning, weaving, plaiting, or embroidering",45,True,,False,True,True,MENTION,celestial,rule
c25c_2,c25c,The Bid Dipper and the end of the world,Change in configuration of the stars of certain constellation (usually Big Dipper) or its disappearance from the sky will be a signal of approaching world cataclysm,9,True,,False,False,True,MENTION,celestial,rule
c26_3,c26,Guardian at the border of the non-human world,Monsters or ghosts try to invade our world. Powerful person or creature is on guard and prevents the invasion,16,False,,False,False,False,NONE,,rule
c27_8,c27,A horn in the ice,"A horned monster breaks ice on river or lake. Usually people walk across frozen body of water, get to see a horn protruding from the ice and try to cut it off. The monster breaks the ice, many people drown",12,False,,False,False,False,MENTION,terrestrial,rule
c28_11,c28,Unconsidered promise ,A demon obtains valuables essential for another person's (and for all the people) survival but is tricked to return the valuables,9,False,,False,False,False,NONE,,rule
c29_11,c29,A listened in secret,People or God get know a secret thanks to listening in its possessor when he speaks aloud with himself or with his relations. Before this the wise person was usually asked to come and share his knowledge but was offended and went away,19,False,,False,False,False,MENTION,terrestrial,rule
c30a_11,c30a,,,33,False,,False,False,False,NONE,,rule
c31_9,c31,The smart hedgehog,"A hedgehog proves to be smarter than other animals (life on earth is saved thanks to him, he deceives a dangerous person, etc.)",17,False,,False,False,False,NONE,,rule
c32_8,c32,Beware of cut off nails,The cut off nails (and hair) have special significance for the fate of the soul in the beyond or for the future of the entire world,31,False,,False,False,False,NONE,,rule
c33_8,c33,Prometeus (the chained strong man),A strong man who ventured to confront God is for a long time (for eternity) chained to a mountain or to a post,10,True,,False,False,False,MENTION,terrestrial,rule
c33a_8,c33a,Blacksmiths restore the chain,A strong man is enchained but his chains become ever thinner. When blacksmiths beat their hammers against the anvils the chain becomes thick again,9,False,,False,False,False,NONE,,rule
c33b_3,c33b,The primordial calm,The primordial race perishes when the wind blows for the first time,3,False,,False,False,False,NONE,,rule
c34a_3,c34a,Buried in sand,A supernatural person comes to people who fish. They bury him on the beach or throw him into river or marsh. Somebody saves him. He or his father sends the flood,6,False,,False,False,False,MENTION,terrestrial,rule
c35_3,c35,Cosmic marriage cancelled ,"It becomes known that if the Sun or the Sky marry, great calamity is inevitable. The marriage plans are given up",9,True,,False,False,True,MENTION,celestial,rule
c35a_7,c35a,Wise adviser punished,A zoomorphic person gives wise advise concerning the ways that the Sun should follow. His advise is accepted but he himself is punished by the Sun,6,True,,False,False,True,MENTION,celestial,rule
c36_3,c36,The final battle,Gods fight with their powerful adversaries at the decisive battle that changes fate of the world,7,False,,False,False,False,NONE,,rule
c37_3,c37,World catastrophe and the sloth,A sloth produces the world catastrophe or saves people from it,6,False,,False,False,False,NONE,,rule
d1_3,d1,Female spirit of fire,"Fire is personified as an (elder) woman, alone or with her husband, master of fire",64,False,,False,False,False,NONE,,rule
d1a_3,d1a,Mother-in-law is the Fire,Girl marries man whose mother is Fire,5,False,,False,False,False,NONE,,rule
d1a1_3,d1a1,Mistress of fire carries away woman’s baby,"Because a woman offended the fire, its mistress carries the woman’s baby away",4,False,,False,False,False,MENTION,terrestrial,rule
d1a2_3,d1a2,The borrowed object is not burned,House of a person who insulted the fire is destroyed but an object or a child of another person who was nice to the fire has not been burned though it was in the house of the first person,3,False,,False,False,False,NONE,,rule
d1a3_3,d1a3,,,4,False,,False,False,False,NONE,,rule
d1b_3,d1b,Male spirit of fire,"The fire is personified as an elder man (alone or with his wife, mistress of fire)",69,False,,False,False,False,MENTION,terrestrial,rule
d2_3,d2,Woman gives birth to the fire,A woman gives birth to a son who is very hot (usually the fire or Sun),8,True,,False,False,True,MENTION,celestial,rule
d4a_3,d4a,Theft of fire,Fire is stolen from its original owner or brought back to the people from somebody who had stolen it before,281,False,,False,False,False,NONE,,rule
d4aa_7,d4aa,Moth is sent to steal fire,Moths try to get fire from people and to bring it to somebody else,9,False,,False,False,False,NONE,,rule
d4b_3,d4b,Retribution for using fire,Person or people who have stolen fire or asked its owner to share the fire are punished by God,7,False,,False,False,False,NONE,,rule
d4c_3,d4c,Acquisition of summer,Warm season is obtained from its original owners,22,False,,False,False,False,NONE,,rule
d4c1_11,d4c1,Swimming elk diverts attention,Animal-people come to steal summer from its owner. One of them in guise of an elk or caribou diverts the owners' attention or puts to float a log that the owner takes for an elk and pursues. The summer is successfully stolen and brought to the people,6,False,,False,False,False,NONE,,rule
d4d_7,d4d,Opossum steals fire,Opossum steals fire for people,10,False,,False,False,False,NONE,,rule
d4e_7,d4e,Coyote or fox obtain fire,"Coyote or fox bring people the fire, the daylight or the Sun",43,True,,False,False,True,MENTION,celestial,rule
d4e1_7,d4e1,Dog obtain fire,Dog brings people fire,25,False,,False,False,False,NONE,,rule
d4f_11,d4f,Beaver or fish let themselves to be roasted,"Beaver (in North American) or a small fish (in South America) lets fire owners catch and roast it, then revives and carries the fire away",13,False,,False,False,False,NONE,,rule
d4g_7,d4g,Hummingbird obtains fire,"Hummingbird steals for people, discovers or spreads the fire",18,False,,False,False,False,NONE,,rule
d4h_7,d4h,Swallow obtains fire,Swallow steals fire for people,6,False,,False,False,False,NONE,,rule
d4i_7,d4i,Beaver obtains fire,Beaver steals fire for people,10,False,,False,False,False,NONE,,rule
d4j_7,d4j,Rabbit obtains fire,"Fire owner, stealer, or stealer's companion is a rabbit, a hare or (among the Ofaie) a guinea pig",23,False,,False,False,False,NONE,,rule
d4k_7,d4k,Deer obtains fire,Dear steals fire for people,8,False,,False,False,False,NONE,,rule
d4l_3,d4l,Fire from the sky,First fire is sent to earth from the sky or the ancestors ascend to the sky and bring from there fire or warmth,49,True,,False,False,False,MENTION,celestial,rule
d4m_11,d4m,Fire owners dance,Person comes to the owners of fire or light. They feast and dance. He joins them and in a proper moment carries away the valuables,24,False,,False,False,False,NONE,,rule
d4n_11,d4n,Person weeps asking for summer,"A boy or (among the Kutenai) a woman weeps, asking for an element that is absent, i.e. for summer, fire, or rain",12,False,,False,False,False,NONE,,rule
d4o_11,d4o,Fire stealer pretends to be wet and cold,"To steal fire from its owner, person pretends to be wet or cold and is granted permission to sit near the fireplace. In a proper moment the stealer carries the fire away and brings it to people",23,False,,False,False,False,NONE,,rule
d4p_7,d4p,Parrot or parakeet obtains fire ,Parrot or parakeet steals fire for people. (Australian data not computed because historically definitely unrelated to the Tropical American data),9,False,,False,False,False,NONE,,rule
d5_3,d5,A woman and the,Female person is the owner or inventor (but not personification) of fire,71,False,,False,False,False,NONE,,rule
d5a_3,d5a,Fire in woman’s genitals,First fire was hidden in genitals or anus of a woman,17,False,,False,False,False,NONE,,rule
d6a_7,d6a,Fire and crocodile,Crocodile or cayman is an original or temporary owner of fire or lighting,17,False,,False,False,False,NONE,,rule
d6b_7,d6b,Burned person becomes a caiman,Badly burned person turns into caiman or crocodile,9,False,,False,False,False,NONE,,rule
d7_7,d7,Fire and toad,"Frog or toad possesses the fire, steals it from original owner, tries to extinguish or to save it",41,False,,False,False,False,NONE,,rule
d8_7,d8,Fire and a predator animal,"Fire or summer is stolen from a big predator: a lion (in Africa), a tiger (in Asia), a bear (in Siberia and North America) or a jaguar (in South America)",29,False,,False,False,False,NONE,,rule
d9_7,d9,Fire and vulture,"Raven or other big dark-feathered bird scavenger is the owner, personification, spouse, obtainer or stealer of fire, daylight, or the Sun",65,True,,False,False,True,MENTION,celestial,rule
d10_6,d10,Firesticks are two persons,A male and a female persons personify fire-sticks,9,False,,False,False,False,NONE,,rule
d11_6,d11,Food baked in armpits,"Before fire became known, people prepared food using warmth of their bodies (usually putting food in their armpits); or a person keeps fire in his or her armpits",19,False,,False,False,False,NONE,,rule
d12_6,d12,Food baked in the sun,First people or inhabitants of a distant country cook food in the sun; or fire owner lies that he or she cooks food in the sun,57,True,,False,False,True,MENTION,celestial,rule
d12a_3,d12a,Heat of the sun is enough for cooking,"To cook their food, people use heat of the sun because they live close to its origin",4,True,,False,False,True,MENTION,celestial,rule
d13c_11,d13c,Trickster makes his brother’s wife laugh,"Two companions or brothers live together. The elder conceals his wife from the younger. In his absence, the younger tries to make the woman laugh and this way to get know her hiding place",6,False,,False,False,False,NONE,,rule
d13d_11,d13d,To make hidden woman laugh,Woman is hidden somewhere inside the house. Man makes her laugh to discover her,13,False,,False,False,False,NONE,,rule
d13e_10,d13e,Hunters laugh at killed animals,Hunters perish because they were laughing at the killed (and revived) animal,5,False,,False,False,False,NONE,,rule
d13f_3,d13f,Laughter and fire,Laughter triggers emergence or spread of fire. Usually fire is obtained from a creature when it bursts out laughing,14,False,,False,False,False,NONE,,rule
d13g_8,d13g,Meet seen on teeth,"When person laughs, people see his or her monstrous mouth (many teeth, human meat on teeth). They kill the monster or escape from it",12,False,,False,False,False,NONE,,rule
d13h_8,d13h,The dead should not laugh,Person should not laugh in the world of the dead,10,False,,False,False,False,NONE,,rule
d13hh_8,d13hh,Not to laugh visiting the dead,Person who visits the other world should not laugh or demonstrate his surprise seeing strange and funny things,14,False,,False,False,False,NONE,,rule
d13i_11,d13i,Broken tooth,"Person knows that the deceiver and trickster has one of his teeth broken. To identify him, person makes others laugh and thus open their mouths",12,False,,False,False,False,NONE,,rule
e1a_5,e1a,First people of unstable materials,"First human beings are made of unstable materials (mud, wax, fire, honey, etc.) and unviable",7,False,,False,False,False,NONE,,rule
e1b_5,e1b,Person of unfit materials,Certain person is made of improper material and proves to be short-lived or unfit for fulfilling his functions,74,False,,False,False,False,NONE,,rule
e1c_5,e1c,Person of excrements,Certain person is made of human excrement or carrion,19,False,,False,False,False,NONE,,rule
e1d_6,e1d,Canoes of clay,First canoes were made of unfit materials,8,False,,False,False,False,NONE,,rule
e2_5,e2,People made for a test,"Making people, creator does not reach perfection immediately. First variants of creation are rejected, then proper form and material found",23,False,,False,False,False,NONE,,rule
e3_5,e3,New people from bones,"After destruction of previous world, new people (rare: new earth) are made from the bones of the perished race",11,False,,False,False,False,NONE,,rule
e4_3,e4,Creation from cuticle,"Supernatural person rubs his or her skin, creates the entire earth, human or other beings of dirt and cuticle",28,False,,False,False,False,NONE,,rule
e5_5,e5,Half-made man attempts to stand up,God makes the first man of clay. The man must wait till he is dried up but makes attempts to stand up before time,3,False,,False,False,False,NONE,,rule
e5a_5,e5a,Mankind ascends from the underworld,"First people (or only first men or first women) are not created but come to earth from the underworld or from a small enclosure under the earth or on its surface (tree trunk, rock, gourd, etc.). Many people of both sexes and of different age or people and different species of animals come out together",153,True,terrestrial,True,True,False,MENTION,terrestrial,rule
e5aa_5,e5aa,People grew like a grass,"The first people grew or crawled out of the earth like a grass, mushrooms, worms, etc.",15,False,,False,False,False,NONE,,rule
e5b_5,e5b,First couple from the underworld,"First man or first human couple come out from the underworld or from a small enclosure on its surface (tussock, reed, tree, rock, gourd)",70,True,terrestrial,True,True,False,MENTION,terrestrial,rule
e5c_5,e5c,People from the sky,The first people or first anthropomorphic divine beings descend to earth from the sky.,125,True,,False,False,False,MENTION,celestial,rule
e5d_5,e5d,Predator devours emerging people,People live underground or in a small enclosure. When they come out they are attacked by monster or dangerous animal. Monster is killed or transformed,17,False,,False,False,False,NONE,,rule
e5e_5,e5e,The two-headed one is not allowed to come to the earth,First people or animals ascend or descend to earth. The two-headed monster attempts to follow them but is prevented from coming to the earth,6,False,,False,False,False,NONE,,rule
e6_5,e6,Because of a woman worlds become isolated,"When a woman of the child-bearing age tries to come from one world to another (e.g. from sky to earth), the communication between the worlds is blocked or broken forever",25,True,,False,False,False,MENTION,celestial,rule
e6a_5,e6a,Way across waters,"To reach their present country, people had to pass (frozen) water body. Part of the migrants remain on the opposite side or is drowned",6,False,,False,False,False,NONE,,rule
e7_5,e7,Person stuck in a cosmic hole,"To descend from the sky, ascend from the underworld or come out of the cave, people must pass through narrow hole. A person is stuck in the hole blocking forever communication between different parts of the universe",21,True,celestial,True,False,False,MENTION,celestial,rule
e8_5,e8,People of wood,The first people or (the first) woman (wife of a primeval ancestor) are made of wood,58,False,,False,False,False,MENTION,terrestrial,rule
e8a_5,e8a,Women from coconuts,Coconuts picked off a palm or fallen to the ground (rare: leaves picked off a tree) turn into women or into both women and men,6,False,,False,False,False,METAMORPHOSIS,terrestrial,rule
e9_10,e9,The mysterious housekeeper,"A man (rare, a woman) lives alone. In his or her absence, somebody puts his or her house in order, prepares his or her meals or (rare) eats food up, makes a disorder. He or she discovers that a woman (a young man) lives unrecognized (in animal form, hiding in an object) in or near the house or comes during his or her absence",219,False,,False,False,False,NONE,,rule
e9a_5,e9a,Fox-wife,Man maries fox-woman,10,False,,False,False,False,NONE,,rule
e9aa_5,e9aa,Fox-wife in animals’ den,In search of his lost fox-wife man comes to a den. Different animal- or bird-women come out and ask him if he would mary them. He refuses and they let him in,4,False,,False,False,False,NONE,,rule
e9b_5,e9b,Turtle-wife or snail-wife,"The mysterious housekeeper is a water creature (turtle, snail, shellfish)",7,False,,False,False,False,NONE,,rule
e9c_5,e9c,"Elephant-, buffalo-, elk-wife","Man marries a woman who has a nature of a big non-predatory animal or comes out of its body (elephant, buffalo, doe, elk, etc.)",32,False,,False,False,False,NONE,,rule
e9d_5,e9d,Dog-wife,Man marries dog-woman,36,False,,False,False,False,NONE,,rule
e9e_5,e9e,Puppy as a reward,"Youth gets to supernatural beings, rejects any treasure, asks for a puppy, a dog's skin, a fruit, etc. When he returns home, the puppy (skin, etc.) turn into magic wife",14,False,,False,False,False,NONE,,rule
e9f_5,e9f,Parrot-wife,Man maries parrot- or parakeet-woman,19,False,,False,False,False,NONE,,rule
e9g_5,e9g,Vulture-wife,Man marries vulture-woman,16,False,,False,False,False,NONE,,rule
e9h_5,e9h,Dove-wife,A man marries dove-woman or a woman marries dove-man; supernatural woman or man takes form of a dove,68,False,,False,False,False,NONE,,rule
e9i_5,e9i,Swan-wife,"Man marries swan- (or goose-, duck-, crane-)woman; supernatural woman takes form of a swan, etc.",65,False,,False,False,False,NONE,,rule
e9j_5,e9j,Monkey-wife,Man marries monkey-woman; supernatural woman takes form of a monkey or the man pretends that the house-keeper is a monkey,7,False,,False,False,False,NONE,,rule
e9k_5,e9k,Spouse is honey (bee),A man or a woman is incarnation of the honey or a bee-person,6,False,,False,False,False,NONE,,rule
e10_5,e10,Pets turn into children,A lonely woman or married couple surprises birds or animals who live in their house and take their skins off when nobody looks at them. Birds or animals (usually pups) become children,30,False,,False,False,False,NONE,,rule
e11_10,e11,The burned skin,Magic person reveals his true nature and/or remains with the real people after the object responsible for preserving the non-human appearance (usually an animal skin) is destroyed (usually burned),144,False,,False,False,False,NONE,,rule
e13a_6,e13a,Ritual objects from under the water,People obtain ritual objects from under the water or brings them back to the underwater world,13,False,,False,False,False,NONE,,rule
e14_6,e14,Rituals from the dead,Rituals are obtains from ghosts,15,False,,False,False,False,NONE,,rule
e14a_6,e14a,Masks represent the killed demons,People prepare ritual costumes and masks coping the features from the real demons whom they have killed,5,False,,False,False,False,NONE,,rule
e15_6,e15,Ducks and canoes,People learn from aquatic birds how to make canoes or how to paddle; or the first canoe is a transformed bird or is made of bird bones,20,False,,False,False,False,NONE,,rule
e15a_6,e15a,Breast bone as a canoe model,Frame of canoe is made according to breast bone of a bird,7,False,,False,False,False,NONE,,rule
e15b_6,e15b,Birds sew canoe covering,"While man is asleep, birds turn into girls and sew covering of his canoe",7,False,,False,False,False,NONE,,rule
e16_6,e16,Paddles edgewise,"Riding in canoe, people first turn paddles edgewise, then learn the correct way to use them",9,False,,False,False,False,NONE,,rule
e17_6,e17,Origin of design,"Humans acquire (the idea of) ornamentation of the vessels, baskets, body, etc. after somebody gets to see the pattern on the skin of zoomorphic and/or supernatural creature. Design on the objects copies (is an imprint of) a pattern on such a skin",12,False,,False,False,False,NONE,,rule
e18_6,e18,Snakes and containers,People learn how to decorate ceramics or baskets (usually learn decorated patterns) thanks to a water creature,10,False,,False,False,False,NONE,,rule
e19_6,e19,Origin of drugs: person torn to pieces,Narcotic plants emerge from the body parts of a person who was torn to pieces by others,5,False,,False,False,False,NONE,,rule
e20_6,e20,Fish poison person,"Entering water, certain person makes fish die. From parts of his body or from his grave grows plant used to prepare fish poison (timbo)",17,False,,False,False,False,NONE,,rule
e21_10,e21,Avenged victim of water creatures,Child fishes with poison or his or her body produces fish poison. Fish or water snake kills him or her. The perished child is avenged,10,False,,False,False,False,NONE,,rule
e22_6,e22,Swallowed person obtains knowledge,"Getting into the body of certain being, person obtain knowledge of rituals, songs, ornaments, poison or drugs and then brings it to people",9,False,,False,False,False,NONE,,rule
e23_5,e23,Fleas make person move,"A handful of fleas or lice is thrown into people or into particular person. It was the only way to make him, her or them move and live",9,False,,False,False,False,NONE,,rule
e24_5,e24,Origin of elbows and knees,Human arms and legs become pliant (get joints) when a primeval ancestor(s) fall from height and break his arms and legs,5,False,,False,False,False,NONE,,rule
e26_5,e26,Fished out people,"Man fishes with a hook. Thrown on the ground, the fish turn into the first humans or into the women. (Stories about fishing of women in human guise not included).",13,False,,False,False,False,NONE,,rule
e27_5,e27,People from drops of blood,People emerge from drops of blood that fall from the sky,10,True,,False,False,False,MENTION,celestial,rule
e29_5,e29,Lizard gives proper hands,Two persons (usually Coyote and Lizard) argue if people's hand has to be like a paw or people should have fingers,14,False,,False,False,False,NONE,,rule
e30_5,e30,The make-believe spouse of wood,"Person does not have a spouse, uses wooden fakes for his wife or her husband",18,False,,False,False,False,MENTION,terrestrial,rule
e30a_5,e30a,Make-believe spouse replaced with alive person,"Person does not have a spouse, uses wooden fakes for his wife or her husband till alive person comes to replace it",13,False,,False,False,False,MENTION,terrestrial,rule
e31_5,e31,Pygmalion,"Man makes a wooden doll, makes believe that it is alive. Really it is not or it is half-alive. Usually a real woman takes place of a doll, marries the master",15,False,,False,False,False,MENTION,terrestrial,rule
e31a_11,e31a,Creators and rescuers of a girl,Several men take part in creation or reanimation of a girl (rare: a bird) or several women take part in the reanimation of a dead man or they differetly express their grief. It is asked whose role was crucial (who behavior more noble) and/or who should be the spouse of the reanimated person,106,False,,False,False,False,NONE,,rule
e31b_11,e31b,Rescuers of a man,Several women take part in the reanimation of a dead man. They argue whose role was crucial and/or who of them should be the spouse of the reanimated person,6,False,,False,False,False,NONE,,rule
e32_5,e32,People born from trees,"First people are born by trees or come out of a tree, flower, reed",83,False,,False,False,False,MENTION,terrestrial,rule
e33_5,e33,People from seeds,"People emerge from grains, seeds",14,False,,False,False,False,NONE,,rule
e34_5,e34,Sacred flutes from ogre’s remains,Ogre is killed. Musical instruments used in male rituals and taboo for women emerge from his remains,4,False,,False,False,False,NONE,,rule
e35_5,e35,Webbed fingers,"First people or people made by Creator's rival were imperfect, not completely anthropomorphic (often: had webbed fingers)",29,False,,False,False,False,NONE,,rule
e36_5,e36,Hard covering of the body,Human body was protected with a hard layer now preserved only on fingers and toes as nails,29,False,,False,False,False,NONE,,rule
e37_5,e37,Peoples from sticks,"Creator takes many small sticks, transforms them into people of both sexes and all ages",11,False,,False,False,False,NONE,,rule
e38a_5,e38a,Woman gives birth to many embryos,"Woman gives birth to a gourd, a bag (with eggs), a piece of meat. The flesh is cut into pieces which turn into people or many people come out of the gourd or bag",19,False,,False,False,False,NONE,,rule
e38b_5,e38b,People from gourd,"After the world cataclysm or in the beginning of times a gourd survives or appears, new people come out of it",17,False,,False,False,False,NONE,,rule
e39_5,e39,Pig ancestor,A pig is an ancestor of a particular group of people,14,False,,False,False,False,NONE,,rule
e40_5,e40,Nostrils upside,First people have noses with nostrils upside and are in trouble when it rains,3,False,,False,False,False,NONE,,rule
f1_5,f1,First woman is a transformed man,Woman or female supernatural is created by changing the sex of a man,42,False,,False,False,False,NONE,,rule
f2_5,f2,Pregnant limb,"Child is born from a tumor or swelling on person's body (on thigh, knee, finger, etc.) or is temporarily placed there or child grows from blood that flew out from a cut",89,False,,False,False,False,NONE,,rule
f4_5,f4,Child born in jug,"In the beginning of times, a particular person or children in general was or were conceived and grown up in pots, heaps of mud, etc. and not in a womb",20,False,,False,False,False,NONE,,rule
f5_5,f5,Brides for first men,Person cannot or do not want to give his daughters in marriage to all the men who claim them for wives and transforms animals into girls. (Usually in the beginning of times or after the flood many men come to marry the only daughter of God or patriarch),13,False,,False,False,False,NONE,,rule
f5a_11,f5a,Artificial bride,"Person has to give his daughter or sister in marriage. Having no woman to suggest or not wanting to give her, he makes artificial girl (of wood, snow, etc.), sends servant girl instead daughter, turns into woman himself, or recognizes his fault when he feels that it is save to do so",26,False,,False,False,False,METAMORPHOSIS,terrestrial,rule
f6_5,f6,Gouged our vagina,Woman has no vagina and it is later made by bird or animal,23,False,,False,False,False,NONE,,rule
f7_5,f7,The water-maiden,"Man takes or attempts to take a wife who is connected with the underwater world (fish, crab, snake, water animal and the like)",131,False,,False,False,False,NONE,,rule
f8_5,f8,Women and men come together,Initially women and men live apart from each other. Later they meet each other and become to live together,36,False,,False,False,False,NONE,,rule
f9_5,f9,A dangerous woman,"For different reasons, sexual contact with a woman is deadly dangerous for a man",198,False,,False,False,False,NONE,,rule
f9a_5,f9a,Vagina dentata,"There are teeth or sharp stones in vagina, vagina is a toothed mouth",105,False,,False,False,False,MENTION,terrestrial,rule
f9b_5,f9b,Piranha in vagina,Biting piranha is in woman's genitals,18,False,,False,False,False,NONE,,rule
f9c_5,f9c,Snake in vagina,"Snake or (in Polynesia: eel) is in vagina, vagina is a mouth of a snake$ or a woman with toothed vagina is associated with a snake$ or a snake crawls out of woman's mouth to bite a man during the copulation",24,False,,False,False,False,NONE,,rule
f9d_5,f9d,Scorpions in vagina,There are dangerous insects in woman's genitals,14,False,,False,False,False,NONE,,rule
f9e_5,f9e,Mice in vagina,There are small mammals with sharp teeth in woman's genitals.,8,False,,False,False,False,NONE,,rule
f9f_10,f9f,Asmodeus,"Demon (snake) regularly kills woman’s husbands during the first night, the woman herself being ignorant about the reason of their death",24,False,,False,False,False,NONE,,rule
f9f1_8,f9f1,Snake inside woman,"Poisonous snake (snakes, scorpions) comes out of the mouth of a woman {Motif F9f1 and K100c are almost identical but F9f1 links to a cluster of etiological/cosmological motifs related to the idea of a dangerous woman while K100c is related to adventures}",30,False,,False,False,False,NONE,,rule
f9f2_10,f9f2,Hood of cobra in wife’s bag,Woman’s snake paramour is killed. She puts part of his body into her bag and gets a right to kill her husband if he woulod not guess what is inside. At the last moment the husband gets to know the secret and kills the woman,2,False,,False,False,False,NONE,,rule
f9g_10,f9g,Brunhilde,A strong woman overcomes and kills suitors. Hero's helper whips and tames her. Hero marries her,43,False,,False,False,False,NONE,,rule
f10_5,f10,Teeth knocked out,"Woman has another toothed mouth (usually in vagina) or biting animals in vagina. Man inserts there a stone, bone, stick, etc. breaking or knocking out the teeth or extracting from there dangerous animals",71,False,,False,False,False,MENTION,terrestrial,rule
f11_5,f11,Biting penis,"Penis is biting, stinging, eats food",16,False,,False,False,False,NONE,,rule
f13_7,f13,Red penis of primates,Human or monkey's genitals becomes red after being injured during copulation with the girl who had toothed vagina or had not any vagina,8,False,,False,False,False,NONE,,rule
f14_5,f14,Son of a rock,Male person copulates with a rock and it gives birth to a hero,12,True,,False,False,False,MENTION,terrestrial,rule
f15_11,f15,Trickster’s penis masked as a plant,Rape of a girl is misled into sitting down on a plant which in reality is a penis,10,False,,False,False,False,NONE,,rule
f16_5,f16,Men and women: exchange of anatomical characteristics,"Initially men possessed women's biological traits and vice versa (beard, menses, breasts, bearing children)",49,False,,False,False,False,NONE,,rule
f17_5,f17,Misplaced genitalia,Women or men originally had or had to have their genitals not on the place where they are now,31,False,,False,False,False,NONE,,rule
f18a_5,f18a,Long penis after prohibited sex,"After contact with a non-human or prohibited partner (close kin, animal, spirit) man's penis becomes so long that he had to carry it in a basket, etc.",27,False,,False,False,False,NONE,,rule
f18b_5,f18b,Penis crawls to women,Man's penis is so long that he can turn it round his waist or send into a woman who is at a long distance from him,74,False,,False,False,False,NONE,,rule
f18c_11,f18c,Girls at the opposite bank,"Seeing a girl on the opposite bank of a river, person uses tricks to have sex with her: sends his long penis, a stream of his seed or some object across the river into her vagina; transforms his penis into a bridge or a dam; dives and copulates with a girl from under the water",26,False,,False,False,False,MENTION,terrestrial,rule
f18d_5,f18d,Long clitoris,Female genitals are as long as a big snake,14,False,,False,False,False,NONE,,rule
f19_5,f19,Dangerous frog paramour,"After copulation with a frog, man's penis is injured",11,False,,False,False,False,NONE,,rule
f20_5,f20,A strong embrace,Man and woman embrace each other forever or for a long time,29,False,,False,False,False,NONE,,rule
f21_5,f21,"Woman turns into a tree, penis captured","Man copulates with a woman who turns into tree or rock, his penis is captured in it",5,True,,False,False,False,METAMORPHOSIS,terrestrial,rule
f22_5,f22,Study of partner’s body,Person asks another person of the opposite sex about destination or place of her or his genitals. Usually it is made after putting questions about function of other body parts; or person tries to use for sex different parts of the partner's body or tests them before reaching the best place where the genitals should be put,43,False,,False,False,False,NONE,,rule
f23_5,f23,Origin of menses: sexual act,Women menstruate because they bled in primeval time after the first defloration,18,False,,False,False,False,NONE,,rule
f24_5,f24,Origin of menses: a bite,Women bleed because fish or snake bites them. Usually it is invisible fish inside their body,9,False,,False,False,False,NONE,,rule
f25_5,f25,Origin of menses: girl smeared with blood,Woman is smeared with blood or red paint. Since then women menstruate,26,False,,False,False,False,NONE,,rule
f26_5,f26,Origin of menses: sacred objects lost,"The transition of sacred sound instruments (bull-roarers, big trumpets, etc.) from women to men is connected with beginning of menses among the women",5,False,,False,False,False,NONE,,rule
f27_5,f27,Girls and the water spirits,For girls and young women it is dangerous to come near water. Water creatures swallow them or drag away; a girl can die or become pregnant from a spirit; she can trigger a flood (rare: other cataclysm). Water spirits can come themselves to a girl who has her periods,49,False,,False,False,False,NONE,,rule
f28a_5,f28a,Primeval penis,"There is only one monstrous penis, a husband of primeval women or the amazons, usually growing out of earth or out of water in a lake",16,False,,False,False,False,MENTION,terrestrial,rule
f28a1_8,f28a1,Jumping penis,Alive penis exists as a separate being able to move and attack people,4,False,,False,False,False,NONE,,rule
f28b_10,f28b,Penis of wax,"Certain woman masturbates with a penis made of wax, gourd, wood, radish, etc. Usually her husband or male relative smears it with chile; the woman is hurt or killed",15,False,,False,False,False,MENTION,terrestrial,rule
f28c_10,f28c,Bear penis in hands of old woman,Woman masturbates with penis of a big animal killed by her husband or grandson,12,False,,False,False,False,NONE,,rule
f28d_5,f28d,Artificial conception,Woman conceives after masturbating with an artificial penis,12,False,,False,False,False,NONE,,rule
f29_5,f29,Girl sits on the ground,"A girl or young woman who is usually occupied with domestic work (is cooking, weaving, etc.) sits on the ground and copulates with a penis-like creature that crawls from below into her vagina",26,False,,False,False,False,NONE,,rule
f29a_8,f29a,Worm killed with boiling water,"To kill snake or worm paramour of a woman or girl, person pours on it boiling water, resin or spills live coals",10,False,,False,False,False,NONE,,rule
f30_5,f30,Snake paramour,"Woman or girl takes eel, snake, lizard, or worm for paramour. People kill or badly injure the paramour, the woman and/or her progeny or the woman herself is transformed into snake",113,False,,False,False,False,NONE,,rule
f30a_5,f30a,Worm-baby,"Woman is nursing a worm, caterpillar or reptile as her baby. People kill the monster",14,False,,False,False,False,MENTION,terrestrial,rule
f31_5,f31,The broken egg,Girl or woman is imperceptibly impregnated by snake when the content of a broken egg of a snake flows into her vagina or when she touches a dead snake,16,False,,False,False,False,NONE,,rule
f32_10,f32,Tree fruits for a woman,"Baby child or children who come out of mother's womb and turn themselves into adult men or a snake who lives in her womb climb up a tree and help the woman to gather fruits, bark, edible fungi, etc. Usually the child who is a snake returns to his mother's womb and adult man turns back into a baby; or the girl's love affair with a snake is discovered when her father climbs a tree to gather fruits for her",29,False,,False,False,False,METAMORPHOSIS,terrestrial,rule
f33_5,f33,Water creature paramour,"Certain woman or a group of women take for paramour a big water animal (caiman, otter, sea-lion, whale, anaconda; rare: water bird, crab), water spirit or monster. Husbands, brothers or (adoptive) children kill or maim paramour and/or (sometimes) the woman",64,False,,False,False,False,NONE,,rule
f34_5,f34,Land animal paramour,"Certain woman or a group of women takes for a paramour a big land animal. Husbands, brothers or (adoptive) children kill or maim paramour and (sometimes) the woman",71,False,,False,False,False,NONE,,rule
f35_10,f35,Paramour mutilated,"Person (usually a woman, rarely a man) has a monster or animal paramour or married woman has human lover. Legal marriage partner or close relative kills or maims paramour and serves his or her meat to the person (usually husband or brother serves paramour's penis to his wife or sister)",95,False,,False,False,False,NONE,,rule
f36_10,f36,Sons kill paramour,The (adoptive) children or grandchildren and not person's spouse or brother kill the paramour of their (step)mother or father,39,False,,False,False,False,NONE,,rule
f37_10,f37,Gourd vessel put on the surface of water,Person knocks the gourd vessel that floats above the water to call water monster or serpent. Usually a woman calls this way her monstrous paramour,14,False,,False,False,False,NONE,,rule
f38_5,f38,Women and sacred knowledge,"Women were possessors of the sacred knowledge, sanctuaries or ritual objects which are now taboo for them or they made attempts to acquire such a knowledge or objects",59,False,,False,False,False,NONE,,rule
f39_5,f39,The epoch of women,"The women dominated over the men in the past or in a far away land, were the active part in marriage relations, practiced activities which now are reserved of the men only",62,False,,False,False,False,NONE,,rule
f40a_5,f40a,Husband of the first women,An anthropomorphic male or an androgyne is the only possessor or leader of women,36,False,,False,False,False,NONE,,rule
f40b_5,f40b,A man in a village of women,A man gets into the village of women. Usually he has to satisfy every woman against his will or every woman claims him for herself,48,False,,False,False,False,NONE,,rule
f40c_10,f40c,Patriarch kills the boys,A powerful man kills every baby boy born by his wives or by his sister,12,False,,False,False,False,NONE,,rule
f41_5,f41,The men kill the women,The men of primeval community kill the women because of their unsocial behavior,15,False,,False,False,False,NONE,,rule
f42_5,f42,The men abandon the women,The men feel themselves offended by the women and abandon them,18,False,,False,False,False,NONE,,rule
f42a_5,f42a,Men turn into birds,"Young men and boys turn into birds or bats, fly away",8,False,,False,False,False,NONE,,rule
f43_5,f43,First women disappear,The women of the ancestral community kill or abandon the men,32,False,,False,False,False,NONE,,rule
f43a_5,f43a,The women kill the men,"The women of the ancestral community kill, try to kill or transform the men",20,False,,False,False,False,NONE,,rule
f43b_5,f43b,Women disappear under the ground,"When women of the ancestral community abandon the men, they disappear in the opening that leads underground",5,False,,False,False,False,NONE,,rule
f43c_5,f43c,Bat-husbands,"Marriage partners of the primeval women, the amazons or a solitary woman are small animals (usually flying foxes)",6,False,,False,False,False,NONE,,rule
f44_5,f44,Women and men separate,The women and the men of the primeval community quarrel and abandon each other,45,False,,False,False,False,NONE,,rule
f45_5,f45,The amazons,There are (or were) women who live apart from men in their own village or villages,147,False,,False,False,False,NONE,,rule
f45a_5,f45a,Conception from wind,"Before women got know how to conceive children from men, they exposed their genitals to the wind, sun and water; the women who live alone without men conceive children this way",19,True,,False,False,True,MENTION,celestial,rule
f46_5,f46,One for all,The only existing or available woman is used sexually by many men (animal people),21,False,,False,False,False,NONE,,rule
f46a_10,f46a,Woman in a tree,Men (animal people) discover a woman in a tree and copulate with her there,8,False,,False,False,False,MENTION,terrestrial,rule
f47_5,f47,Pieces of flesh turn to persons,"The body of the of a living creature (woman or snake) is cut into pieces. Every man gets his piece, new women emerge from them",11,False,,False,False,False,NONE,,rule
f47a_5,f47a,Men use pieces of woman’s flesh,Every man uses for copulation certain part of an only woman or takes a part of her body after it was cut into pieces,8,False,,False,False,False,NONE,,rule
f48_5,f48,Why women are different,Different women are not similar physically because pieces of the first woman's flesh distributed between men were of unequal quality or because males who copulated with her had different nature,4,False,,False,False,False,NONE,,rule
f49_5,f49,The abnormal birth,Cesarean operation upon a woman at childbirth as a custom,63,False,,False,False,False,NONE,,rule
f49a_5,f49a,Animal explains how to give birth,"A small animal (mouse, rat, rabbit, opossum, a bird) explains a woman how she can deliver her child in a natural way",9,False,,False,False,False,NONE,,rule
f50_5,f50,The often-born children,Child or children come out of mother's womb and return back,34,False,,False,False,False,NONE,,rule
f51_5,f51,Clandestine lover,"Person who conceals his or her identity comes to his or her lover at night. Next time, the lover puts a mark on the stranger's face, body or clothes doing this intentionally (to recognize him or her) or by chance (that leads to the identification)",108,False,,False,False,False,NONE,,rule
f51a_5,f51a,Aggressive sister,"When incest relations with her brother come to light, the sister openly claims her brother for a husband, turns into monster, kills people",5,False,,False,False,False,NONE,,rule
f51b_10,f51b,Following thread,"To get know the nature or locality of a person, another fastens a thread to his body and follows it",13,False,,False,False,False,NONE,,rule
f52_5,f52,Pubic hair for a bird’s crest,A bird person gets his crest putting on his head a pubic hair of a woman or part of her genitals,10,False,,False,False,False,NONE,,rule
f53_5,f53,Ugly husband,An ugly man marries a girl but conceals his face. Marriage is ruined after his face is seen,19,False,,False,False,False,NONE,,rule
f53a_5,f53a,Bat or owl hides his face,A man hides his face from his wife because she does not know that he is a nocturnal being (a bat or an owl),16,False,,False,False,False,NONE,,rule
f54a_5,f54a,Imperceptible scar (husband proves to be son),"After a rather long marriage, wife discovers some minor traits in her husband guise that help her understand that he is not a proper marriage partner but her close kin (brother or son) or a transformed animal",7,False,,False,False,False,NONE,,rule
f54b_10,f54b,Traces of feathers,A youth or boy decorated with feathers and paint copulates incognito with his mother or sister. They discover his identity noticing on his body traces of feathers or paint,3,False,,False,False,False,NONE,,rule
f55_5,f55,What do you want?,"A woman cannot understand what does her partner want. She points at, names or suggests different things. At last she points at, names or exposes her genitals. This is the right answer",16,False,,False,False,False,NONE,,rule
f56_11,f56,Watching vagina triggers incest,"A man or boy thinks about incest when he gets to see his daughter(-in-law)'s, sister's, or mother(in-law)'s vagina",24,False,,False,False,False,NONE,,rule
f56a_11,f56a,Shavings into the fire,"To create opportunity to see female genitals, a man throws something combustible into the fire which makes the woman fall on her back and expose her vagina",7,False,,False,False,False,NONE,,rule
f58_11,f58,Trickster and women,A man cohabits with a group of women (or with several women in succession) concealing his identity and/or intentions. He is either eventually exposed and punished by women or escapes to continue his tricks,41,False,,False,False,False,NONE,,rule
f59_11,f59,Man to woman: modified body,"To make believe that he is a female, a trickster transforms particular objects or creatures into female body parts or into a baby child",17,False,,False,False,False,NONE,,rule
f60_11,f60,Trickster cures maiden,A girl gets sick. A man comes to cure her but only copulates with her or makes an attempt to do so,18,False,,False,False,False,NONE,,rule
f61_11,f61,Trickster rapes a woman who carries him on her back,"A man pretends to be weak, ill or injured, asks a woman to carry him on her back. When she agrees, he makes attempt to copulate with her",19,False,,False,False,False,NONE,,rule
f62_11,f62,Incognito at the dancing party,An (ostensibly) sick person remains at home when other go to the dancing party. The person comes by himself or herself looking like a handsome man or beautiful girl. The man (woman) does not recognize him (her) and suggests to make love,17,False,,False,False,False,NONE,,rule
f63_11,f63,Trickster poses as woman and marries man,"A male person turns into woman and marries a man. He is either unmasked or abandons his ""husband"" by his own will",53,False,,False,False,False,NONE,,rule
f64_11,f64,The lecherous parent,Person changes his or (rare) her guise to marry his or her close relative in descending or (rare) ascending line,69,False,,False,False,False,NONE,,rule
f64a_11,f64a,Describes future husband,"Going away or pretending to die, a person bids his or her relative to marry another person who resembles him (her) or has some special traits; or he describes a man who should be met as a dear guest; person comes himself unrecognized and is taken for one whom he had described",56,False,,False,False,False,NONE,,rule
f64b_11,f64b,Incestuous woman,"A woman pretends to be a stranger to have sexual relations with her (grand)son, daughter or brother",31,False,,False,False,False,NONE,,rule
f65_11,f65,The false burial,"To realize his or her secret desire (illicit sex, refusal to share food with relations), person pretends to die and is abandoned at a burial place",105,False,,False,False,False,NONE,,rule
f65a_10,f65a,Death feigned to meet paramour,Person pretends to die. His or her wife or husband abandons him or her on a burial place. He or she marries his or her paramour,43,False,,False,False,False,NONE,,rule
f65b_11,f65b,Death feigned to eat burial food,Man pretends to die because he does not want to share food with the others and eats it alone at his burial place,24,False,,False,False,False,NONE,,rule
f65c_11,f65c,The feigned burial: boy exposes deceit ,"A man feigns death to marry his daughter or to eat burial food. One of the younger children recognizes the (adoptive) father or gets to see that the false dead is alive (escapes from the burial pyre, laughs, etc.)",25,False,,False,False,False,NONE,,rule
f65d_11,f65d,The feigned burial: wife does not believe,"A man feigns death and is abandoned at the burial place. His wife (mother, aunt) gets to know about the deceit and provokes the man to show that he is alive",9,False,,False,False,False,NONE,,rule
f66_11,f66,The false house,"Person’s father, grandson, brother, or sister pretends to be a stranger to commit incest (accordingly with the daughter, grandmother, sister, or brother), or a husband shams to be his wife’s brother because he wants to be taken by her as her blood relative. To realize his or her stratagem, the hero imperceptibly runs to another house where the object of his or her interest later comes and takes him or her for a stranger",10,False,,False,False,False,NONE,,rule
f67_5,f67,Old woman pretends to be man,"An old woman makes herself false penis and testicles, marries or attempts to marry her (step)daughter",10,False,,False,False,False,NONE,,rule
f68_10,f68,Death feigned: woman dresses up as a man,"A woman pretends to die or really dies. Her (former) paramour comes to her grave. She revives and goes with him. Not to be recognized, she dresses up as a man",4,False,,False,False,False,NONE,,rule
f69_10,f69,Obscene invitation ,"A woman's husband or male relative asks her (grand)children to invite her to make love with him. The invitation is expressed in an allegoric form. She understands, comes to him",6,False,,False,False,False,NONE,,rule
f70_10,f70,Potiphar's wife: false accusation of sexual abuse,"Woman makes vain overtures to young man and/or falsely accuses him of sexual abuse. Her husband believes that the young man is guilty, kills or tries to kill him",78,False,,False,False,False,NONE,,rule
f70a_10,f70a,Disordered clothes as evidence against innocent man,"To accuse a man or boy of (sexual) abbuse, a woman tears her clothes, smears or scratches her body pretending to be attacked",50,False,,False,False,False,NONE,,rule
f70b_10,f70b,Revenge of a rejected woman,A woman revenges on a man who rejected her love,64,False,,False,False,False,NONE,,rule
f70c_10,f70c,The castrated youth becomes a man again,"A young man falls victim of an intrigue and is mutilated (usually castrated). His members are restored by magic, he marries happily",7,False,,False,False,False,NONE,,rule
f70d_10,f70d,A disgraced informer,A castrate or girl pretends to be a man or a cripple girl conceles her injury. Some person gets to know about it and plans to expose the deception. At the last moment the hero or heroine magically becomes a real man (gets back the lost members) and the informer is disgraced,6,False,,False,False,False,NONE,,rule
f70e_10,f70e,A girl turns into a man,"A girl poses as a man, her sex is magically transformed and the man is happily married ",35,False,,False,False,False,NONE,,rule
f70e1_10,f70e1,Daughter instead of son,An old man needs a son to accomplish a man’s work or service. (Only the youngest) daughter sets to do it (successfully passing her father’s test and) guised as a man,13,False,,False,False,False,NONE,,rule
f71_10,f71,Susan and the old men (the innocent slandered maiden),"An innocent girl or young woman rejects a man who attempts to seduce her. The man accuses her of loose conduct, ultimately the truth comes to light",67,False,,False,False,False,NONE,,rule
f72_10,f72,Imitated violence,A woman asks a man to tie her before copulation in such a way that a watcher would think she is raped,2,False,,False,False,False,NONE,,rule
f73_5,f73,The illusory wound,Person mistakes a vulva or an anus for a wound; vulva is a unhealed wound on the body of the primeval women,40,False,,False,False,False,MENTION,terrestrial,rule
f74_10,f74,Naked person shams dead,"When a person sees a dangerous enemy, he or she shams dead taking his or her clothes off, or the enemy takes off them himself. The enemy believes that it is a corpse, lets it alone",19,False,,False,False,False,NONE,,rule
f75_5,f75,A siren and a tapir,"A hunter watches tapir who calls a water woman from the river or lake and copulates with her. Hunter does the same, becomes the woman's lover",4,False,,False,False,False,MENTION,terrestrial,rule
f76_5,f76,Animals teach to make love,"People learn to copulate after they see birds, fish or animals doing it",27,False,,False,False,False,NONE,,rule
f77a_8,f77a,Penis bridge,Huge penis is used as a bridge across water body,6,False,,False,False,False,NONE,,rule
f78_5,f78,Toothed anus,Person or creature has toothed anus or second head in place of the anus,6,False,,False,False,False,NONE,,rule
f79_5,f79,Animal wives,"Person marries several non-human wives in succession, every time (besides the last one) is disappointed",12,False,,False,False,False,NONE,,rule
f80_5,f80,Primeval people have no genitals,The first men and/or women have no genitals,22,False,,False,False,False,NONE,,rule
f80a_5,f80a,Genitals apart from the body,"Genitals exist by themselves as separate beings, they can be stuck to the human body, remove, etc.",40,False,,False,False,False,NONE,,rule
f81_11,f81,Bride in a river,A man mistakes his own reflection in river for a beautiful woman and makes attempts to marry her,10,False,,False,False,False,MENTION,terrestrial,rule
f82_11,f82,Incest with mother-in-law,A man uses a trick to have opportunity to make love to his mother-in-law or woman uses a trick to make love to her son-in-law. Usually a man takes with him on a hunt not his wife but her mother,27,False,,False,False,False,NONE,,rule
f82a_11,f82a,What owl cries about,"To lure prohibited sexual partner into his or her hammock, person imitates or interpretes in a certain way voices of birds and animals",4,False,,False,False,False,NONE,,rule
f83_11,f83,News precede man,"Person commits something shameful, obscene. Presumably, nobody could see him doing it. When he asks people, ""What's the news?"", they answer that so-and-so (this person) has done such a thing",20,False,,False,False,False,NONE,,rule
f83a_11,f83a,Indecent proposal made through children,Animal person comes to children of a big predator and tells them that he will copulate with their mother (or that he will beat her),28,False,,False,False,False,NONE,,rule
f84_11,f84,Prolonged celibacy imitated,"Person has sex with the wife of his host or brother. Trying to conceal his deed, he puts ashes or juice of a fruit on his glans that has to prove his long celibacy",4,False,,False,False,False,NONE,,rule
f85_5,f85,The Moon: contra men and pro women,The Moon (female or male) is the leader of women in their struggle against the men or leads the women away from the men,5,True,,False,False,True,MENTION,celestial,rule
f86_10,f86,Signal for paramour to come out,"Person summons with a certain signal his or her sexual partner or ward who is of non-human nature. Another person spies, uses the same signal or pronounces the same words, kills those who come to him or uses them sexually himself",102,False,,False,False,False,NONE,,rule
f86a_10,f86a,An eaten up pet,"Person take care for a fish, crab or other small creature. Another person spies on him or her, kills the pet and eats it up or try to do it",11,False,,False,False,False,NONE,,rule
f87_7,f87,Transformed children of serpent’s wife,"A girl marries snake, comes with her children to visit her relation. Her close kin (father, mother, brother) tries to get know from her children how their mother calls her husband. A girl tells the secret, mother (father, etc.) of the woman calls the snake with the same signal, kills him. Seeing  her husband dead, the woman transforms her children (and herself) into birds or trees",15,False,,False,False,False,MENTION,terrestrial,rule
f88_7,f88,Odor of women,Initially women's genitals were fragrant or had no smell. Because of a bad chance they acquire unpleasant odor or do not acquire fragrant odor,18,False,,False,False,False,NONE,,rule
f89_7,f89,A smart sister,"Sister and brother live alone. The brother rejects the incest. The sister makes him take her for unknown girl, marries him",9,False,,False,False,False,NONE,,rule
f90_10,f90,A tragic incest,"Brother and sister marry each other. When their children get to know about the incest, they kill their parents, or father kills children, or parents suicide, or wife/sister suicides when her husband/brother has died",17,False,,False,False,False,NONE,,rule
f91_10,f91,A worm-breeder,A man lets his wife to be eaten up by worms. She either dies or has a narrow escape,10,False,,False,False,False,NONE,,rule
f92_11,f92,Homosexual play,A male person is tricked into being used sexually by another man,17,False,,False,False,False,NONE,,rule
f93_11,f93,The talking penis,A man's member speaks and can be silenced only by his mother-in-law,7,False,,False,False,False,MENTION,terrestrial,rule
f94_10,f94,Rival wives in the sky,"A man gets to the sky where he has a choice to marry one of two women, one of them being connected with life and another with death",8,True,,False,False,False,MENTION,celestial,rule
f95_10,f95,Wife of one of two brothers,"Two companions or brothers live together. One has a wife which he conceals. Another suspects her existence, destroys her or tries to get a wife also for himself",10,False,,False,False,False,NONE,,rule
f96_10,f96,Ugly man becomes handsome,"A girl rejects an ugly youth, men also do not like him. A powerful supernatural makes him handsome while those who were evil to him are punished",16,False,,False,False,False,NONE,,rule
f97_5,f97,The prohibited fruit: origin of sex,"After eating certain fruit, berry, tuber, etc. people become sexually aware",27,False,,False,False,False,NONE,,rule
f98_5,f98,God and a cow,Anthropomorphic god descends from the sky and copulates with a cow,6,True,,False,False,False,MENTION,celestial,rule
f99_5,f99,A baby copulates with his mother,"A baby son turns into an adult man, copulates with his mother, then acquires his baby guise",8,False,,False,False,False,NONE,,rule
f100_11,f100,Test of chastity (a queen and a servant girl) ,"A magic medicine demonstrates that the only chaste woman is a servant girl, orphan, etc. King chooses the chaste one",4,False,,False,False,False,NONE,,rule
g1_3,g1,A kidnapped child,"Valuables (earth, soil, sun, crops, fire, sacred knowledge, hunting luck) are got or returned when son or daughter is stolen from his or her parent",27,True,,False,False,True,MENTION,celestial,rule
g3_6,g3,A rock of crops,Cultivated plants or fertile soil to plant them are hidden inside a rock. Birds or Thunders get them destroying the rock,14,True,,False,False,False,MENTION,terrestrial,rule
g4_6,g4,A food mountain,Cultivated plants are found above or inside a mountain,14,True,,False,False,False,MENTION,terrestrial,rule
g5_6,g5,Food tree,Fruits and shoots of different cultivated plants grow on the branches of one tree or certain plant has a tree form that is alien to it in nature,49,False,,False,False,False,MENTION,terrestrial,rule
g6_6,g6,Primeval tree,"One of the trees is the principal, original one (emerged before all the other; ancestor of wild or cultivated plants; ocean or rivers inside it; world axis; higher than all the others; overshadows sky)",133,True,,False,False,False,MENTION,celestial,rule
g6a_3,g6a,,,8,False,,False,False,False,NONE,,rule
g7_10,g7,Blunt axes,Ancestors need to fell a gigantic tree or a vertical rock. Their axes become blunt or break and/or they are in search of a proper axe to cope with their work. Usually they are cutting the tree with different cultivated plants on its branches,17,True,,False,False,False,MENTION,terrestrial,rule
g8_10,g8,Restored tree,A deep notch in the tree (or in the sky support) is magically restored as soon as persons or creatures who cut or gnaw it stop working,110,True,,False,False,False,MENTION,celestial,rule
g8a_10,g8a,Cutting tree to make a canoe,"To make some object (usually a canoe), person cuts a tree, goes away, returns, finds the tree intact. Usually another person who was restoring the tree by magic fells it down himself and makes a canoe for the hero",20,False,,False,False,False,MENTION,terrestrial,rule
g8b_10,g8b,Cutting tree to get a person,Person hides in a tree. Somebody tries to fell it but the notch disappears and the tree becomes intact,44,False,,False,False,False,MENTION,terrestrial,rule
g8c_10,g8c,Cutting tree to get valuables,(Animal-)people try to fell a tree that contains water and fish or has cultivated plants on its branches. The notch disappears and the tree becomes intact,22,False,,False,False,False,MENTION,terrestrial,rule
g8d_3,g8d,Falling or growing up of a tree is dangerous to the world,"To save the world (gods, king, etc.) certain persons or creatures try to cut or gnaw a tree (post, mountain) or do not permit the others to do. The notch disappears and the tree (post, etc.) becomes intact",17,True,,False,False,False,MENTION,terrestrial,rule
g8e_2,g8e,Cutting the Moon tree,Person tries to cut down the tree in the Moon but the notch disappears and the tree becomes intact,7,True,,False,False,True,MENTION,celestial,rule
g8f_10,g8f,Chips destroyed,A deep notch in the tree is magically restored when persons or creatures who cut it go away to take a rest. They get to fell the tree after they begin to burn the cut off chips or to carry them far way,11,False,,False,False,False,MENTION,terrestrial,rule
g9_10,g9,Restored forest,"People break ground or fell trees. In the morning, the ground or forest are intact again",36,False,,False,False,False,MENTION,terrestrial,rule
g9a_3,g9a,Restored forest and flood,"A man fells trees to clear ground for a garden. Certain person or animal revives vegetation and after being surprised by the man, warns him about the coming flood, tells to prepare a boat",12,False,terrestrial,True,False,False,MENTION,terrestrial,rule
g10_10,g10,The hanging tree,A tree which trunk is cut through do not fall because it is hold from above,28,False,,False,False,False,MENTION,terrestrial,rule
g11_7,g11,Squirrel the woodcutter,A squirrel plays crucial role in felling the gigantic tree,20,False,,False,False,False,MENTION,terrestrial,rule
g12_3,g12,Tree is a person,A giant tree (often with water inside it or with different cultivated plants on its branches) grows out of the human body or is transformed person,4,False,,False,False,False,MENTION,terrestrial,rule
g12a_6,g12a,Plants from drops of blood,Cultivated plants emerge from drops of blood or spill from cuts on the body of a person,3,False,,False,False,False,NONE,,rule
g12b_6,g12b,Star-person gives plants,Star-person is a giver of cultivated plants,14,True,,False,False,True,MENTION,celestial,rule
g12c_6,g12c,Fox brings plants from the sky,Fox or coyote returns from the sky and disperses seeds or shoots unknown on earth before,5,True,,False,False,False,MENTION,celestial,rule
g13_6,g13,People ate rotten wood,"Before acquisition of cultivated plants people ate rotten or soft (Ceiba L., Ochroma Sw.) wood; some people eat rotten wood",17,False,,False,False,False,MENTION,terrestrial,rule
g13a_6,g13a,People ate dirt,"Before acquisition of cultivated plants people ate dirt, mud or stones",16,False,,False,False,False,MENTION,terrestrial,rule
g13b_6,g13b,People ate fungi,Before acquisition of cultivated plants people ate fungi,8,False,,False,False,False,NONE,,rule
g14_6,g14,Swallowed man returns with plants,A man is swallowed by a water monster and comes out from its belly in the land of the supernatural beings. He receives from them cultivated plants and brings them to people,3,False,,False,False,False,NONE,,rule
g15_6,g15,Plant maidens,In the other world or in the time of the ancestors food products or materials used by people looked as persons,24,False,,False,False,False,NONE,,rule
g16_6,g16,Ants find cultivated plants,Ants are the first who find cultivated plants (corn or manioc) which are concealed from the others in particular place,13,False,,False,False,False,NONE,,rule
g17_6,g17,Gift of a reptile,Serpent or alligator is the original possessor or the source of cultivated plants or wild staples,29,False,,False,False,False,NONE,,rule
g18_6,g18,Person wants to be killed,"A boy, woman or (more rare) man asks other people to abandon him or her in the forest, to burn or drag her or him on or around the future garden plot, to burn her in her house, etc. A woman usually asks to kill her when she understands that people know her way of producing food which she extracts from her own body. People fulfill person's wish and find cultivated plants on the place",26,False,,False,False,False,MENTION,terrestrial,rule
g19_6,g19,Burned men bring plants,"After a conflict in primeval community, a group of men or youths (Paresi: a boy and a girl) burned themselves in a bonfire (or leap over it, etc.). As a result, people acquire cultivated plants, especially corn",3,False,,False,False,False,NONE,,rule
g20_6,g20,Woman turns into plants,Food crops emerge from remains of a woman or girl,48,False,,False,False,False,NONE,,rule
g21_6,g21,Coconut palm from a human head,Coconut palm grows out of the human head,27,False,,False,False,False,NONE,,rule
g22_6,g22,Frog or toad and plants,Frog or toad is related to acquisition of cultivated plants,12,False,,False,False,False,NONE,,rule
g23_10,g23,Alive being turns into many objects,"Person or creature is transformed. Separate parts of its (his, her) body give origin to different objects or creatures",167,False,,False,False,False,NONE,,rule
g23a_6,g23a,Alive being turns into plants,"Person or creature is transformed. Separate parts of its (his, her) body give origin to different plants, mostly edible or cultivated",46,False,,False,False,False,NONE,,rule
g23b_5,g23b,Alive being turns into nations,Different body parts of a huge being turn into people of different ethnic affiliation or such people receive their names and characteristics according to body parts that they got,20,False,,False,False,False,NONE,,rule
g25_6,g25,Cereals spilled over the earth,"Seeds of cereals have been spilled over the earth, now people cultivate them",3,False,,False,False,False,NONE,,rule
g26_6,g26,Swallowed food: saved for people,Food products were swallowed or hidden in person's mouth. Thanks to this people got them,12,False,,False,False,False,NONE,,rule
g27_6,g27,Plants from urine,Person urinates producing the first cultivated plants,8,False,,False,False,False,NONE,,rule
g28_6,g28,The fish tree,Tree contains fish in its trunk,15,False,,False,False,False,MENTION,terrestrial,rule
g29_8,g29,Demon made of artifacts,Demonic person turns into or consists of different household objects or tools (and into elements of a landscape),20,False,,False,False,False,NONE,,rule
g30_6,g30,Chopped penis turns into plants,A cut off long penis turns into many edible plants,14,False,,False,False,False,NONE,,rule
g31_10,g31,Trees tied up with a rope,"To clear a garden plot, persons put a rope around many trees, pull it, all the trees fall",5,False,,False,False,False,MENTION,terrestrial,rule
h1a_4,h1a,The originator of death the first sufferer,"One person wants man to live forever, another wants man to be mortal. When somebody dear to the latter one dies, he or she is eager to accept the suggestion of his or her opponent but the original decision cannot be changed",47,False,,False,False,False,NONE,,rule
h1b_4,h1b,Death of a neighbor’s child,Person does something that results in originating of death because death of some alive being deer to another person is indifferent or desirable for him or her,34,False,,False,False,False,NONE,,rule
h1bb_4,h1bb,The not revived dog,"Person refuses to revive a dog which is dear to another person, and this conflict is related to the missed opportunity to revive people",4,False,,False,False,False,NONE,,rule
h1c_4,h1c,Stamped down grave,People do not come back to life (or do not come anymore to their relatives after death) when somebody buries the dead in a grave or stamps down the earth on the grave,27,False,,False,False,False,NONE,,rule
h2_4,h2,The selfish animal,"Animals ask God to make people mortal because people would be too numerous and step on the animals, deprive them of their food and habitat, or because the animals want to feast on the human corpses",22,False,,False,False,False,NONE,,rule
h3_4,h3,Sham funerals bring death,People become mortal because they imitated real funerals burying an animal,7,False,,False,False,False,NONE,,rule
h4_4,h4,The shed skin,"Those who change their skin become young again. In many cases, people are contrasted to snakes, invertebrates or some trees who shed their skin or bark and rejuvenate",117,False,,False,False,False,MENTION,terrestrial,rule
h4a_4,h4a,Process of rejuvenation is broken,People do not become young (usually do not shed their skin) anymore because certain person was bothered during rejuvenation or was not recognized by his family in his new guise,31,False,,False,False,False,NONE,,rule
h5_4,h5,People and snakes,Reptiles or invertebrates are contrasted with men as immortal with mortals and/or are responsible for originating of death; or a snake's bite inflicts the first death,125,False,,False,False,False,NONE,,rule
h6a_4,h6a,People and plants,"Mortal humans are contrasted with (almost) immortal trees that shed their bark, become green again after winter sleep or propagate by sprouts",38,False,,False,False,False,MENTION,terrestrial,rule
h6b_4,h6b,The life-medicine spilled on plants,"The life-medicine is accidentally spilled not on men but on plants which become evergreen, capable for regeneration or producing fruits",25,False,,False,False,False,NONE,,rule
h6bb_4,h6bb,The lost objects,Animal person is sent to pass to the people certain objects or substance but loses or replaces them. Because of this people miss possibility to become immortal or their life becomes difficult,23,False,,False,False,False,NONE,,rule
h6c_4,h6c,The immortal raven,Raven is contrasted with people as an immortal with mortals (usually is sent to bring water of immortality or drinks itself water of immortality),28,False,,False,False,False,NONE,,rule
h6d_4,h6d,Stolen immortality,"Person brings a remedy that gets immortality. While he is asleep, somebody else steals the remedy",7,False,,False,False,False,NONE,,rule
h7_8,h7,The personified Death,"Death (alone or with Old Age, Disease, etc.) is a particular personage not identical with the Master of the Dead. Death comes and kills people",157,False,,False,False,False,NONE,,rule
h7a_11,h7a,The Death and a doctor,"Man receives from Death (Fortune, some spirit) knowledge will the patient recover or die. He becomes a doctor and receives rich rewards. Usually he gets the ability to see Death near the bed of a patient and considering a particular place where Death stands, gets to know perspectives of recovering",56,False,,False,False,False,NONE,,rule
h7b_11,h7b,The Death in a tree,A man has a tree from which nobody can climb down without his will. He lures there Death or Devil who came after him,18,False,,False,False,False,MENTION,terrestrial,rule
h7c_11,h7c,Not finished prayer,Death promises to take a man after he has finished a prayer. The man begins to pray but does not finish his prayer and the Death cannot take him,26,False,,False,False,False,NONE,,rule
h8_4,h8,The failed test,"People lose immortality because they do not dare to touch or drink something loathsome, poisonous, hot or otherwise dangerous",17,False,,False,False,False,NONE,,rule
h9_4,h9,Strong and weak,People are mortal because they have been likened to something subject to decay and easy destruction (e.g. to the soft wood and not to the stone),50,False,,False,False,False,MENTION,terrestrial,rule
h9a_4,h9a,Who will give birth the first,"One woman is associated with stone, another with a plant. The plant-woman gives birth the first or the stone-woman do not have children at all. That's because people have their present characteristics (are mortal, capable to speak, etc.), or offsprings of the two women are different (skillful and not, etc.)",6,False,,False,False,False,MENTION,terrestrial,rule
h9b_4,h9b,Children as shoots of plants,People are likened to plants which are mortal but revive in their offsets,7,False,,False,False,False,NONE,,rule
h10_4,h10,"Stone sinks, stick floats",People are mortal because stone thrown into the water sank. They have missed a chance to be like wood or other organic matter that floated,29,False,,False,False,False,MENTION,terrestrial,rule
h11_8,h11,The call of God,People become mortal because they do not hear or answer a call of a being who promises them immortality (or do not pronounce his name) or answer a call (pronouns the name) of a being who brings death,43,False,,False,False,False,NONE,,rule
h12_8,h12,Orpheus: visit to the land of the dead,"Alive person visits the land of the dead, usually following a dead person",173,False,,False,False,False,NONE,,rule
h12a_10,h12a,Dead woman pursues her husband,"Wife dies, husband comes after her or he kills his untrue wife. The dead wife turns into monster and pursues him",5,False,,False,False,False,NONE,,rule
h12b_8,h12b,Ghosts feed on excrements,Inhabitants of the land of the dead eat excrements,8,False,,False,False,False,NONE,,rule
h13_10,h13,Dead person returns and revives,Person comes to the land of the dead and brings back somebody who has recently died. This person becomes alive and lives normal life,34,False,,False,False,False,NONE,,rule
h14_10,h14,Woman flies back to the land of the dead,A dead woman returns to earth but flies back as a bird or a fly,10,False,,False,False,False,NONE,,rule
h15_8,h15,Whisper and yawning,"If called in a loud voice, ghosts do not hear an alive person but hear whisper, yawning, etc.",12,False,,False,False,False,NONE,,rule
h16_8,h16,Rivers of tears and blood,"Rivers or lakes of tears, milk, blood, or water used for washing corpses exist in the world of the dead or separate it from our world",53,False,,False,False,False,MENTION,terrestrial,rule
h17_8,h17,Ring of defenders around chief,"Ancestors surround their (dead) chief trying to defend him or his corpse. A trickster gets to go through the ring, kills the chief or steals and devours his heart",9,False,,False,False,False,NONE,,rule
h18_7,h18,Hoarded game released,Game animals were concentrated in one single place. Certain person lets them disperse in the world,116,False,,False,False,False,NONE,,rule
h18a_11,h18a,Pup lets animals lose,"The owner of game animals conceals them underground. One of the ancestors turns into pup, is adopted by owners' children, lets the animals lose",18,False,,False,False,False,NONE,,rule
h18b_7,h18b,Cattle returns into water,"Because of a broken taboo (to look, to speak in a loud voice, etc.) domestic animals are lost (disappear in water, remain in the sky, scatter in various directions, etc.)",14,True,celestial,True,False,False,PERCEPTION,celestial,rule
h19_7,h19,Raven tries to starve people,Raven hides or scares game animals preventing hunters to kill them. People outwit him,27,False,,False,False,False,MENTION,celestial,rule
h20_7,h20,Fish disperse in the world,All the fish or (rare) shellfish) was concentrated in one place. Certain person lets it lose or puts it into the rivers or sea,57,False,,False,False,False,MENTION,terrestrial,rule
h20a_7,h20a,Mistress of fish loses it,"A woman (a girl, several women) keeps all the fish for herself. Man comes and lets fish escape into rivers or sea.",25,False,,False,False,False,MENTION,terrestrial,rule
h21_10,h21,Animals or fish kill a child,"Person possesses game animals or fish. A boy or a girl knows this secret or is used as a luring device. Another person asks or forces the boy or girl to serve him the same way or the boy himself makes an attempt to hunt or fish. As a result, the boy or girl is killed or carried away by animals or fish",16,False,,False,False,False,NONE,,rule
h21a_7,h21a,Not to kill the big fish,The owner of fish holds it in a container and regularly takes as much as he needs. Another person opens the container breaking the rules and the fish escapes,11,False,,False,False,False,NONE,,rule
h22_7,h22,Sense of smell,Big game animals obtain sense of smell and/or become to escape from hunters after a person makes them olfactory organs or lets them feel strong odor,10,False,,False,False,False,NONE,,rule
h22a_7,h22a,Animals disperse after being touched by people,"Big game animals were concentrated in one place, had no fear of people. They escape and disperse after somebody slightly strikes or stains them",9,False,,False,False,False,NONE,,rule
h23_7,h23,Fat horns,"Objects that are now stiff and inedible  (animal horns, tree fungi, heartwood) contained fat or marrow",10,False,,False,False,False,MENTION,terrestrial,rule
h24_10,h24,Container opened too early,Container with valuables or with dangerous creatures is opened (before time). Its content goes out of control or disappear,169,False,,False,False,False,NONE,,rule
h24a_2,h24a,A bag with stars,Person opens a bag with stars which ascend to sky in disorder,11,True,,False,False,False,MENTION,celestial,rule
h24b_4,h24b,Souls disappear from the opened container,"Person receives a container with the soul of a dead person and has to open it not before he gets to particular place or after particular time interval. He opens it too early, the soul fly away",19,False,,False,False,False,NONE,,rule
h24c_4,h24c,Death in container,People open container with death or disease inside and become mortal,15,False,,False,False,False,NONE,,rule
h24d_7,h24d,Still picks up what was let lose,"Animal person who let lose the content of a container entrusted to him or her (darkness, insects, reptiles, etc.) still tries to pick up what was let lose (etiology of behavior of certain animal species)",10,False,,False,False,False,NONE,,rule
h24e_7,h24e,To choose life or death,"People are suggested to choose one of two objects, associated with life and death. They choose the object with death",8,False,,False,False,False,NONE,,rule
h24f_10,h24f,Meat in a package,"Putting a lot of meat or fish in a small package, person gives it to another warning him not to open it on the way. The warning is ignored, meat or fish falls out and cannot be put back",13,False,,False,False,False,NONE,,rule
h25_4,h25,To choose life or death,"People are suggested to choose one of two objects, associated with life and death. They choose the object with death",14,False,,False,False,False,NONE,,rule
h26_8,h26,Mosquitoes had to be drowned,"The right way to dispose of container with stinging insects would be to throw it into the river or sea or bury in a far away place, but it was not done",30,False,,False,False,False,MENTION,terrestrial,rule
h27_8,h27,Mosquitoes let lose,Stinging insects (rare diseases) had been inside a container or some enclosure. They escaped to the world when the container or enclosure was foolishly opened,80,False,,False,False,False,NONE,,rule
h27a_8,h27a,A hole in the ground,During the creation of the earth Creator's antagonist demands for himself as much earth as would be enough to put his staff. He thrusts the stake into the ground (rare: pulls out a certain pole). Insects and reptiles come out of the opening and/or the antagonist falls down through it into the underworld,18,False,,False,False,False,NONE,,rule
h28_8,h28,Plagues from the body of a person or creature,"Killed and destroyed (often burned) person or creature (usually ogre, fierce animal, powerful shaman) turns into a multitude of biting insects or into other small molesting creatures",139,False,,False,False,False,NONE,,rule
h28a_8,h28a,Mosquitoes from sparks and smoke,A burned person or creature immediately turns into a multitude of mosquitoes or biting flies,30,False,,False,False,False,NONE,,rule
h29_5,h29,Origin of foreigners,"A woman is impregnated by an animal, usually by a snake. People of hostile nation originate or receive their culture from her progeny or from her paramour's relatives",26,False,,False,False,False,NONE,,rule
h30_4,h30,A wrong choice,"Seeing two women who have come together or in succession, man has to choose one of them. Usually he takes the one who is less pretty and smart or more dangerous inflicting troubles on himself and humanity",18,False,,False,False,False,NONE,,rule
h31_4,h31,Origin of death: man and celestial bodies,God summons to him man and celestial bodies and makes the man mortal and others immortal,9,False,,False,False,False,NONE,,rule
h32a_4,h32a,Superfertility lost: a maltreated wife,"Supernatural woman comes to live with humans. Thanks to that, food becomes easily available. She is maltreated, goes away, temporal superfertility is lost forever",31,False,,False,False,False,NONE,,rule
h32b_4,h32b,Superfertility lost: a maltreated child,"A small girl or boy who is a child of a deity comes to live with humans. Thanks to that, food or other resources become easily available. The child is maltreated, returns to its own world, human life becomes difficult and scanty",7,False,,False,False,False,NONE,,rule
h33_4,h33,Walking babies,Children walked or could walk from the very birth but this ability was lost or never obtained,21,False,,False,False,False,NONE,,rule
h33a_11,h33a,Babies thrown across a hedge,"A woman did not allow God to throw her baby across a hedge, roof, etc. Because of this babies lost or never got ability to walk from the very birth",8,False,,False,False,False,NONE,,rule
h34a_4,h34a,Controversy over conditions of life,Person has a series of suggestions how to make the world easy for living and free of hard work and death. His companion successively rejects them,70,False,,False,False,False,NONE,,rule
h34b_4,h34b,Rivers flow in both directions,Rivers were flowing or according to the original plan had to flow in both directions; somewhere there is a river that flows in both directions,25,False,,False,False,False,MENTION,terrestrial,rule
h34c_4,h34c,Flying rice,Rice could flow arriving by itself to the household,11,False,,False,False,False,NONE,,rule
h34d_11,h34d,Edible sky in the past,Sky or sky objects were edible or used as medicine but since the sky had separate from the earth this source of food became inaccessible. Inhabitants of the distant land where the sky and the earth come together feed on pieces of the sky,18,True,,False,False,False,MENTION,celestial,rule
h34d1_4,h34d1,,,13,False,,False,False,False,NONE,,rule
h34e_4,h34e,The edible snow,Snow was edible or something edible was falling from the sky instead of the snow,16,True,,False,False,False,MENTION,celestial,rule
h34f_4,h34f,Walking baskets,Baskets carried loads by themselves,17,False,,False,False,False,NONE,,rule
h34g_4,h34g,One grain porridge,"One cereal grain (cob, etc.) is enough to prepare a meal",34,False,,False,False,False,NONE,,rule
h34h_4,h34h,Firewood come by themselves,"Firewood, brushwood arrived to the house themselves, no work was needed to cut and carry them",9,False,,False,False,False,MENTION,terrestrial,rule
h35_4,h35,Fragile teeth,Human teeth are made of material subject to easy damage (etiology of tooth ache in most cases),24,False,,False,False,False,NONE,,rule
h36_11,h36,The muddled message,"Person is sent by god to bring instructions or certain objects but distorts, forgets or replaces them. This has fatal consequences for humans or for a certain species of animals",103,False,,False,False,False,NONE,,rule
h36a_4,h36a,Origin of death from the falsified message,"Person is sent by god to bring instructions or certain objects but distorts, forgets or replaces them. Because of this people become mortal (do not revive after death)",72,False,,False,False,False,NONE,,rule
h36b_4,h36b,Death and the chameleon,Chameleon is responsible for introduction of permanent death,32,False,,False,False,False,NONE,,rule
h36c_4,h36c,Death and the lizard,Lizard is responsible for introduction of permanent death,31,False,,False,False,False,NONE,,rule
h36d_4,h36d,Death and the hare,Hare is responsible for introduction of permanent death,8,False,,False,False,False,NONE,,rule
h36e_4,h36e,Death and the rat,Rat is responsible for introduction of permanent death,10,False,,False,False,False,NONE,,rule
h36f_4,h36f,Raven is a failed messenger,"Raven is sent to deliver important object or message. It distorts message, loses object",16,False,,False,False,False,NONE,,rule
h36ff_4,h36ff,Death and the raven,Raven is responsible for introduction of permanent death,35,False,,False,False,False,NONE,,rule
h36g_4,h36g,Muddled message: how many meals a day,God sends his messenger to tell people that they should eat only rarely (once in three days or the like). The messenger tells them that they should eat often (three times a day),13,False,,False,False,False,NONE,,rule
h36gg_4,h36gg,Death and the coyote,Coyote is responsible for introduction of permanent death,35,False,,False,False,False,NONE,,rule
h36h_4,h36h,The unhappy jump,"Some beings, frog and toad among them, have to overcome an obstacle. This is realized not the way it was planned and as a consequence, people become mortal",7,False,,False,False,False,NONE,,rule
h36hh_4,h36hh,Death and the frog,Frog or toad is responsible for introduction of permanent death,24,False,,False,False,False,NONE,,rule
h36I_4,h36I,,,15,False,,False,False,False,NONE,,rule
h36j_4,h36j,Death and the lark,Lark is responsible for introduction of permanent death,5,False,,False,False,False,NONE,,rule
h37_10,h37,Magic device lost by a failure ,"Magic object, device that makes hunting or fishing easy gets into possession of a person who is unable to operate it or abuses it. The device kills or injures the failure himself, other people and/or disappears",41,False,,False,False,False,NONE,,rule
h37a_11,h37a,Jump over brushwood kindles fire,"Person gives a trickster ability to kindle fire easily. He uses it without need, it is lost",5,False,,False,False,False,MENTION,terrestrial,rule
h37b_11,h37b,Charge of skunk used to no purpose,"Person gives a trickster his power (usually skunk gives his charge) but he squanders it all to see the effect. When a real need comes, the device does not work anymore",6,False,,False,False,False,NONE,,rule
h38_10,h38,Supernatural person comes after his property,"Supernatural person changes his guise and comes to the hero's children (more rare, to him). They hand him what he asks for and he disappears with his former property is",5,False,,False,False,False,NONE,,rule
h39_7,h39,The spilled poison,Snakes drink liquid spilled on earth and become poisonous or immortal; creatures obtain their characteristics (usually becomes poisonous) after drinking or licking a particular medicine,14,False,,False,False,False,NONE,,rule
h40_5,h40,Dog is the guard of man,Dog guards (successfully or unsuccessfully) the (still unfinished) physical body of man,45,False,,False,False,False,NONE,,rule
h41_4,h41,Death and the dog,Dog is responsible for people being mortal or imperfect. Usually the antagonist bribes dog with a warm fur and the dog lets him spoil the half-ready human figures,57,False,,False,False,False,NONE,,rule
h42_4,h42,Creator goes away for a while,"After creating the bodies of the first people or after getting a conception how to do it the Creator goes away for a while. During his absence another person, because of his or her ignorance or intentionally, spoils the creation or makes himself or herself what the Creator would make in a better way. Usually because of this people are mortal and subject to diseases",50,False,,False,False,False,NONE,,rule
h43_5,h43,"One creates the body, another the soul","One supernatural creates the body of the first people, another revives them",25,False,,False,False,False,NONE,,rule
h43a_5,h43a,Broken figure of the first man,"After making human body, creator goes away for a time. In his absence another person makes attempt to break human figure that was not yet alive",16,False,,False,False,False,NONE,,rule
h43aa_5,h43aa,Figure of the first man smeared with filth,"After making human body, creator goes away for a time. In his absence another person spits on the human figure that was not yet alive, smears it with filth, etc.",20,False,,False,False,False,NONE,,rule
h44_3,h44,Sky and Earth divide their children,"Two persons, one of whom is connected with the sky or the water and another with the earth, divide their child or people created by them. Sky or Water takes the imperishable part, and Earth, the perishable",5,True,,False,False,False,MENTION,celestial,rule
h45_4,h45,The abused bread,A woman or child demonstrate no respect for bread soiling it with excrements. For this God punishes all the humanity,43,False,,False,False,False,NONE,,rule
h46_4,h46,The dog’s part,"To punish people, God deprives them of bread but keeps a small part for a dog or other domestic animal. That’s because cereals still exist",25,False,,False,False,False,NONE,,rule
h46A_4,h46A,,,26,False,,False,False,False,NONE,,rule
h47_3,h47,Offended sky or earth,The sky (or the earth) is offended by people’s behavior in respect to it and reacts accordingly (e.g. rises higher than it was before),35,True,,False,False,False,MENTION,celestial,rule
h48_8,h48,Daughters of evil spirit,"Diseases are sisters (rare: brothers), usually children of evil spirit",18,False,,False,False,False,NONE,,rule
h49_10,h49,Pet defends master’s child,"A dog or other animal or bird kills dangerous creature who was going to attack the pet's master or his child. The master thinks that the assailant was the pet, kills it, then regrets his deed",48,False,,False,False,False,NONE,,rule
h50_3,h50,Sky god and mistress of the dead,"A couple of deities or ancestors divorces. Man remains on earth or ascends to the sky, woman becomes the mistress of the dead or of the underworld",10,True,,False,False,False,MENTION,celestial,rule
h51_7,h51,The demonic horse,A horse is associated with antagonist of the God,39,False,,False,False,False,NONE,,rule
h52_10,h52,The search of immortality,Person sets off in search of the country where there is no death. He finds it. He decides to visit his home and dies there,20,False,,False,False,False,NONE,,rule
h53_8,h53,Wolf is the master of the dead,Wolf takes part in creation and/or is a brother of the creator who wins demons of the lower world. Wolf is the first person who died and/or becomes the master of the dead,14,False,,False,False,False,NONE,,rule
h54_8,h54,The eyelids of Viy,"Eyelids or eyebrows of personage hang long down over his eyes. To make him see, eyelids should be propped up with poles, folks, etc.",14,False,,False,False,False,NONE,,rule
h55_8,h55,Sinners in other world,Person who visits the other world gets to see different people punished or rewarded according to their behavior when they were alive on earth,38,False,,False,False,False,NONE,,rule
h55a_10,h55a,A married couple under one blanket,Person gets to see husband and wife who pull their blanket from each other or have not enough space for two on their bed,4,False,,False,False,False,NONE,,rule
h56_4,h56,The prohibited fruit (origin of death),"After eating certain fruit, berry, tuber, etc. people become mortal (cf. motif F97: people become sexually aware)",17,False,,False,False,False,NONE,,rule
i1_3,i1,The thunderbirds,"Creatures that produce rain and/or thunderstorms are birds or anthropomorphic beings with wings; or (rare) some or all birds are connected with thunder, lightning or rain though Thunder is not a bird",166,False,,False,False,False,NONE,,rule
i2_3,i2,Lightning from eyes,Lightning emerges from eyes or mouth of the being who is thought to produce thunderstorms,56,False,,False,False,False,NONE,,rule
i3_3,i3,Weapons of Thunder,"The lightning (and thunder) is (produced with) an object (axe, sword, mirror, belt, stones, skin, etc.) in hands of anthropomorphic being",164,False,,False,False,False,MENTION,terrestrial,rule
i4a_10,i4a,Thunder in trouble: falls to earth,"Thunder falls to earth, cannot return to the sky. Usually a human person helps him to do it",26,True,,False,False,False,METAMORPHOSIS,celestial,rule
i4b_10,i4b,Thunder in trouble: fights with his enemy,A man helps Thunder who fights with his enemy,21,False,,False,False,False,NONE,,rule
i4c_10,i4c,The imprisoned Thunder,Thunder-god is temporarily overcome and imprisoned by his ebemy,3,False,,False,False,False,NONE,,rule
i4d_10,i4d,Thunder’s instrument stolen,"Thunder’s instrument is stolen from him. He or his helper comes unrecognized to the thief, gets his instrument and kills the enemies",13,False,,False,False,False,NONE,,rule
i5_3,i5,Thunder is an animal,"Thunder looks like a quadruped mammal (pig, buffalo, camel, anteater, tapir, dog, cat, leopard, monkey, etc.)",41,False,,False,False,False,NONE,,rule
i5a_3,i5a,Thunderous tapir,"Tapir is associated with the upper world, usually with the thunder",6,False,,False,False,False,NONE,,rule
i6_3,i6,Weather birds,"A man gets to the nest of giant birds. When the birds come, they bring with them clouds, rain, hail, etc. Usually, nestlings tell the man what kind of weather their father or mother brings",39,False,,False,False,False,MENTION,terrestrial,rule
i6a_3,i6a,Male and female birds: different kinds of precipitation,"The male and the female birds bring with them different kinds of precipitations (e.g. the male comes with a hail, the female with a rain)",28,False,,False,False,False,NONE,,rule
i7_3,i7,The cloud serpent,"A flying reptile produces rain, thunderstorm",70,False,,False,False,False,MENTION,terrestrial,rule
i7a_3,i7a,The lightning- serpent,The lightning is associated with a snake,9,False,,False,False,False,NONE,,rule
i8c_3,i8c,The suspended earth,The earth does not fall down or swing because it is suspended to ropes,27,False,,False,False,False,NONE,,rule
i8e_3,i8e,Four supports of the world,"The sky or the earth rests upon four or five (cardinal points and the center) supports of any kind (poles, mountains, giants)",99,True,,False,False,False,MENTION,celestial,rule
i8f_3,i8f,One support of the world,Only one pole or mountain supports the earth or the sky,65,True,,False,False,False,MENTION,celestial,rule
i8g_3,i8g,Atlas,One giant supports the earth or the sky,64,True,,False,False,False,MENTION,celestial,rule
i8h_3,i8h,A man and a woman hold the earth,"Two anthropomorphic beings, a male and a female, are in the underworld and support the earth",5,False,,False,False,False,NONE,,rule
i8i_3,i8i,Original earth unstable,"Originally the earth was unstable and swung, then it was fixed up",35,False,,False,False,False,NONE,,rule
i9_3,i9,Colors of the cardinal directions,Four cardinal directions and/or some objects associated with them are associated with different colors,81,False,,False,False,False,NONE,,rule
i10a_3,i10a,Colored layers of the sky,Different sky levels or different categories of clouds have different colors,15,True,,False,False,False,MENTION,celestial,rule
i10b_3,i10b,Colored layers of the earth,Particular layers or categories of the earth have different colors,8,False,,False,False,False,NONE,,rule
i11_3,i11,Cosmic turtle or toad,"A turtle, toad, or frog supports the earth or is its embodiment",59,False,,False,False,False,NONE,,rule
i12_3,i12,The world axis,A tree or post pierces and unites different layers of the universe,41,False,,False,False,False,MENTION,terrestrial,rule
i13a_8,i13a,The horned serpent,Giant water-chthonic or sky serpent or dragon has horns or antlers on its head,124,True,,False,False,False,MENTION,celestial,rule
i13b_8,i13b,A horned snake,Snake of natural size has horns on its head,26,False,,False,False,False,NONE,,rule
i13c_8,i13c,Snake’s crown,"Reptiles possess treasure with magic properties. Person gets or tries to get it. Usually it is a crown, jewel or small horns on the snake's head",41,False,,False,False,False,NONE,,rule
i14_8,i14,No-anus people,Person or creature has no anus opening,101,False,,False,False,False,NONE,,rule
i14a_8,i14a,Eject digested food through the mouth,No-anus people eject digested food through the mouth or other orifice,21,False,,False,False,False,NONE,,rule
i15_8,i15,No-mouth people,Anthropomorphic beings have no mouths,35,False,,False,False,False,NONE,,rule
i15a_5,i15a,A vertical cut,Mouth of human being was first cut vertically,3,False,,False,False,False,NONE,,rule
i16_5,i16,Body anomalies of the first people,"First human beings have no mouth, anus or genitals, their women do not know how to give birth",51,False,,False,False,False,NONE,,rule
i17_8,i17,Body anomalies of inhabitants of a distant land,"A race of anthropomorphic beings without mouth, anus, genitals, whose women do not know how to give birth lives in the underworld, in the sky, in a far-away land",94,True,,False,False,False,MENTION,celestial,rule
i18_10,i18,A spouse or husband without anus or mouth,Person visits people who have no anus or mouth. He or his sister marries or tries to marry a local dweller,24,False,,False,False,False,NONE,,rule
i19_8,i19,People inhale the odor of food,Anthropomorphic beings satisfy their hunger cooking food and inhaling the odor,53,False,,False,False,False,NONE,,rule
i20_8,i20,The underworld dworfs,Race of dwarfs lives in the underworld,48,False,,False,False,False,NONE,,rule
i20a_8,i20a,The sky giants,Anthropomorphic inhabitants of the upper world are giants,8,False,,False,False,False,MENTION,celestial,rule
i20b_8,i20b,Belt on armpits,People in the upper world are different than on earth and put their belts not on the waist but higher or below it,4,False,,False,False,False,NONE,,rule
i21_8,i21,Red-haired people scorched by the sun,"People who live in the underworld, at the sunrise or sunset (often dwarfs) are scorched by the Sun which moves by at a short distance from them. They are red-haired, dark-skinned, etc.",21,True,,False,False,True,MENTION,celestial,rule
i22_8,i22,Symplegades (obstacle opens and closes),"Souls on their way to the land of the dead, heroes or shamans have to go between moving rocks, trees, river banks, etc. which are incessantly meeting and parting",166,False,,False,False,False,MENTION,terrestrial,rule
i22a_3,i22a,Rising and falling sky,The sky is constantly moving up and down in respect to earth,42,True,,False,False,False,MENTION,celestial,rule
i22b_3,i22b,Birds fly to the outer world,Migratory birds fly from our world to the outer world under the edge of the sky which is rising and falling or through a narrow opening. Many birds perish. Eventual details: person who lives at this place feeds on these birds; it can be mistress of birds lives on another side of the pulsating obstacle,23,True,,False,False,False,MENTION,celestial,rule
i23_3,i23,Snapping door,The door of a house is opening and closing by itself crashing persons who attempt to come in or out,19,False,,False,False,False,NONE,,rule
i24_3,i24,A snake bridge,"Snake, lizard or worm is a bridge or a rope over the river",29,False,,False,False,False,MENTION,terrestrial,rule
i25_10,i25,The bribed guards,"Way to the place of a certain person is guided by dangerous creatures (which often stand on the both sides of the pathway). Person placates them by gifts or nice talk, and they let him or her go the both ways, sometimes being punished for this by their master",84,False,,False,False,False,NONE,,rule
i25a_10,i25a,Bones to cows,Person sees that food put for certain animals is inedible for them and corrects situation (usually gives to herbivorous animals food that was given before to predators and vice versa),36,False,,False,False,False,NONE,,rule
i26_8,i26,Dangers on the way of souls,"On its way to the Beyond, a soul has to defend itself or divert attention of guards who wait for it giving presents to them",14,False,,False,False,False,NONE,,rule
i27_8,i27,Chthonic canine,"A dog is the lord, guard or guide of/to the land of the dead; or dogs live on the way to the land of the dead",92,False,,False,False,False,NONE,,rule
i27a_8,i27a,Towns and paths of dogs,Souls of the dead dogs have their own towns in the Beyond or their own paths to travel there,20,False,,False,False,False,NONE,,rule
i27b_8,i27b,Dog as a ferryman,A dog ferries person across a river that forms a border between the worlds,16,False,,False,False,False,MENTION,terrestrial,rule
i27c_8,i27c,The four-eyed dog,Dogs having spots over the eyes are called the four-eyed and believed to have special properties (e.g. to see ghosts),18,True,,False,False,False,NONE,,rule
i28_3,i28,Animals in the underworld,"Game animals live inside a mountain, in a cave or in the underworld where they often look like humans and have a master",126,True,terrestrial,True,False,False,PERCEPTION,terrestrial,rule
i28a_3,i28a,Animals produce earthquakes,Big game animals disappear under the earth and produce earthquakes,3,False,,False,False,False,NONE,,rule
i29_8,i29,Armadillo’s hole leads to the underworld,Person crawls after an armadillo into its hole and gets into the underworld or digs a hole and gets into the world of the armadillos,12,False,,False,False,False,NONE,,rule
i30_8,i30,Master of the dead welcomes women,Master or mistress of the realm of the dead copulates with every new human soul of the opposite sex who arrives to his or her realm,10,False,,False,False,False,MENTION,terrestrial,rule
i31_8,i31,Master and mistress of the dead,"In the Beyond, every soul is treated by the mythological characters of the opposite sex",13,False,,False,False,False,MENTION,terrestrial,rule
i32_5,i32,Tree of the babies,"There is (or was) a tree on which souls of still unborn babies grow, which leaves transform into people, or which trunk is covered with female breasts or flowers that innumerable babies are sucking",34,False,,False,False,False,MENTION,terrestrial,rule
i32a_5,i32a,Tree of human life,"When a leave or a fruit of a certain tree drops, one of the people on the earth dies",14,False,,False,False,False,MENTION,terrestrial,rule
i33_8,i33,Tree of the dead,The ultimate aim of the afterlife journey is to reach certain tree,24,False,,False,False,False,MENTION,terrestrial,rule
i34_8,i34,The dangerous tree,"It is necessary to approach a tree which is surrounded with fire, ejects fire, shoots sharp splints, etc.",8,False,,False,False,False,MENTION,terrestrial,rule
i35_3,i35,Dragging a hide produces thunder,Thunder is produced by dragging behind a dry animal skin or (rare) a person (rare) or by shaking clothes,26,False,,False,False,False,NONE,,rule
i35a_3,i35a,Old woman’s thunder,Thunder is produced by an old woman who lives in the sky,9,True,,False,False,False,MENTION,celestial,rule
i35a1_3,i35a1,Challenge to Thunder-god,Person pretends to be the sky-god imitating rain and thunderstorm,6,True,,False,False,False,MENTION,celestial,rule
i35b_3,i35b,,,7,False,,False,False,False,NONE,,rule
i36_3,i36,Thunder and lightning are two siblings,"Two siblings turn into thunder and lightning or into two thunders or one turns into thunder, another into an animal",25,False,,False,False,False,NONE,,rule
i37d_7,i37d,Mushrooms are excrements,Mushrooms are excrements of mythological person,4,False,,False,False,False,NONE,,rule
i37e_8,i37e,"Fungi are steps, platforms, obstacles","Tree fungi are steps, small platforms, umbrellas, obstacles that make moving easier or more difficult, provide a shelter or cover",3,False,,False,False,False,MENTION,terrestrial,rule
i37f_7,i37f,Fungi are ears,Fungi or mushrooms are named “ears”,25,False,,False,False,False,NONE,,rule
i37g_7,i37g,Fungi shout,Tree fungi shout like persons,8,False,,False,False,False,MENTION,terrestrial,rule
i38_8,i38,The dog-heads,Some beings are half-men and half-dogs (usually anthropomorphic with heads of dogs),46,False,,False,False,False,NONE,,rule
i38a_8,i38a,The dog-husbands,Dogs or dog-headed men are husbands of human women,14,False,,False,False,False,NONE,,rule
i39_3,i39,Rainbow road or bridge,Rainbow is a road or bridge by which some ascend to the sky or descend from it,92,True,,False,False,True,MENTION,celestial,rule
i40_3,i40,Rainbow bow,Rainbow is a bow,88,True,,False,False,True,MENTION,celestial,rule
i41_3,i41,Rainbow serpent,"Rainbow is a reptile (usually a snake) or (more rare) a fish, or it is related to snake, to its tongue, breath, or to scorpion's tail",178,True,,False,False,True,MENTION,celestial,rule
i41a_3,i41a,Rainbow from an anthill,Rainbow rises from an anthill,11,True,,False,False,True,MENTION,celestial,rule
i42_3,i42,Rainbow is a pair of creatures,"Rainbow is two creatures or persons, usually a male and a female",39,True,,False,False,True,MENTION,celestial,rule
i43a_3,i43a,The celestial monster,"Giant reptilian monster (serpent, more rare fish, chain of fish) extends in the sky and/or supports the sky being associated with Milky Way or the rainbow",43,True,,False,False,True,MENTION,celestial,rule
i43b_3,i43b,Milky Way is a serpent or fish,"Milky Way is a reptile, fish, or chain of fish",38,False,,False,False,True,MENTION,celestial,rule
i44_3,i44,Chthonic serpent,Giant serpent lies on the perimeter of the earth or supports the earth,44,False,,False,False,False,NONE,,rule
i45a_8,i45a,Not to point at the Moon or a star,Person who points at the Moon or a star or looks intently at them will get sick or die or his pointing finger will rot or wither,36,True,,False,False,True,MENTION,celestial,rule
i45b_8,i45b,Not to point at the rainbow,"It to point at the rainbow, pointing finger or entire arm will rot, wither or become crooked",90,True,,False,False,True,MENTION,celestial,rule
i45c_8,i45c,Not to count stars,Person who counts stars will suffer diseases and misfortunes,19,False,,False,False,False,MENTION,celestial,rule
i46_3,i46,Rainbow belt,"Rainbow is the ornamented part of the clothes, its decoration, a belt",76,True,,False,False,True,MENTION,celestial,rule
i46a_3,i46a,Old woman’s rainbow,Rainbow is associated with an old woman,29,True,,False,False,True,MENTION,celestial,rule
i46b_7,i46b,Rainbow predicts future harvest,Intensity of particular colors of rainbow predicts good or bad harvest of particular crops,9,True,,False,False,True,MENTION,celestial,rule
i46c_3,i46c,Rainbow rope,Rainbow is a rope to which a domestic animal is tied,6,True,,False,False,True,MENTION,celestial,rule
i46d_3,i46d,Rainbow snare,"Rainbow is a snare, a noose",5,True,,False,False,True,MENTION,celestial,rule
i47_3,i47,Rainbow is filth,"Rainbow is a flatulence of a demon, a spray of a skunk, is associated with spit, urine, feces, genitals, etc., causes skin diseases",36,True,,False,False,True,MENTION,celestial,rule
i47a_3,i47a,Rainbow is fox’s wedding,Rainbow is associated with a wedding of foxes or jackals,5,True,,False,False,True,MENTION,celestial,rule
i48_3,i48,Confined to the underworld,"Certain person loses his or her freedom, is confined to a far away place (often, to the underworld) and acquires cosmic dimensions: supports the earth or the sky and/or his or her movements produce earthquakes or (rare) storms",38,True,,False,False,False,MENTION,celestial,rule
i49_3,i49,The running earthquake,"Earthquake is a person. Whenever he or she runs or walks, the earth trembles",16,False,,False,False,False,NONE,,rule
i50_8,i50,Animal with more than four legs,"An animal (a horse, an elk, a moose, a bear) with six, eight or ten legs is described or represented in art",42,False,,False,False,False,NONE,,rule
i50a_10,i50a,Torn off legs,A demon tears off or devours one by one legs of a riding animal of the hero,29,False,,False,False,False,NONE,,rule
i51a_3,i51a,Bull the earth-holder,Big mammal supports the earth,79,False,,False,False,False,NONE,,rule
i51b_3,i51b,The earth is an animal,The earth or the sky are identified with a big quadruped mammal or are made of parts of its body,23,True,,False,False,False,MENTION,celestial,rule
i52_3,i52,Fish the earth-holder,World is supported by fish or fish-like monster or the earth itself is such a monster,67,False,,False,False,False,NONE,,rule
i53_3,i53,Insect bothers the world-supporting being,The animal or the fish which supports the earth is bothered by an insect. The animal moves and the earth trembles.,18,False,,False,False,False,NONE,,rule
i54_8,i54,Water creature full of fish,Anaconda or a water monster has live fish or animals inside; is father of the fish; all fish emerge from its body,17,False,,False,False,False,NONE,,rule
i55_2,i55,Stars are openings,Stars are openings in the firmament; holes in dwelling's covering are thought to be stars,47,False,,False,False,False,MENTION,celestial,rule
i56_8,i56,Ghosts do not see people from earth,Person who gets into another world is invisible for its inhabitants and his touch makes local person ill,26,False,,False,False,False,NONE,,rule
i57_3,i57,Thunder pursues his enemy,"Thunder's enemies are evil spirits, reptiles, animals living in burrows. They hide from him in different objects, Thunder destroys these objects",61,False,,False,False,False,NONE,,rule
i58_2,i58,Milky Way is the way of birds,Milky Way is the path of migratory birds (especially wild geese),31,False,,False,False,True,MENTION,celestial,rule
i59_2,i59,Milky Way is spilled straw,"Milky Way is a trace of people who spilled on their way something related to agriculture (straw, chaff, hay, more rare flour, peas)",44,False,,False,False,True,MENTION,celestial,rule
i59a_2,i59a,,,33,False,,False,False,False,NONE,,rule
i59b1_2,i59b1,,,15,False,,False,False,False,NONE,,rule
i59b2_2,i59b2,,,6,False,,False,False,False,NONE,,rule
i60_2,i60,Milky Way is a seam in the sky,"Milky Way is a sky seam, a concealed fissure or crack between two half of the sky vault",10,True,celestial,True,False,True,PERCEPTION,celestial,rule
i60a_2,i60a,Milky Way is a stripe on belly,"Milky Way is a longitudinal streak, associated with a white line, stripe along the middle of a belly of an animal",5,False,,False,False,True,MENTION,celestial,rule
i61_2,i61,Milk on the Milky Way,Milky Way is a trace of spilled milk,14,False,,False,False,True,MENTION,celestial,rule
i62_2,i62,Milky Way is a river,"Milky Way is a sky river, water body, chain of beings that swim",92,True,,False,False,True,MENTION,celestial,rule
i63_2,i63,Milky Way is a path of tapir,"Milky Way is a path of tapir, or tapir is seen in the Milky Way",15,False,celestial,True,True,True,PERCEPTION,celestial,rule
i64a_2,i64a,Race along Milky Way,Milky Way is a trace of two (rare: more) animals that were running a race,10,False,,False,False,True,MENTION,celestial,rule
i65_2,i65,Milky Way of the dead,Milky Way is the path over which souls travel to the beyond or a path of the funeral procession,89,False,,False,False,True,MENTION,celestial,rule
i66_2,i66,Ashes on Milky Way,Milky Way is ashes or smoldering coals,21,False,,False,False,True,MENTION,celestial,rule
i67_2,i67,Rhea and Milky Way,Milky Way is a giant rhea,8,False,,False,False,True,MENTION,celestial,rule
i68_8,i68,Opening of the sky,"On a certain day, the sky vault opens and the interior of the sky is seen; usually any wish expressed at this moment will be fulfilled",42,True,,False,False,False,MENTION,celestial,rule
i69_2,i69,Star dung,Shining sky objects or atmospheric phenomena are excrements of sky dwellers,43,True,,False,False,True,MENTION,celestial,rule
i70_8,i70,Water reptile on plants on its back,Trees or reeds grow on the back of a monstrous reptile,6,False,,False,False,False,MENTION,terrestrial,rule
i71_2,i71,Stars are plants,Stars are plants or roots of the plants which grow in the upper world,9,False,,False,False,False,MENTION,celestial,rule
i72_2,i72,Stars are people,"Stars are people, ghosts, anthropomorphic beings (interpretations of unique star objects like Venus or Polaris as persons not considered)",245,True,celestial,True,True,True,PERCEPTION,celestial,rule
i73_2,i73,Stars are sparks,Stars (rare: suns and moons) are sparks or burning coals,14,False,,False,False,False,MENTION,celestial,rule
i74_2,i74,Stars are stones,"Stars are shining stones, spangles",20,False,,False,False,False,MENTION,celestial,rule
i74a_2,i74a,Stars are fire-flies,"Stars are fire-flies, glow-worms",6,False,,False,False,False,MENTION,celestial,rule
i75_3,i75,World ages,"Before present world, several (three or more) other worlds or races of people existed",29,False,,False,False,False,NONE,,rule
i76a_8,i76a,Snake turns into dragon,After certain time a snake or fish turn into a dragon,23,False,,False,False,False,NONE,,rule
i76b_8,i76b,Mouse turns into bat,After certain time a mouse turns into a bat,5,False,,False,False,False,NONE,,rule
i77_3,i77,The lame thunder,Powerful person connected with thunder and rain is lame (usually after falling down from the sky),8,True,,False,False,False,MENTION,celestial,rule
i78_3,i78,The square earth,"The earth is square, the sky is usually round",40,True,,False,False,False,MENTION,celestial,rule
i80_10,i80,Thunder’s apprentice,"Person gets to the house of Thunder, becomes his servant and breaking certain taboo or instructions, produces extensive thunderstorm or rain",26,False,,False,False,False,NONE,,rule
i80a_3,i80a,The youngest Thunder,Man meets Thunders and becomes one of them,10,False,,False,False,False,NONE,,rule
i81_3,i81,Waters rush down into the underworld,Waters of all rivers on earth run to the precipice where they rush down into the underworld,19,False,,False,False,False,MENTION,terrestrial,rule
i81a_3,i81a,The chthonic crab,"A giant crab produces earthquakes or floods, stops or can stop flow of the waters into the chasm",15,False,,False,False,False,NONE,,rule
i81b_3,i81b,Haribda (the origin of tides),It is tide when a creature belches out the sea water or ousts it with its body and it is ebb when it swallows the water or lets it go back,13,False,,False,False,False,NONE,,rule
i82a_2,i82a,Venus is male,Morning and/or Evening Star is a male personage,129,True,,False,False,True,MENTION,celestial,rule
i82b_2,i82b,Venus is female,Morning and/or Evening Star is a female personage,147,True,,False,False,True,MENTION,celestial,rule
i82c_2,i82c,Venus is the Moon’s wife,Venus or some other bright star seen near the eastern or western horizon is female and wife of the Moon,56,True,,False,False,True,MENTION,celestial,rule
i82d_2,i82d,Morning and Evening stars are a man and a woman,Morning and Evening stars are opposed as a man and a woman or vice versa,19,False,celestial,True,False,False,PERCEPTION,celestial,rule
i82e_2,i82e,Star who sold her mother,It is told about Venus or other star that she sold her mother or father to have a beautiful attire,3,True,,False,False,True,MENTION,celestial,rule
i82f_2,i82f,,,9,False,,False,False,False,NONE,,rule
i82g_2,i82g,,,16,False,,False,False,False,NONE,,rule
i82h_12,i82h,,,37,False,,False,False,False,NONE,,rule
i83_3,i83,The sky of vultures,"Birds, first of all vultures and eagles, live in the sky, usually at one or more layers of the upper world",55,True,,False,False,False,MENTION,celestial,rule
i84_2,i84,Milky Way is a snow-shoes track,Milky Way is a path of a person who was walking on snow-shoes,24,False,,False,False,True,MENTION,celestial,rule
i84a_10,i84a,Son of God frozen to death,In winter time despite warning son of the sky deity sets off (usually on his snow-shoes) and is frozen to death,6,True,,False,False,False,MENTION,celestial,rule
i85_2,i85,"Polaris is a pole, a nail",Polaris is a (tethering) pole or a nail,49,False,,False,False,False,NONE,,rule
i85a_2,i85a,Horses around Polaris,Hoofed animals are walking around Polaris,16,False,,False,False,False,NONE,,rule
i85a1_2,i85a1,,,6,False,,False,False,False,NONE,,rule
i85b_2,i85b,Polaris is a man,Polaris is a man,23,False,,False,False,False,NONE,,rule
i85c_3,i85c,Vessels with weather,"Person gets to the sky and finds there several vessels with different kinds of weather, precipitations, times of the year and the like",4,True,,False,False,False,MENTION,celestial,rule
i86_7,i86,"Hairs into animals, scales into fish","Master of living beings sends down, hairs, scales, etc. which turn into birds, animals, fish",13,False,,False,False,False,NONE,,rule
i86a_3,i86a,Down turns into snow,Snow is created from bird's down when certain bird in the sky shakes itself or certain person shakes his or her clothes made of bird down,12,True,,False,False,False,METAMORPHOSIS,celestial,rule
i87_8,i87,Skull as a cave,"Personages use a shelter which proves to be an object related to the world of the giants (a skull, a shoulder-blade, a mitten)",14,False,,False,False,False,MENTION,terrestrial,rule
i87a_8,i87a,Series of creatures ever greater in size,Personage of gigantic dimensions in respect to normal humans and animals proves to be tiny dwarf in respect to another personage,33,False,,False,False,False,NONE,,rule
i87a1_8,i87a1,Small or big? A dialogue,Two persons engaged into dialogue describe a series of objects and creatures as simultaneously giant and small,10,False,,False,False,False,NONE,,rule
i87a2_10,i87a2,What is Two?,"Antagonist names numbers from one to seven or nine, every time asking what it is. The hero gives answers that the antagonist accepts as correct ones.",33,False,,False,False,False,NONE,,rule
i87aa_8,i87aa,The long bull,"A bull or a horse of a huge length is described (the head in one field, the tail in another; person who is near the head walks a long time till he meets a one neat the tail)",20,False,,False,False,False,NONE,,rule
i87ab_10,i87ab,Only child was able to pick it up,Strong men or a lot of people cannot move the corpse of a killed person or creature but a child or a woman does it easily,12,False,,False,False,False,NONE,,rule
i87b_10,i87b,Boaster in search of a rival,"Person boasts how strong he is. His wife tells him that he is not the only strong man. He sets off, meets a person who is much stronger than him",20,False,,False,False,False,NONE,,rule
i87c_11,i87c,The hut in a mitten,"Animals use for a shelter an object like a mitten, skull, etc. that belongs to the world of the people",9,False,,False,False,False,NONE,,rule
i88_8,i88,Animal with many tails,There is a zoomorphic being with many tails,21,False,,False,False,False,NONE,,rule
i89_2,i89,The lost caravan,"At night travelers mistake some bright star for Morning Star, set off, take a wrong direction, perish or get into trouble",20,True,,False,False,True,MENTION,celestial,rule
i91_3,i91,Water body a the base of a tree,There is a source or body of water at the base of a tree which connects layers of the universe and/or has gigantic dimensions and considered to be the main tree of the world,14,False,,False,False,False,MENTION,terrestrial,rule
i92_8,i92,Rainbow transforms sex,"Person who gets to walk under, over or through the rainbow changes his or her sex",25,True,,False,False,True,MENTION,celestial,rule
i93_2,i93,Milky Way is the backbone,Milky Way is the backbone of the sky or of all the world,18,True,,False,False,True,MENTION,celestial,rule
i94_2,i94,The Pleiades are openings,The Pleiades are holes in the firmament,32,False,,False,False,False,MENTION,celestial,rule
i95_2,i95,The Pleiades are a sieve for grain,The Pleiades are a sieve to process agricultural products,24,False,celestial,True,False,False,MENTION,celestial,rule
i95a_2,i95a,Orion is a balance,"Orion is a balance, scales",14,False,,False,False,True,MENTION,celestial,rule
i95b_2,i95b,Orion is a shoulder-yoke,Orion is a shoulder-yoke,11,False,,False,False,True,MENTION,celestial,rule
i95c_2,i95c,Orion is a staff,"Orion is a staff, a crook",19,False,,False,False,True,MENTION,celestial,rule
i96_3,i96,Bloody rainbow,"Rainbow is blood, associated with war and death",18,True,,False,False,True,MENTION,celestial,rule
i97_3,i97,Rainbow horse,,17,False,,False,False,True,MENTION,celestial,rule
i98a_2,i98a,The Pleiades are a hen with its chickens,"The Pleiades are a brooding hen, hen with its chickens, chickens",48,False,celestial,True,False,False,MENTION,celestial,rule
i98b_2,i98b,The Pleiades are a duck’s nest,"The Pleiades are wild ducks, a nest or eggs of a wild duck",8,False,celestial,True,False,False,MENTION,celestial,rule
i99_2,i99,The Pleiades are boys or men,"The Pleiades are a group of boys or men, or a group of different people but predominantly males",88,False,celestial,True,False,False,MENTION,celestial,rule
i100_2,i100,The Pleiades are girls,The Pleiades are a group of girls or women (with children),76,False,celestial,True,False,False,MENTION,celestial,rule
i100a_2,i100a,The Pleiades are mother with children,The Pleiades are a woman with her children,24,False,celestial,True,False,False,PERCEPTION,celestial,rule
i100b_2,i100b,The Pleiades are a group of people,"The Pleiades are any people (of any ages and sex, combined data of i99-i100a)",162,False,celestial,True,False,False,MENTION,celestial,rule
i100c_2,i100c,The Pleiades and a cuckoo,"God transformed man into a cuckoo, his wife and children into the Pleiades",4,False,,False,False,False,MENTION,celestial,rule
i100d_2,i100d,Stars and kids,The Pleiades or stars in general are associated with kids or lambs,4,False,,False,False,False,MENTION,celestial,rule
i101_2,i101,"Big Dipper is poles, a nailed skin","Several bright stars of Big Dipper or other constellation are poles which support or stretch an object like skin, shelter, etc.",17,True,,False,False,True,MENTION,celestial,rule
i102_2,i102,Milky Way is a tree,Milky Way is a tree or a trace of a tree,9,False,,False,False,True,MENTION,celestial,rule
i103_2,i103,The dog star,Sirius is associated with a dog or a wolf,28,False,,False,False,True,MENTION,celestial,rule
i104_2,i104,Stars are moon’s fragments,"Stars are fragments of broken Moon or (rare) Sun; or stars, the sun and the moon are formed from one and the same primeval person or creature",35,True,,False,False,True,MENTION,celestial,rule
i105_2,i105,The celestial hand,One of constellations represents a hand with fingers,18,False,,False,False,False,MENTION,celestial,rule
i106_2,i106,Ursa major is a person,"Ursa major is only one anthropomorphic being, not several persons",20,False,,False,False,True,MENTION,celestial,rule
i107_2,i107,Stars are nails,"Stars are nails in the firmament or pegs, or stars are nailed to the sky",7,True,,False,False,False,MENTION,celestial,rule
i108_2,i108,The Pleiades are a person,"The Pleiades are only one anthropomorphic being, not several persons",65,False,celestial,True,False,False,PERCEPTION,celestial,rule
i109_2,i109,Milky Way is the path of the Sun,Milky Way is the path of the Sun and/or Moon,11,True,,False,False,True,MENTION,celestial,rule
i110a_2,i110a,The star plough,Orion (rare: other constellation) is a plough,31,True,,False,False,True,MENTION,celestial,rule
i110b_2,i110b,Orion is mowers,(Belt of) Orion is (three) mowers or agricultural tools related to mowing and harvesting,22,False,,False,False,True,MENTION,celestial,rule
i111_2,i111,The earth is a reptile,The earth is the body of a crocodile or a dragon,8,False,,False,False,False,NONE,,rule
i112_2,i112,The monster boat,"A boat is a fish, a living creature with a mouth, it can swallow people",10,False,,False,False,False,NONE,,rule
i113_8,i113,Pig with the golden bristle,A pig made of gold or having golden bristles is a treasure,7,False,,False,False,False,NONE,,rule
i114_3,i114,Ursa major and the Pleiades as men and women,"Described in one and the same tale, Ursa major is associated with men and the Pleiades with women",3,False,,False,False,True,MENTION,celestial,rule
i115a_2,i115a,Orion and the Pleiades as a man and a woman,Orion and the Pleiades are opposed as a man or men and a woman or women. Orion is usually male,30,False,,False,False,True,MENTION,celestial,rule
i116_2,i116,Milky Way is the border between the seasons,"The Milky Way is the border-line between seasons of the year or parts of the universe (the wet and the dry seasons, the sky and the earth, etc.)",12,True,,False,False,True,MENTION,celestial,rule
i117_7,i117,Spider ferries from one world to another,"Spider person raises the hero to the sky, helps him or her to return back to earth or otherwise helps to overcome the borderlines between worlds",60,True,,False,False,False,MENTION,celestial,rule
i118_9,i118,Helpful spider-woman,Spider-woman (rare: spider-man) is a patron of the hero who lives in her house and marries her daughter,16,False,,False,False,False,NONE,,rule
i119_8,i119,The dead shake the earth,The earthquakes are produced by the dead who are in the underworld or during the earthquakes the inhabitants of the lower world try to come out,19,False,,False,False,False,NONE,,rule
i120_8,i120,Cornucopia,Food and clothes are extracted from the horn of a cow or goat,25,False,,False,False,False,NONE,,rule
i121_2,i121,Ursa major and Ursa minor as twin constellations,"Constellations of Ursa major and Ursa minor are interpreted as twin objects of the same type (two animals, two carts, etc.)",53,False,celestial,True,True,True,PERCEPTION,celestial,rule
i122_2,i122,The Pleiades are insects,"The Pleiades are a nest, a congestion of insects",7,False,celestial,True,False,False,MENTION,celestial,rule
i123_2,i123,Altair is the Sun’s messenger,Altair or Vega with a weak nearby star are believed to appear on the sky immediately after winter solstice though really it is not so,7,True,,False,False,True,MENTION,celestial,rule
i124_2,i124,Ursa major is a boat,Ursa major is a boat,13,False,,False,False,True,MENTION,celestial,rule
i125_2,i125,The Hiades are a jaw-bone,The Hyades are a jaw bone or a head of a big animal or anthropomorphic creature,15,False,,False,False,False,NONE,,rule
i126_2,i126,Ursa major is a stretcher or grave,Ursa major is funeral stretcher or a grave,12,False,,False,False,True,MENTION,celestial,rule
i127_2,i127,Ursa major is a bed,"Ursa major is a bed, a bedstead",5,False,,False,False,True,MENTION,celestial,rule
i128_2,i128,Ursa major is a dipper,"Ursa major is a dipper, a ladle",18,False,,False,False,True,MENTION,celestial,rule
i129_2,i129,Constellation of Heron,"When constellation of Heron appears on the sky, the rain season begins",4,True,,False,False,True,MENTION,celestial,rule
i130_2,i130,The sky net,"Orion, the Pleiades, Ursa Major or Ursa Minor is a hunting or fishing net",7,False,,False,False,True,MENTION,celestial,rule
i131_8,i131,The thread of life,"Life of every man is related to certain thread. When the thread is cut, the man dies",15,False,,False,False,False,NONE,,rule
i132_8,i132,Climbing a deer antlers up to the sky,"A giant deer’s or deer-like creature’s antlers reach the upper world, a person climbs them to get there",5,False,,False,False,False,MENTION,celestial,rule
i133_2,i133,,,11,False,,False,False,False,NONE,,rule
j2_10,j2,The tree-husband,A girl marries a man or is impregnated by man who is or was incarnated in a tree,9,False,,False,False,False,MENTION,terrestrial,rule
j3_10,j3,Impregnated from under the earth,A woman gives birth to a boy or twin boys after being impregnated without her knowledge when one of the animal persons crawls under the earth to the place where she sits on a ground,4,False,,False,False,False,NONE,,rule
j4_10,j4,Death of the father,"Heroes avenge their (grand)father's or uncles' death, not the death of their mother or both parents",122,False,,False,False,False,NONE,,rule
j5_10,j5,Brothers as victims,Two or several brothers or friends are killed by antagonists. One of them is the father of the young hero who avenges their death or all of them are his uncles,24,False,,False,False,False,NONE,,rule
j7_10,j7,The changed signs,"A woman or a girl is in search of her husband, fiancé or kinsmen. She loses her way because certain person changed signs at the crossroad",31,False,,False,False,False,NONE,,rule
j8_10,j8,Feathers at the crossroad,A woman or a girl is in search of her husband or other person. Bird feathers at the cross-road or near the person's dwelling mark the correct or the wrong way,23,False,,False,False,False,NONE,,rule
j9_10,j9,Unborn children talk from the womb,A woman is in search of her husband or other person or object. Her unborn children speak from her stomach and shows her the correct way,20,False,,False,False,False,MENTION,terrestrial,rule
j10_10,j10,Insect’s bite,"A woman loses her way after being bitter by insect (wasp, bee, ant). She accuses her unborn sons of being the cause of the bite and/or slaps herself on her abdomen to punish the sons or to kill the insect. As a consequence her sons are offended and do not show her the correct way anymore",13,False,,False,False,False,NONE,,rule
j11_10,j11,Unborn child asks to pick up some flowers,A quarrel between a mother and her sons in her womb flares up after they ask her to pick up flowers or fruits (usually the insect bites her when she picks flowers up),15,False,,False,False,False,NONE,,rule
j12_10,j12,Travelling girl comes across suitors,"A girl (or two sisters) travel, usually in search of a proper marriage partner who lives far away or who has gone away. On her way or after reaching the place of destination the girl gets to some unpleasant suitors",111,False,,False,False,False,NONE,,rule
j12a_10,j12a,Penis in a pot,"A girl or two sisters get to old woman who suggests them to marry her son. It is a worm or alive penis preserved by its mother in a pot. The girl (the sister) rejects it, runs away",5,False,,False,False,False,NONE,,rule
j12b_10,j12b,Honey-suitor,A suitor or husband is a fragrant Honey person or skillful honey-gatherer,4,False,,False,False,False,NONE,,rule
j12c_10,j12c,Meeting at a feast,A girl gets to see her bridegroom for the first time at a feast and then sets off to his place following instructions received from him,8,False,,False,False,False,NONE,,rule
j12d_10,j12d,Imposter kills his rival,"After a girl marries a valuable suitor, a rejected imposter or his relations kill him",32,False,,False,False,False,NONE,,rule
j12j_10,j12j,Imposter is a buffoon ,In village where valuable marriage-partner lives an imposter plays the role of a buffoon,13,False,,False,False,False,NONE,,rule
j12k_10,j12k,A valuable partner and an imposter live in one house,A valuable partner whom a girl (two sisters) should marry and an imposter live together in one and the same house,12,False,,False,False,False,NONE,,rule
j12l_10,j12l,A hypocritical murderer,"A murderer of a valuable marriage-partner pretends to mourn over him. His trick is exposed, people chase him",8,False,,False,False,False,NONE,,rule
j12m_10,j12m,Woman turns into duck,"A girl or two sisters marry a valuable partner. His rival kills or attempts to kill him or his wives. As a consequence, the women turn into water birds",4,False,,False,False,False,NONE,,rule
j13_10,j13,Two sisters,"Two sisters (if more, only two play a significant role in the plot) travel and meet an unpleasant suitor or get to an ogre",98,False,,False,False,False,NONE,,rule
j14_10,j14,A flute-player,A girl or two sisters walk in search of the man whose beautiful voice or whose flute-play they listen,13,False,,False,False,False,NONE,,rule
j15_10,j15,Woman gets to dangerous creatures,"Walking in search of her husband, boyfriend, kinsmen, shelter woman or girl gets to the house of dangerous creatures where she is injured or killed",79,False,,False,False,False,NONE,,rule
j15a_10,j15a,Woman gets to jaguars,"Setting off (usually in search of her husband, boyfriend or kinsmen), woman gets to the place of dangerous felines",39,False,,False,False,False,NONE,,rule
j15b_10,j15b,Woman gets to a toad,"Setting off (usually in search of her husband, boyfriend or kinsmen), woman gets to the place of female toad or frog",8,False,,False,False,False,NONE,,rule
j16_10,j16,Rejects to eat insects,"Person perishes because being forced to clean ogre's or animal’s head infected with insects, refuses to bite the insects, spits in disgust or is suspected to do it",14,False,,False,False,False,NONE,,rule
j17_8,j17,Frogs in hair,"Instead of lice, there are other (bigger or dangerous) creatures in the hair of some persons or he or she pretends that his or her hair is infested with them",59,False,,False,False,False,NONE,,rule
j18_10,j18,Woman falls from the sky,A woman who is pregnant or has a small child falls from the sky. She or a daughter born by her dies but her (grand)son is grown up,25,True,,False,False,False,MENTION,celestial,rule
j18a_10,j18a,"Mother is eaten up, children escape","An ogress devours a woman, gets into her house. Her daughters (daughter and son, one daughter) run away, climb a tree or a rope that hangs from the sky. Ogress pursues them and perishes",11,True,,False,False,False,MENTION,celestial,rule
j19_10,j19,Wicked guest murders woman,"When husband o brother leaves home to hunt, an evil spirit comes to his wife or sister. The spirit kills her or carries her away after injuring or transforming her",24,False,,False,False,False,NONE,,rule
j19a_10,j19a,To serve food on the abdomen,A guest demands that a woman would serve him food on her abdomen,8,False,,False,False,False,NONE,,rule
j19b_10,j19b,Belly burned through,An evil spirit kills a woman burning her belly through,5,False,,False,False,False,NONE,,rule
j20_10,j20,Wicked guest: woman breaks taboo,"When husband o brother leaves home to hunt, an evil spirit comes to his wife or sister and kills or injures her being able to do it because she has broken taboo to open the door, to look at the guest or to answer him or her",12,False,,False,False,False,NONE,,rule
j22a_10,j22a,Two men from one,Two men or a man and a woman appear from two halves of the cut in two anthropomorphic body or embryo; or another man appears from part of the body of the first one or from his body discharge,30,False,,False,False,False,NONE,,rule
j22b_10,j22b,Two women from one,"A woman is torn or cut in half, two new women appear",8,False,,False,False,False,NONE,,rule
j22c_8,j22c,The double woman,A demonic creature has a form of two women half merged like Siamese twins,5,False,,False,False,False,NONE,,rule
j22d_7,j22d,Two animals from one cut in two,Two halves of one animal cut in two turn into two new animals or into foreigners,11,False,,False,False,False,NONE,,rule
j22e_10,j22e,Placenta person,A second person evolves from the placenta of the first one,12,False,,False,False,False,NONE,,rule
j23_10,j23,A late son kills monsters,"People disappear one by one. A lonely woman has a baby or finds a baby or she becomes pregnant magically and gives birth to a boy or twins. The boy grows up, exterminates the antagonists, usually revives and releases those who had disappeared",77,False,,False,False,False,NONE,,rule
j23a_10,j23a,A mucus-boy,"A woman is crying, mucus from her nose turns into a boy who grows up, overcome powerful adversaries",7,False,,False,False,False,NONE,,rule
j24_10,j24,Grounded to powder,Hero is grounded to powder but resuscitates,10,False,,False,False,False,NONE,,rule
j25_10,j25,Babies escape and return,"Heroes (one, two, one of the two), usually beings still babies or embryos, escape into the water, are carried away into the wilderness or thrown into the water. They are caught (often with difficulty) by some persons or come to them by their own will",152,False,,False,False,False,NONE,,rule
j25a_10,j25a,Son of grave,"Mother dies or is killed. Her (still unborn) baby-son is buried with her. He comes out of the grace, meets people, then returns to the grave but ultimately agrees to remain with the people",17,False,,False,False,False,NONE,,rule
j26_10,j26,Babies come out of the water,Baby heroes or embryos are found in a river or lake or come to people out of the water,173,False,,False,False,False,MENTION,terrestrial,rule
j27_10,j27,Lodge-boy and Thrown-away,"One of two small boys (or one of two pairs of boys, two of three boys) lives in a lodge with his (adoptive) father or mother. The young male who lives in the lodge can be also a pup (allegedly) born by the woman. Another boy (or couple of boys) has been thrown away or born by his mother after her death, grows up by himself or is grown up by some spirit, comes to his brother(s) and ultimately to his (adoptive) parent. Usually (adoptive) father or mother catches him and domesticates with much difficulty",45,False,,False,False,False,NONE,,rule
j27a_10,j27a,Thrown-away kills his father,"One of two babies is thrown away and lives in the water, in the forest, etc., another lives in the house; after both of them become to live in the house, they kills their father",6,False,,False,False,False,MENTION,terrestrial,rule
j28a_10,j28a,Truth about father,"Hero asks how one of his parents died and receives a series of false answers. Usually he successively exposes himself to the same dangers, survives and thus demonstrates that truth is still concealed from him",17,False,,False,False,False,NONE,,rule
j28b_10,j28b,A hot scone,"A youth gets to know that a woman (usually his mother) conceals from him important information about his father, brothers or bride. He causes her pain (usually putting hot scone, handful of hot grain, etc. into her hand) making her tell him the truth",26,False,,False,False,False,NONE,,rule
j29_10,j29,Father’s shadow,A murdered parent of the hero comes to him as a ghost and informs about the circumstances of his or her death,13,False,,False,False,False,MENTION,terrestrial,rule
j30_10,j30,Parents’ remains,"Before the hero destroys the antagonists or escapes from them, he finds or receives the remains or possessions that belonged to the antagonists' victim",67,False,,False,False,False,NONE,,rule
j31_10,j31,Father’s weapon,A young hero obtains and uses weapons or other powerful objects which belonged to his murdered father,38,False,,False,False,False,NONE,,rule
j32_10,j32,Brothers spy for night chief,"Somebody regularly steals valuables (horse, hay, apples, etc.). Brothers one by one spy for the thief but only the youngest surprises him",73,False,,False,False,False,NONE,,rule
j32a_10,j32a,To guard father’s grave,Before passing away a man asks his sons to guard his grave for a certain time or to bring something to his grave. The youngest son goes and obtains valuables,26,False,,False,False,False,NONE,,rule
j33_10,j33,The dummy,"A youth or two siblings live in a house of an old man or woman. To produce a reaction from this older person, they kill a person or animal and stuff its skin with insects, worms, ashes, grass or blow it up",15,False,,False,False,False,NONE,,rule
j33a_10,j33a,Old woman beats the dummy,"A youth or two siblings live in a house of an old woman. they kill her a person or animal who is her husband and make a dummy of him. The old woman is angry that her husband does not answer her, beats him and understands that it is a dummy",7,False,,False,False,False,NONE,,rule
j34_10,j34,Frightened grandmother,"After killing their enemy, heroes have fun frightening their (grand)mother or father with its dummy",12,False,,False,False,False,NONE,,rule
j35_10,j35,Helpful tree-frog,A tree-frog kills or neutralizes dangerous person or creature who chases heroes,10,False,,False,False,False,MENTION,terrestrial,rule
j36_10,j36,Turtle as antagonist,Hero's parents are killed by turtle who pulled them under the water,7,False,,False,False,False,NONE,,rule
j37_10,j37,Antagonist carried away by bird,A man turns into powerful bird or creates it. The bird carries away his enemy,35,False,,False,False,False,NONE,,rule
j38_10,j38,Talons got stuck,"A mighty bird thrust its talons into a big fish, whale, water monster, etc. Talons get stuck, the bird is either pulled down under the water or makes itself free with great difficulty",19,False,,False,False,False,NONE,,rule
j39_10,j39,Who killed a rabbit?,"Antagonist makes a girl or a woman his or her slave. The slave's brothers or sons secretly come to her, kill for her some small game. Woman tries to pursue the antagonist that she herself killed the game",16,False,,False,False,False,NONE,,rule
j40_10,j40,Enemy from the sky,"A dangerous being who lives in the sky carries away a person or many people (or person's cut off head or limb). A young kin of the perished one revenges on the dangerous being and/or brings back the victim (his or her head, etc.)",27,True,,False,False,False,MENTION,celestial,rule
j40a_10,j40a,Avenged prisoners,"After the hero comes back after a long absence and finds his parents enslaved, he tells them to demonstrate openly a lack of respect to their masters and punishes those who were cruel with them",9,False,,False,False,False,NONE,,rule
j41_10,j41,Foxes jeer at the abandoned person,"When the hero returns home after a long absence, his relation does not believe at first that it is really he because all this time somebody jeered at him or her imitating the hero's voice, telling that the hero is back, etc.",13,False,,False,False,False,NONE,,rule
j41a_10,j41a,Son transforms mother into a bird,"When hero returns, he finds his mother being tormented during his absence and transforms her (and usually himself) into a certain bird",7,False,,False,False,False,NONE,,rule
j41b_10,j41b,Son returns and burns tormentors using magic,"When hero returns and finds his mother being tormented during his absence, he burns the tormentors producing fire and heat by magic",10,False,,False,False,False,NONE,,rule
j42_10,j42,Waters split apart,"When person comes to the water body, waters are split apart so the person reaches the other bank walking on the dry ground",85,False,,False,False,False,NONE,,rule
j43_10,j43,Bait for antagonists,"To kill his antagonists, hero lures them with an attractive object which is delicious to eat and is usually on the other side of a body of water or a canyon",12,False,,False,False,False,NONE,,rule
j44_10,j44,The broken bridge,"Person or his helper draws his enemies on the unstable bridge and destroys it. The enemies fall into water, into a precipice",96,False,,False,False,False,NONE,,rule
j45_10,j45,The stretched out leg (crane bridge),Person stretches his or her leg or neck as a bridge across water body. The fugitives or those who walk ahead cross the bridge; the persecutor or those who are behind usually fall because the person takes his bridge off,56,False,,False,False,False,NONE,,rule
j46_10,j46,Enemy drowns,Antagonist perishes falling into the water or trying to cross a water body,153,False,,False,False,False,NONE,,rule
j47_10,j47,Pursuer falls from height,"Person ascends to the sky (rare: descends from the sky; ascends the cliff) by a rope, a ladder, etc. Another person tries to follow him or her but the rope (the ladder) is broken or severed",95,True,,False,False,False,MENTION,celestial,rule
j47a_10,j47a,Beanstalk to the sky,A bean or a pea grows up to the sky and a person climbs by it there,14,True,,False,False,False,MENTION,celestial,rule
j48_11,j48,Parrot cuts the sky rope,"Person ascends to the sky or descends from the sky to earth by a rope. A parrot cuts the rope, the person falls to earth",11,True,,False,False,False,MENTION,celestial,rule
j49_7,j49,Moon’s wife cannot follow him,The Moon's wife or sister tries to follow him to the sky but is unable to do it,10,True,,False,False,True,MENTION,celestial,rule
j50_10,j50,An attempt to revive the victim,"Twin heroes' parent dies or is killed, an attempt to revive him or her fails",27,False,,False,False,False,NONE,,rule
j50a_10,j50a,Sons embrace their mother,Mother dies when her sons embrace or push her,6,False,,False,False,False,NONE,,rule
j50b_10,j50b,Father more dead than alive,An attempt to revive the killed father (and uncle) is only partly successful and the revived person is unable to live among the living. The hero decides to abandon him in the other world or to let him die forever,5,False,,False,False,False,NONE,,rule
j51_10,j51,One piece is missing,"Person or animal is eaten up or destroyed otherwise. His bones are put together and he or it is revived. Because one bone was broken, swallowed or lost, the person or animal cannot be revived or being revived misses some part of his or its body",54,False,,False,False,False,NONE,,rule
j51a_10,j51a,Ladder made of limbs of a girl,"To help a man to ascend a rock, a girl tells him to cut her into pieces, make a ladder of her limbs, then put them together again. The girl revives but a finger is missing",9,True,,False,False,False,MENTION,terrestrial,rule
j51a1_10,j51a1,,,8,False,,False,False,False,NONE,,rule
j52_10,j52,Two animal persons and their children,A strong and aggressive animal person (often a bear) treacherously kills his (or her) companion who is a weaker animal person. The victim's children revenge on the murderer killing his (her) own children,41,False,,False,False,False,NONE,,rule
j52a_10,j52a,Bear as antagonist,A bear-person (usually Bear-woman) kills her or his female companion who is associated with a weaker animal – not a predator or a weaker predator. The victim's children revenge on the antagonist killing her own children and / or run away and escape,34,False,,False,False,False,NONE,,rule
j52b_10,j52b,Hare-woman or hare-children as heroes ,"A girl, a young woman, or children who are associated with a hare or rabbit are heroes of the story",12,False,,False,False,False,NONE,,rule
j53_10,j53,The fawns and the cubs,Deer person is killed by the stronger animal person. The deer's children revenge on the murderer and (or) successively escape from him or her,22,False,,False,False,False,NONE,,rule
j54_10,j54,One of two female companions kills another,"Two co-wives of female companions live together, both have children. Once when they go to work outdoors (usually to gather wild plants), one of them kills and devours another. The victim's children escape",50,False,,False,False,False,NONE,,rule
j54a_10,j54a,The calf and the tiger cub,"Two women (usually female animal persons) live together, both have children, one of them kills and devours another. The son of the murderer kills his mother and becomes a companion of the victim's son, or the victim’s and the murderer’s children escape together",10,False,,False,False,False,NONE,,rule
j54b_10,j54b,Kills own mother to rescue his half-brother,"A hero and a son of the antagonist live together. They are half-brothers friends. When the antagonist makes attempt to kill the hero, the antagonist's son kills his own mother (or his both parents) or helps his human brother to do it",9,False,,False,False,False,NONE,,rule
j55_10,j55,Unrecognized hero comes across enemies,Hero comes across different creatures or persons who do not recognize him. Everyone tells that he is waiting for the Hero to kill him. The hero easily kills or transforms them himself,42,False,,False,False,False,NONE,,rule
j56_10,j56,Father tests his sons,Twin heroes (or one boy) come to their divine father. He puts them under trials to get know if they are really his children and possess supernatural power,20,False,,False,False,False,NONE,,rule
j56a_10,j56a,Transformed into griddles,Brothers turn into cooking pots or griddles which are put on fire. Only the eldest is strong enough to stand this trial,4,False,,False,False,False,NONE,,rule
j57_10,j57,Son of the Sun,"A virgin girl is impregnated by the Sun and gives birth to a son or twin boys. When her son (or the twins) grows up, he (they) comes to his father",26,True,,False,False,True,MENTION,celestial,rule
j58_10,j58,The arrow ladder,"Persons make chain of arrows or darts shooting them one into another and making a chain or rope of them. Usually, they ascend by this rope to the upper world",80,False,,False,False,False,NONE,,rule
j58b_8,j58b,The sky door,Chain of arrows is used to pull or push the sky or the Sun lower or higher or to break a hole in the sky,7,True,,False,False,True,MENTION,celestial,rule
j59_10,j59,Following arrow gets to the sky,"To climb to the sky, person needs first to shoot an arrow that would reach the sky and stick into it",84,True,,False,False,False,MENTION,celestial,rule
j59a_10,j59a,Flight after arrow,"Shooting and arrow, person flies on it, after it or ahead of it",24,False,,False,False,False,NONE,,rule
j60_10,j60,Two-fold impregnation,A woman is impregnated by two different males and gives birth to twin sons who have different fathers,15,False,,False,False,False,NONE,,rule
j61_10,j61,Light as a feather,Person is able to move or to hover in the air like a feather or a bit of fluff,21,False,,False,False,False,NONE,,rule
j62_10,j62,The enchanted people,"An antagonist transforms his victims into stones or (rare) plants, animals, monsters. Hero escapes transformation, revives the victims",85,False,,False,False,False,MENTION,terrestrial,rule
j63_10,j63,"Son saves, daughter betrays","Enemies attack household. The master's wife agrees to live with the enemies' leader, her former husband lies outdoors alive but tied up. His daughter refuses to release him, but his son does it. The man kills the enemies, usually cruelly kills his wife and daughter",11,False,,False,False,False,NONE,,rule
j64_10,j64,The column of smoke,Person ascends to the sky on a column of smoke (but not being burned in a fire),28,True,,False,False,False,MENTION,celestial,rule
j65_10,j65,Sun’s children destroy the enemies,A lonely woman with her daughter are the only survivors after enemies' attack. The woman rejects a series of animal-persons who come to ask her daughter in marriage but accept a sky-person for her son-in-law. Children of the sky-person and woman's daughter revenge on the enemies,5,True,,False,False,True,MENTION,celestial,rule
j66_10,j66,The bitten through bow-strings,"Hero or his helpers cut or gnaw through bow- and other strings of the enemies, make holes in their canoes, making the enemies unable to fight or to pursue the hero",37,False,,False,False,False,NONE,,rule
j67_10,j67,Stones on eyes,At night person puts light stones or shells on his eyes. The antagonist believes that his eyes are opened and does not dare to attack,6,False,,False,False,False,MENTION,terrestrial,rule
k1c_10,k1c,One who comes to look at adversary’s bones dies himself,"A man is marooned on an islet, a rock but survives thanks to helpful birds and animals. The next time the hero and the antagonist exchange roles. Usually the antagonist comes to the islet to see the bones of the abandoned man but the man takes the canoe of the antagonist and paddles away. The antagonist dies",17,True,,False,False,False,MENTION,terrestrial,rule
k1d_10,k1d,Woman’s brothers maroon her husband,Brothers of a man's wife hate him and maroon on an islet,7,False,,False,False,False,NONE,,rule
k1e_10,k1e,Marooned on islet,Person is marooned on an islet or on another side of a sea or wide river,79,False,,False,False,False,MENTION,terrestrial,rule
k1f_10,k1f,Conflict because of a woman,A man maroons another because of jealousy or because he plans to take hold of his wife,176,False,,False,False,False,NONE,,rule
k1g_10,k1g,Antagonist charged by stag,Hero turns into stag or creates a stag to charge his kinsman who sent hi into a trap,7,False,,False,False,False,NONE,,rule
k1h_10,k1h,Imprisoned in the tree-hollow,Person is imprisoned in a tree-hollow or inside a rock and is released by somebody who makes a hole from outside,37,True,,False,False,False,MENTION,terrestrial,rule
k1i_10,k1i,Tree to descend from a rock,A tree or vine quickly grows up near the rock or in the bottom of a pit where the hero was marooned. He gets to the ground climbing down (or up) this tree (vine),12,True,,False,False,False,MENTION,terrestrial,rule
k1j_10,k1j,A marooned man returns home before his adversary,"A man marooned on an islet or rock in the sea turns into a bird and flies home. When the man who marooned him comes home, the hero is already there",6,True,,False,False,False,METAMORPHOSIS,terrestrial,rule
k2_10,k2,The destroyed ladder,"Hero climbs up (e.g. to a tree) or down (e.g. into a deep cave) by ladder, rope, from branch to branch, etc. The rope etc. breaks or is intentionally destroyed and the hero cannot return to the ground. (all cases of motif K2A are also computed together with K2)",203,False,,False,False,False,METAMORPHOSIS,terrestrial,rule
k2a_10,k2a,Hero marooned in the underworld,"A man descends down into the well, precipice, etc. Saving a girl or girls, getting treasure etc. he sends them up. After receiving girls and treasure, companions cut the rope and the hero remains below",102,False,,False,False,False,NONE,,rule
k3_10,k3,Tree or rock grows taller,"Hero climbs up a tree or rock to get eggs, nestlings, fruits, honey, etc. Another person makes the tree (rock) grow higher or thicker and the hero is unable to descend back",66,True,,False,False,False,MENTION,terrestrial,rule
k4_10,k4,The bird nester,Person climbs up a tree or rock or descends to a cave to get eggs or nestlings from the bird's nest. Another person remains on the ground. They get into conflict and/or the first person is unable to get back to the ground,110,True,,False,False,False,MENTION,terrestrial,rule
k5_11,k5,The fake nestlings,"To lure the hero into a trap or to send him far away, the antagonist makes a bird or nestlings of excrements or guts",11,False,,False,False,False,NONE,,rule
k6_10,k6,Vine from body excretions,"A vine grows from person's or animal's tears, mucus, urine, etc.",22,False,,False,False,False,NONE,,rule
k7_10,k7,“Like pubis of your wife”,Hero compares something with pubis of another man's wife or sister. The insulted man maroons him in a tree or rock.,8,True,,False,False,False,MENTION,terrestrial,rule
k8a_10,k8a,Jonah: swallowed by monster,Person gets into the belly of water being or into the belly of giant creature which appearance and living place remain vague. He kills the monster from the inside and/or returns to earth by himself (i.e. not extracted by other people),220,False,,False,False,False,NONE,,rule
k8aa_10,k8aa,Jonah: swallowed by bird,Person gets into the belly of a giant bird. He kills it from the inside and/or returns to earth by himself (i.e. not extracted by other people),4,False,,False,False,False,NONE,,rule
k8b_8,k8b,Woman is soul of a whale,"Raven gets inside a whale where he sees a woman who asks him not to touch an inner organ of the whale (usually its heart) or a burning lamp. Raven touches it, woman disappears, the whale dies",6,False,,False,False,False,NONE,,rule
k8c_10,k8c,Jonah: swallowed by terrestrial animal,Person gets into the belly of ground animal or bird. He kills it from the inside and/or returns to earth by himself (i.e. not extracted by other people),144,False,,False,False,False,NONE,,rule
k8c1_11,k8c1,First swallowed by herbivorous animal and then by wolf,Tiny boy is first swallowed by chance by a big herbivorous animal and then carried away by a wolf who began to eat the animal's offal,23,False,,False,False,False,NONE,,rule
k8c2_11,k8c2,,,7,False,,False,False,False,NONE,,rule
k8c3_11,k8c3,,,21,False,,False,False,False,NONE,,rule
k8d_10,k8d,Jonah: swallowed by anthropomorphic being,Person (often an animal-person) gets into the belly of anthropomorphic being. He kills it from the inside and/or returns to earth by himself (i.e. not extracted by other people),59,False,,False,False,False,NONE,,rule
k8e_11,k8e,Gets inside via anus,Person or animal gets into another being through its anus,51,False,,False,False,False,NONE,,rule
k8f_10,k8f,Deer in monster’s belly,A swallowed up person finds alive deer in the belly of the monster,4,False,,False,False,False,NONE,,rule
k9_10,k9,God’s wife thrown down from the sky,"The sky chief discovers or thinks that his wife, sister or lover is untrue or incestuous. He throws her down from the sky. She becomes the mistress of the lower or middle world or a part of it or one of her sons gets power over the lower world",15,True,,False,False,False,MENTION,celestial,rule
k10a_10,k10a,Battle with a bird: a shelter,"Heroes kill a dangerous bird. During or before confrontation they hide inside a shelter (hut, cage, vessel, bag, hollow log) or cover themselves with a protective object",14,False,,False,False,False,NONE,,rule
k10b_10,k10b,Cage carried away,A giant bird carries away to its nest a cage or bag with people inside,9,False,,False,False,False,NONE,,rule
k10c_10,k10c,Wrapped in guts,"Hero (or twins) hangs on his body a bag with animal bowels full of blood. Breaking them with its claws, the bird thinks that its victim is killed and brings the man to its nest. He kills the adult bird, kills or transforms its nestlings",8,False,,False,False,False,NONE,,rule
k10d_10,k10d,Bird carries man to an island,"A flying monster carries a man to a far away island. There he gets to kill the monster. To return, he uses a boat, a bridge or a rope made of parts of the monster's body",9,False,,False,False,False,MENTION,terrestrial,rule
k10e_10,k10e,Rescued people,"Getting to a nest of a monstrous bird, a man finds there kidnapped people, helps them to return home",9,False,,False,False,False,NONE,,rule
k10f_7,k10f,Nestlings turn into eagles,Hero transforms nestlings or monster bird into common eagles or owls,16,False,,False,False,False,NONE,,rule
k11a_7,k11a,Feathers turn into birds,Feathers of giant bird turn into different present day birds,17,False,,False,False,False,NONE,,rule
k12_10,k12,Woman lost and returned,A rival or adversary kidnaps man's wife or bride or takes her sending her man off. The man gets her back,234,False,,False,False,False,NONE,,rule
k12a_10,k12a,A strained  bow,"An unrecognized hero comes to a place where his bride or wife has to marry another man or is tuned into a slave. Despite expectations, he gets to strain a tight bow killing his rivals",16,False,,False,False,False,NONE,,rule
k13a_2,k13a,Person with cut off leg ascends to the sky,"Certain person's leg or (rare) both legs are cut, torn, or bitten off. He ascends to the sky, usually becomes a constellation or a luminary or gets to the luminary",32,True,,False,True,True,METAMORPHOSIS,celestial,rule
k13b_10,k13b,Leg bitten off by caiman,"A caiman ferries a man across water body, bites his leg off. The maimed man is transformed into a constellation or into an animal",8,True,,False,False,True,METAMORPHOSIS,celestial,rule
k13c_10,k13c,Ogress’ daughter avenges death of her mother,"A man marries an ogress' daughter, kills her mother. The wife revenges on him, gets to cut off his leg",8,False,,False,False,False,NONE,,rule
k13d_2,k13d,Leg hangs in the sky,A group of boys gets to the sky. The leg of the last one is cut or torn off,5,True,,False,False,False,MENTION,celestial,rule
k14_10,k14,Precious advices,A man gives his last money for simple advices. Each of them saves his life or helps to achieve success or he does not follow the advices and gets into trouble,100,False,,False,False,False,NONE,,rule
k14a_10,k14a,Thrown into the oven himself,"An antagonist orders to kill the first one who will come in the morning to a certain place. The hero becomes late by chance, the antagonist or his wife or son come and are thrown into the fire",26,False,,False,False,False,NONE,,rule
k14b_10,k14b,,,7,False,,False,False,False,NONE,,rule
k14c_10,k14c,,,18,False,,False,False,False,NONE,,rule
k15a_10,k15a,Substituted weapon,Hero substitutes powerful person's weapon with a fake,29,False,,False,False,False,NONE,,rule
k15b_10,k15b,Substituted barrel of water,"Because containers with alive and dead water (one makes one stronger, another weaker) are imperceptibly exchanged, during the battle the hero drinks the alive water and overcomes his enemy who drinks the dead water",19,False,,False,False,False,NONE,,rule
k15c_10,k15c,Clothes of stone,The owner of the stone (ice) clothes kills people. The hero hides his stone clothes and kills him,4,False,,False,False,False,MENTION,terrestrial,rule
k16_10,k16,Girl’s pet turns into a young man,"Disguised as a bird, small animal or insect, the hero lets himself be caught by a girl to have sex with her or to steal valuables possessed by her family or he lets himself be caught by the girl's father to receive opportunity to get to his daughter",58,False,,False,False,False,NONE,,rule
k16a_10,k16a,Slips and drops dummy,"Being eager to show that he is a successful hunter, a man walks in front of a girl carrying a game (deer, birds). The girl makes him slip, he drops the false game that proves to be a dummy stuffed with ashes or a termite nest",5,False,,False,False,False,NONE,,rule
k17_10,k17,Ornitomorphic suitor,Ornithomorphic hero impregnates a girl magically or imperceptibly for her,58,False,,False,False,False,NONE,,rule
k18_10,k18,Infant picks out his unknown father,"To get know who is the father or (rare) mother of a small boy, many people come together. Everybody is eager to be recognized as the boy's parent but the boy points at his real father or mother",97,False,,False,False,False,NONE,,rule
k18a_10,k18a,Infant takes father’s bow and arrows,"When a small boy has to recognize his father among many men, he comes to him and takes father's bow and arrows",12,False,,False,False,False,NONE,,rule
k18b_10,k18b,To cease crying,"A baby boy has to recognize his father or mother among many people. When his parent takes him, the boy ceases crying",12,False,,False,False,False,NONE,,rule
k18c_10,k18c,Urinates at his father’s arms,"A baby boy has to recognize his father among many men. When his father takes him, the boy urinates at his arms",10,False,,False,False,False,NONE,,rule
k19a_10,k19a,Star-wife,A man maries a star-woman,45,True,,False,False,True,MENTION,celestial,rule
k19b_10,k19b,Star-husband,A woman maries a star-man,54,True,,False,False,True,MENTION,celestial,rule
k19c_10,k19c,Star-wife hidden in a bag,"During the day time a man hides his star-wife in a bag, gourd-vessel, and the like",7,True,,False,False,True,MENTION,celestial,rule
k19d_8,k19d,Star’s husband suffers from cold,"When a man who has married a star gets to the sky, he suffers severe cold and dies either of cold or after touching a forbidden fire",4,True,,False,False,True,MENTION,celestial,rule
k19e_10,k19e,Wolverine under a tree,"When a woman or two sisters descend from sky back to earth, they get to the top of a tree. Some animals who walk by cannot help them or do not want to help. Wolverine gets women down because he plans to marry them but they escape from him",13,True,,False,False,False,MENTION,celestial,rule
k19f_10,k19f,Stars help to work,Star person or persons descend to earth to work at the garden plot,5,True,,False,False,True,MENTION,celestial,rule
k19g_10,k19g,Two stars of different color and brightness,"Two stars are men, an old and a young ones. They look different as about their color or brightness but these characteristics do not correlate (the bright star can prove to be an old man and vice versa. Usually two girls wish these stars for husbands and express different preferences (one prefers bright blue star, another wants small and red one, etc.)",32,True,,False,False,True,MENTION,celestial,rule
k20_10,k20,Wish for star-husband or wife realized,"A human person admires a star or (rare) the Moon in the sky, wishes for a star. The star descends to him or her or takes him or her to the sky",70,True,,False,False,True,MENTION,celestial,rule
k21_10,k21,Woman descends from the sky by rope,"A sky-dweller marries a woman. Being eager to return to the earth, she secretly climbs down to earth by a rope",17,True,,False,False,False,METAMORPHOSIS,celestial,rule
k22_3,k22,Dwarfs and cranes,Different from (common) people inhabitants of a distant land fight with non-human enemies who periodically attack them,39,False,,False,False,False,NONE,,rule
k22a_10,k22a,Dwarfs attacked,Birds or other creatures which not dangerous for common people attack dwarfs who live in another world,25,False,,False,False,False,NONE,,rule
k22aa_10,k22aa,"Humans in the south, birds in the north",A man gets to the country inhabited by migratory birds. They have there human guise but turn into birds going back to the north,3,False,,False,False,False,NONE,,rule
k22b_10,k22b,Man helps inhabitants of other world,Inhabitants of a distant land who have different nature than (normal) human beings struggle from time to time with some non-human enemies. Man helps local dwellers because their enemies are not dangerous for the human beings,42,False,,False,False,False,NONE,,rule
k22c_10,k22c,Birds attacked,Inhabitants of a distant country suffer from periodic assaults of the enemies which are not dangerous for common people. These enemies (and sometimes the inhabitants of the country too) are birds,8,False,,False,False,False,NONE,,rule
k23_10,k23,Battle with birds,Birds attack the inhabitants of a distant land or a man who had got to this land,35,False,,False,False,False,NONE,,rule
k23a_8,k23a,Feathers are the birds’ weapon,Birds use their feathers as arrows or their arrows and down stick mouth openings of them enemies,7,False,,False,False,False,NONE,,rule
k24_10,k24,Stolen clothes of supernatural woman,"Women who possess supernatural power and usually come from a non-human world (from sky, from under the water, they are winged beings, bird- or animal-persons) take off their clothes (feather skins and the like) or part of it. After the man hides clothes, their owner has to marry him or help him",205,True,,False,False,False,MENTION,celestial,rule
k24a_10,k24a,Supernatural male hides clothes of human girl,"Supernatural male person (often a snake, a dragon) hides clothes of a human girl or sits on it. To return her clothes she had to become his wife",38,False,,False,False,False,NONE,,rule
k24b_10,k24b,To dance in her magic clothes,"Magic wife gets her wings back and flies away after she pretends that putting her real clothes she would be more beautiful, a better dancer, etc.",18,False,,False,False,False,NONE,,rule
k25_10,k25,Woman from sky-world marries mortal man,"A man gets a woman connected with the upper world (bird-maiden, sky fairy, star-woman, etc.), she becomes his wife or (rare) adopted daughter",281,True,,False,False,True,MENTION,celestial,rule
k25a1_10,k25a1,Magic wife finds her clothes,"Magic wife abandons her mortal husband when she finds her clothes (often, her feathers if she is a bird-woman), makes herself the new clothes, receives them from her kin or her husband gives her her clothing believing that she will not abandon him. (Versions with magic wife abandoning her husband because she feels herself offended is not alternative to the “found clothes but in most of the texts these motifs are not combined)",80,False,,False,False,False,NONE,,rule
k25a2_10,k25a2,Thrown down feathers,Magic wife flies away or makes attempt to fly away when her bird relatives throw down her feathers (wings),7,False,,False,False,False,NONE,,rule
k25b_10,k25b,Woman pursues a porcupine and gets to the sky,"Pursuing a porcupine, woman climbs a tree and gets to the upper world",7,False,,False,False,False,MENTION,celestial,rule
k25c_10,k25c,Baby under a tussock,"Digging roots or gathering sea food on a beach, a woman finds baby-boy. Usually her mother warns her not to dig a certain bulb or not to do it in a certain way. Breaking taboo, the woman finds or conceives baby-boy",10,False,,False,False,False,NONE,,rule
k25d_10,k25d,Prohibited bulb in the sky,"Person gets to the sky, makes hole through the firmament digging out a root. Usually woman's husband or his kinsmen warn her against digging out a special bulb or tuber; breaking taboo, she gets to see the earth, decides to descend",30,True,,False,False,False,MENTION,celestial,rule
k26_10,k26,A hole in the firmament,"Finding a hole in the ground or making it, person gets to see below another world. Usually the earth is seen from the sky",86,True,,False,False,False,MENTION,celestial,rule
k26a_10,k26a,Sky opening covered with a stone,"Opening in the firmament is covered with a flat stone. When person puts the stone aside, he or she gets to see the earth",14,False,,False,False,False,MENTION,celestial,rule
k27a_10,k27a,Ordeal: survive frosty night,An ordeal: to survive frosty night outdoors or in chamber with ice,15,False,,False,False,False,NONE,,rule
k27b_10,k27b,Ordeal: to smoke a pipe,An ordeal: to smoke a huge or poisonous pipe or to remain alive in poisonous smoke,16,False,,False,False,False,NONE,,rule
k27c_10,k27c,Ordeal: knives and thorns,An ordeal: to remain alive after contact with sharp points or blades,27,False,,False,False,False,NONE,,rule
k27d_10,k27d,Ordeal: chamber with dangerous beings,"An ordeal: to remain alive in a closed room full of beasts of prey, poisonous or other dangerous creatures",12,False,,False,False,False,NONE,,rule
k27e_10,k27e,Ordeal: to eat much,An ordeal: to eat or drink much or eat or drink poisonous beverage or food,113,False,,False,False,False,NONE,,rule
k27f_10,k27f,Difficult task: to build a bridge,A task-giver asks to build a bridge (usually of gold etc.) during a very short time,76,False,,False,False,False,NONE,,rule
k27f1_10,k27f1,,,25,False,,False,False,False,NONE,,rule
k27g_10,k27g,Ordeal: to bathe in boiling water,Person is ordered to bathe in a boiling liquid or to jump into fire but he remains unharmed. Usually the adversary attempts to repeat the trick but dies ,35,False,,False,False,False,NONE,,rule
k27h_10,k27h,A task: to carve a bench,A task: to carve a bench decorated with representa­tion of the head of the father(or mother)-in-law that is always concealed,9,False,,False,False,False,NONE,,rule
k27hh_10,k27hh,To sort grain,A task-giver asks to sort a large amount or small particles of different kind (usually seeds of different plants) mixed in container or to count such particles or to pick up the spilled grains,87,False,,False,False,False,NONE,,rule
k27i_10,k27i,Task: to dry a body of water,A task: to dry a body of water,9,False,,False,False,False,NONE,,rule
k27k_10,k27k,Diving contest,A contest: to dive deep or for a long time,23,False,,False,False,False,NONE,,rule
k27l_10,k27l,Task: to get object from bottom of body of water,A task: to get an object from the bottom of a water body,13,False,,False,False,False,NONE,,rule
k27l1_10,k27l1,,,7,False,,False,False,False,NONE,,rule
k27ll_10,k27ll,Water covered with ice,"When hero dives, the antagonist covers the water surface with ice or net",7,False,,False,False,False,NONE,,rule
k27m_10,k27m,Task: to kill an animal of unusual color,A task: to kill an animal of special (often unusual) color or form,32,False,,False,False,False,NONE,,rule
k27n_10,k27n,Tasks of the in-laws,Father or other kinsmen of hero's wife or bride try to kill or test him and/or suggest him difficult tasks,337,False,,False,False,False,NONE,,rule
k27n1_10,k27n1,Task-giver is a king or a chief,"Person who gives difficult tasks to the hero is a prominent figure in social hierarchy, i.e. a head of political unit of community- or higher level and not a mythical being",197,False,,False,False,False,NONE,,rule
k27n3a_10,k27n3a,,,49,False,,False,False,False,NONE,,rule
k27n3b_10,k27n3b,,,46,False,,False,False,False,NONE,,rule
k27n3c_10,k27n3c,,,42,False,,False,False,False,NONE,,rule
k27nn_10,k27nn,Envious minister,Not the powerful person himself but his official or adviser tries to get rid of the hero and suggests that the person should give the hero difficult tasks,64,False,,False,False,False,NONE,,rule
k27o_10,k27o,Ball game,A contest: ball game,38,False,,False,False,False,NONE,,rule
k27p_10,k27p,Antagonist mourns loss of his helpers,"The antagonist sends the hero to the place where he is attacked by dangerous creatures. The hero kills them and brings to the antagonist. The creatures are the antagonist's relatives, pets, or helpers, therefore he or she mourns their death or revives them",37,False,,False,False,False,NONE,,rule
k27p1_10,k27p1,Antagonist in animal guise,Antagonist asks the hero to kill or to tame a dangerous animal or not to kill certain animal during a hunt. This animal is the antagonist himself (or his daughter or wife),34,False,,False,False,False,NONE,,rule
k27q_10,k27q,Task: to bring milk of dangerous animal,A task: to bring milk of dangerous animal,51,False,,False,False,False,NONE,,rule
k27r_10,k27r,света,To visit the world of the dead,54,False,,False,False,False,NONE,,rule
k27s_10,k27s,Contest: a race,Contest: a race,100,False,,False,False,False,NONE,,rule
k27ss_10,k27ss,To overcome an old woman,A mighty man has to wrestle or race with an old woman who proves to be very strong,16,False,,False,False,False,NONE,,rule
k27t_10,k27t,Climbing contest,A contest: to climb a pole or tree,14,False,,False,False,False,MENTION,terrestrial,rule
k27u_10,k27u,Hide-and-seek,Hero and his adversary play hide-and-seek. The hero finds his adversary but the adversary cannot find him,64,False,,False,False,False,NONE,,rule
k27u1_10,k27u1,One day from conception to birth,A demand is brought up that a baby would be born the next day after conception or would talk immediately after the birth,12,False,,False,False,False,NONE,,rule
k27v_10,k27v,Task: to hit an aim,"A task: to hit with an arrow or a stone an animal, a bird, or object (usually placed at the top of a tree or pole)",17,False,,False,False,False,MENTION,terrestrial,rule
k27v1_10,k27v1,Dancing apples,"A task: to bring objects (usually fruits) that act like people, i.e. dance, sing and the like",15,False,,False,False,False,NONE,,rule
k27w_10,k27w,Monster brought by the hero kills the task-giver,"Task-giver asks to bring him dangerous being or object possessed by a moster or deity. Hero fulfills the task. The beast, monster, deity or the object itself kills the task-giver",37,False,,False,False,False,NONE,,rule
k27x_10,k27x,Former husband of magic wife,"A man marries a non-human woman. In her world, she has another husband or suitor. She returns to her world, human husband follows her. He stands tests and/or fights with local inhabitants, gets his wife back",18,False,,False,False,False,NONE,,rule
k27x1_10,k27x1,Invisible servant (“Bring don’t know what”),Hero receives a difficult task (usually to bring an object or creature that have no particular indications and properties) and comes across an invisible person who is a powerful and well-disposed servant to anybody who becomes his master. The hero is kind with him and the person helps him,30,False,,False,False,False,NONE,,rule
k27x2_10,k27x2,To steal an egg from under a bird,"Person is able to steal an egg (a nestling, to put it back) from under the bird (to change the bird’s feather; to steal an embryo from animal’s womb, etc.)",36,False,,False,False,False,NONE,,rule
k27x3_10,k27x3,The man persecuted because of his beautiful bride,A powerful person coverts a beautiful bride or wife of a man and gives him impossible tasks to get rid of him,78,False,,False,False,False,NONE,,rule
k27x4_10,k27x4,To climb a tree with a full glass in hand,"Person must climb a tree (pole, rock) with a full open vessel in hand and not a drop should be spilled",8,True,,False,False,False,MENTION,terrestrial,rule
k27y_10,k27y,To get material for making bow and arrows,"Hero is sent or sets off by his own will to get two or more different materials needed for making bow and arrows (wood or reed for shafts, feathers, tendons for string, flint for points, paint to paint the shafts, gum to stick points to the shafts)",25,False,,False,False,False,MENTION,terrestrial,rule
k27yy_10,k27yy,To get a bird from a tree,"Hero is sent to a dangerous tree or rock to bring feathers, nestling, fruits, bark, etc.",24,True,,False,False,False,MENTION,terrestrial,rule
k27z_10,k27z,Game of chance,Confrontation between the hero and his antagonist has a from of a game of chance,33,False,,False,False,False,NONE,,rule
k27z1_10,k27z1,"Not to take a cage, a bridle","Trying to steal a wonderful bird (horse), hero breaks his helper’s instruction (usually not to take anything else besides the animal or object itself) and is caught but released on condition that he brings another wonderful object. Situation is repeated and the last task is to bring a girl. Ultimately the hero gets both the girl and all the objects",18,False,,False,False,False,NONE,,rule
k27z2_10,k27z2,Wife gives birth to her husband’s son  while husband is absent,A man who is far away from his wife visits her using magic or a wife visits her husband incognito. She gives birth to his son but people believe she was untrue to her husband. Ultimately her chastity is recognized,13,False,,False,False,False,NONE,,rule
k27z3_10,k27z3,The cat with the candle,"A man trains a cat (monkey, dog) to hold lighted candle (lamp) on its head. When a mouse (a rat) runs through the room, the cat drops the candle and chases the mouse",37,False,,False,False,False,NONE,,rule
k27z4_10,k27z4,Trained animal of the gambler,"Person always wins a game thanks to a cat (or a mouse) who carries the lamp (or puts the light out in a certain moment). The hero releases a mouse (or correspondingly a cat), the cat runs after it and the person loses the game",21,False,,False,False,False,NONE,,rule
k27z4a_10,k27z4a,,,3,False,,False,False,False,NONE,,rule
k27z5_10,k27z5,An agreement to marry the would be born children,"Two men agree to marry their future children if a girl and a boy will be born. The boy is poor or he loses his former status after his father’s death, the girl’s parents decide to evade the given obligation. The boy grows up and finds his bride",13,False,,False,False,False,NONE,,rule
k27z6_10,k27z6,The stone of patience,Being a victim of the injustice and after much suffering a young woman tells about her fate to certain inanimate objects (often it is “the stone of patience”) or her story is told by her husband. The woman is rescued and the justice restored,25,False,,False,False,False,MENTION,terrestrial,rule
k27z7_10,k27z7,,,11,False,,False,False,False,NONE,,rule
k27zz_10,k27zz,Ogress and blinded wives,"A married man marries another woman who is a transformed ogress/witch. Thanks to her intrigues other wives (the first wife) are blinded and/or confined in an underground hole. A son of one of them overcomes the ogress, returns sight to his mother and her sisters",22,False,,False,False,False,NONE,,rule
k28_10,k28,Father or uncle is rival and enemy,Maternal uncle or father (or grandfather if he replaces father who is not mentioned) of the young man is his rival or enemy and tries to kill him,171,False,,False,False,False,NONE,,rule
k29a_10,k29a,Survives in a fire,"Hero demonstrates his supernatural abilities remaining alive in a burning hot chamber, stove, bonfire, among burning vegetation",151,False,,False,False,False,NONE,,rule
k29b_10,k29b,Posthole murder,"Hero is asked to climb into a hole or pit. When he does it, they fill it with soil or throw down a post, a stone, etc. The hero demonstrates his magic capacities coming back uninjured",28,False,,False,False,False,MENTION,terrestrial,rule
k29c_10,k29c,Brings tree that was fallen on him,"To kill a strong man, others fell a tree and hope that the man will be crashed when it falls on him, or they tie him to a tree. The man remains unharmed and brings the tree home",9,False,,False,False,False,MENTION,terrestrial,rule
k29d_10,k29d,The drunk elephants,"When water in a spring is replaced with alcohol, a big animal becomes drunk and is caught",12,False,,False,False,False,NONE,,rule
k30_10,k30,Flying enemy abducts woman,Flying person or creature abducts a woman but is ultimately killed or the woman escapes from him,74,False,,False,False,False,NONE,,rule
k30a_10,k30a,The chief’s wife and vultures,Wife of a chief abandons him with vultures (usually by her own will being untrue to her husband). The chief (Witoto: her own brother) brings her back,9,False,,False,False,False,NONE,,rule
k31_10,k31,Wooden seal,"Person makes a sea mammal or fish of wood, it carries another person or persons into the open sea or kills him or them",16,False,,False,False,False,MENTION,terrestrial,rule
k32_10,k32,The false wife,"An ugly, old, lazy, etc. woman or a male trickster comes to man under disguise of his wife, bride or (more rare) sister who is driven out, confined to the underworld, killed, etc.",240,False,,False,False,False,NONE,,rule
k32a_10,k32a,Husband goes away for a moment,Man travels with his wife. The imposter replaces her when her husband goes away for a short time,16,False,,False,False,False,NONE,,rule
k32b_10,k32b,Mother substitutes daughterMother takes the appearance of her daughter to replace her,,19,False,,False,False,False,NONE,,rule
k32c_10,k32c,True wife turns into owl,"When the imposter takes place of the real wife, the latter turns into owl",8,False,,False,False,False,NONE,,rule
k32d_10,k32d,True bride sent to work,"A girl (rare: boy) is walking to her or his relations or to her bridegroom. On the way the imposter lures her (him) to exchange clothes and takes her (his) place while the real girl (boy) is sent to look after crops or domestic animals. People hear her (his) song in which all the story is told. The deception is disclosed, the imposter killed",35,False,,False,False,False,NONE,,rule
k32e_10,k32e,"Ones of gold, of silver, of wood",Negative person or place is contrasted with one or two positive ones as wood with silver and gold,6,False,,False,False,False,MENTION,terrestrial,rule
k32f_10,k32f,Bird-son rescues his adopted mother,"An evil spirit abandons a girl or a young woman in a tree or islet. She takes care for a nestling of bird of prey, he grows big, rescues her",6,False,,False,False,False,MENTION,terrestrial,rule
k32g_10,k32g,Punishment: torn apart by horses,"To punish an antagonist, he or she is tied to a horse (camel, bull) or to several horses (camels, etc.) who torn him or her apart",79,False,,False,False,False,NONE,,rule
k32h_10,k32h,Punishment: buried alive,"To punish an antagonist, he or she is buried alive",11,False,,False,False,False,NONE,,rule
k32i_10,k32i,Two sitters at the bed of a sleeping prince,A girl finds a body of a sleeping youth who will wake up at a certain time and marry  the girl who would sit nearby. Usually at the last moment the girl goes away for a time and the impostor takes her place.,21,False,,False,False,False,NONE,,rule
k33_10,k33,Drowned woman remains alive,"A young woman is transformed into an animal, pushed into the water, into the underworld or she herself has to plunge into water. She is not dead, answers a call, comes out to nurse her baby, to help her children. In most cases her husband discovers her, brings her back to earth or helps her to acquire her human form",138,False,,False,False,False,NONE,,rule
k33a_10,k33a,Younger brother transformed into animal,"Siblings (most often younger brother and elder sister) leave their home. One of them (most often the brother, most rare several brothers) turn into animal (usually an ungulate) or (rare) a bird but (in the most cases) ultimately acquires his or her human form again",63,False,,False,False,False,NONE,,rule
k33a1_10,k33a1,Children born in a well,"Pregnant woman is thrown into a well (pond, hole, etc.) where she gives birth to a son (children). She and her children brought alive",17,False,,False,False,False,NONE,,rule
k33b_10,k33b,Friends abandon a pretty girl,"A girl goes with her friends to a river, into a forest, etc. Other girls return home but the heroine has to remain or to go back to the forest, etc. She has a narrow escape from a dangerous creature. marries a supernatural being or a chief, or dies but is avenged",32,False,,False,False,False,MENTION,terrestrial,rule
k33c_10,k33c,Girl from a fruit,Young man gets a girl who is inside a fruit or a flower,35,False,,False,False,False,NONE,,rule
k33d_10,k33d,Donkey’s skin,"A man discovers that a beautiful girl hides herself under a guise of an ugly and dirty servant, under a skin of an animal or in an object that is brought into his house",70,False,,False,False,False,NONE,,rule
k33e_10,k33e,Disappeared and returned children,Babies disappear but are ultimately returned to their mother or father grown up and in good health,30,False,,False,False,False,NONE,,rule
k33f_10,k33f,Basin of honey and basin of oil,"Person promises to fill one basin (fountain, dry river-bed, etc.) with honey and another with oil (milk, etc.) if his wish would be granted. He fulfills the promise either really or formally (honey etc. from broken containers is spilled on earth) ",8,False,,False,False,False,MENTION,terrestrial,rule
k33g_10,k33g,Fruits of two kinds,"One who eats certain fruit (leave, etc.) gets horns (long nose, etc.) or turns into an animal. After eating another fruit (leave) person recovers his or her normal body",49,False,,False,False,False,NONE,,rule
k33h_10,k33h,"The cat, the dog and the magic object",A man obtains an object that fulfills desires. The object is stolen but brought back by the animals which had been formerly saved by the man,91,False,,False,False,False,NONE,,rule
k34_10,k34,Fatal swing,"Person kills others inviting them to sit on a swing and launching them into water, on rocks, etc.",48,False,,False,False,False,MENTION,terrestrial,rule
k35_10,k35,False husband,Imposter takes appearance of the hero to take his position and/or to marry or to violate a woman,75,False,,False,False,False,NONE,,rule
k35a_10,k35a,Hero brands his rivals,"Person who is an excellent food provider or warrior agrees to let the others material proves of his exploits (the killed game, etc.) for the right to brand them or injure their bodies in a certain way or to take from them objects that they should not give off",49,False,,False,False,False,NONE,,rule
k35b_10,k35b,The most delicious dish,"Hero gives his rivals the food provided by him by order of the king but the king finds this food poisonous, useless or tasteless while the food presented by the hero is excellent even if it looks not so good",17,False,,False,False,False,NONE,,rule
k35c_10,k35c,Ogre in a well,An ogre (a dragon) kills everybody who comes to him. The hero is not killed but receives a reward because he greeted the ogre and/or gave a correct answer to his question,18,False,,False,False,False,NONE,,rule
k36_10,k36,"Герой (героиня) временно превращен(а) в животное (обычно в собаку/койота или в осла и т.д.). Обычно когда ему или ей помогают вернуть прежний облик, в животное превращен антагонист. В части текстов метаморфозу испытывает либо только герой, либо только антагонист",Bewitched into animal,98,False,,False,False,False,NONE,,rule
k37_10,k37,To recognize his own among several identical ones,"To return or to get his or her son, wife, husband, domestic animal or (rare) object, person must recognize her, him or it among several identical persons, animals or objects",130,False,,False,False,False,NONE,,rule
k37a_10,k37a,To recognize a man,Person must recognize her (or his) son or husband among several identical persons or (if the son or husband is temporarily transformed) animals,37,False,,False,False,False,NONE,,rule
k37c_10,k37c,To recognize an object or an animal,Person must recognize a particular object or animal among several similar objects or animals,6,False,,False,False,False,NONE,,rule
k37d_10,k37d,,,6,False,,False,False,False,NONE,,rule
k38_10,k38,Hero helps nestlings,"Person does good to nestlings of a powerful bird, the grateful mother bird helps him",89,False,,False,False,False,NONE,,rule
k38a_10,k38a,White and black rams,"Getting to the underworld, hero should take a white ram (horse) which would carry him back to earth. By chance, he takes the black one which carries him even deeper to the lower level of the underworld",31,False,,False,False,False,NONE,,rule
k38b_10,k38b,Snake threatens nestlings,A serpent or water monster regularly devours or injures children of powerful being (almost always: nestlings of giant bird). The bird has no power over the serpent but hero kills the monster,75,False,,False,False,False,NONE,,rule
k38b1_10,k38b1,"Bird steals colts, hero kills the serpent","Every time when a horse gives birth to wonderful colts, they are stolen by a giant bird. A hero goes to get the colts and kills a serpent that regularly devours nestlings of the giant bird",4,False,,False,False,False,NONE,,rule
k38b2_10,k38b2,"Birds carries hero to its place, hero kills the monster",Bird carries a man to its place where he kills a monster who regularly devoured the nestlings,6,False,,False,False,False,NONE,,rule
k38c_10,k38c,Bird carries hero to his destination,"Hero helps a powerful bird (usually does good to her nestlings), grateful bird carries him to the place where he is eager to get or tells to do it one of her nestlings",39,False,,False,False,False,NONE,,rule
k38d_10,k38d,Monster blocks waters,A monster blocks sources of water and usually gives some in exchange for human victims or valuables. Hero kills the monster,68,False,,False,False,False,NONE,,rule
k38e_10,k38e,"Of copper, of silver, of gold","Loci or objects of three (rare – four) different materials are mentioned in such a way that all of them have positive connotations though unequal value (copper, silver and gold; silver, gold and diamonds, etc.)",37,False,,False,False,False,NONE,,rule
k38e1_10,k38e1,Forest of metal trees,"Person travels across a forest with trees of two or more kinds of metal (copper, silver, etc.)",15,False,,False,False,False,MENTION,terrestrial,rule
k38e2_8,k38e2,The packed kingdom,"Coming back from the underworld, abducted princess puts objects that she used there (clothes, house, “kingdom”) into a small container (an egg, a ball, etc.) and brings them with her",12,False,,False,False,False,NONE,,rule
k39_10,k39,Man feeds his own flesh to his animal helper,"Person has to feed powerful creature (usually a giant bird) giving it regularly pieces of meat. When meat supply is exhausted, he cuts off a piece of his own flesh",75,False,,False,False,False,NONE,,rule
k40_10,k40,"One laughs, another weeps",Hero sees two persons or creatures one of which laughs and another cries. The one who cries will be eaten by monster today and the one who laughs he will be eaten tomorrow. The hero kills the monster,13,False,,False,False,False,NONE,,rule
k41_10,k41,Thunder against a serpent ,"Thunder or giant bird fights against a reptile, big water animal or other big and strong creature who lives in water or under the earth",70,False,,False,False,False,NONE,,rule
k42_10,k42,Bird-woman kills men (The loon-woman),"Bird-woman is energetically searching a man whom she likes, takes him by force for her husband. Turning into a monster, she kills men but is ultimately destroyed",10,False,,False,False,False,NONE,,rule
k43a_10,k43a,Compassionate person saves fire,"People abandon a boy, a girl, brother and sister, a group of children, or a young family without fire and food. A compassionate person conceals hot coals for the outlaws in the abandoned camp",38,False,,False,False,False,NONE,,rule
k43b_10,k43b,Bird brings some meat,"People abandon a boy, a girl, brother and sister, a group of children, or a young family without fire and food. The outlaws demonstrate supernatural powers or protectors providing food and lodging. While the abandoned persons have plenty of food other people starve. A person (often a bird like crow, magpie, sea-gull, etc.) visits the abandoned ones and brings from them some food home. This way people get to know that the abandoned ones prosper",24,False,,False,False,False,MENTION,celestial,rule
k43c_10,k43c,Dog unfastens children,Abandoned children are tied to a tree. Helpful dog or other animal unfastens them,9,False,,False,False,False,MENTION,terrestrial,rule
k44_10,k44,False parent,"Spirit or animal person steals a boy, tells him that she or he is his real mother or father. The boy gets to know the truth, leaves the false parent",37,False,,False,False,False,NONE,,rule
k44a_10,k44a,Frog pretends to be mother,"An amphibian (frog, toad, rare newt) steals or finds a boy, lies him that she is his real mother",15,False,,False,False,False,NONE,,rule
k44b_10,k44b,,,7,False,,False,False,False,NONE,,rule
k45_7,k45,Sedna (fingers cut off),"A man throws a woman into the water. She tries to snatch at something, he cuts her fingers off. Usually the woman or/and the cut off fingers turn into water creatures",12,False,,False,False,False,NONE,,rule
k46_10,k46,Woman throws herself into the ocean,"Giving way to a burst of horror or shame, woman or girl runs to the ocean, throws herself into the water or remains on the beach. Her husband or suitor pursues but cannot catch her",8,False,,False,False,False,NONE,,rule
k47a_5,k47a,A woman and a dog,"A woman takes a dog paramour, marries him, gives birth to his children. The puppies turn into human children and usually become ancestors of some groups of people",80,False,,False,False,False,NONE,,rule
k47b_9,k47b,Dog turns into handsome man,A girl marries a handsome man whom she had first seen in guise of a dog,20,False,,False,False,False,NONE,,rule
k47c_7,k47c,Origin of dogs,"A woman marries a dog, gives birth to the ancestors of present dogs who are people's helpers and friends",3,False,,False,False,False,NONE,,rule
k47d_10,k47d,Dog fulfills conditions of marriage,A girl marries a dog because only the dog fulfilled the condition of marriage put by the girl's father,10,False,,False,False,False,NONE,,rule
k48_10,k48,Singing bird of the hero,"Hero has or obtains an unusual bird. An imposter steals it, takes the hero’s place but the bird is mute or cries differently. The hero returns, his bird sings again",22,False,,False,False,False,NONE,,rule
k48a_10,k48a,Birds decorate hero’s attire,"Alive birds and beasts decorate hero's costume and headgear. Imposter steals hero's attire, takes his place but the birds and beasts are mute or cry differently",11,False,,False,False,False,NONE,,rule
k49_10,k49,Dead mother returns to nurse her baby,Dead or driven away woman returns to the human world to her baby that needs mother's care,40,False,,False,False,False,NONE,,rule
k50_10,k50,False wife beheads enemy,A man disguised as a woman comes to his enemy and kills him at night (usually cuts off and carries away his head),21,False,,False,False,False,NONE,,rule
k51_10,k51,The deceived wife,"A Man disappears or goes away for long time. His wife sets off, comes to a house where her husband lives now or first sends her son there. She gets to know that he has married another woman",31,False,,False,False,False,NONE,,rule
k51a_10,k51a,Pushes into a boiling pot,The abandoned wife comes to the new one when the husband is not at home. She kills her rival pushing her head into boiling liquid or pouring it into her ear,12,False,,False,False,False,NONE,,rule
k52_10,k52,Rescue from the sea bottom,"When a woman or a lad comes to the sea bank, she or he is carried away by sea predators (killer-whales, sharks, swordfish). Man descends to the bottom and rescues the woman or lad using his shaman's power",13,False,,False,False,False,NONE,,rule
k52a_10,k52a,Slave pours water on fireplace,"A man descends to the bottom of the sea to rescue his wife. He makes arrangements with a slave who pours water on fireplace producing steam. Hidden behind the steam, the man escapes with his wife",8,False,,False,False,False,NONE,,rule
k52b_10,k52b,Broken adze,A man comes to the non-human beings to get a woman. He secures the help of a slave repairing his adze or axe,9,False,,False,False,False,NONE,,rule
k53_10,k53,Animal skins as metamorphosis amulets,Person temporarily turns into a bird or an animal putting on corresponding skin or animal skins are amulets that become alive and help the person,21,False,,False,False,False,NONE,,rule
k54_10,k54,Two giants,"A man meets a dangerous giant (or serpent) who proves to be friendly to him. When another giant fights with the first one, the man helps his friend",28,False,,False,False,False,NONE,,rule
k54a_10,k54a,Cut tendons,A man and a friendly giant live together. The friendly giant fights with another one and asks the man for help. This help proves to be crucial because the man badly injures a foot of another giant,14,False,,False,False,False,NONE,,rule
k55_10,k55,Chastity rewarded,A powerful supernatural wants to check if his guest made love with his wife or daughter. The person is impotent or (successfully pretends to be) chaste and is rewarded or at least gets no harm. Usually the same episodes repeats with another person who is dissolute or unable to control himself. This person is punished,13,False,,False,False,False,NONE,,rule
k56_10,k56,(Kind and unkind girls,"A girl or a woman meets powerful person, behaves herself in a right way and is successful. Another (or two others) behaves in a wrong way and suffers a reverse (is punished or not rewarded). Rare: the protagonists are a stepchild and a family child of different sex",153,False,,False,False,False,NONE,,rule
k56a_10,k56a,"The unworthy girl fails, the worthy one succeeds","Two or three sisters are sent in succession to powerful person. The first or the first and the second sister behave in a wrong way, perish or do not succeed. The last one behaves correctly, gets a reward",40,False,,False,False,False,NONE,,rule
k56aa_10,k56aa,The dog tests his bride,"Two or three girls in succession become brides of the dog. The first one or two act in a wrong way, perish or do not succeed. The last one behaves correctly, gets a reward",5,False,,False,False,False,NONE,,rule
k56a1_10,k56a1,Mother-in-law helps the girl to fulfill a task,"Coming to powerful man, a girl must make work that she is unable to do. His mother makes the work for her, and she marries the man",5,False,,False,False,False,NONE,,rule
k56a2_10,k56a2,"If asked to do in a bad way, do otherwise","Person (usually a girl) gets to the powerful person (usually an old woman) who asks her to act in a strange and harsh way (to put room in disorder, to bring unclean water, and the like). The person does not according to order but in a rationale and polite way and is recompensed. Another person acts according to the direct sense of the words and is punished",20,False,,False,False,False,NONE,,rule
k56a3_10,k56a3,Not to fix laces on clothes and shoes,"Though laces on her clothes or shoes get loose, a girl on her way to the powerful persons or back should not tie them up",6,False,,False,False,False,NONE,,rule
k56a4_10,k56a4,Dog the messenger,"When the kind girl returns home, a dog barks saying that everything is well with her and when the unkind girl returns (or her dead body is brought home), the dog barks that everything is bad",19,False,,False,False,False,NONE,,rule
k56a4a_10,k56a4a,,,5,False,,False,False,False,NONE,,rule
k56a5_10,k56a5,Old woman becomes a young beauty,An old or ugly woman is transformed into a young beauty. Usually another old woman tries to imitate her but dies or suffers a reverse,15,False,,False,False,False,NONE,,rule
k56a6_10,k56a6,Food asks to be eaten,On the way to the non-human world objects ask a child to taste certain food or to fulfill some work. The child does what was asked and is rewarded,12,False,,False,False,False,NONE,,rule
k56a7_10,k56a7,Strawberries under the snow,In the winter time a girl (rare: a boy) is sent to bring something that is available only in summer. She brings it,19,False,,False,False,False,NONE,,rule
k56a8_10,k56a8,Swallowed by boa,A girl marries an animal or brings an animal to her home that turns into a handsome man. Her sister or friend tries to do the same but perishes or suffers a reverse,13,False,,False,False,False,NONE,,rule
k56a8a_10,k56a8a,Kind girl returns with a handsome man,"One girl goes to the other world, acts correctly and brings back an animal or a box with a handsome man inside. Another girl acts wrongly and suffers a reverse",6,False,,False,False,False,NONE,,rule
k56b_10,k56b,"The worthy man is rewarded, the unworthy punished","First one, then another man meets a powerful person or persons. The first man is worthy and rewarded with treasure, prestige or the like. The second man (or two men) follows him, behaves in a wrong way and is punished",178,False,,False,False,False,NONE,,rule
k56c_10,k56c,Golden axe,"A man loses an axe. A spirit or a powerful official suggests him a golden axe but the man does not accept it. The spirit (official) gives him axes of gold and silver as a reward for his honesty. Usually another man intentionally loses his axe, claims the golden one but receives nothing",32,False,,False,False,False,NONE,,rule
k56d_10,k56d,Broken leg of a nestling,"A man cures injured bird, it brings him a seed from which something valuable grows. Another man intentionally injures and then cures a bird, kit brings him a seed from which something harmful grows",10,False,,False,False,False,NONE,,rule
k56e_10,k56e,Two humpbacks,"Two men have a similar defect (a hump, a lump). One spends a night in a place where spirits free him from his defect. Another comes to the same place but spirits double his defect giving him what they had taken off from the first man",30,False,,False,False,False,NONE,,rule
k56f_11,k56f,To divide a chicken,"A man divides a cooked chicken (goose) according to social ranks of the people (e.g. head of the household gets chicken’s head, his daughters get wings, etc.), takes himself not prestige but meaty parts and is rewarded. Another man brings several chickens but is unable to divide them in a proper way. The first man is called again, divides chickens with ingenuity and is rewarded again",16,False,,False,False,False,NONE,,rule
k57_10,k57,Cinderella,A girl who conceals her beauty and/or is poor and oppressed by her stepmother puts on a splendid attire and comes incognito to a feast where a man of high status falls in love with her. He marries her after identifying her by an object given to her or lost by her or (rare) seeing how she changes her clothes,88,False,,False,False,False,NONE,,rule
k58_10,k58,Construction of watercourse: a tragic love,"Person builds a watercourse as a condition of marriage. When the work is fulfilled, the woman breaks her promise. She or her bridegroom usually die",10,False,,False,False,False,NONE,,rule
k58a_10,k58a,Water for love,Person brings water or a river with fish to the place where a girl agrees to marry him and does not do it if the girl is unwilling,13,False,,False,False,False,MENTION,terrestrial,rule
k59_10,k59,Box for Osiris,"One man puts another into a box, closes the lid (or ties him to a board, to canoe, etc.) and puts the box adrift. It floats to another land, man is released there, returns home, revenges on his enemy",25,False,,False,False,False,NONE,,rule
k60a_10,k60a,How strong are bonds?,Person lets be firmly tied up when another one say that it's only a joke (e.g. a test to see can the first one break bonds),31,False,,False,False,False,NONE,,rule
k60b_10,k60b,Invitation to coffin,"Person is lured into a trap being invited to lie in a box or a hole to measure it. Being unable to liberate himself from the box etc., the person remains in power of his enemies",63,False,,False,False,False,NONE,,rule
k60c_10,k60c,"Touchy with king, patient with stableman","King’s wife is extremely touchy and cannot suffer a slightest pain. She does not say a word, however, when her lover who is a servant or a demon is beating her",15,False,,False,False,False,NONE,,rule
k61a_10,k61a,To get know a secret,"To get know the precise number of certain units, to select certain object among many others, to get know a name of particular person or a reason of particular phenomenon, person tries to surprise the possessor of the knowledge who becomes to speak aloud and unintentionally names the corresponding number, specifies the object, etc.",18,False,,False,False,False,MENTION,terrestrial,rule
k61b_10,k61b,To get know names,Person is eager to get know names of several strangers. He hides himself and creates situations when the strangers call each other by name,11,False,,False,False,False,NONE,,rule
k61c_10,k61c,To name a demon,"A demon suggests to fulfill a difficult work if the person tells him his name after the work is done. At the last moment the person gets know the name by chance, the demon disappears and the person rewarded for being such a good worker. Or the demon comes to take a child but agrees to give it back if the parents guess his (the demon's) name",34,False,,False,False,False,NONE,,rule
k61d_11,k61d,Hard work made her ugly,"Young woman’s bridegroom or husband gets to believe that she is extraordinarily industrious. To conceal the deception, she herself or somebody else makes the man believe that because of hard work women become ugly or change into animals. The man prohibits his wife to work anymore ",37,False,,False,False,False,NONE,,rule
k61e_10,k61e,Woman rewarded for making a person laugh,"When a powerful (supernatural) person gets to see a woman in a ridiculous situation, he or she becomes to laugh (and thus cured from his disease). The woman is rewarded, saved from a danger ",8,False,,False,False,False,NONE,,rule
k62a_10,k62a,Quarrel of mouse and bird,"The war between animals and birds begins because a mouse (rat, mole, etc.) and a small bird cannot divide supplies for winter",29,False,,False,False,False,NONE,,rule
k63_8,k63,Hunting wild people,A man gets to a country which inhabitants hunts of fish people whom they consider wild and equivalent to the real game or fish,12,False,,False,False,False,NONE,,rule
k64_10,k64,Escape from Polyphemos’ cave,Person gets into dwelling of master of animals or monstrous shepherd. The host can kill him. The hero escapes sticking to hair of one of the animals who are going out,70,False,,False,False,False,MENTION,terrestrial,rule
k64a_10,k64a,Blinded cyclops,Person blinds sleeping ogre and escapes from him,58,False,,False,False,False,NONE,,rule
k64b_10,k64b,Object sticks to a body,"Hero's adversary provokes him to touch an object that proves to be sticky. The hero sticks to it, sometimes has to cut off his finger",22,False,,False,False,False,NONE,,rule
k65_3,k65,Genii loci,"Being thrown out, put into certain places, born by primeval couple some beings turn into spirits of particular loci",27,False,,False,False,False,NONE,,rule
k65a_3,k65a,Spirits fall from the sky,"Being thrown down (usually from the sky), some beings get to different places and turn into spirits or animals with particular functions and names",29,True,,False,False,False,METAMORPHOSIS,celestial,rule
k65b_5,k65b,People and spirits,"Spirits or unpleasant animals (reptiles, worms, etc.) are (often: concealed from the eyes of God or deformed) children or miscarriages of the same human couple or the same primeval ancestor who produced first human beings",38,False,,False,False,False,NONE,,rule
k65c_5,k65c,Unwashed children of Eve,A woman gives birth to many children but conceals part of them (rare: all) from God. The concealed children become poor people or non-human beings,33,False,,False,False,False,NONE,,rule
k65c1_5,k65c1,Separating the rich from the poor,A woman gives birth to many children but conceals part of them from God. The concealed children become ancestors of the people of the lower social status while those that had been shown to God become ancestors of the high status people,16,False,,False,False,False,NONE,,rule
k65d_5,k65d,Wrong marriage ritual and the birth of spirits,"The primeval couple is married. First wife has miscarriages or gives birth to spirits, worms or other unpleasant animals. Later, usually after the proper marriage ceremony is organized, she becomes to give birth to real human beings or gods",6,False,,False,False,False,NONE,,rule
k66_10,k66,Extraordinary companions,"Several companions have extraordinary abilities (one who runs fast, one who eats great quantities, one who produces or can withstand severe frost, etc.)",142,False,,False,False,False,NONE,,rule
k67_11,k67,Burned moccasins,"Two men spend a night in a forest, take their moccasins or clothes off usually to dry them near the fire. One plans to burn the moccasins or the clothes of another at night. The latter imperceptible interchange their things and the first man burns his own property",22,False,,False,False,False,MENTION,terrestrial,rule
k67a_11,k67a,Drowned wife,A socially weak man is a nuisance for stronger persons. He gets to know that they plan to drown him and tricks them to drown instead one of them or their own property,45,False,,False,False,False,NONE,,rule
k67b_11,k67b,Bargain not to become angry,"Person of a low social position (who has no supernatural abilities) agrees to a contest with a person of high social position (or with an ogre, etc.)that whoever becomes angry first must suffer a severe punishment. The weaker person abuses the stronger one until the latter erupts in anger.",80,False,,False,False,False,NONE,,rule
k68_10,k68,Blood-clot defends his stepfather,"A weak man abused by a strong one (often his son-in-law) brings home a clot of animal’s blood, from which a child is born. The blood-clot boy avenges the old man",11,False,,False,False,False,NONE,,rule
k69_10,k69,A visit to God,"A group of persons decide to go to the end of the world to meet the Sun or other supreme god. One (or several) of them perish on their way, some reach destination, at least one returns home using the shorter way than the one they have took before",20,True,,False,False,True,MENTION,celestial,rule
k70_10,k70,Two wives: the woman and the frog,"One brother takes a girl, another a frog or toad for a wife, both bring them to their parents, or one man takes two wives, a woman and a frog. Both wives are suggested to pass a test. The girl’s behavior is approved, the frog’s poor qualities are revealed",15,False,,False,False,False,NONE,,rule
k71_10,k71,Coyote first betrays and then saves his brother,"Coyote's brother is victorious against numerous enemies as far as Coyote does not break some taboo. Enemies kill the brother. Coyote gets his remains, escapes, revives him",12,False,,False,False,False,NONE,,rule
k72_10,k72,Three maidens,"Powerful person listens in conversation of three or two women. Each one say what she would do if the person marries her. One promises to bear his son who would have wonderful qualities (or a son and a daughter), two others promise to practice some work or marry other people",78,False,,False,False,False,NONE,,rule
k73_10,k73,Children of the youngest wife,"A young woman promises to bear a wonderful child. In her husband's absence other people (co-wives, mother-in-law, etc.) try to kill the mother and/or the child, usually slandering her",149,False,,False,False,False,NONE,,rule
k73a_10,k73a,Baby child substituted with pup,Rivals of the beloved wife hide or throw away her baby and substitute it with an animal (usually with a pup) or object,106,False,,False,False,False,NONE,,rule
k73a1_10,k73a1,Baby substituted with a broom,"Rivals of the beloved wife hide or throw away her baby and substitute it with a broom, stone or other inanimate object",20,False,,False,False,False,MENTION,terrestrial,rule
k73b_10,k73b,Innocent woman punished,A woman who was falsely accused of killing her new-born child or giving birth to pups and the like is punished in such a way that she must suffer from filth and be taunted by passers by,45,False,,False,False,False,NONE,,rule
k73c_10,k73c,Bird carries baby-girl to its nest,"A bird carries away a baby-girl, brings her up in its nest, the baby becomes a beautiful girl",8,False,,False,False,False,NONE,,rule
k73d_10,k73d,A younger daughter instead of a son,A man who has only daughters needs a son to fulfill the task fit for men (usually to send a son to a prince who needs a soldier). His daughters in succession disguises themselves as men. The elder are scared by dangers and come back but the younger resolves the task. (In Balkan and Caucasus tales the father meets daughters disguised as a robber or a predator animal). See motif F70E,7,False,,False,False,False,NONE,,rule
k74_10,k74,"Hero, his companions and a dwarf","The hero and his companion or companions live together. Every morning one stays at home while another or others go to hunt, etc. A demonic person comes, eats up all the food and beats the cook. Or the man who remained at home comes to the demon himself in search of fire and is maltreated by him. The hero kills or neutralizes the demon",105,False,,False,False,False,NONE,,rule
k74a_10,k74a,Demon claims food and is wounded,"A demonic person comes to the hero and claims food that the latter possesses or cooks. The hero overcomes and wounds him, follows his trace and comes to his world",71,False,,False,False,False,NONE,,rule
k75_10,k75,Bridegroom of the youngest daughter (The loathsome bridegroom),"A girl (usually the youngest of several sisters) does not reject but marries a poor, sick, dirty, old, too young, non-human, etc. man who later demonstrates his supernatural qualities",189,False,,False,False,False,NONE,,rule
k75a_10,k75a,Thrown apple hits the chosen one,"Boy or girl selects one person among many throwing an object (usually an apple) into him or her. This way a girl makes a choice of a husband, a young man of a bride, a boy identifies his father",32,False,,False,False,False,NONE,,rule
k76_10,k76,A strange son,"A boy or (rare) a girl born in family or found by his adoptive parents has strange guise (ball of meat, nut, bag, half of a man, an animal). He or she possesses magic power and usually marries a princess (a prince)",120,False,,False,False,False,NONE,,rule
k76a_9,k76a,Son the frog.,"An (adoptive) son is a frog. He marries a princess, turns into handsome man.",14,False,,False,False,False,NONE,,rule
k76b_9,k76b,Son the snake.,"An (adoptive) son is a snake. He marries a princess, turns into handsome man.",31,False,,False,False,False,NONE,,rule
k76c_9,k76c,Son the gourd.,"An (adoptive) son is a gourd. He marries a princess, turns into handsome man.",11,False,,False,False,False,NONE,,rule
k76d_9,k76d,Son the hedgehog,"An (adoptive) son is a hedgehog. He marries a princess, turns into handsome man.",13,False,,False,False,False,NONE,,rule
k76e_9,k76e,Son the pig,"An (adoptive) son is a pig. He marries a princess, turns into handsome man.",7,False,,False,False,False,NONE,,rule
k77a_10,k77a,Small objects and animals defeat the ogre,"Small objects and animals (rare: animals alone but including harmless and passive ones, e.g. on the dry land fishes) revenge on a powerful enemy making attack on him in succession (usually they hide in his or her house); the enemy is badly injured, runs away or dies",89,False,,False,False,False,NONE,,rule
k77b_11,k77b,Bremen town musicians,Domestic animals get to a place where they meet predators. They frighten them making them to escape,62,False,,False,False,False,NONE,,rule
k77b1_11,k77b1,,,49,False,,False,False,False,NONE,,rule
k77bb_11,k77bb,Weapons of a goat,"A predator animal asks a goat (a ram, etc.) about a purpose of certain parts of his body. The goat describes every part as a weapon able to injure his opponent or the goat really possesses weapons",14,False,,False,False,False,NONE,,rule
k77c_11,k77c,Ones who hide in a house frighten dangerous enemy,"Objects and/or domestic animals live in a house. When dangerous enemy comes, they attack him, he dies or escapes (all texts with K77A and K77B included)",92,False,,False,False,False,NONE,,rule
k78_10,k78,Extracted from finger,"An ogre (an ogress) swallows people, is killed but the people are not found in his or her belly or are found dead. Only when the ogre's finger is cut off, the hero finds a remedy to revive the people or the swallowed up (the swallowed hero himself) come out alive from the finger of the ogre",24,False,,False,False,False,NONE,,rule
k79_10,k79,Snake serves an example of resuscitation ,"Person in a desperate situation gets to see how a snake or other small animal uses remedy to revive or to cure itself or other animals. The person uses the remedy, succeeds",64,False,,False,False,False,NONE,,rule
k80_10,k80,Person not subject to annihilation,Person turns into different objects which another person tries to destroy. Every time a particle of an object remains and undergoes a new metamorphosis. In most case an imposter replaces the true wife or bride and attempts to destroy her but her vital essence passes to different plants and objects. Ultimately the woman acquires her human image again,69,False,,False,False,False,NONE,,rule
k80a_10,k80a,Pipe tells about a murder,"An object or a creature that emerged from remains, decorations, etc. of a killed person tells about his or her fate. Usually a reed grows from the person's grave and a pipe made from the reed tells the story",58,False,,False,False,False,NONE,,rule
k80b_10,k80b,"Killed by the stepmother, eaten up by the father,","The (step)mother kills or orders to kill her small (step)son, eats him or feeds his flesh to her husband. The son revives, usually in the form of a bird who tells about the crime.",43,False,,False,False,False,NONE,,rule
k80c_10,k80c,The cranes of Ibycus,"Person becomes a victim of a murder. Just before dying he or she calls on some birds (animals, celestial bodies, etc.) to bear witness for the crime. Getting to see these birds (the animal, the Moon, etc.) the murderer reveals himself without thinking. Or the birds, being the only witnesses, bring the investigators to the murderers",27,True,,False,False,True,MENTION,celestial,rule
k80d_10,k80d,The stuck in pin,"Person is bewitched (transformed into a bird, faints) when a pin or other sharp object is stuck into her (rare his) body",28,False,,False,False,False,NONE,,rule
k81_10,k81,The handless girl,For minor offence or because of a false accusation a man maims (rare: kills) a girl or young woman and drives her out of his house or (rare) the girl maims herself. The maimed person magically obtains her body integrity (the dead revives) and is happily married,84,False,,False,False,False,NONE,,rule
k82_10,k82,Evil sister-in-law,Wife of a man or wives of a group of brothers envy his (their) sister and tries (try) to destroy her,44,False,,False,False,False,NONE,,rule
k83_10,k83,The sons on a quest for a wonderful remedy for their father,"To cure his father (father-in-law, sister) or to make him young again hero must bring a remedy from a distant country. He fulfills the task, the sick person is cured (becomes young)",90,False,,False,False,False,NONE,,rule
k84_10,k84,Sisters married to animals,Several sisters marry different animals or demons. Usually their husbands help their brother,65,False,,False,False,False,NONE,,rule
k85_10,k85,Horses-brothers,An antagonist possesses a horse which can overtake any other. Hero obtains the brother (sister) of this horse who is the only one to win the race with the antagonist's horse,17,False,,False,False,False,NONE,,rule
k86_10,k86,Weeping child stolen,"Because a small child is ignored or punished by its parents (usually it cries late in the evening), bush spirit or animal carries it away",65,False,,False,False,False,NONE,,rule
k87a_10,k87a,A stolen boy,A forest woman receives or steals a small boy and brings him up to make him her paramour,9,False,,False,False,False,MENTION,terrestrial,rule
k87b_10,k87b,Woman steps into bears’ dung,"Gathering berries a woman steps into bear's dung and curses bears. A bear abducts her and marries her. Her human husband, her brothers, or supernatural person kill the bears",10,False,,False,False,False,NONE,,rule
k88_10,k88,Eyes for food,For minor compensation or because of deceit person lets another one to make him blind,49,False,,False,False,False,NONE,,rule
k89_10,k89,A girl and a witch: presents of kinsfolk,"A girl and a witch marry two brothers. Both daughters-in-law have to bring presents from their kinsfolk. The girl finds her brother, brothers or sister whose disappearance was described in the beginning of the tale and receives treasure. Presents brought by the witch worth nothing",15,False,,False,False,False,NONE,,rule
k89a_10,k89a,In search of the place to abandon the sister,A girl with her maimed sister or brother escapes from a danger. The sister (brother) rejects some places where the girl wants to abandon her or him but agrees with her last suggestion,6,False,,False,False,False,NONE,,rule
k89b_10,k89b,Brother abandoned in a tree,"A girl becomes separated with her brothers (or brother) who die, remain in a tree, on a hill, ascend to the sky, etc. After being happily married, the girl once again meets her brothers who have acquired a non-human nature",11,True,,False,False,False,MENTION,celestial,rule
k89c_10,k89c,Helpful brother is married to bear,A girl parts with her brother or sister who marries a bear and helps the girl,12,False,,False,False,False,NONE,,rule
k90_10,k90,The black and the red ones,"A man gets to see two fighting monsters or animals of contrasted colors (red and black, black and white). He helps one of them and/or one of them helps him",26,False,,False,False,False,NONE,,rule
k90a_10,k90a,Stag antlers stuck in serpent’s throat,Antlers of a stag or tusks of an elephant who a serpent tries to swallow are stuck in its throat,7,False,,False,False,False,NONE,,rule
k91_10,k91,An invisible battle,Hero's dogs or horse or (rare) he himself fight with his adversary in the underworld (under the water). Those who are waiting for the outcome of the combat understand who overcomes whom by the color of water or foam that rises to the surface,24,False,,False,False,False,NONE,,rule
k92_10,k92,King Lear,"A man puts his children questions that seem easy to answer (how they love him, who is the elder in the family, etc.). The elder children flatter, the youngest daughter (rare: son) is reserved and her father drives her away or deprives of inheritance. Later her noble nature becomes evident to him",60,False,,False,False,False,NONE,,rule
k92a_10,k92a,The princess responsible for her own fortune,A girl driven away from home or married to a poor man become prosperous,32,False,,False,False,False,NONE,,rule
k92b_10,k92b,Love you like salt,"A girl answers her father (rare: brother) that she loves him like she loves salt (or that salt is the most valuable, etc.). He becomes angry (usually drives her away) but later satisfies himself that she was right",41,False,,False,False,False,NONE,,rule
k93_10,k93,Twin brothers and a woman,A twin brother or the best friend follows hero's trace and spends a night in his wife's house but rejects to have sex with her,36,False,,False,False,False,NONE,,rule
k93a_10,k93a,Sword of chastity,"Sleeping in one bed with a woman, man puts a sharp or thorny object between them as a sign of chastity",28,False,,False,False,False,NONE,,rule
k94_10,k94,Bird of luck (eaten up head),"Person eats magic bird, fish, small animal, or fruit and becomes prosperous and powerful",88,False,,False,False,False,NONE,,rule
k95_10,k95,United in death,Two persons (usually two lovers) are buried in one grave or not far from each other. Two plants which grow on this place interweave or smoke of two funeral pyres is merged,33,False,,False,False,False,NONE,,rule
k96_10,k96,Fifty sons,Many brothers marry or have to marry in such a way that all their wives are (were) sisters,66,False,,False,False,False,NONE,,rule
k97_10,k97,Now you are grieved as I was,A man is going to kill but spares a giant bird. Later when the bird carries him high in the air he pretends to drop him or to abandon him on a rock. This way the bird wants him to feel the same terror that he felt when the man was going to kill him. Or it is the bird that first drops and picks up a man who later makes the bird feel a similar terror,18,True,,False,False,False,MENTION,terrestrial,rule
k98_10,k98,Animal turns into household,An animal or (rare) a person that gave birth to the hero or supported him for a long time asks his master to kill him. Its remains turn into a house with a household where the hero can live,30,False,,False,False,False,NONE,,rule
k99_10,k99,The sold dream,"A young man or (rare) a girl has a (day-)dream that predicts his or (rare) her future triumph. The dreamer either conceals or reports its contest to his family and in both cases is punished for too high opinion of himself. In the beginning the dreamer sometimes sells his dream to another young man, who becomes the protagonist of the tale. Adventures that follow explain the contest of the dream. The youth becomes rich and happy (e.g. marries heiresses of two kingdoms, that in the dream were symbolized by two suns or a sun and a moon), the girl marries king's son",64,True,,False,False,True,MENTION,celestial,rule
k99a_10,k99a,Father will be attending to his son,A man is told that he will be attending to his son or daughter. He drives his son (daughter) away but the prophecy is fulfilled,29,False,,False,False,False,NONE,,rule
k99b_10,k99b,Eloping with the wrong man,At night a girl’s lover has to carry her away but falls asleep or is late. She is carried away by another man who happened to be on the place ,25,False,,False,False,False,NONE,,rule
k100_10,k100,A faithful servant,"A man gets to know about dangers that threaten his master or his friend of a higher status. He helps his master (friend) to escape the dangers though his own behavior seems strange or hostile. Facing an alternative to be executed or to turn into stone because of revealing the secret, the helper opts for the second. In many cases the master’s child has to be sacrificed to turn the statue back into the man",67,False,,False,False,False,METAMORPHOSIS,terrestrial,rule
k100a_10,k100a,Tobias,"A young man lets free a fish or an animal that was caught or he or his father renders a help to somebody. When the young man sets off for a journey, the grateful creature or person in guise of a stranger becomes his companion and protector",42,False,,False,False,False,NONE,,rule
k100b_10,k100b,A grateful dead,"A young man helps to bury a man and / or pays the debts of the dead man lets free a fish or an animal that was caught or he or his father renders a help to somebody. When the young man sets off for a journey, the grateful creature or person in guise of a stranger becomes his companion and protector",26,False,,False,False,False,NONE,,rule
k100c_10,k100c,Snake inside,Person (usually a young woman) does not know that a snake lives inside her or him and makes her or him ill or dangerous for other people. {Motif K100C is pretty similar to F9f1 but F9f1 links to a cluster of etiological/cosmological motifs related to the idea of a dangerous woman while K100c is related to adventures},23,False,,False,False,False,NONE,,rule
k100d_10,k100d,Helpful animal becomes a prince,"Helpful animal (horse, lion, etc.) asks the hero to kill him and becomes a prince who was this way disenchanted",12,False,,False,False,False,NONE,,rule
k100e_10,k100e,Aggressive stories,Stories become harmful because they think that a certain person does not treat them in a correct way,9,False,,False,False,False,NONE,,rule
k101_10,k101,Night dances of girls,"Every morning girl' or (rare) boy’s clothes are in disorder, the boy looks very tied. People spy on her (or on him) and discover that she or he spends nights in the non-human world",41,False,,False,False,False,NONE,,rule
k102_10,k102,Demonic paramour of mother or sister,A woman who initially is a friend of the hero (his sister or mother) tries to kill him when she becomes allied to a demon whom the hero overcame or (rare) a man who tries to get rid of the hero,97,False,,False,False,False,NONE,,rule
k102a_10,k102a,Father was right,"A man tells his son to kill his sister, mother, or wife. The young man does not fulfill the order but later regrets about it",10,False,,False,False,False,NONE,,rule
k102b_10,k102b,To ride for the last time,A boy or a girl asks permission to ride for the last time his or her favorite animal; then he or she rides away saving his or her life,16,False,,False,False,False,NONE,,rule
k103_10,k103,Helpful cow,"Cow (ox, bull) helps an orphan child or a young woman who got into trouble ",93,False,,False,False,False,NONE,,rule
k103a_10,k103a,,,19,False,,False,False,False,NONE,,rule
k104_10,k104,A red swan,"The youngest of several brothers remains at home, wounds a red swan or duck, goes away following the bird's trace",5,False,,False,False,False,NONE,,rule
k105_10,k105,Wonderful son and rat-children,"A despised wife gives birth to wonderful human children, other wives give birth to animals",5,False,,False,False,False,NONE,,rule
k106_10,k106,Thrown to cows,"To get rid of a baby child or of the magic cock, they throw him into enclosure for animals, but cows or other animals do not trample the child or cock down",47,False,,False,False,False,NONE,,rule
k107_10,k107,Lost husband found,A woman is abandoned by her magic husband. She finds him and becomes his wife again,98,False,,False,False,False,NONE,,rule
k107a_10,k107a,Iron shoes to be worn out,Wandering to the purpose of her or his travel person has to worn out her or his iron shoes or staff,31,False,,False,False,False,NONE,,rule
k107b_10,k107b,,,10,False,,False,False,False,NONE,,rule
k108_10,k108,A revived wife betrays her husband,"Wife dies, husband revives her, she abandons him for another man and is punished",45,False,,False,False,False,NONE,,rule
k109_10,k109,A puppy turns into wife,A man is advised to ask for his service rendered to a powerful being a puppy or a small object (a beaker). The puppy or object turns into beautiful girl who is a daughter of a deity. Other person makes attempts to take the woman away,7,False,,False,False,False,NONE,,rule
k110_10,k110,Reflection of golden sword,Person must get a treasure from the bottom of water body. He understands that what he sees is a reflection in water while the treasure is high in a tree,15,False,,False,False,False,MENTION,terrestrial,rule
k111_10,k111,"Animal suitors rejected, a man from the sky accepted","Mother of a girl rejects in succession birds (and animals) who come to ask her daughter in marriage, but accepts a man from the sky (the Sun) as her son-in-law",7,True,,False,False,True,MENTION,celestial,rule
k112_10,k112,Farm-hand revenges on the Sun,"A poor man condemns the Sun and other supernatural personages responsible for weather, wild animals, etc. that because of them he lost his property. He finds them and punishes them",11,True,,False,True,True,MENTION,celestial,rule
k113_10,k113,Frog-princess,"Several young men (usually three brothers) find wives (usually shooting arrows or throwing objects on the off-chance). The wife of the youngest initially is ugly or non-human (a frog, a snake) but proves to be beautiful enchantress. She and her husband triumph",31,False,,False,False,False,NONE,,rule
k113a_10,k113a,To take wife where arrow falls,A young man shoots an arrow or throws an object on the off-chance to take bride where the object falls,16,False,,False,False,False,NONE,,rule
k114_10,k114,Brothers leave home after their sister is born,"Several brothers leave home immediately after their mother gives birth to a girl. Usually they do not want to have another brother and hope that this time a girl will be born but chance or by evil intent a signal is given that not a girl but a boy is born again. The brothers are disappointed and leave, the girl grows up and travels in search of them",26,False,,False,False,False,NONE,,rule
k115_10,k115,A web at the entrance,"A man escapes from his (her, theirs) pursuers and hides in a cave. A spider spins its web over the hiding place. When the pursuers see the spider web they think the cave is unoccupied and do not enter it",38,False,,False,False,False,MENTION,terrestrial,rule
k116_10,k116,Woman who never laughs (a wife),A woman never laughs. To make her laugh a man commits something that ruins him,10,False,,False,False,False,NONE,,rule
k116a_10,k116a,,,10,False,,False,False,False,NONE,,rule
k117_10,k117,Woman who never laughs (a bride),A man promises a reward to another man who would be able to make laugh or talk his daughter or mother,57,False,,False,False,False,NONE,,rule
k118_10,k118,The prohibited room,Master of the house allows person to enter all rooms besides one. The person breaks prohibition and the master gets to know about it,76,False,,False,False,False,NONE,,rule
k119_10,k119,Puss in boots,"An animal intends to help a poor man to become rich, gets for him a bride, makes other people believe that the groom is rich. The man becomes prosperous indeed",86,False,,False,False,False,NONE,,rule
k119a_10,k119a,Ungrateful master,"An animal makes a poor man rich, gets for him a bride. Then the man becomes prosperous, he rejects his helper",54,False,,False,False,False,NONE,,rule
k120_10,k120,The averted incest,"A man is going to marry his daughter or sister (often puts certain condition on his future marriage, only his daughter or sister complies with them). The girl gets to escape",73,False,,False,False,False,NONE,,rule
k120a_10,k120a,Three dresses,"In order to delay a wedding with an undesirable suitor (her own brother or father, a monster), a girl asks him to give her a dress (often three dresses in succession) of unusual material (like gold, of fly wings, etc.). He does it but the girl runs away",18,False,,False,False,False,NONE,,rule
k120b_10,k120b,,,14,False,,False,False,False,NONE,,rule
k121_10,k121,Wanderer at a crossroad,It is written at a crossroad that following one of the paths person will safely return and following another it will not return (there is often a third path following which person either returns or not). Hero follows the dangerous path,30,False,,False,False,False,NONE,,rule
k122_10,k122,Queen of other world comes to identify hero,"Hero gets to the powerful woman who lives in another world, then returns to the world of humans. Imposter claims hero's deeds for himself. The powerful woman comes and finds the real hero, usually punishes the imposter",19,False,,False,False,False,NONE,,rule
k123_10,k123,Old woman’s curse,A youth or (rare) girl offends an elder woman (often breaks her pot). She makes him or her to be overcome by desire to undertake something dangerous (usually to get a particular marriage partner),30,False,,False,False,False,NONE,,rule
k124_10,k124,There was a greater wonder!,An animal killed by a hunter revives. The animal itself or somebody else tells the hunter that there was a greater wonder with such and such a person. The story follows,8,False,,False,False,False,NONE,,rule
k125_10,k125,House utensil betrays its master,"An enemy asks house utensils or personal objects where their master hid himself or herself or what direction he or she ran away. One of the objects, not treated by the master in a proper way, betrays him or her",25,False,,False,False,False,NONE,,rule
k126_10,k126,Wolf pays for the eaten up horse,A wolf eats up hero's horse but gives him a fare compensation (usually provides a wife),16,False,,False,False,False,NONE,,rule
k127_10,k127,Brothers transform into swans,"A girl has many (more than three) brothers, they turn into birds or ungulate animals (rare: they are killed by magic), ultimately become human again",52,False,,False,False,False,NONE,,rule
k127a_10,k127a,Temporarily mute heroine,"A girl or young woman is bewitched to be mute or must keep silence for a period of time. Just when she has to be put to death, the period of her muteness is over and she is saved",9,False,,False,False,False,NONE,,rule
k128_10,k128,Grazing animals to be preserved by a herdsman ,"A man had to graze animals or birds. If at least one is lost, the master would kill (not reward) him",21,False,,False,False,False,NONE,,rule
k129_10,k129,The disenchanted beauty,"Because of the female antagonist, a girl faints and is taken for dead but her body is not decomposed. A valuable marriage partner breaks the charms, she revives",60,False,,False,False,False,NONE,,rule
k130_10,k130,Is me the most beautiful?,A woman asks if she is the most beautiful among female folk and always receives a positive answer. She tries to get rid of her rival when the answer becomes a negative one,14,False,,False,False,False,NONE,,rule
k130a_10,k130a,,,28,False,,False,False,False,NONE,,rule
k131_11,k131,Men fight over magic objects,"A man on a journey meets tree or two persons who are quarreling over the division of magic objects (a flying carpet, seven mile boots, etc.). The man promises to render a judgment, but he  asks first to try our the objects or suggests the owners to run a race and uses opportunity to escape with the objects",70,False,,False,False,False,MENTION,terrestrial,rule
k131a_10,k131a,Hero settles an argument of animals,"Several animals (often a lion, an eagle, an ant) argue because of an animal carcass or a living place. A man settles their argument, they give him capacity to acquire their form (their qualities)",12,False,,False,False,False,NONE,,rule
k132_10,k132,Invincible chicken,Person of a small size (often a chicken) overcomes powerful adversary despite all attempts to destroy him thanks to objects and animals met on the way and preserved in his bag or inside his body,55,False,,False,False,False,NONE,,rule
k132a_10,k132a,Husband’s cock and wife’s hen,"Husband (rare: wife) sends his cock to earn money and the cock brings it. Wife (husband) sends her hen (cat, her half of a cock, etc.) and it brings filth",13,False,,False,False,False,NONE,,rule
k133_10,k133,Foam-flecked horse,Every morning a horse is exhausted because animals or demonic creatures ride it at night,11,False,,False,False,False,NONE,,rule
k134_10,k134,The planted treasure,"To accuse a guest of theft, a host plants a treasure into his guest’s bag",10,False,,False,False,False,NONE,,rule
k135_10,k135,Seven with one stroke,A weak and timid man or boy overcomes accidentally powerful enemies and gets high esteem,84,False,,False,False,False,NONE,,rule
k136_10,k136,A lad and his cattle,"A lad becomes a master and a leader of great amount of cattle (cows or buffaloes). A princess finds his hair fallen into a river, the lad and his cattle are called to the king",8,False,,False,False,False,MENTION,terrestrial,rule
k136a_10,k136a,Hair picked up from a river,Person finds a hair that was carried by water and decides to marry its owner,34,False,,False,False,False,MENTION,terrestrial,rule
k136b_10,k136b,Rubies from a river,Person finds precious stones (usually in a river) and gets to know their source,14,False,,False,False,False,MENTION,terrestrial,rule
k136c_10,k136c,Killed and revived periodically,Every time when a demonic person goes away he kills or puts asleep a woman reviving her when he comes back,16,False,,False,False,False,NONE,,rule
k137_10,k137,Sister tricks women to come and revive her brother,"When her brother is killed, a girl puts on his clothes and in a guise of a man wins competitions and gets women who are able to revive the dead. She puts the clothes back on her brother and the women come and revive him taking him for their husband. Or a sister is killed and her brother after winning wives tricks them to revive her",6,False,,False,False,False,NONE,,rule
k138_10,k138,Exchange of bodies (king and his minister),Person gets an ability to enter a dead body and revive it. His own body remains dead for this time. Another person takes it for himself while the first one remains in an animal’s body,5,False,,False,False,False,NONE,,rule
k139_10,k139,Pheasant gets burnt,"Servant is roasting meat for his master but is so impressed with a girl’s beauty, that the meat gets burnt. The master comes himself and decides to marry the girl",6,False,,False,False,False,NONE,,rule
k140_10,k140,Ostentatiously ungrateful,"Travelling with his sibling, a youth regularly kills those who help him and save him creating for himself ever more problems",5,False,,False,False,False,NONE,,rule
k141_10,k141,Tamed injurious fairies ,Every one of three supernatural sisters makes harm to people. Hero overcomes them and usually marries them ,11,False,,False,False,False,NONE,,rule
k142_10,k142,Corpse buried many times ,Person kills several people. asks somebody to bury only one and then tells that the dead man has returned. The grave-digger buries several people but believes that it was one and the same corpse,45,False,,False,False,False,NONE,,rule
k143_10,k143,Hero is a bird-catcher,Protagonist of the story is a bird-catcher or a son of a bird-catcher,7,False,,False,False,False,NONE,,rule
k144_10,k144,The predestined death because of an animal,"A certain animal or (rare) man is predicted to become a cause of death of a certain person. When this animal (man) is already dead himself or itself or is faraway, its (his) remains or image becomes the cause of the person’s death",11,False,,False,False,False,NONE,,rule
k145_10,k145,,,8,False,,False,False,False,NONE,,rule
k146_10,k146,,,6,False,,False,False,False,NONE,,rule
k147_10,k147,,,5,False,,False,False,False,NONE,,rule
k148_10,k148,,,12,False,,False,False,False,NONE,,rule
k149_10,k149,,,6,False,,False,False,False,NONE,,rule
L1b_10,L1b,,,20,False,,False,False,False,NONE,,rule
L1c_10,L1c,,,12,False,,False,False,False,NONE,,rule
L1c1_10,L1c1,,,13,False,,False,False,False,NONE,,rule
L1c2_10,L1c2,,,7,False,,False,False,False,NONE,,rule
L1d_10,L1d,,,6,False,,False,False,False,NONE,,rule
L1e_10,L1e,,,8,False,,False,False,False,NONE,,rule
L1f_10,L1f,,,11,False,,False,False,False,NONE,,rule
L3_10,L3,,,55,False,,False,False,False,NONE,,rule
L3a_10,L3a,,,5,False,,False,False,False,NONE,,rule
L4_10,L4,,,73,False,,False,False,False,NONE,,rule
L5c_8,L5c,,,92,False,,False,False,False,NONE,,rule
L5d_10,L5d,,,10,False,,False,False,False,NONE,,rule
L5e_10,L5e,,,5,False,,False,False,False,NONE,,rule
L5f_9,L5f,,,29,False,,False,False,False,NONE,,rule
L5g_10,L5g,,,5,False,,False,False,False,NONE,,rule
L5h_10,L5h,,,5,False,,False,False,False,NONE,,rule
L6_8,L6,,,81,False,,False,False,False,NONE,,rule
L6a_10,L6a,,,26,False,,False,False,False,NONE,,rule
L7_10,L7,,,36,False,,False,False,False,NONE,,rule
L7a_10,L7a,,,16,False,,False,False,False,NONE,,rule
L7b_10,L7b,,,4,False,,False,False,False,NONE,,rule
L9a_8,L9a,,,42,False,,False,False,False,NONE,,rule
L9b_8,L9b,,,24,False,,False,False,False,NONE,,rule
L9c_8,L9c,,,12,False,,False,False,False,NONE,,rule
L9d_8,L9d,,,9,False,,False,False,False,NONE,,rule
L10_8,L10,,,16,False,,False,False,False,NONE,,rule
L10a_10,L10a,,,20,False,,False,False,False,NONE,,rule
L11_8,L11,,,61,False,,False,False,False,NONE,,rule
L12_10,L12,,,5,False,,False,False,False,NONE,,rule
L13_10,L13,,,63,False,,False,False,False,NONE,,rule
L14_8,L14,,,68,False,,False,False,False,NONE,,rule
L15a_8,L15a,,,93,False,,False,False,False,NONE,,rule
L15a1_8,L15a1,,,4,False,,False,False,False,NONE,,rule
L15b_8,L15b,,,10,False,,False,False,False,NONE,,rule
L15b1_8,L15b1,,,4,False,,False,False,False,NONE,,rule
L15c_11,L15c,,,20,False,,False,False,False,NONE,,rule
L15d_8,L15d,,,169,False,,False,False,False,NONE,,rule
L15e_10,L15e,,,30,False,,False,False,False,NONE,,rule
L15f_10,L15f,,,10,False,,False,False,False,NONE,,rule
L15g_10,L15g,,,3,False,,False,False,False,NONE,,rule
L15h_10,L15h,,,54,False,,False,False,False,NONE,,rule
L17_8,L17,,,12,False,,False,False,False,NONE,,rule
L17a_8,L17a,,,63,False,,False,False,False,NONE,,rule
L17b_8,L17b,,,66,False,,False,False,False,NONE,,rule
L18_8,L18,,,69,False,,False,False,False,NONE,,rule
L19b_8,L19b,,,183,False,,False,False,False,NONE,,rule
L20_10,L20,,,19,False,,False,False,False,NONE,,rule
L20a_10,L20a,,,11,False,,False,False,False,NONE,,rule
L21_10,L21,,,15,False,,False,False,False,NONE,,rule
L22_10,L22,,,46,False,,False,False,False,NONE,,rule
L22a_10,L22a,,,30,False,,False,False,False,NONE,,rule
L23_8,L23,,,23,False,,False,False,False,NONE,,rule
L23a_8,L23a,,,4,False,,False,False,False,NONE,,rule
L23b_8,L23b,,,6,False,,False,False,False,NONE,,rule
L24_10,L24,,,45,False,,False,False,False,NONE,,rule
L25_10,L25,,,13,False,,False,False,False,NONE,,rule
L26_10,L26,,,8,False,,False,False,False,NONE,,rule
L27_10,L27,,,31,False,,False,False,False,NONE,,rule
L27a_10,L27a,,,8,False,,False,False,False,NONE,,rule
L28_10,L28,,,56,False,,False,False,False,NONE,,rule
L28a_10,L28a,,,14,False,,False,False,False,NONE,,rule
L29_10,L29,,,12,False,,False,False,False,NONE,,rule
L30_10,L30,,,14,False,,False,False,False,NONE,,rule
L31_10,L31,,,31,False,,False,False,False,NONE,,rule
L31a_10,L31a,,,6,False,,False,False,False,NONE,,rule
L31b_10,L31b,,,16,False,,False,False,False,NONE,,rule
L32_8,L32,,,15,False,,False,False,False,NONE,,rule
L33_8,L33,,,36,False,,False,False,False,NONE,,rule
L33a_11,L33a,,,16,False,,False,False,False,NONE,,rule
L33b_11,L33b,,,12,False,,False,False,False,NONE,,rule
L33c_11,L33c,,,10,False,,False,False,False,NONE,,rule
L33d_10,L33d,,,7,False,,False,False,False,NONE,,rule
L33e_11,L33e,,,15,False,,False,False,False,NONE,,rule
L33f_10,L33f,,,11,False,,False,False,False,NONE,,rule
L33g_11,L33g,,,6,False,,False,False,False,NONE,,rule
L34_10,L34,,,37,False,,False,False,False,NONE,,rule
L35_10,L35,,,10,False,,False,False,False,NONE,,rule
L36_10,L36,,,18,False,,False,False,False,NONE,,rule
L37a_10,L37a,,,103,False,,False,False,False,NONE,,rule
L37b_10,L37b,,,125,False,,False,False,False,NONE,,rule
L37c_10,L37c,,,28,False,,False,False,False,NONE,,rule
L38_10,L38,,,60,False,,False,False,False,NONE,,rule
L38a_10,L38a,,,27,False,,False,False,False,NONE,,rule
L39_10,L39,,,61,False,,False,False,False,NONE,,rule
L39a_10,L39a,,,9,False,,False,False,False,NONE,,rule
L40_10,L40,,,86,False,,False,False,False,NONE,,rule
L40a_10,L40a,,,6,False,,False,False,False,NONE,,rule
L40b_11,L40b,,,12,False,,False,False,False,NONE,,rule
L41_10,L41,,,119,False,,False,False,False,NONE,,rule
L41a_10,L41a,,,39,False,,False,False,False,NONE,,rule
L41b_10,L41b,,,10,False,,False,False,False,NONE,,rule
L42_10,L42,,,180,False,,False,False,False,NONE,,rule
L42a_10,L42a,,,11,False,,False,False,False,NONE,,rule
L42b_10,L42b,,,43,False,,False,False,False,NONE,,rule
L42c_10,L42c,,,8,False,,False,False,False,NONE,,rule
L42d_10,L42d,,,6,False,,False,False,False,NONE,,rule
L42e_10,L42e,,,34,False,,False,False,False,NONE,,rule
L42f_10,L42f,,,5,False,,False,False,False,NONE,,rule
L42g_10,L42g,,,56,False,,False,False,False,NONE,,rule
L43_10,L43,,,32,False,,False,False,False,NONE,,rule
L44_10,L44,,,28,False,,False,False,False,NONE,,rule
L44a_10,L44a,,,15,False,,False,False,False,NONE,,rule
l44b_10,l44b,"The blind got his sight, the lame got his legs","A blind man and a lame man live together and help each other. When they got mortally scared or became to fight, their eyes and legs were cured",10,False,,False,False,False,NONE,,rule
L45_11,L45,,,25,False,,False,False,False,NONE,,rule
L46_10,L46,,,55,False,,False,False,False,NONE,,rule
L47_10,L47,,,20,False,,False,False,False,NONE,,rule
L48_10,L48,,,40,False,,False,False,False,NONE,,rule
L49_10,L49,,,13,False,,False,False,False,NONE,,rule
L50_10,L50,,,27,False,,False,False,False,NONE,,rule
L51_10,L51,,,7,False,,False,False,False,NONE,,rule
L52_10,L52,,,38,False,,False,False,False,NONE,,rule
L53_10,L53,,,118,False,,False,False,False,NONE,,rule
L54_10,L54,,,14,False,,False,False,False,NONE,,rule
L55_10,L55,,,24,False,,False,False,False,NONE,,rule
L56_10,L56,,,48,False,,False,False,False,NONE,,rule
L57_10,L57,,,34,False,,False,False,False,NONE,,rule
L57a_10,L57a,,,35,False,,False,False,False,NONE,,rule
L57b_10,L57b,,,13,False,,False,False,False,NONE,,rule
L58_10,L58,,,27,False,,False,False,False,NONE,,rule
L59_10,L59,,,17,False,,False,False,False,NONE,,rule
L59a_7,L59a,,,8,False,,False,False,False,NONE,,rule
L60_10,L60,,,5,False,,False,False,False,NONE,,rule
L61_10,L61,,,55,False,,False,False,False,NONE,,rule
L62_10,L62,,,11,False,,False,False,False,NONE,,rule
L63_10,L63,,,15,False,,False,False,False,NONE,,rule
L64_8,L64,,,31,False,,False,False,False,NONE,,rule
L65_10,L65,,,65,False,,False,False,False,NONE,,rule
L65a_10,L65a,,,53,False,,False,False,False,NONE,,rule
L65b_10,L65b,,,117,False,,False,False,False,NONE,,rule
L65c_10,L65c,,,5,False,,False,False,False,NONE,,rule
L65d_10,L65d,,,26,False,,False,False,False,NONE,,rule
L66_10,L66,,,25,False,,False,False,False,NONE,,rule
L67_10,L67,,,19,False,,False,False,False,NONE,,rule
L68_10,L68,,,51,False,,False,False,False,NONE,,rule
L69_10,L69,,,11,False,,False,False,False,NONE,,rule
L70_11,L70,,,115,False,,False,False,False,NONE,,rule
L71_10,L71,,,12,False,,False,False,False,NONE,,rule
L72_10,L72,,,228,False,,False,False,False,NONE,,rule
L72a_10,L72a,,,92,False,,False,False,False,NONE,,rule
L72b_10,L72b,,,48,False,,False,False,False,NONE,,rule
L72c_10,L72c,,,22,False,,False,False,False,NONE,,rule
L73_10,L73,,,44,False,,False,False,False,NONE,,rule
L74_10,L74,,,13,False,,False,False,False,NONE,,rule
L74a_10,L74a,,,12,False,,False,False,False,NONE,,rule
L75_10,L75,,,11,False,,False,False,False,NONE,,rule
L76_10,L76,,,4,False,,False,False,False,NONE,,rule
L77_10,L77,,,7,False,,False,False,False,NONE,,rule
L78_10,L78,,,21,False,,False,False,False,NONE,,rule
L79_10,L79,,,14,False,,False,False,False,NONE,,rule
L80_10,L80,,,12,False,,False,False,False,NONE,,rule
L81_10,L81,,,97,False,,False,False,False,NONE,,rule
L81a_10,L81a,,,15,False,,False,False,False,NONE,,rule
L81b_10,L81b,,,15,False,,False,False,False,NONE,,rule
L82_10,L82,,,11,False,,False,False,False,NONE,,rule
L83_8,L83,,,8,False,,False,False,False,NONE,,rule
L84_10,L84,,,12,False,,False,False,False,NONE,,rule
L85_8,L85,,,165,False,,False,False,False,NONE,,rule
L85a_10,L85a,,,35,False,,False,False,False,NONE,,rule
L85b_10,L85b,,,7,False,,False,False,False,NONE,,rule
L85b1_10,L85b1,,,16,False,,False,False,False,NONE,,rule
L85c_8,L85c,,,12,False,,False,False,False,NONE,,rule
L85d_10,L85d,,,6,False,,False,False,False,NONE,,rule
L86_10,L86,,,25,False,,False,False,False,NONE,,rule
L87_10,L87,,,16,False,,False,False,False,NONE,,rule
L88_10,L88,,,9,False,,False,False,False,NONE,,rule
L89_10,L89,,,15,False,,False,False,False,NONE,,rule
L90_8,L90,,,43,False,,False,False,False,NONE,,rule
L91_10,L91,,,7,False,,False,False,False,NONE,,rule
L92_10,L92,,,22,False,,False,False,False,NONE,,rule
L93_10,L93,,,15,False,,False,False,False,NONE,,rule
L93a_9,L93a,,,113,False,,False,False,False,NONE,,rule
L93b_9,L93b,,,22,False,,False,False,False,NONE,,rule
L94_10,L94,,,110,False,,False,False,False,NONE,,rule
L94a_10,L94a,,,34,False,,False,False,False,NONE,,rule
L95_10,L95,,,20,False,,False,False,False,NONE,,rule
L95a_8,L95a,,,8,False,,False,False,False,NONE,,rule
L96_10,L96,,,58,False,,False,False,False,NONE,,rule
L96a_10,L96a,,,21,False,,False,False,False,NONE,,rule
L97_10,L97,,,10,False,,False,False,False,NONE,,rule
L98_8,L98,,,54,False,,False,False,False,NONE,,rule
L99_10,L99,,,14,False,,False,False,False,NONE,,rule
L100_10,L100,,,45,False,,False,False,False,NONE,,rule
L100a_11,L100a,,,13,False,,False,False,False,NONE,,rule
L100b_10,L100b,,,35,False,,False,False,False,NONE,,rule
L100c_10,L100c,,,13,False,,False,False,False,NONE,,rule
L100d_10,L100d,,,78,False,,False,False,False,NONE,,rule
L101_10,L101,,,18,False,,False,False,False,NONE,,rule
L102_10,L102,,,13,False,,False,False,False,NONE,,rule
L103_10,L103,,,93,False,,False,False,False,NONE,,rule
L104_10,L104,,,107,False,,False,False,False,NONE,,rule
L105_10,L105,,,41,False,,False,False,False,NONE,,rule
L106_10,L106,,,52,False,,False,False,False,NONE,,rule
L106a_11,L106a,,,21,False,,False,False,False,NONE,,rule
L106b_10,L106b,,,62,False,,False,False,False,NONE,,rule
L107_8,L107,,,34,False,,False,False,False,NONE,,rule
L108_10,L108,,,127,False,,False,False,False,NONE,,rule
L108a_10,L108a,,,40,False,,False,False,False,NONE,,rule
L108b_11,L108b,,,49,False,,False,False,False,NONE,,rule
L108c_10,L108c,,,21,False,,False,False,False,NONE,,rule
L108e_10,L108e,,,11,False,,False,False,False,NONE,,rule
L108f_10,L108f,,,4,False,,False,False,False,NONE,,rule
L108g_10,L108g,,,3,False,,False,False,False,NONE,,rule
L109_10,L109,,,18,False,,False,False,False,NONE,,rule
L110_10,L110,,,116,False,,False,False,False,NONE,,rule
L110a_10,L110a,,,5,False,,False,False,False,NONE,,rule
L111_10,L111,,,15,False,,False,False,False,NONE,,rule
L112_10,L112,,,20,False,,False,False,False,NONE,,rule
L113_10,L113,,,42,False,,False,False,False,NONE,,rule
L114_10,L114,,,54,False,,False,False,False,NONE,,rule
L114a_10,L114a,,,29,False,,False,False,False,NONE,,rule
L114b_10,L114b,,,54,False,,False,False,False,NONE,,rule
L114b1_1,L114b1,,,30,False,,False,False,False,NONE,,rule
L115_10,L115,,,15,False,,False,False,False,NONE,,rule
L116_10,L116,,,19,False,,False,False,False,NONE,,rule
L116a_10,L116a,,,13,False,,False,False,False,NONE,,rule
L117_10,L117,,,11,False,,False,False,False,NONE,,rule
L118_11,L118,,,74,False,,False,False,False,NONE,,rule
L119_10,L119,,,4,False,,False,False,False,NONE,,rule
L120_10,L120,,,24,False,,False,False,False,NONE,,rule
L121_10,L121,,,13,False,,False,False,False,NONE,,rule
L122_8,L122,,,11,False,,False,False,False,NONE,,rule
L123_11,L123,,,5,False,,False,False,False,NONE,,rule
L124_10,L124,,,5,False,,False,False,False,NONE,,rule
L125_10,L125,,,34,False,,False,False,False,NONE,,rule
L126_10,L126,,,13,False,,False,False,False,NONE,,rule
m1a_10,m1a,Caiman ferries the Pleiades-brothers,Caiman ferries a person or a group of brothers who later turn the Pleiades,5,False,,False,False,False,MENTION,celestial,rule
m1b_10,m1b,Caiman ferries a monkey,"Caiman ferries a monkey across a river. Reaching the opposite bank, the monkey escapes before the caiman gets to catch it",5,False,,False,False,False,MENTION,terrestrial,rule
m2_10,m2,Riding down a tree,A man descends from top of a tree or rock down a chain of animals or on the back of an animal who climbs or runs down the trunk,10,True,,False,False,False,MENTION,terrestrial,rule
m3_10,m3,Chain of animals,"Person crosses a water or air space along the chain of many animals, birds or fish",44,False,,False,False,False,NONE,,rule
m3a_11,m3a,Counting water animals,"Animal who does not swim well suggests animals who live in water to count their number. For this, they should make a chain and he would run along it. It is but a trick to cross a body of water",27,False,,False,False,False,NONE,,rule
m4_10,m4,A wrong step,"Crossing a body of water or descending a tree, person steps on an certain part of a body of an animal or on a certain animal that have made a chain (usually despite warning that he should not do it) and falls down or drowns as a result",14,False,,False,False,False,MENTION,terrestrial,rule
m5_11,m5,Provoked insult,"Being in a situation when his life depends on a good will of a demon or animal, person either resists or does not resist the temptation to insult or to beat, bite, etc. the latter",79,False,,False,False,False,NONE,,rule
m5a_9,m5a,Rat in the water,A rat or other animal which cannot swim well rides a canoe with other creatures who can swim or fly and unlike them gets into trouble when the canoe sinks. Usually a water creature carries the rat to the shore but the latter defecates on its savior or kills it,17,False,,False,False,False,NONE,,rule
m6_10,m6,Night with a partridge,"A young man or girl spends night in the forest. The forest partridge (Tinamus sp.) provides him or her a fire, a shelter and/or a hammock but takes them away and flies away itself when the person does something wrong",17,False,,False,False,False,MENTION,terrestrial,rule
m7_10,m7,Waiting to be picked up,"Getting into the lower or upper world, to an island, a country at the horizon, etc. a man is unable to move further and waits for somebody who could bring him to his destination. Some animals, birds or celestial bodies pass by, the last one (often the Sun or the Moon) picks him up and brings to the place he is eager to go",18,True,,False,False,True,MENTION,celestial,rule
m7a_10,m7a,Left in water,A bird or an animal takes hero into its boat but acquires its animal guise and leaves him alone in water when he breaks a taboo,3,False,,False,False,False,NONE,,rule
m8_10,m8,Breaking the obstacle,Non-human persons work hard to destroy a strong and durable obstacle that blocks access to some place or object,105,False,,False,False,False,NONE,,rule
m8a_10,m8a,Birds peck a rock to release prisoners,"Birds and sometimes also animals work hard to break from the outside or from the inside a rock, a tree truck, bonds, etc. to release some beings or themselves from confinement in a small enclosure or trap",57,True,,False,False,False,MENTION,terrestrial,rule
m8b_3,m8b,Birds break an obstacle to get water,Birds or (rare) animals work hard to break a rock or a cane and get water or honey concealed inside,7,True,,False,False,False,MENTION,terrestrial,rule
m8c_10,m8c,The stuck up eyes,"Birds peck through a layer of clay, wax, pitch etc. with which person’s eyes or anus are stuck up ",8,False,,False,False,False,NONE,,rule
m8d_10,m8d,Birds break body covering,Birds work hard to peck through the substance that covers some beings' body or to reach its entrails,10,False,,False,False,False,NONE,,rule
m9_10,m9,Stuck in a tree hollow,Person who puts her or his head or hand into a tree hollow or (rare) other hole is stuck fast or falls into the hollow and dies or undergoes a metamorphosis,29,False,,False,False,False,METAMORPHOSIS,terrestrial,rule
m9a_10,m9a,Transformed into tree-frog,Person who sucks honey greedily from a tree hollow and/or is stuck in it turns into tree-frog,12,False,,False,False,False,METAMORPHOSIS,terrestrial,rule
m10_10,m10,A girl and a honey,"A girl or a woman who was stuck in a tree-hollow when she tried to extract honey or who was greedily sucking honey otherwise, dies or turns into the honey or into the bee",18,False,,False,False,False,METAMORPHOSIS,terrestrial,rule
m11a_10,m11a,Fish extracted from body,Person serves people fish extracted from her or his own body,8,False,,False,False,False,NONE,,rule
m11b_10,m11b,Meat extracted from body,A woman serves a man a good meat cut from her own body and does not do it anymore when the man got to know about the source of the meat,4,False,,False,False,False,NONE,,rule
m11c_10,m11c,Gets lard from his body,"A male person cuts or roasts his own body to extract meat, lard or blood, cooks it and serves to his guest without injuring himself. Such a food is not considered to be unclean",83,False,,False,False,False,NONE,,rule
m12_10,m12,The unlucky hunter,"Not to return home empty-handed, a hunter or (rare) a fisherman cuts off a piece of flesh from his body (usually from his calf) or (more rare) extracts his blood or entrails. Usually he brings his flesh or blood to other people pretending that is a good game or fish; or a woman cuts off a piece of flesh from her calf to feed her husband",42,False,,False,False,False,NONE,,rule
m13_10,m13,God grants requests to his visitors,Some persons ask the supreme deity (usually coming to him) to fulfill their demands. The deity does it according to the letter and not to the spirit of the demand,12,False,,False,False,False,NONE,,rule
m13a_10,m13a,Transformed into stone,God agrees or suggests to fulfill a demand of a man. As a result the latter is transformed into a stone,9,False,,False,False,False,METAMORPHOSIS,terrestrial,rule
m14a_10,m14a,Roasted alive,"To revenge on his wife and her kinsfolk, a man roasts her alive",11,False,,False,False,False,NONE,,rule
m15_10,m15,Tied to a tree,A girl or young woman is tied to the top of a tree or impaled on the sharpened top of a tree and abandoned by a man. Somebody (usually her brothers) attempt to save her,8,False,,False,False,False,MENTION,terrestrial,rule
m16_10,m16,Ugly or sick becomes healthy and handsome,"A wife, bride or mother of a sick or ugly boy or man does not care for him. He becomes healthy and handsome, punishes and/or abandons her",47,False,,False,False,False,NONE,,rule
m16a_10,m16a,Diving bird’s medicine,A supernatural helper (usually a loon) makes a blind man to regain his eyesight diving with him into water,33,False,,False,False,False,NONE,,rule
m17_10,m17,Woman lies that man missed,"A blind man or lad kills an animal. His wife or (grand)mother lies that he has missed, cooks and eats all the meat alone",39,False,,False,False,False,NONE,,rule
m18_11,m18,Stolen arrows and hooks,"Person transforms himself into an object of hunting or fishing and provokes hunters of fishermen to catch or shoot him. Arrows, darts, a harpoon stick in his body, he carries them away or he bites off and carries away a fishing hook. Or he fishes by way of turning himself into a hook. Another or (rare) the same person tries to repeat the trick but suffers a reverse (usually is fished out)",57,False,,False,False,False,NONE,,rule
m18a_11,m18a,Getting arrows,"Person turns into a fish or game and exposes himself as a target. A lot of arrows, darts or harpoons stick in his body making him no harm, he carries them away",16,False,,False,False,False,NONE,,rule
m18b_11,m18b,Getting fishing hook or harpoon,Person turns into a fish to steal fishing hook or harpoon or he turns into fishing hook to catch a fish,37,False,,False,False,False,NONE,,rule
m19_11,m19,The bait-person,Person ties another one (usually a child) to a fishing line to use him as a bait or orders the tied one to catch fish with his hands,10,False,,False,False,False,NONE,,rule
m20_11,m20,Trickster’s jaw injured,Person steals bait or fish from fishhooks. His bill or jaw is ripped off or otherwise injured. Usually the trickster gets the ripped off jaw back,13,False,,False,False,False,NONE,,rule
m21_10,m21,A protector hides fugitives,Person is pursued by an enemy. A man or an animal hides him on his own body or nearby,138,False,,False,False,False,NONE,,rule
m21a_10,m21a,Under pretext  of a toothache,"Person is pursued by an enemy. A bird or animal hides him or her in its mouth (under a wing) and  pretends not to be able to open the mouth (to raise a wing) because of a tooth ache, some injury and the like",14,False,,False,False,False,NONE,,rule
m22_9,m22,Helpful stock,"A long-necked bird living near water (stork, heron, bittern, swan) saves person from dangerous pursuer",43,False,,False,False,False,NONE,,rule
m22a_9,m22a,Stock guardian,"A long-necked bird living near water (stork, heron, swan) is a guard in a strange house or land where hero comes",7,False,,False,False,False,NONE,,rule
m23_11,m23,Mock plea,Рerson or creature pretends to be afraid of a particular sort of treatment that really cannot do him any harm,131,False,,False,False,False,NONE,,rule
m24_11,m24,Turtle’s war party,Turtle goes to war and/or is captured by enemies,23,False,,False,False,False,NONE,,rule
m24A_11,m24A,,,11,False,,False,False,False,NONE,,rule
m25_11,m25,Banquet in the sky,"To take part in a feast or to visit God or celestial object, person ascends to the sky. To return, he either uses a rope but falls before reaching ground or jumps (falls) down from the sky and is badly hurt, dead, and/or transformed",42,True,,False,False,False,MENTION,celestial,rule
m26_11,m26,Ducks rise hunter into the air,"Person attempts to hunt ducks or geese catching them by the legs. They rise him into the air, he falls down",10,False,,False,False,False,NONE,,rule
m26a_11,m26a,,,22,False,,False,False,False,NONE,,rule
m27_10,m27,Coming back from the sky,A tree or a chain of reeds by which people have ascended to the sky is destroyed. On their way back they fall to the ground. Some of them remain in the sky for ever or longer than others,12,True,,False,False,False,MENTION,celestial,rule
m28_11,m28,Icarus (failed attempt to fly on artificial wings),Person flies on artificial wings or partly turning himself into a bird but falls to the ground or remains in a far away place being unable to fly any more,61,False,,False,False,False,NONE,,rule
m29a_9,m29a,Trickster-raven,"In episodes related to deception, absurd, obscene or anti-social behavior the protagonist is raven",78,False,,False,False,False,NONE,,rule
m29b_9,m29b,"Trickster-fox, jackal or coyote","In episodes related to deception, absurd, obscene or anti-social behavior the protagonist is fox, jackal or coyote",339,False,,False,False,False,NONE,,rule
m29c_9,m29c,Trickster-skunk,"In episodes related to deception, absurd, obscene or anti-social behavior the protagonist is skunk",12,False,,False,False,False,NONE,,rule
m29d_9,m29d,Trickster-mink,"In episodes related to deception, absurd, obscene or anti-social behavior the protagonist is mink",9,False,,False,False,False,NONE,,rule
m29f_9,m29f,Trickster-wolverine,"In episodes related to deception, absurd, obscene or anti-social behavior the protagonist is wolverine",19,False,,False,False,False,NONE,,rule
m29g_9,m29g,Trickster-hare or rabbit,"In episodes related to deception, absurd, obscene or anti-social behavior the protagonist is hare or rabbit",163,False,,False,False,False,NONE,,rule
m29g1_9,m29g1,,,103,False,,False,False,False,NONE,,rule
m29gg_9,m29gg,Trickster-hedgehog,"In episodes related to deception, absurd, obscene or anti-social behavior the protagonist is hedgehog",10,False,,False,False,False,NONE,,rule
m29h_9,m29h,Trickster-owl,"In episodes related to deception, absurd, obscene or anti-social behavior the protagonist is owl",14,False,,False,False,False,NONE,,rule
m29i_9,m29i,Trickster-hawk,"In episodes related to deception, absurd, obscene or anti-social behavior the protagonist is hawk",13,False,,False,False,False,NONE,,rule
m29j_9,m29j,Trickster is a water bird,"In episodes related to deception, absurd, obscene or anti-social behavior the protagonist is a water bird",12,False,,False,False,False,NONE,,rule
m29k_9,m29k,"Trickster is a turtle, a toad or a frog","In episodes related to deception, absurd, obscene or anti-social behavior the protagonist is a turtle (or tortoise), a toad or a frog",128,False,,False,False,False,NONE,,rule
m29l_9,m29l,Trickster is an opossum,"In episodes related to deception, absurd, obscene or anti-social behavior the protagonist is an opossum",24,False,,False,False,False,NONE,,rule
m29m_9,m29m,Trickster is a rat,"In episodes related to deception, absurd, obscene or anti-social behavior the protagonist is a rat",16,False,,False,False,False,NONE,,rule
m29n_9,m29n,Trickster is a mouse,"In episodes related to deception, absurd, obscene or anti-social behavior the protagonist is a mouse",11,False,,False,False,False,NONE,,rule
m29nn_9,m29nn,Trickster is a ground squirrel ,"In episodes related to deception, absurd, obscene or anti-social behavior the protagonist is a ground squirrel (Xerux sp.)",7,False,,False,False,False,NONE,,rule
m29o_9,m29o,Trickster is a monkey,"In episodes related to deception, absurd, obscene or anti-social behavior the protagonist is a monkey",30,False,,False,False,False,NONE,,rule
m29p_9,m29p,Trickster is a spider,"In episodes related to deception, absurd, obscene or anti-social behavior the protagonist is a spider",24,False,,False,False,False,NONE,,rule
m29q_9,m29q,Trickster is a racoon,"In episodes related to deception, absurd, obscene or anti-social behavior the protagonist is a racoon",9,False,,False,False,False,NONE,,rule
m29qq_9,m29qq,Trickster is an anteater,"In episodes related to deception, absurd, obscene or anti-social behavior the protagonist is an anteater",10,False,,False,False,False,NONE,,rule
m29r_9,m29r,Trickster is a porcupine,"In episodes related to deception, absurd, obscene or anti-social behavior the protagonist is a porcupine",18,False,,False,False,False,NONE,,rule
m29u_9,m29u,Trickster is the Moon,"In episodes related to deception, absurd, obscene or anti-social behavior the protagonist is the Moon",31,True,,False,False,True,MENTION,celestial,rule
m29v_9,m29v,Trickster is a small ungulate,"In episodes related to deception, absurd, obscene or anti-social behavior the protagonist is a small ungulate (deer, gazelle, antelope)",35,False,,False,False,False,NONE,,rule
m29w_9,m29w,Trickster is a feline,"In episodes related to deception, absurd, obscene or anti-social behavior the protagonist is a feline (jaguar, ocelote, puma)",16,False,,False,False,False,NONE,,rule
m29x_9,m29x,Trickster is a hyena ,"In episodes related to deception, absurd, obscene or anti-social behavior the protagonist is a hyena",22,False,,False,False,False,NONE,,rule
m29x1_9,m29x1,Trickster is a badger,"In episodes related to deception, absurd, obscene or anti-social behavior the protagonist is a badger",9,False,,False,False,False,NONE,,rule
m29y_9,m29y,Trickster is a wren,"In episodes related to deception, absurd, obscene or anti-social behavior the protagonist is a wren",9,False,,False,False,False,NONE,,rule
m30_11,m30,Trickster falls down,"Person or creature who has no wings or is unable to fly on a long distance attempts to ascend to the sky or to fly far away but falls down or, deprived of his wings, remains in a place from which he is unable to return",190,True,,False,False,False,MENTION,celestial,rule
m30a_11,m30a,Person defecates on a trickster,Trickster who flies over a village falls to the ground. They bind him and defecate on him,9,False,,False,False,False,NONE,,rule
m31_11,m31,Trickster thrown into the water,Animal person who cannot swim asks a good swimmer to carry him. The latter agrees only to throw his rider into the water,5,False,,False,False,False,NONE,,rule
m32_11,m32,Anus opened,Food or liquid that person swallows are immediately pouring out from his bottom part,26,False,,False,False,False,NONE,,rule
m32a_11,m32a,Eating pieces of flesh that fall out,Person's intestines or pieces of flesh from his bottom part fall out. He eats them up taking for a good meat or fat,9,False,,False,False,False,NONE,,rule
m33_11,m33,Anus closed,"Person himself or somebody else stitches up or firmly stops his anus (with wax, clay, grass, etc.)",18,False,,False,False,False,NONE,,rule
m34_11,m34,Thrown object turns into tail,An object thrown into person becomes his tail and the person himself an animal,8,False,,False,False,False,NONE,,rule
m35_11,m35,Cold enduring competition,Two animal persons compete to see who could withstand cold all the night. At dawn one is dead,8,False,,False,False,False,NONE,,rule
m36_11,m36,Dismantles himself to crawl through an opening,"Person is imprisoned inside a tree, stone, a ball of ice, etc. He or somebody else makes the opening but it is too narrow. The person puts himself to pieces (or turns into fog), inserts them into the opening, outside puts the pieces together again",12,False,,False,False,False,METAMORPHOSIS,terrestrial,rule
m37_10,m37,Blow of axe,Person or person's head is split with the blow of an axe. Person remains (or must remain if the procedure is realized in correct way) uninjured,5,False,,False,False,False,NONE,,rule
m38_11,m38,Stupid imitation (The bungling host),"Person sees others act using magic or according to their animal nature. Back at home, he imitates their actions and gets in trouble. Actions are not heroic deeds, competitions or tests and mostly refer to providing and cooking food",155,False,,False,False,False,NONE,,rule
m38a_11,m38a,Imitating wife’s kinfolk,Person imitates actions of his son- or brothers-in-law or (among Comox and Halcomelem) of his wives,25,False,,False,False,False,NONE,,rule
m38b_11,m38b,Stupid wives imitate magic one,A rejected wife acts using magic. Other wives try to imitate her and perish,23,False,,False,False,False,NONE,,rule
m38c_11,m38c,Old people forged into young ones,In forgery person forges old people into the young ones. A smith who has no supernatural power unsuccessfully tries to imitate him,33,False,,False,False,False,NONE,,rule
m39a_11,m39a,Fool takes off boots from animals’ legs,"Two brothers live with their mother. One of them makes stupid actions like (all or some of them): lets free animals that got into a snare but kills his mother; thinks that an animals (reindeer, cow, horse, etc.) does not want to step into the water because they are afraid to make their shoes or clothes wet, cuts their hooves off or flays them; thinks that a certain place on a head of a baby is a tumor, sucks baby's brains out; cuts a cloth into pieces and ties them to reeds of to branches of a tree; hearing a murmur of water throws food into the water; tries to build a hut not on a river bank but in the river",17,False,,False,False,False,MENTION,terrestrial,rule
m39a1_11,m39a1,Misunderstood instructions: a step behind,Fool follows instructions that were reasonable in every previous episode but become absurd in every next one,74,False,,False,False,False,MENTION,celestial,rule
m39a2_11,m39a2,Misunderstood instructions: a sharp object,Fool is acting in an absurd way taking instructions literally or being one step behind. One of the episodes is related to treatment of a needle or other sharp objects,8,False,,False,False,False,MENTION,celestial,rule
m39a3_11,m39a3,Had your daughter horns?,"Fool kills a person, throws the body into a pond or a well. His relation throws there a dead goat. Searching for the corpse in the pond, the fool asks if the killed person had horns, etc. People see that he is really crazy and do not suspect him of a crime",17,False,,False,False,False,NONE,,rule
m39a4_11,m39a4,Fool and his shadow,Fool takes his own shadow for a person who pursues him and gives it his possessions,12,True,,False,False,False,MENTION,terrestrial,rule
m39a4a_11,m39a4a,Selling a cow to a lizard (Money inside the statue),"Fool sells (gives) goods to an animal or a plant and believes that the buyer will pay or he makes a work which nobody asked him to do mistaking an animal for a master. When he comes for the money, he beats the animal or a plant (follows the animal) and finds treasure",46,False,,False,False,False,MENTION,terrestrial,rule
m39a5_11,m39a5,Fool kills goats for eating pears,Fool brings his goats to a fruit tree and kills them when they become to eat fruits that he has thrown down from the tree,4,False,,False,False,False,MENTION,terrestrial,rule
m39a5a_11,m39a5a,,,59,False,,False,False,False,NONE,,rule
m39a6_11,m39a6,Misunderstood instructions: to cut a road,A wayfarer asks his companion in an allegorical for to tell a story. The companion takes his words in the direct sense and acts stupidly,20,False,celestial,True,False,False,MENTION,celestial,rule
m39a6a_10,m39a6a,Clever daughter-in-law of the prisoner,"A powerful man finds a clever wife for his son or for himself. Being imprisoned by enemies he or his daughter-in-law sends a message that only they two understand. The enemies are destroyed, the prisoner is released (rare: his body is found).",18,False,,False,False,False,NONE,,rule
m39a6b_10,m39a6b,King the craftsman,"A poor girl agrees to marry a prince only if he learns some craft. He does it, marries the girl and then gets into hands of some criminals. He promises them to produce valuable object that they can sell for good money. His wife or (rare) his father recognize his work (or read signs of the object). He is released, the criminals killed",7,False,,False,False,False,NONE,,rule
m39a6c_10,m39a6c,,,24,False,,False,False,False,NONE,,rule
m39a6d_10,m39a6d,,,48,False,,False,False,False,NONE,,rule
m39a6e_10,m39a6e,,,13,False,,False,False,False,NONE,,rule
m39a6f_10,m39a6f,,,10,False,,False,False,False,NONE,,rule
m39b_11,m39b,Fool attacks his own dwelling,"Person does not put attention to which direction his canoe goes. As a result he returns to his own dwelling, attack its inhabitants killing his own kin",5,False,,False,False,False,NONE,,rule
m39b1_11,m39b1,Paddling in both directions,Persons sitting in a canoe paddle in opposite directions and the canoe does not move,5,False,,False,False,False,NONE,,rule
m39c_11,m39c,Pumpkin sold as a donkey’s egg,"A numskull finds or buys an unknown fruit (pumpkin, melon, etc.). He mistakes it for an egg of a donkey (mare. camel, etc.). When he drops it or throws it off he scares a hidden hare (rabbit, fox, mouse, etc.). The fool thinks the fugitive is a young animal hatched from the egg",51,False,,False,False,False,MENTION,terrestrial,rule
m39d_11,m39d,Four plaintiffs and one defendant,In succession and unintentionally a man causes damage to others. All of them together bring him to the court. In each case the judge makes decisions that are formally logical but patently unacceptable and saves the man,49,False,,False,False,False,NONE,,rule
m39e_11,m39e,What sort of a tree?,"Asking about minor details of the case, a judge demonstrates that the plaintiff (or the defendant) lies because he does (not) know about them ",18,False,,False,False,False,MENTION,terrestrial,rule
m39e1_11,m39e1,,,3,False,,False,False,False,NONE,,rule
m40_11,m40,The distorted instructions,"A weaker (animal) person comes to a wife or a son of a stronger one and tells her or him that her (him) husband or father has ordered to give him food, to make love to him, etc.",49,False,,False,False,False,NONE,,rule
m41_11,m41,The eye-juggler,Person plays throwing his eyes or (Alaska Athabascans) his tooth up or away. Eyes or tooth first come back to eye sockets or mouth but eventually are lost,51,False,,False,False,False,NONE,,rule
m42_11,m42,Eyes: lost and found,Person loses his eyes because of his playfulness or negligence. He makes new eyes of some substance or/and takes eyes of another person,98,False,,False,False,False,NONE,,rule
m42a_11,m42a,Eyes of berries,"Person (usually after losing his own eyes), makes new eyes of berries and is able to see again",25,False,,False,False,False,NONE,,rule
m42b_11,m42b,Eyes of gum,"Person loses his eyes, makes new ones of gum and is able to see again (though usually not well)",21,False,,False,False,False,NONE,,rule
m42c_11,m42c,"Falling from a bluff, eats his own marrow","Breaking his leg after falling from a bluff, person becomes to eat his own bone marrow",4,False,,False,False,False,NONE,,rule
m43_10,m43,Doll as a decoy,"To kill or catch a monster, human figure of wood or clay or alive woman is exposed as a bait. Usually monster's claws or sharp leg get stuck in the wood",30,False,,False,False,False,MENTION,terrestrial,rule
m44a_11,m44a,Thieves of food: the first people,Person discovers that somebody steals game or fish from his trap or devastates his garden. He or his guards catch the thieves who prove to be the first humans beings or the first men,6,False,,False,False,False,NONE,,rule
m44b_11,m44b,Thieves of food: the women,Person discovers that somebody steals game or fish from his trap or devastates his garden. He or his guards catch the thieves who prove to be (the first) women or the thief is the water being whom the hero lets go after receiving a woman for ransom,41,False,,False,False,False,NONE,,rule
m44c_11,m44c,Thieves of food: a young hero,A boy or young man comes to steal food of a person who is elder than he. Usually he is caught but not punished and invited to live with the elder person,31,False,,False,False,False,NONE,,rule
m45_11,m45,A predator tricks animals to gather around him,"A predator animal falls asleep or pretends to be dead or sleeping. A lot of animals gather around him, he kills many or they run away in panic",28,False,,False,False,False,NONE,,rule
m45a_11,m45a,Old man and animals,"A man falls asleep or pretends to be sleeping or dead. Animals take him for dead: mourn, carry to bury, are going to eat up, etc. The man kills a lot of animals or obtain valuables otherwise ",33,False,,False,False,False,NONE,,rule
m46a_11,m46a,Picked up baby,"Person turns into baby, is picked up by the owner of valuables, steal the valuables or make love to a woman",34,False,,False,False,False,NONE,,rule
m46b_11,m46b,Baby born by woman,"Person turns into tiny object or creature. Touching or swallowing it, the woman conceives and gives birth to a baby-boy. The boy steals valuables or make love to the woman",35,False,,False,False,False,NONE,,rule
m46c_11,m46c,Swallowed conifer-needle,"Person turns into conifer-needle, a tiny particle, a small insect. Swallowing it by chance, the woman becomes pregnant and gives birth to a boy",26,False,,False,False,False,NONE,,rule
m46d_11,m46d,Child cries for a toy,"A small child cries and becomes satisfied only when he gets a particular object to play with. This object is of high value and is hidden in the house. As soon as the object is given to the child, the fate of his mother or of whole humanity changes",25,False,,False,False,False,NONE,,rule
m47_10,m47,Head put to bottoms,"Punishing a person or animal or restoring his or its body after its disin­teg­ration, a powerful being intentionally or by chance puts head to bottoms",16,False,,False,False,False,NONE,,rule
m48_11,m48,Trickster turns into buffalo,"Trickster asks an animal to transform him but breaks condition of transformation and acquires his original guise. Usually he asks a big horned animal (buffalo, elk) to turn him into buffalo (elk) too. Animal charges, trickster is scared. Next time he remains on the place, turns into buffalo but trying to transform the same way another person, turns back into his own self",13,False,,False,False,False,NONE,,rule
m49_10,m49,Man in a skin of another,"Hero comes across a (animal-)person from an enemy group and takes his or her appearance, usually dressing himself in a skin of his victim; after this he penetrates the enemy camp",86,False,,False,False,False,NONE,,rule
m49a_10,m49a,,,42,False,,False,False,False,NONE,,rule
m50_11,m50,Man follows stars,A man tries to join a group of persons who are or become stars (usually the Pleiades) but suffers a reverse; or he pursues the stars to have sexual contact or to be reintegrated with members of his family,32,False,,False,False,False,METAMORPHOSIS,celestial,rule
m51_11,m51,Meat in a tree,"One of two animal-persons kills game, another claims it for himself. The weaker one deceives the stronger, carries the meat to a high tree or rock, throws down something inedible instead of meat. Usually this object is sharp or heavy, the stronger one is killed or injured. In some variants meat is carried to a tree not by the person who originally got it but by one who tried to appropriate it)",45,True,,False,False,False,MENTION,terrestrial,rule
m52_11,m52,Butchered carcass,A small animal (not a predator) or a weak person kills a big game. He asks another (animal-)person to skin or butcher the carcass. The latter is willing but takes or tries to take all the meat for himself,28,False,,False,False,False,NONE,,rule
m53_11,m53,Hoodwinked dancers,"Person invites birds or animals (usually geese and ducks) to dance or stand around him and concentrate their attention on some activity (usually to dance with their eyes shut), kills them, usually one by one. Or (rare) he dances himself with his eyes shut and then kills water fowl who gather around him",56,False,,False,False,False,NONE,,rule
m53a_11,m53a,Raven and seals,Raven tricks seals or other water mammals to gather around him and kills them by deception,6,False,,False,False,False,NONE,,rule
m53b_11,m53b,Bag with songs,Trickster pretends to have songs in his bag,15,False,,False,False,False,NONE,,rule
m53c_11,m53c,Red eyes,"Trickster suggests water fowl to dance around him with their eyes shut, kills them one by one. He warns that eyes of a bird who would open them become red. In some versions, the bird who opened its eyes got them really red",16,False,,False,False,False,NONE,,rule
m53d_11,m53d,Would believe enemies,"Person creates figures that look like enemies or pretends that enemies come. People run away, person gets all valuables for himself",14,False,,False,False,False,NONE,,rule
m53e_11,m53e,Would believe evil omen,"Person (always a raven) kills a whale. When people come, he tells them about some circumstances that can make the meat dangerous. People do not dare to touch the meat and the deceiver eats it alone",7,False,,False,False,False,NONE,,rule
m53f_11,m53f,Disguised trickster eats up all the food,"Taking part in storing up food, person pretends to go away for some reason, returns disguised as a monster or predator, people are scared and run away, the deceiver eats up all the food but is ultimately unmasked",3,False,,False,False,False,NONE,,rule
m54_11,m54,Runway awakes in the same house,A man runs away from the house of powerful person but in the morning awakens in the same house again,10,False,,False,False,False,NONE,,rule
m55_11,m55,Sprinkling hot coals,"A man or a weaker animal leads the stronger one to a place that is allegedly dangerous (hot coals, ashes, sticks, etc. can fall there at night). When his companion is asleep, man throws sticks, sprinkles hot ashes or coals on him pretending that they fall on them both",5,False,,False,False,False,NONE,,rule
m56a_11,m56a,Alligator’s secret,A man or an animal beats alligator but it remains unharmed and says that he would be killed if stricken in one special place on his body. The next time the same person strikes alligator this way and kills it,16,False,,False,False,False,NONE,,rule
m56b_11,m56b,To bring tears and skins,"A weak person's demand will be granted if he brings a skin (paw, tears, etc.) of animals stronger than he. He fulfills the task using tricks (but usually does not receive the promised reward)",8,False,,False,False,False,NONE,,rule
m56c_11,m56c,To measure a snake,Person promises to bring a snake. The snake agrees to let him measure it. He ties the snake to a measuring stick or during the measuring finds a vulnerable place on the snake’s body,4,False,,False,False,False,NONE,,rule
m56d_11,m56d,To fill container with flies,"Person promises to fill container with small flying creatures which are alive. When he expresses his doubts that the creatures are numerous enough to fill the container, they fly in and he closes the lid",5,False,,False,False,False,NONE,,rule
m57a_8,m57a,Bears discharged from body,"Instead of common body discharges man or woman urinates, spits, etc. beads, flowers, gold and other valuables",96,False,,False,False,False,NONE,,rule
m57b_8,m57b,Sweat of the Sun and tears of the Moon,Beads or metals are discharged by bodies of deities,15,False,,False,False,True,MENTION,celestial,rule
m57c_11,m57c,Ass defecates gold,"A domestic animal (ass, cow, horse) defecates gold or food",76,False,,False,False,False,NONE,,rule
m57d_11,m57d,"Beat, cudgel!","Person first gets magic objects that bring food or treasure and after this he receives a cudgel (a whip, etc.) that beats people, usually those who have stolen the first objects. (In Greek text the stealer of magic objects is punished otherwise)",93,False,,False,False,False,NONE,,rule
m58_10,m58,Plant or trail saves from fire,"World is ablaze, fire pursues a person. Some objects or elements do not resist the heat and cannot hide him. The last named gives protection. Earth becomes cool, person continues his travel",13,False,,False,False,False,NONE,,rule
m59_11,m59,Treacherous rider kills ferry animal,"A small animal asks bigger one to bring him across the stream, rejects one by one all possible places to sit; finds the position that lets him kill the big animal after crossing the stream",25,False,,False,False,False,NONE,,rule
m59a_11,m59a,Porcupine waiting for ferryman,"Porcupine asks other animal to ferry him across river, rejects different places to sit, occupies a place where he can easily kill the animal after crossing the river and really kills him",17,False,,False,False,False,MENTION,terrestrial,rule
m60_10,m60,Sham doctor: finished off enemy,"Hero wounds monstrous enemy, then masks as a doctor, kills his patient instead of curing him",36,False,,False,False,False,NONE,,rule
m60a_10,m60a,Unrecognized hero comes to one whom he wounded,"Hero wounds an animal or a supernatural creature, then masks as a doctor, comes unrecognized to the one whom he wounded, either cures or kills him",59,False,,False,False,False,NONE,,rule
m60a1_10,m60a1,Herdsman explains how to ferry cattle,"To come unnoticed to his adversaries, the hero takes the guise of a herdsman and before that gets know from the real herdsman how to ferry the cattle across a river",10,False,,False,False,False,MENTION,terrestrial,rule
m60a2_10,m60a2,False servant licks soles,A servant has to lick soles or a wound of his master or mistress. The hero comes disguised as the servant and instead of licking the soles rubs them (rubs the wound) with a cut off animal tongue,12,False,,False,False,False,MENTION,terrestrial,rule
m60b_11,m60b,False doctor: a finished off victim,The deceiver who promised to cure a sick or wounded person or animal devours him,35,False,,False,False,False,NONE,,rule
m61a_11,m61a,"To obtain valuables, quarrel provoked","To obtain valuables person provokes a quarrel between their owners. When the owners become to fight with each other, the valuables fall out",9,False,,False,False,False,NONE,,rule
m61a1_11,m61a1,Person provokes a quarrel between two birds,"To provoke a quarrel between a gull and another bird, person (always a raven) tells each one that the other was insulting him",4,False,,False,False,False,NONE,,rule
m61a2_11,m61a2,Person provokes a quarrel between two birds,"To provoke a quarrel between two different stones, person (always a raven) tells each one that the other was insulting him",5,False,,False,False,False,MENTION,terrestrial,rule
m61a3_11,m61a3,Person provokes a quarrel between two fish,"To provoke a quarrel between two different fish, person tells each one that the other was insulting him",4,False,,False,False,False,NONE,,rule
m62a_11,m62a,Quarrel provoked by action,Hero imperceptibly causes detriment to two persons or creatures. They accuse each other and fight,53,False,,False,False,False,NONE,,rule
m62b_11,m62b,Trying to hit the hero hit each other,Two or more personages direct their weapons against the hero who is between them but hit each other,19,False,,False,False,False,NONE,,rule
m62c_11,m62c,Pulling a rope,A weak animal-person agrees separately with two strong ones to pull a rope with him. They do not know that are engaged into tug-of-war with each other or that the rope is tied to a tree. (In New World motif borrowed from Afroamericans),26,False,,False,False,False,MENTION,terrestrial,rule
m62d_11,m62d,Hare in rotten hide,"Trickster puts on a rotten hide of an animal and, being unrecognized, pretends to be victim of hare’s magic. Animals are frightened and decide not to pay the hare back for his tricks",6,False,,False,False,False,NONE,,rule
m62e_11,m62e,One field and two workers,"A weak person makes a separate agreement with two strong ones to cultivate a field. The strong ones do not know about each other, and ultimately the weak one takes all the harvest himself.",4,False,,False,False,False,NONE,,rule
m62f_11,m62f,Every next assistant kills previous one,"Person invites in succession others to help him in his work. Every next one is stronger than the one who came before and eats him up, the last two perish when they begin to fight",4,False,,False,False,False,NONE,,rule
m63_10,m63,Body parts enumerated,"Before finding a part of the body that is the best for some particular function, other parts are proven or enumerated",46,False,,False,False,False,NONE,,rule
m64_11,m64,Person pretends to possess resources,"To get valuables (food, fire) concealed by their owner, person pretends that the valuables are already in his possession",15,False,,False,False,False,NONE,,rule
m65_11,m65,"Trickster jammed, meat stolen","Trickster cooks meat got by deception but is unexpectedly jammed between trees or stuck to a stone. An animal (usually fox, wolf or coyote) steals all the meat",29,False,,False,False,False,MENTION,terrestrial,rule
m65a_11,m65a,Squeaking tree ,"Trees squeak in the wind. Trickster hears a noise, climbs up the tree and is caught between limbs",20,False,,False,False,False,MENTION,terrestrial,rule
m65b_11,m65b,The lost quarry,"Person kills game (usually by deception), gets to see how thieves carry it away but is unable to intervene",28,False,,False,False,False,NONE,,rule
m66_11,m66,Itch after artichoke eating,"After eating certain plant, small animal, or rubbing it over his body, person suffers from itch, diarrhea, or from breaking wind",23,False,,False,False,False,NONE,,rule
m67_11,m67,Trickster gone with a wind,Imprudent trickster produces wind that carries him away,11,False,,False,False,False,NONE,,rule
m68_11,m68,Breaking wind scares game,"Because of his own obstinacy, person suffers of breaking wind permanently and starves because a loud noise produced by him scaring game",10,False,,False,False,False,MENTION,celestial,rule
m69_11,m69,Head caught in animal skull,A small animals or insects dance or feast inside big animal skull or food is there. Trickster inserts his head into the skull and cannot take it out for a long time,16,False,,False,False,False,NONE,,rule
m70_10,m70,An elder person poisons a younger one with intestinal gas,Old person tricks a young man into smelling her or his intestinal gas,14,False,,False,False,False,NONE,,rule
m70a_10,m70a,Old woman is pierced through,An old woman defecates or breaks wind over a man. He kills her inserting a cutting object into her anus or vagina,15,False,,False,False,False,NONE,,rule
m71_11,m71,Picked up piece of wood,"Trickster floats down the river or falls from the height and turns into a piece of wood or into a wooden object. Somebody picks it up. Eventually, the trickster acquires his real self, usually in the host's absence",15,False,,False,False,False,METAMORPHOSIS,terrestrial,rule
m72_10,m72,Hand in animal’s anus,Person puts (for different reasons) his or her hand into the anus of a tapir or other herbivorous animals and is unable to extract it back. Animal starts to run and drags the person behind him for a long time,19,False,,False,False,False,MENTION,celestial,rule
m73_11,m73,Exchanged excrements,Two (animal) persons compare their feces or vomits to know about the diet and habits of each other. The weaker one gets to exchange the feces (vomits),33,False,,False,False,False,NONE,,rule
m74_11,m74,Exchanges vomits,"Two animals or persons compare their vomits to know about the diet and habits of each other. The weaker one gets to exchange vomits, to swallow the unusual food before, or to swallow his partner's vomits",18,False,,False,False,False,NONE,,rule
m74a_11,m74a,Strange names of the babies,"An animal person pretends to be invited to be godfather or he gives names to different places along which he travels in a sledge, boat, etc. The names look strange but become understandable when other people or animals get to know that their companion has devoured all the supplies",66,False,,False,False,False,NONE,,rule
m74aa_11,m74aa,Theft of food by playing godfather,An animal person pretends that he has been invited to be godfather at a baptism (or invited to a funeral or wedding) but instead eats secretly food supplies,58,False,,False,False,False,NONE,,rule
m74ab_11,m74ab,Fox in a boat,"Travelling in a boat or on a sledge, animal person (always the fox) steals food supplies or ruins objects and accordingly to his deeds, names different places. These names seem strange to the person’s companions (“River of broken arrows” and the like)",10,False,,False,False,False,MENTION,terrestrial,rule
m74b_11,m74b,Who has eaten up supplies?,Person secretly eats up supplies and pretends that the thief is somebody else. To prove it he puts remains of the food or his body excretions near his sleeping companion. ,36,False,,False,False,False,NONE,,rule
m75a_11,m75a,Revenge for falling from the sky,Vulture suggests person to carry him in the sky but drops to earth. The person attracts vulture to revenge on him. Or the vulture drops the person (or abandons him on a high rock) to revenge on him for his attempt to catch him,11,True,,False,False,False,MENTION,celestial,rule
m75b_10,m75b,Hero inside carcass,A man hides in a skin or carcass of a big animal. A bird carries it to its nest without knowing that the man is inside,15,False,,False,False,False,NONE,,rule
m75b1_10,m75b1,Marco the Rich,"A man gets to know that a poor boy must inherit all his property or become a king and tries to prevent it, but the fate cannot be changed. The boy marries a rich girl, usually the daughter of his adversary",72,False,,False,False,False,NONE,,rule
m75b1a_10,m75b1a,,,44,False,,False,False,False,NONE,,rule
m75b2_10,m75b2,Bird tries to avert predetermined marriage,"When a boy and a girl are still small children, a bird gets to know about their predetermined marriage. All its attempts to prevent the marriage fail.",7,False,,False,False,False,NONE,,rule
m75c_10,m75c,Treasure on mountain top,A man sends another one to top of a mountain or a tree to obtain treasure for him. To go back is impossible but the man survives,41,True,,False,False,False,MENTION,terrestrial,rule
m75d_10,m75d,Vulture’s knife,A man bereaves vultures of their hunting weapons or amulets,8,False,,False,False,False,NONE,,rule
m76_10,m76,"Person climbs a tree, leg is cut off","When a man climbs a tree, a woman cuts his leg off or when a woman climbs a tree, a man cuts her leg off",4,False,,False,False,False,MENTION,terrestrial,rule
m77_11,m77,A soiled bed,"While person is asleep, another smears with excrements or something that reminds excrements his or her bed or clothes. The ashamed person runs away or agrees to make what the trickster wants in exchange of his silence",39,False,,False,False,False,NONE,,rule
m78_11,m78,Thumbling,"A childless couple (old woman, old man) gets for a son tiny boy as big as a thumb. He taunts people, predator animals, ogres",82,False,,False,False,False,NONE,,rule
m78a_11,m78a,Tail-boy,A wee boy is a transformed tail of a sheep or goat,8,False,,False,False,False,NONE,,rule
m79_11,m79,Dancing with reeds,Person joins dancers but then understands that these are trees or reeds moved by the wind,7,False,,False,False,False,MENTION,terrestrial,rule
m80_11,m80,Quail scares trickster,"Person insults a partridge-like bird, kills or injures her chickens. The partridge scares him, he falls, usually into a river or lake",19,False,,False,False,False,MENTION,terrestrial,rule
m81_10,m81,Blind persons,A man travels and comes to two or several blind (usually old) persons,85,False,,False,False,False,NONE,,rule
m81a_10,m81a,Blind duck-women cured,"A man meets two blind women, makes them see, they are or become birds (geese, ducks, grouses or the like)",10,False,,False,False,False,NONE,,rule
m81b_10,m81b,Not to climb after an arrow stuck in a tree,"Despite a warning not to do so, person climbs in a tree to get his arrow that was stuck and gets into trouble",10,False,,False,False,False,MENTION,terrestrial,rule
m81c_10,m81c,Blinds met in the sky,"Getting to the sky or (rare) to the lower world a man comes across one or two blind persons, then returns to the earth. Usually he cures their eyes",23,True,,False,False,False,METAMORPHOSIS,celestial,rule
m81d_10,m81d,Blind persons cured,A man comes across (often in the sky) one or two blind persons and cures their eyes,32,True,,False,False,False,MENTION,celestial,rule
m82_11,m82,Rattles tied to tail,"An animal person sees that another has something tied to his tail, wants the same tail for himself and has a trouble as a result",9,False,,False,False,False,NONE,,rule
m83_11,m83,Who is older?,"Somebody claims that he has been born before present world came into being. His opponent claims the same, and they argue who of them is the older",71,False,,False,False,False,NONE,,rule
m83a_11,m83a,Fox cries for his dead children,"Persons or animals argue who of them is older, some claim that they lived in such and such time, but the last one says that he remembers this day because a certain event had taken place at this time",12,False,,False,False,False,NONE,,rule
m83b_11,m83b,Whose dream is better?,"Two (or more) (animal)-persons agree that whichever of them has the most wonderful dream may eat all the food. The first one tells about a feast that he participated in his dream. His companion answers that he was sure that after such a feast (after getting into the paradise, etc.) the first one would not need the food, so he has eaten it alone",45,False,,False,False,False,NONE,,rule
m83c_11,m83c,Who becomes drunk easier?,Animals argue who of them gets drunk easier. The last one falls down because he becomes drunk as soon as somebody talks about alcohol,6,False,,False,False,False,NONE,,rule
m84_8,m84,Revived from bones,"Person, animal or (rare) a fruit is eaten up. After this all bones (all seeds) are put together and the eaten up is revived",69,False,,False,False,False,NONE,,rule
m84a_8,m84a,Goat resuscitated,"Supernatural beings kill and eat a deer, ram, cow or goat, then put all the bones in the animal's skin and the revived animal runs away",25,False,,False,False,False,NONE,,rule
m84b_8,m84b,Bones into the water,"Butchered and eaten animal, bird or fish revives after its bones are thrown into the water",26,False,,False,False,False,NONE,,rule
m84c_8,m84c,Guest of bush spirits,A man spends a night in a forest under a tree. He listens how a bush spirit explains to another that he has a guest (i.e. this same man) tonight,6,False,,False,False,False,MENTION,terrestrial,rule
m84d_8,m84d,Conversation of trees,A man listens in conversation of trees one of which is mortally ill,4,False,,False,False,False,MENTION,terrestrial,rule
m85_11,m85,The fox bluffs,An animal person (usually a fox or a jackal) threatens to cut down a tree on which mother bird (squirrel) made its nest unless she will throw down one of her nestlings (squirrel children) or eggs. Another bird lets the mother bird know that the predator is unable to realize his threat,88,False,,False,False,False,MENTION,terrestrial,rule
m86_11,m86,Rock punishes trickster,Rock chases or otherwise punishes person who has offended it (usually deceived it or has taken objects that belong to Rock),20,True,,False,False,False,MENTION,terrestrial,rule
m87_11,m87,Invisible ghosts,Person enters a seemingly empty house and attempts to take certain things. Invisible beings prevent him from doing it or objects themselves hurt him,21,False,,False,False,False,NONE,,rule
m88_11,m88,Involved into dance,A man joins a group of dancing women and is killed or injured as a result,7,False,,False,False,False,NONE,,rule
m89_11,m89,Melted wax,"Person dies or is humiliated after some object that he or she made of wax, resin, excrements and/or took for something worthy are melted down",38,False,,False,False,False,NONE,,rule
m89a_11,m89a,Horns of hyena,Only horned animals are invited to a feast. Hyena makes itself false horns but is disguised,5,False,,False,False,False,NONE,,rule
m90_10,m90,To guess of what material an object is made,Somebody suggests to guess what sort of material a certain object is made of. Another person (usually a monster) gets to know the secret and the hero or the heroin must do what they have promised,59,False,,False,False,False,NONE,,rule
m90a_10,m90a,To marry a man who would give a correct answer,"A girl is promised to a man who would know her name or whose finger would fit her ring, or who would guess a material from which certain object is made or grown. Person finds a correct answer by deception",33,False,,False,False,False,NONE,,rule
m90a1_10,m90a1,The louse skin,"It should be guessed the nature of a big animal or its skin, the content of a box. The correct answer is that the animal is a louse (o flea), a louse is in the box",55,False,,False,False,False,NONE,,rule
m90a2_10,m90a2,,,8,False,,False,False,False,NONE,,rule
m90b_10,m90b,Sun rises from the West,Person was wrong being sure that the Sun cannot rise from the West,7,True,,False,False,True,MENTION,celestial,rule
m91_11,m91,The killed corpse,"Person pretends that a person (often his or her mother, spouse or lover) who recently died is alive, claims that the death of the false alive resulted from negligence of others and gets a reward",111,False,,False,False,False,NONE,,rule
m91a_11,m91a,Simulating killing (a bag with blood),"Person conceals under clothes a bladder with blood or red juice and piercing it, simulates killing or suicide or demonstrates that he can cut his bowels and remain alive ",52,False,,False,False,False,NONE,,rule
m91b_11,m91b,Sold ashes,"Using trick, a man sells or exchanges for treasure ashes. Another person tries to sell ashes and is ridiculed",39,False,,False,False,False,NONE,,rule
m91c1_11,m91c1,Herd from the river bottom,Person gets other person’s possessions by trick (or pretends to get it; usually another person is drowned instead of him) and then demonstrates his possessions (usually a herd) and explains that he had received everything at the river bottom. His enemies believe him,87,False,,False,False,False,MENTION,terrestrial,rule
m91c2_11,m91c2,Put into bag,"Person is put into a bag (a cage, tied up, etc.) to be drowned, burned, etc. He pretends to be in this situation by his own will or because he refuses to marry a princess, to become a chief and the like. Another person is willing to take his place and is killed",101,False,,False,False,False,NONE,,rule
m91c3_11,m91c3,Hare the messenger,"After warning his wife about the planned trick, person lets free a wild animal or bird asking it to pass a message to his wife. Seeing the same (actually another) animal or bird in his companion’s house another man buys the animal for a lot of money",27,False,,False,False,False,NONE,,rule
m91c4_11,m91c4,Pot that does not need fire to cook,Man takes a pot from the fire but it is still boiling or he cooks the food beforehand and tells that his pot cooks it in no time. Another man buys the pot,16,False,,False,False,False,NONE,,rule
m91d_11,m91d,Drowned shaman,"Person deceives the other (giving out a corpse for alive person, accusing incent people of murder, etc.). When a shaman (almost) gets to know the truth, the trickster kills her or him and gets to avoid any punishment",10,False,,False,False,False,NONE,,rule
m92_11,m92,Red eyelashes,Girls stick something red to old man's eyebrows and he thinks it is a fire,5,False,,False,False,False,NONE,,rule
m93_11,m93,Body part as a guard,"Before falling asleep, person tells his eyes (which he extracts and puts aside) or his anus to awake him in case of danger. Eyes or anus do not make an alarm or person himself does not react to it. As a result he suffers a damage",32,False,,False,False,False,NONE,,rule
m93a_11,m93a,Guard punished,"Person punishes the part of his body which he selected as his guard for the time of his sleep or absence (he burns his buttocks, breaks eyes)",22,False,,False,False,False,NONE,,rule
m94_11,m94,Sliding downhill,"Person tricks another to slide down a hill knowing that sharp poles, etc. or an open water are below",23,False,,False,False,False,MENTION,terrestrial,rule
m94a_11,m94a,Wolf in a basket,Person tricks another to crawl into a basket and closes it. One in a basket is killed or badly injured (usually rolled down a hill),14,False,,False,False,False,MENTION,terrestrial,rule
m95_11,m95,Brings presents to person’s kin,A weaker person asks the stronger one to bring present to his or her kin and hides himself or herself in a bag. The stronger one brings the bag to the weaker one's relatives thinking that there are but some objects inside,22,False,,False,False,False,NONE,,rule
m96_11,m96,Imagined guests,"Person does not want to share his meal with his close relatives and pretending to have many guests, eats food alone",7,False,,False,False,False,NONE,,rule
m97_11,m97,Blind directed by trees,"Person becomes blind or loses his way. He walks asking different trees their names, makes decisions accordingly to their answers and ultimately reaches his destination",24,False,,False,False,False,MENTION,terrestrial,rule
m98_11,m98,Who are more numerous?,"Person reckons up number of members in two alternative multitudes (alive trees and dead trees, men and women, etc.). Numbers prove to be equal but one member possesses the qualities of the both multitudes. Adding it to one of them, person demonstrates his case",34,False,,False,False,False,MENTION,terrestrial,rule
m99_10,m99,House of birds’ bones,Person is going to exterminate birds but decides not to do thanks to a wise adviser,30,False,,False,False,False,NONE,,rule
m100_11,m100,Sleep at the edge of a cliff,"One animal-person suggests another to lie asleep at the edge of a bluff or cliff. At night he tells him to move a little, the companion falls down and dies",22,False,,False,False,False,MENTION,terrestrial,rule
m100a_11,m100a,Jump from a cliff,"An animal-person provokes another to jump from of a bluff or cliff because his father (grandfather, etc.) could do it. The one yielded to provocation jumps and dies",8,False,,False,False,False,MENTION,terrestrial,rule
m101_11,m101,Who is afraid of whom? (Fox and Bear),"Fox tells that he is afraid of people, Bear tells that he is afraid of partridges. Fox hunts partridges, Bear attacks people and is wounded or killed",12,False,,False,False,False,NONE,,rule
m102_11,m102,Person lets his leg or head to be cut off,"A bird stands with one leg tucked under it, putting its head under its wing; turtle draws its head and limbs under its shell. Person decides that the bird has one leg, no head, turtle has neither head nor limbs, asks to cut him his head and limbs off",20,False,,False,False,False,NONE,,rule
m103_11,m103,Children with pretty spots,"Person asks another how her or his children got their pretty colors. Another answers that she or he put them into the fire. roasted, etc. The first person believes, kills his or her children",13,False,,False,False,False,NONE,,rule
m104_11,m104,Make believe killing of kinsfolk,"Person conceals his or her close relatives (children, mother, brothers) and tells another that he or she has killed them. Another believes and agrees to kill his or her own children, mother, etc.",68,False,,False,False,False,NONE,,rule
m105_11,m105,Make believe killing of mother,"Person conceals his mother or (rare) wife or mother-in-law, tells another that he has killed or sold her, another really kills or sells his mother (wife, mother-in-law)",41,False,,False,False,False,NONE,,rule
m105a_11,m105a,Make believe killing of children,,29,False,,False,False,False,NONE,,rule
m106_11,m106,Meaningful name,"Person lies that his name is so and so. His enemy, victim or other people, demons or animals understand it not as a name but as a common word and behave accordingly",83,False,,False,False,False,NONE,,rule
m106a_11,m106a,“Myself” and “Nobody” in a demon’s house,"After doing damage or injury to his antagonist, person lies that his name is so and so. Other demons understand it not as a name but as a common word and it makes them believe that the injured one was the trouble-maker himself",16,False,,False,False,False,NONE,,rule
m106b_11,m106b,“Last year” in a demon’s house,"After doing damage or injury to his antagonist, person lies that his name is so and so. Other demons understand it not as a name but as a common word and it makes them believe that the injury had been done so long ago that there is no sense to investigate the case",7,False,,False,False,False,NONE,,rule
m106c_11,m106c,My name is “The Guest”,Person lies that his name is “The Guest” or so and eats all the food suggested to the guests,10,False,,False,False,False,NONE,,rule
m107_11,m107,Turtle bites penis off,"A smaller animal kills or maims a big mammal (jaguar, tapir) seizing him by his penis",9,False,,False,False,False,NONE,,rule
m108_11,m108,Trickster carries away property,Person suggests to ferry people's property across river but rides away with boat and load,6,False,,False,False,False,MENTION,terrestrial,rule
m108a_11,m108a,Trickster as an adopted child,An old couple live alone and adopt a boy (a trickster-animal) as a son. He steals their property and runs away,10,False,,False,False,False,NONE,,rule
m109_11,m109,The tail-fisher,"Animal person advices another animal to put its tail into ice-hole to fish, to get treasure, etc. The tail sticks to ice, to snags, etc.",102,False,,False,False,False,NONE,,rule
m109a_11,m109a,To sit on the ice waiting for food,An animal suggests another to sit on the ice till some food will fall from the sky. Waiting this way for food to fall down the anima is frozen to the ice,7,True,,False,False,False,MENTION,celestial,rule
m109b_11,m109b,Sick animal carries the healthy one,"A healthy animal tricks an injured one (a wolf, a bear) into carrying him on his back by pretending to be injured himself",45,False,,False,False,False,NONE,,rule
m110_11,m110,The forgotten liver,"An animal is tricked to be carried across the water by those who are going to eat or to use as a medicine a part of its body. The animal tells that forgot to take just that part which is needed, is carried back to take it, escapes",40,False,,False,False,False,NONE,,rule
m111_11,m111,Monkey on the banana tree,"An animal person who can climb trees (usually a monkey) suggests another (a turtle, a crab) to harvest bananas. He climbs the banana, throws down but peels, rotten fruits and the like. His companion revenges on him",11,False,,False,False,False,MENTION,terrestrial,rule
m112_11,m112,Animals dig a well,An animal person refuses to dig or clean a source of drinking water together with other animals or birds but takes advantage of the results of the work,69,False,,False,False,False,NONE,,rule
m112a_11,m112a,Turtle catches the thief,"Animal are guarding some food or water or come after water. The deceiver takes what he needs or does not let the others to use the water. Turtle, toad or frog proves to be smarter than the deceived and catches him",22,False,,False,False,False,NONE,,rule
m112b_11,m112b,Animals build a road,"When animals build a rode, the mole or shrew refuses to take part in the work and is punished",11,False,,False,False,False,NONE,,rule
m113_7,m113,Thirsty bird cries for water,During the hottest month of the summer or permanently birds of certain species are prohibited to drink from the water bodies and can quench their thirst only from rain drops and dew on leaves. That is why this bird always cries calling for rain,34,False,,False,False,False,NONE,,rule
m114_11,m114,Rope of sand,"Person is suggested to twist a rope or make other object of sand, ash, smoke, etc.",55,False,,False,False,False,NONE,,rule
m114a_11,m114a,Clothes of stone,Person is suggested to make clothes of stone or iron or to skin a stone,19,False,,False,False,False,MENTION,terrestrial,rule
m114b_11,m114b,Not clothed and not naked,"Person is suggested to make something and simultaneously not to make it (to come clothed and naked, to stand indoors and outdoors, etc.)",44,False,,False,False,False,NONE,,rule
m114c_11,m114c,To protect from rain by his own body,"Person cannot understand why the clothes (firewood, etc.) of another are dry after the rain – he protected them with his own body",12,False,,False,False,False,MENTION,terrestrial,rule
m114d_11,m114d,Chickens from the boiled eggs,Person claims that chickens can be brooded from the boiled eggs or wants his opponent to grow a hen during one day. The opponent suggests for the first person equally impossible task,48,False,,False,False,False,NONE,,rule
m115_11,m115,The eaten up wolf,"Using a trick, person kills dangerous predator. Kinsmen and friends of the killed animal get to know about it and come to avenge its death. The person escapes from them",10,False,,False,False,False,NONE,,rule
m116_10,m116,Wisdom of hidden old man saves kingdom,People are ordered to kill or (rare) mothers or (the Nyoro) to deprive them of power and property). A man conceals his father. Later the old man helps to resolve difficult problem. It is decide not to kill old men anymore,67,False,,False,False,False,NONE,,rule
m117_11,m117,Head under wing,"Fox or other predator asks a bird what does it do when the wind blows. When the bird demonstrates how it puts its head under its wing, the fox kills it",13,False,,False,False,False,NONE,,rule
m118_11,m118,Bull repository / Ali Baba,"Person brings food from or gets shelter inside of a big animal, a tree or inside some enclosure. Another animal person follows him but gets into trouble",35,False,,False,False,False,MENTION,terrestrial,rule
m118a_11,m118a,Cave of Ali Baba,Person penetrates into enclosure with valuables after getting know magic words that open the door,18,False,,False,False,False,MENTION,terrestrial,rule
m119_11,m119,Demonstrated many times,"Trickster suggests to be a nurse or a shepherd, kills and eats children or animals, demonstrates to the parent (the owner) one and the same child or animal as many times as was their number in the beginning",26,False,,False,False,False,NONE,,rule
m120a_11,m120a,Cannibal mourner ,"Somebody dies, animal person suggests to be a mourner, eats the corpse",8,False,,False,False,False,NONE,,rule
m120b_11,m120b,Baby-sitter kills babies of bear-mother,"Trickster sends a woman (usually bear-woman) or two women to pick up berries or an animal allegedly killed by him and suggests to look after their children. He kills the children, feeds their meat to their mother. (The false baby-sitter kills the cabs not because he is hungry and not because of his carelessness)",15,False,,False,False,False,NONE,,rule
m120c_11,m120c,Shared children,Two animals agree to care for their children together. The stronger one devours the children of the weaker one and pretends to be angry when the latter asks whose were the lost children,8,False,,False,False,False,NONE,,rule
m121_11,m121,Louse as a spy,"Louse or other tiny creature (flee, tuck) is sent to spy on a person",6,False,,False,False,False,NONE,,rule
m122_11,m122,Advisers inside,"In a difficult situation animal person asks for advice his tail, anus or some beings that are inside him (excrements, parasites, his ""sisters"", etc.)",24,False,,False,False,False,NONE,,rule
m123_11,m123,Raven marries goose,"A bird of prey or a carrion-eater (raven, owl, hawk; coyote) marries or tries to marry goose-person or other water bird. This marriage is not realized or is a short one",22,False,,False,False,False,NONE,,rule
m123a_11,m123a,Three-toed foot,"Raven marries or tries to marry a girl pretending to be handsome chief. They notice that somebody is eating carrion. Usually when everybody have to take off there footgear, raven's three-toes feet are exposed. He is driven away or runs away being ashamed",5,False,,False,False,False,NONE,,rule
m123b_11,m123b,Trickster tied to a boat ,"A man gets a woman thanks to a trick, carries her away in his canoe. She asks permission to go to shore to relieve herself, runs away",5,False,,False,False,False,NONE,,rule
m123c_11,m123c,Unlucky flight with migratory birds,A bird-person who usually does not fly away in the autumn makes attempt to fly with migratory birds but is unable to reach destination,16,False,,False,False,False,NONE,,rule
m123d_11,m123d,Raven the filth-eater,Raven is going to marry a girl but is rejected after they see that he eats filth,7,False,,False,False,False,NONE,,rule
m124_11,m124,A bull’s tail,"Person buries a tail or head of a bull or other domestic animal with a tail or horns outside. He explains that the animal sank into the ground and usually asks the others to pull the tail (horns). When they are “torn off”, he tells that people are guilty of the animal being lost",63,False,,False,False,False,NONE,,rule
m125_11,m125,Eaten up eyes,Person lies to another that he is eating his eyes. The companion agrees to be blinded. The first person extracts one of companion’s eye but gives him to eat something delicious instead. The companion believes that his eyes are good to eat and agrees to be deprived of another eye too,14,False,,False,False,False,NONE,,rule
m126_11,m126,Silent skull,"Person comes across severed head or skull who speaks and tells others about his experience. When chief, king etc. comes to control information, the skull keeps silence and the man is punished as a liar",11,False,,False,False,False,MENTION,terrestrial,rule
m127_11,m127,Lost tail of fox,"Trickster animal has a narrow escape and loses his tail. To make himself unrecognizable among other animals of his species, he tricks them to lose their tails too",44,False,,False,False,False,NONE,,rule
m127a_11,m127a,The quail makes the fox laugh,"Trickster animal asks a bird to make him laugh. The bird sits on the head of a woman (child, cow, etc.), other person tries to kill the bird, hits the wife (breaks cow's horn, etc.). Or the bird distracts person attention to let the trickster steal the person’s food",57,False,,False,False,False,NONE,,rule
m127b_11,m127b,A jug as trap,"Animal person attaches a vessel or its part to his body, puts it into the water, the vessel is heavy and drags him into the water",22,False,,False,False,False,NONE,,rule
m127c_11,m127c,Frightened without reason,An animal person mistakes an object abandoned by chance or intentionally for an evidence of a danger and behaves inadequately,14,False,,False,False,False,MENTION,terrestrial,rule
m128_11,m128,Variegated animals,Hero comes to an agreement with antagonist that he can take animals of particular color. He gets to change color of the animals and takes all or most of them,11,False,,False,False,False,NONE,,rule
m129_10,m129,Lost primogeniture,"Father or mother is going to give primogeniture to the son he or she has chosen. Another son comes in disguise of the chosen one, receives primogeniture",10,False,,False,False,False,NONE,,rule
m130_11,m130,Fox and bird in one hole,Fox and bird hide from a hunter together in one and the same hole. The bird makes believe he is dead and escapes (with the fox or alone),7,False,,False,False,False,NONE,,rule
m130a_11,m130a,Bird helps animal to escape from snare,A predator animal lures a herbivorous animal into the hunter's trap and hopes to feast on its entrails. A bird advices the herbivorous animal to sham dead and helps him to escape,13,False,,False,False,False,NONE,,rule
m130b_11,m130b,Traitor killed instead of a victim,A herbivorous animal gets into hunter's trap. A predator animal refuses to free his companion because he hopes to feast on entrails. A bird makes the herbivorous animal free. The hunter tries to kill the bird but hits the predator instead,6,False,,False,False,False,NONE,,rule
m131_11,m131,Biting tree-root,"A stronger (animal)-person gets to seize a leg or tail of a weaker one. To get free the weaker one pretends that his pursuer got hold of a tree root, and the pursuer lets his enemy free",57,False,,False,False,False,MENTION,terrestrial,rule
m132_11,m132,Ears as sandals,"Enemy is ready to cease person who asks him first to throw away his clothes and shoes and exposes his ears. The enemy takes him by ears and throws away, the person escapes",6,False,,False,False,False,NONE,,rule
m132a_11,m132a,"Ears, not horns",Predator animal believes that an ungulate has dangerous horns and then understands that these are but ears,4,False,,False,False,False,NONE,,rule
m133_11,m133,Wind saves situation,"Cumulative tale: a small bird cuts itself with a sharp blade of grass or a thorn and asks the others to punish the plant. Everyone finds an excuse why they cannot do anything (sheep, wolves, boys, etc.). The last one is the wind, it blows making all other persons act",5,False,,False,False,False,NONE,,rule
m134_11,m134,A tower of wolves,"Animals stand one on another making a tower. When the lowermost moves, the tower collapses",41,False,,False,False,False,NONE,,rule
m134a_10,m134a,Blowing the house in,Predator animal/ogre blows and destroys a fragile house but cannot destroy a strong one. Usually two or three weak personages build three houses only one of which is strong enough.,18,False,,False,False,False,NONE,,rule
m134b_11,m134b,Wolf measured by tailor,"When a predator is going to eat a man, the latter asks permission first to measure him and beats with his (feigned) measuring tool",7,False,,False,False,False,NONE,,rule
m135_11,m135,Sham brains,"Eating much, person gets dirty (usually a fox covers his head with a milky substance or dough) but convinces others (a wolf or a bear) that his body looks strange because he has been badly injured",35,False,,False,False,False,NONE,,rule
m136_11,m136,Sickle as an unknown beast,"Grain is harvested with inappropriate tools. Seeing sickle for the first time, people take it for a dangerous animal",30,False,,False,False,False,NONE,,rule
m137_11,m137,The wolf imitates the Lion,"The stronger predator demonstrates the weaker one the right way to behave before attacking the game.. The weaker one does the same (eyes are bloody, hindquarters trembling, etc.) but instead of killing a herbivorous animal is usually killed himself",22,False,,False,False,False,NONE,,rule
m138_11,m138,Human and animal life spans are readjusted,God originally gives 20 or 30 years to everybody. Some animals refuse some of their years because of their sufferings. Man wants to have more years and takes them from the animals,24,False,,False,False,False,NONE,,rule
m139_11,m139,The released birds,"Fox catches birds, puts them into a bag and goes away for a moment. Another animal-person opens the bag and puts thorns instead of the birds",5,False,,False,False,False,NONE,,rule
m140_11,m140,The theft of fish,"Trickster pretends to be dead or sick and is picked up by those who carry something edible in a cart (sledge, boat, bag). The trickster secretly eats the food, often after throwing it out of the cart (sledge)",63,False,,False,False,False,NONE,,rule
m140a_11,m140a,,,8,False,,False,False,False,NONE,,rule
m140b_7,m140b,,,4,False,,False,False,False,NONE,,rule
m141_11,m141,Animals in a pit,Travelling animals fall in a pit and eat one another up until only one (usually the fox) is left and escapes from the pit,23,False,,False,False,False,NONE,,rule
m142_11,m142,Fox blames his tail,Fox blames his tail for being useless when escaping from the pursuers (usually he punishes his tail and gets killed himself as a result),22,False,,False,False,False,NONE,,rule
m143_11,m143,Fox in a well,Getting into a well or pit and being unable to climb out animal person tricks another to descend and thanks to this gets out while the second person remains below,46,False,,False,False,False,NONE,,rule
m144_11,m144,The wasp nest as king’s drum,"One animal person gets to convince another that dangerous or disgusting objects are attractive and delicious (a wasp nest is a drum, a snake is a girdle, a heap of dung is a delicacy, etc.)",22,False,,False,False,False,NONE,,rule
m144a_11,m144a,Burning thatch on the back of a tiger,A trickster (always hare or rabbit) asks a big and dangerous animal (tiger or elephant) to carry some thatch and puts it on fire. After this the same trickster or other animal gives the victim advice to run not to river but up the slope,7,False,,False,False,False,MENTION,terrestrial,rule
m145_11,m145,The lion in a well,"A weak animal person demonstrates a strong one his reflection in water. The latter believes that an animal like he contests his supremacy, invites him for a visit, etc., usually jumps in and drowns",48,False,,False,False,False,NONE,,rule
m146_11,m146,The wolf in a trap,"Knowing that food is in a trap or is poisoned, one animal tricks another to take it",23,False,,False,False,False,NONE,,rule
m147_11,m147,The fox runs in front of the tiger,"The weak animal tells the strong one that all the other are afraid of him, the weak one. To prove it, the weak one walks in front of the strong one and the latter believes that forest dwellers run away seeing not him but the weak one",2,False,,False,False,False,MENTION,terrestrial,rule
m148_11,m148,Agrees to be eaten up,"One animal person persuades another to agree to be eaten up, usually promising a reward after the resurrection. The fool agrees and is eaten up",10,False,,False,False,False,NONE,,rule
m149_11,m149,Tell them that I am a stump,"The bear (wolf, lion, etc.) is going to kill a man. Another person or animal pretends not to know about the situation and tells the man that hunters are in search of the bear, have not he seen him? The bear asks the man not to give him out and answer that it is a stump, a log and the like near him. This opens possibility to treat the dangerous animal as a corresponding object (to cut it with an axe, to tie up, etc.)",36,False,,False,False,False,NONE,,rule
m149a_11,m149a,Treaty with the tiger,"A man, light-mindedly or against his own wish, makes an agreement with a dangerous predator. He does not want (cannot) keep it or breaks it and the predator is going to kill him. Somebody intervenes and saves the man.",19,False,,False,False,False,NONE,,rule
m149b_11,m149b,Dogs inside,A man tells that there are dangerous animals inside him (or in a box he has) that can come out. A predator who was going to eat the man up (or to bite him) believes him and runs away,6,False,,False,False,False,NONE,,rule
m150_11,m150,The deceitful herdsman`,An animal person becomes a herdsman but eats the entrusted animals up,20,False,,False,False,False,NONE,,rule
m151_11,m151,"Hello, house!","Dangerous animal pretends to be an inanimate object, dead or absent. The potential victim sais aloud that the real dead (object, place) has to act in a particular way or to say particular words. The animal does accordingly betraying himself.",24,False,,False,False,False,NONE,,rule
m152_11,m152,Why only one wolf?,"Deceived by a weak person, a predator animal or an ogre is frightened and runs away. Another animal is eager to explain his mistake and leads him back. The weak one repeats former trick or pretends to be angry: why the animal (ogre) brought to him is lean (small; only one instead of several, etc.). The predator (ogre) again runs away",75,False,,False,False,False,MENTION,terrestrial,rule
m152a_11,m152a,Tied together,Two predator animals (an animal and an ogre) tie together with one rope and because of this are injured or dead during a confrontation with a weak person or animal,49,False,,False,False,False,NONE,,rule
m152b_11,m152b,Brave donkey and cowardly lion,Getting to see a donkey or horse a strong predator thinks that this animal is dangerous. His further interpretation of the herbivorous’ behavior supports this impression,17,False,,False,False,False,NONE,,rule
m152c_11,m152c,The donkey and the lion crossing a river,"A weak companion of a big predator pretends to be strong and brave. Almost drowned сrossing a river and saved by the predator, he pretends to be angry (“Because of you I let a fish go”, etc.)",7,False,,False,False,False,MENTION,terrestrial,rule
m152d_11,m152d,Whose voice is louder (the elephant and the tiger),The elephant and the tiger (lion) make a competition (usually argue whose voice is louder). The tiger wins and is going to eat the elephant. A small trickster animal saves the elephant,6,False,,False,False,False,NONE,,rule
m153_11,m153,Letter on a hoof,"A predator animal wants to eat a horse (mule, etc.). Before the horse will let himself be eaten, he demands (or another animal gives him advice) that the predator look at his hoof (for different reasons) or eat him from his hindquarters forward; then he kicks the predator",49,False,,False,False,False,NONE,,rule
m153a_11,m153a,The clean pig,The predator wants to eat a person or animal; the victim asks for a favor to let him first wash himself and escapes,10,False,,False,False,False,NONE,,rule
m153b_11,m153b,Wolf rides a horse,"Wolf is killed or injured when he accepts a suggestion of the horse (donkey, etc.) to ride it",9,False,,False,False,False,NONE,,rule
m154_11,m154,The animal language and the stubborn wife,"A man obtains knowledge of animal languages but if he reveals the secret, he must die. Once he hears animals talking and laughs. His wife thinks that he laughs at her or at her mother. The man is ready to open his secret and either does it and dies or hears how animals (usually a cock) blame him for being so foolish. So he keeps his secret.",89,False,,False,False,False,NONE,,rule
m154a_11,m154a,,,31,False,,False,False,False,NONE,,rule
m155_10,m155,Sleeping parent covered with a cloak,A man or a woman falls asleep in the nude or pretends to do so. Only one of his or her children covers him or her with a cloak and is considered to be the most noble,6,False,,False,False,False,NONE,,rule
m156_11,m156,The ungrateful one returned to captivity,An (animal) person saves a dangerous animal from a snare or the like. The saved one is going to kill his savior but the third person saves the second (usually tricks the first one to captivity again),135,False,,False,False,False,NONE,,rule
m157_11,m157,My father is giving birth,Person proves the absurdity of the claims of another person claiming in response something equally absurd. One or the both say that a man or a male animal had given birth (or is menstruating) or that a female gave birth to a young of another species or that a woman gave birth to an animal,89,False,,False,False,False,NONE,,rule
m157a_11,m157a,You are hens and I am  the cock,"To put a person into an awkward position, others demonstrate chicken eggs that they prepared beforehand. Having no egg with him, the person says that he is the only cock while all the others are hens",9,False,,False,False,False,NONE,,rule
m157b_11,m157b,To take the one thing she holds dearest,Husband casts his wife out but allows her to take the one thing she holds dearest. She takes her sleeping or drunk husband with her and thus moves him to forgive her,39,False,,False,False,False,NONE,,rule
m158_11,m158,Tops or buts,"Two animals (an animal and a person, an ogre and a person, etc.) agree to divide a crop in such a way that one would take what is above the ground and another what is beneath ground. One of them (several times makes a wrong choice (takes turnip tops and wheat roots)",68,False,,False,False,False,NONE,,rule
m159_11,m159,The lion’s share,"The strongest predator (usually a lion) and two other animals hunt together. One shares the booty and is killed or badly injured by the strongest one. When the third one becomes to share, he gives everything to the strongest one and explains that the injured one taught him the right way of sharing",54,False,,False,False,False,NONE,,rule
m160_11,m160,Feelings wounded by deed and by word,"A strong predator animal and a man become friends. The animal hears how the man or his wife complains about him (e.g. criticizes the bad smell of his mouth) and asks the man to strike him with an axe, knife and the like. Later he comes to demonstrate his healed wound and explains that the physical wound can be healed unlike the psychological one ",25,False,,False,False,False,NONE,,rule
m161_11,m161,A dog in the bag,Person gives another (often a fox) a bag putting inside a dog instead of food; or he makes free a girl who was kept in the bag and replaces her with a dog. The dog attacks the one who opened the bag,25,False,,False,False,False,NONE,,rule
m162_11,m162,Eats his own innards,Person pretends to eat his own innards or flesh and persuades the other to do the same. Other believes and kills themselves,22,False,,False,False,False,NONE,,rule
m162a_11,m162a,Cuts off his genitals,Person pretends to eat his own genitals. Another one believes him and cuts off his genitals,5,False,,False,False,False,NONE,,rule
m162b_11,m162b,Sour sap into the bear’s eyes,Person makes believe to rub sour berries into his eyes. Another (always a bear) suggests to rub the same sap into his eyes and is blinded. The person kills him,4,False,,False,False,False,NONE,,rule
m163_11,m163,The precious cat,Person gets to a country where rats or mice are a plague and receives a fortune selling a cat ,53,False,,False,False,False,NONE,,rule
m164_11,m164,All tracks going into the den and none coming out,Animal person refuses to enter the den of a strong predator seeing that all tracks go into it but none come out,29,False,,False,False,False,NONE,,rule
m165_11,m165,Fur coat for the wolf ,One animal person promises to sew a fur coat (or boots) for another and asks to bring him ever more sheep. He eats the meat and sews nothing,14,False,,False,False,False,NONE,,rule
m166_11,m166,Piece among animals,"To lure his potential victim down from a tree, a predator pretends not to be dangerous (usually announces that it has been decreed that all animals are united in piece). The victim is dubious and usually asks the predator to announce the same news to the dogs. The predator runs away",51,False,,False,False,False,MENTION,terrestrial,rule
m167_11,m167,A tiger taken for a bull,"During the night a strong predator (a tiger, a lion, etc.) and a thief not knowing about each other get into stable to steal a domestic animal. The thief takes the predator for domestic animal or for a person and acts accordingly",23,False,,False,False,False,NONE,,rule
m167a_11,m167a,The tiger who is afraid of Twilight,"A strong predator (usually a tiger) overhears a person saying that he fears something worse than a tiger The word is unknown to the tiger (twilight, etc). Thinking it must be a terrible thing he hides and then runs away ",15,False,,False,False,False,NONE,,rule
m168_11,m168,More cowardly than the hare,"The hare is in despair because he is afraid of all creatures but is delighted when he sees other animals (sheep, frogs, dusks) being afraid of him",47,False,,False,False,False,NONE,,rule
m169_11,m169,Medicine for the sick lion,In the presence of powerful person one of his subjects is plotting against the other. The other answers that the problem can be resolved if the first one would be maimed (usually a part of his body used as a medicine). The schemer is killed or injured,44,False,,False,False,False,NONE,,rule
m170_11,m170,Pilgrimage of the animals,"Animal person pretends to confess his sins and become vegetarian, kills those who believed him",50,False,,False,False,False,NONE,,rule
m170a_11,m170a,Sinful camel and pure wolf,A predator sais that a herbivorous is a great sinner and must be eaten up,6,False,,False,False,False,NONE,,rule
m171_11,m171,The successive exchange: from a pea to a horse,"Person or animal stays for a night and the next morning declares that his possessions (which value is none or negligible) are lost. He receives in compensation objects (usually a domestic animal) that has a bigger value, and this way several times till he gets a really valuable animal or a human person",103,False,,False,False,False,NONE,,rule
m171a_11,m171a,Exchange: gets a bride,Person or animal gets to exchange less valuable goods for ever more valuable and ultimately gets a bride,65,False,,False,False,False,NONE,,rule
m171b_11,m171b,Shoulder-blade with no meat,"Person pretends that he has not a bare should-blade but a good piece of meat, asks people to cook it and then blames them for stealing the meat",11,False,,False,False,False,NONE,,rule
m171c_11,m171c,In exchange for a thorn,Somebody pulls out a thorn from a person’s body and throws the thorn away. The person claims his thorn back and receives something more valuable in exchange,12,False,,False,False,False,NONE,,rule
m172_11,m172,The hare makes the lion his horse,"To demonstrate that a strong animal is his slave or his riding animal, a weak animal tricks the strong one to carry him. People believe that the strong one is really a slave of the weak one",15,False,,False,False,False,NONE,,rule
m173_11,m173,Pretending dead several times,"An animal person pretends to be dead and lies down on a road in front of a traveler who carries something valuable. The traveler passes by but returns to pick up the animal when he sees another one, i.e. the same trickster who ran ahead. The trickster steals the possessions that the traveler abandoned for a time",4,False,,False,False,False,NONE,,rule
m174_11,m174,Eats from behind,A week animal person immobilizing a strong one becomes to eat him from behind and refuses to come to the head where the stronger one can still bite him; or is waiting till the strong animal dies,9,False,,False,False,False,NONE,,rule
m175_11,m175,A dead lion behind the hyena ,"Seeing a dead lion (or other big predator) behind him, the hyena thinks that the lion is alive and runs away in panic",6,False,,False,False,False,NONE,,rule
m176_11,m176,A test: to jump across a brook,"(Animal) persons agree to jump across a brook or streamlet, to cross it walking along a log, a rope and the like. One or all of them fall down",21,False,,False,False,False,NONE,,rule
m177_11,m177,But he had no heart at all,A weak predator eats part of a body of a killed animal and explain to the strong one that this animal did not have such a part at all,27,False,,False,False,False,NONE,,rule
m178_11,m178,The lying goat,"A man sends others one after the other to pasture the goat. Back home, the goat always complains it did not get anything to eat. The man angrily sends away or kills his shepherds (who usually are his family members). When he himself pastures the goat he realizes that it lies. He is going to kill the goat, usually skins it, but it escapes",33,False,,False,False,False,NONE,,rule
m179_11,m179,A house of bark and a house of ice,"Two animal persons live nearby, the house of one of them is destroyed, he asks another to let him in and usually drives the host out of his house. Strong animals are afraid of the intruder but a weak or small one succeeds to return the house to its original owner",17,False,,False,False,False,NONE,,rule
m179a_11,m179a,The owner driven out of his house,Using a trick the intruder occupies other person’s house and refuses to let the owner in,26,False,,False,False,False,NONE,,rule
m180_11,m180,Fox and crane invite each other,An animal person invites another and serves his food in such a way that he is unable to taste it. Then the other invites the first animal and puts him in similar situation,68,False,,False,False,False,NONE,,rule
m180a_11,m180a,The unwashed monkey,An animal person invites another but asks him to wash his hands or feet before dinner. This proves to be impossible and the hungry guest goes away,11,False,,False,False,False,NONE,,rule
m181_11,m181,Two companions go to a feast,Two animal persons are invited to a feast. Both along the way and at the place of destination one deceives another ,21,False,,False,False,False,NONE,,rule
m181a_11,m181a,Fire at the sunset,"Person persuades another to mistake unachievable natural phenomena for the objects of culture. Usually he sends the other to bring a fire indicating a false source of it (a sunset, a firefly) and hides or eats the meat to be cooked during companion’s absence",7,False,,False,False,False,MENTION,celestial,rule
m182_11,m182,The tarbaby,"To catch a thief, a deceiver, the owner of property puts a sticky figure to which the thief sticks (usually mistaken it for alive being and usually touching it with all his body members in succession)",51,False,,False,False,False,MENTION,terrestrial,rule
m182a_11,m182a,Captured wild animals ransom themselves,"Person smears with pitch a domestic animal (or a figure of an animal, some object); wild animals stick to it one after another; are released for a promise of gifts ",11,False,,False,False,False,NONE,,rule
m182b_11,m182b,The wild animals on the sleigh,"Wild animals ride on a sleigh, which breaks. To repair it the animals bring unsatisfactory material from the forest. When the sleigh owner goes for good material they eat the horse (or the bull) and build a dummy to replace it",22,False,,False,False,False,MENTION,terrestrial,rule
m183_11,m183,A race: one against many,"Many animals of one species that all look identical together fulfill the task that would be impossible for any of them if he were alone; the competitors believe that the task was fulfilled by only one animal. Usually a slow and a fast animals agree to race. The slow one puts others who look like him at the finish or along the distance, each one answering the fast one that he is ahead of him. The fast one accepts his loss",104,False,,False,False,False,NONE,,rule
m184_11,m184,The slow one is ahead of the sleeping one,A slow and a fast animals agree to race. The fast one is sure that he will win and is not in a hurry at all while the slow one is moving persistently to his aim and wins,19,False,,False,False,False,NONE,,rule
m185_11,m185,On the tail of the fast one,(animals),50,False,,False,False,False,NONE,,rule
m185a_11,m185a,On the tail of the winner (all versions),"Birds, animals or fish compete as about who is the fastest or can fly higher than others. A weak one imperceptible sticks to the body of the fastest or strongest and wins",73,False,,False,False,False,NONE,,rule
m186_9,m186,Hedgehog is a participant of the race ,Hedgehog is a participant of the race and wins,26,False,,False,False,False,NONE,,rule
m186a_11,m186a,,,5,False,,False,False,False,NONE,,rule
m187_9,m187,Snail is a participant of the race,Snail is a participant of the race and wins,18,False,,False,False,False,NONE,,rule
m188_11,m188,The painted jackal ,Animal person is highly respected by others after he changes his looks by chance; is smeared with a paint or gets a necklace-like object around his neck which he is unable to pull off,10,False,,False,False,False,NONE,,rule
m189_11,m189,To thread a spiral shell,"To thread a spiral shell (a stone with tiny opening, a horn, etc.) person ties the thread to an ant and lets it go through the opening",4,False,,False,False,False,MENTION,terrestrial,rule
m190_11,m190,The beaver and the porcupine,The beaver ferries the porcupine and usually throws him into water or abandons on an island,7,False,,False,False,False,MENTION,terrestrial,rule
m191_11,m191,Cat and wild animals,The fox (who married the cat) poses him as a strong and dangerous animal. The wild animals are eager to get him round but are scared and run away,30,False,,False,False,False,NONE,,rule
m192_11,m192,The dried up skin,A carrion-eating animal who crawled into a fresh carcass or put on a fresh animal skin cannot free himself when the carcass or the skin becomes dry. He gets free when is becomes soft again or somebody tears it open,10,False,,False,False,False,NONE,,rule
m192a_11,m192a,The dried up straps,Animal person agrees to put on a fresh skin of another animal or to be tied up with raw straps. The skin or straps dry up making the person suffer,4,False,,False,False,False,NONE,,rule
m193_11,m193,Flight inside pumpkin,"To pass unnoticed dangerous animals on his or her way back, person crawls into a gourd, a big cattle, etc. and is rolling inside it along the road, or he walks transforming his appearance in a bizarre way",8,False,,False,False,False,NONE,,rule
m194_11,m194,Traveler’s possessions divided,"Several animals get objects possessed by a person. Dividing their booty, one animal takes all the food for himself giving the others objects that can be used only by people. Animals that received them suffer or die",5,False,,False,False,False,NONE,,rule
m195_11,m195,Two horse: which is older?,Person should guess which of two horses is older. He does it considering peculiarities of the habits of horses,13,False,,False,False,False,NONE,,rule
m196_11,m196,The silence wager,A man and his wife make a wager: Whoever speaks first must do certain trivial work or get a bigger portion of some simple food. They or one of them continue to keep silence even being exposed to violence or taken by others as the dead,52,False,,False,False,False,MENTION,terrestrial,rule
m197_11,m197,The effectiveness of fire,"Seriously or demonstrating absurdity of the situation, a person tries to cook something using a fire (a source of light) that is far away from the object to be cooked",43,False,,False,False,False,NONE,,rule
m197a_11,m197a,The pot has a child and dies,"A borrower returns a cattle (pot) together with a small one, claiming that the cattle gave birth to a child. He borrows the pot again but does not return it, claiming that the pot dies",28,False,,False,False,False,NONE,,rule
m198_11,m198,The wise brothers,"Brothers (rare: one man) have extraordinary powers of observation and describe objects, animals or people whom they never seen or see for the first time. Investigation confirms that their deduction was correct  ",67,False,,False,False,False,NONE,,rule
m198a_11,m198a,Who did steal the ruby?,Judge tells a story to persons suspected of a crime and finds who is guilty watching their reaction,15,False,,False,False,False,NONE,,rule
m198b_11,m198b,Grasshopper in hand,"A king (landlord, etc.) suggests to guess what he has in his hand (in a box). A man gives the correct answer pronouncing by chance the word “grasshopper” (“locust”, “cricket”)",17,False,,False,False,False,NONE,,rule
m199_11,m199,Squeezing the (supposed) stone,"A man or a weak animal and an ogre (giant, devil) have a contest to see which of them  can squeeze a stone. The man squeezes a cheese (egg, turnip) and thus intimidates the ogre",62,False,,False,False,False,MENTION,terrestrial,rule
m199a_11,m199a,,,9,False,,False,False,False,NONE,,rule
m199b_11,m199b,,,36,False,,False,False,False,NONE,,rule
m199c_11,m199c,,,38,False,,False,False,False,NONE,,rule
m199c1_11,m199c1,,,15,False,,False,False,False,NONE,,rule
m199d_11,m199d,,,35,False,,False,False,False,NONE,,rule
m199e_11,m199e,,,21,False,,False,False,False,NONE,,rule
m200_13,m200,,,6,False,,False,False,False,NONE,,rule
m200a_13,m200a,,,5,False,,False,False,False,NONE,,rule
