motif_id,n_biomes_assigned,z_true,z_threshold_95,keep_in_filtered
b104a,2,-0.5811189794419707,2.828476905822754,True
a22b,3,1.1111311269932813,2.828476905822754,True
a5a,1,-1.5364025638266883,2.828476905822754,True
a39,3,0.4922505331846884,2.828476905822754,True
a32i,3,1.390558179673381,2.828476905822754,True
a9,3,1.259813581379266,2.828476905822754,True
a30,3,1.5406342056591038,2.828476905822754,True
b104,2,-0.6540474808597385,2.828476905822754,True
a8,3,1.3007183295074185,2.828476905822754,True
a24a,3,0.39982021092382725,2.828476905822754,True
a35b,3,-0.6300364745400485,2.828476905822754,True
a32j,3,-3.7725241689232063,2.828476905822754,True
b107,1,-1.0045299480329268,2.828476905822754,True
b115a,3,0.8511698430003007,2.828476905822754,True
a10,3,1.248171106589481,2.828476905822754,True
b109a,2,0.4471852136708635,2.828476905822754,True
a32d1,3,-0.49372393514812446,2.828476905822754,True
b112,3,2.577074649898968,2.828476905822754,True
b113,1,0.4601587319702001,2.828476905822754,True
b101,3,0.9722024440296398,2.828476905822754,True
b108,1,0.13192272760021895,2.828476905822754,True
a26,1,0.5681362867471077,2.828476905822754,True
a29a,3,1.3025602138566856,2.828476905822754,True
b110a,2,0.5472420757217157,2.828476905822754,True
b118,1,0.5219303558091806,2.828476905822754,True
b103,3,0.33643065606893086,2.828476905822754,True
b20,3,1.5540254192024883,2.828476905822754,True
b11a,3,-1.0648860458028464,2.828476905822754,True
b28c,2,-1.9507960384880418,2.828476905822754,True
a47,3,-0.999381733278123,2.828476905822754,True
b24a,2,0.7848977406435959,2.828476905822754,True
b21,3,1.4748202308122222,2.828476905822754,True
a8a,2,-0.6916102416661891,2.828476905822754,True
b22a,1,1.5428061123719758,2.828476905822754,True
b24,2,1.588935064060778,2.828476905822754,True
b1d,3,0.3322841039792031,2.828476905822754,True
b33e,2,-0.73422843112273,2.828476905822754,True
b36b,2,1.3026856803875795,2.828476905822754,True
b25,3,1.5305755426806222,2.828476905822754,True
b28a,2,0.24381368636934522,2.828476905822754,True
b2g,2,1.2153618282749294,2.828476905822754,True
b19,3,0.5577249301837833,2.828476905822754,True
b33b,3,-1.6739813009842217,2.828476905822754,True
b42a,1,-0.945743628743204,2.828476905822754,True
b42e,2,1.2890918156224531,2.828476905822754,True
b42d,2,1.6024654214439893,2.828476905822754,True
b110,3,1.1696805938531443,2.828476905822754,True
b22,3,1.5337239409311092,2.828476905822754,True
a11c,3,1.8736441993676536,2.828476905822754,True
b28b,3,2.239110784938293,2.828476905822754,True
b30a,3,0.8268043446621471,2.828476905822754,True
b32,2,1.1829748815804946,2.828476905822754,True
b35a,3,0.23794543207025146,2.828476905822754,True
b42i,3,-0.7948873198924888,2.828476905822754,True
b42o1,2,-0.8645937199546426,2.828476905822754,True
b44d,2,0.49247084484688025,2.828476905822754,True
b30b,3,2.1273463876993164,2.828476905822754,True
b28d1,1,-0.9347068444373827,2.828476905822754,True
b23,3,0.31273038057485575,2.828476905822754,True
b48d,2,-0.43865399147252593,2.828476905822754,True
b38b,3,0.6183950486997041,2.828476905822754,True
b39,3,2.3416306976257024,2.828476905822754,True
b34,3,2.2210162596143506,2.828476905822754,True
b49a,3,0.5319034433435526,2.828476905822754,True
b44f,3,-0.7011004026908902,2.828476905822754,True
b28e,2,0.49346171048396686,2.828476905822754,True
b42l,3,0.37855862588789785,2.828476905822754,True
b49b,2,-0.9446965473066607,2.828476905822754,True
b42m1,1,0.4446600070364293,2.828476905822754,True
b67,3,2.4811822792681903,2.828476905822754,True
b42s,3,-1.0202883338070525,2.828476905822754,True
b61,2,-0.6388082466698279,2.828476905822754,True
b63,1,0.2402310686888016,2.828476905822754,True
b47a,3,2.369984235758665,2.828476905822754,True
b69b,2,0.13368798913730962,2.828476905822754,True
b42m,3,0.4307836788771772,2.828476905822754,True
b65,3,-0.124191454415505,2.828476905822754,True
b77c,1,1.7866187549844006,2.828476905822754,True
b64b,2,-1.4597855132781012,2.828476905822754,True
b42m2,3,-0.45805519531933214,2.828476905822754,True
b33f,3,-0.31065904091595237,2.828476905822754,True
b66,2,2.0211829866289954,2.828476905822754,True
b77b2,2,0.4271856912607767,2.828476905822754,True
b58,2,1.280255452990251,2.828476905822754,True
b68a,2,-0.19450880768718215,2.828476905822754,True
b64c,1,-1.7555029389685775,2.828476905822754,True
b55,2,1.5416884465274459,2.828476905822754,True
b75c,3,0.8152124771184681,2.828476905822754,True
b74b,1,0.3525975422272829,2.828476905822754,True
b42mn,3,-0.5144672303903289,2.828476905822754,True
b88,3,1.1012443794288216,2.828476905822754,True
b73a,3,1.24532870846872,2.828476905822754,True
b6a,2,0.7045256065165763,2.828476905822754,True
b72a,3,2.6807367006830742,2.828476905822754,True
b56,2,0.4862142560012174,2.828476905822754,True
c22,2,1.198585322543946,2.828476905822754,True
b87c,1,-0.659000377627309,2.828476905822754,True
b64d,2,1.6794246225570029,2.828476905822754,True
b75d,3,0.6243936926241659,2.828476905822754,True
b64a,3,0.09008689421236009,2.828476905822754,True
b87b,2,-0.022846521260368333,2.828476905822754,True
b74a,2,-1.7200057819799321,2.828476905822754,True
c30b,2,-0.2325411242773099,2.828476905822754,True
b5c,3,1.009035889208948,2.828476905822754,True
c17,2,0.7248578350025289,2.828476905822754,True
b7d,1,0.16271369057805585,2.828476905822754,True
c34a,1,1.4828155271406736,2.828476905822754,True
c2b,2,0.5464540451749936,2.828476905822754,True
c35a,3,1.244143273912374,2.828476905822754,True
b96,2,1.8993403058099227,2.828476905822754,True
b93a,3,1.4713703595096814,2.828476905822754,True
c15,1,1.0168536316850245,2.828476905822754,True
c33b,2,0.3448971813843373,2.828476905822754,True
c40,1,-0.3364742086458221,2.828476905822754,True
d13e,2,0.6054935428242929,2.828476905822754,True
c41,1,-0.36804042007550275,2.828476905822754,True
b99,2,1.3325983271295434,2.828476905822754,True
c37,2,2.4288441252040753,2.828476905822754,True
d1a2,2,1.4472023878927496,2.828476905822754,True
c30c,3,0.8692083721920157,2.828476905822754,True
d12a,2,4.434291461911732,2.828476905822754,False
c19a,3,-2.443254645441038,2.828476905822754,True
c33,3,-0.5238097887921424,2.828476905822754,True
d4i,2,0.4272094787577203,2.828476905822754,True
d4k,3,1.217218831649248,2.828476905822754,True
d1a1,1,0.38583456936467386,2.828476905822754,True
d1a3,3,2.3791421883332964,2.828476905822754,True
c2a,2,1.4634327676596197,2.828476905822754,True
d1a,2,-0.8444121982692123,2.828476905822754,True
d4f,3,1.041106075812717,2.828476905822754,True
d13c,3,2.188482398001127,2.828476905822754,True
d4p,3,1.541424709881742,2.828476905822754,True
e19,2,1.223041969157363,2.828476905822754,True
d6b,2,0.7968302642546016,2.828476905822754,True
d4c1,2,-0.4436597878809421,2.828476905822754,True
c39,2,1.0232314637966204,2.828476905822754,True
c6h,3,1.7651612188596277,2.828476905822754,True
e24,3,1.385934821067237,2.828476905822754,True
c39a,1,-0.6034091888921723,2.828476905822754,True
e40,2,2.1870828164368836,2.828476905822754,True
e1b1,2,1.0108072395570062,2.828476905822754,True
e15b,2,-0.18157074758371286,2.828476905822754,True
c8c,2,0.22221251152505123,2.828476905822754,True
b48c,2,-0.546760663342885,2.828476905822754,True
c8a,3,-0.30437853003919624,2.828476905822754,True
e34,2,0.1826381487514054,2.828476905822754,True
e15a,3,-1.0359671626705262,2.828476905822754,True
d6a,3,1.2594594350303907,2.828476905822754,True
f12,3,1.1762449143065858,2.828476905822754,True
e28,1,1.8563940376414472,2.828476905822754,True
e31b,2,1.9653599734060427,2.828476905822754,True
e21,2,1.1908017901253232,2.828476905822754,True
e38c,2,2.4557179309871358,2.828476905822754,True
e18,1,0.914167438326812,2.828476905822754,True
e9aa,2,-1.537102869508855,2.828476905822754,True
e6a,2,-0.15816368858798063,2.828476905822754,True
f24,3,0.8298254341011705,2.828476905822754,True
e1a1,2,1.1096282444906007,2.828476905822754,True
f26,1,-1.0390236079028206,2.828476905822754,True
f49a,3,1.527272121276532,2.828476905822754,True
d4q,2,0.10783001825916859,2.828476905822754,True
f48,2,2.179967360680319,2.828476905822754,True
e13a,3,1.4715652947822775,2.828476905822754,True
e9g,3,1.466547559354358,2.828476905822754,True
f43b,2,2.009277311188362,2.828476905822754,True
e9j,2,1.4924620425127317,2.828476905822754,True
e8a,1,1.3294497041336697,2.828476905822754,True
f43c,2,1.5318621343837835,2.828476905822754,True
e9k,3,1.8615647521487149,2.828476905822754,True
f51a,3,0.6832139795878549,2.828476905822754,True
f54b,2,0.460044803005808,2.828476905822754,True
f51d,2,1.0419783916616359,2.828476905822754,True
f29a,2,1.034468780959929,2.828476905822754,True
f72,2,0.6544654471476996,2.828476905822754,True
f42a,3,1.1102844984089812,2.828476905822754,True
f54d,2,1.0143776761354868,2.828476905822754,True
f51c,2,1.535443312145117,2.828476905822754,True
f73a,1,0.9634896574592059,2.828476905822754,True
f13,3,1.5691524001893569,2.828476905822754,True
f85,3,0.9970264451044063,2.828476905822754,True
f68,3,-0.12433094588907409,2.828476905822754,True
f78,3,1.3594266979997174,2.828476905822754,True
f4,3,1.3065716521187891,2.828476905822754,True
f93,3,0.629166306173425,2.828476905822754,True
f82a,2,1.1580955174181207,2.828476905822754,True
f69,3,0.5951142785243794,2.828476905822754,True
f46a,2,1.663747292930372,2.828476905822754,True
g11,3,1.500916715388144,2.828476905822754,True
f5a,3,-0.29512322653897444,2.828476905822754,True
f37,2,0.9642416853192731,2.828476905822754,True
f9f2,2,1.9565200377916245,2.828476905822754,True
g12c,3,0.30554715805490873,2.828476905822754,True
f84,2,0.7815180464615049,2.828476905822754,True
f91,2,-0.7148492727312973,2.828476905822754,True
g19,1,-1.2412427607138166,2.828476905822754,True
f87,3,0.670304599481497,2.828476905822754,True
g14,3,0.9911934244940859,2.828476905822754,True
f81,2,-1.7406773149462174,2.828476905822754,True
g12,1,1.2004455981459967,2.828476905822754,True
g30,2,0.05430663893600745,2.828476905822754,True
f65d,3,1.7632094963385307,2.828476905822754,True
g13b,3,2.0832115966365095,2.828476905822754,True
g25,2,0.0399324972167033,2.828476905822754,True
h12b,3,2.59292608258805,2.828476905822754,True
g12a,3,1.7896390614727924,2.828476905822754,True
h1bb,3,1.8543601991494185,2.828476905822754,True
h12a,3,0.9773505749007941,2.828476905822754,True
f9b,2,0.7965290562754311,2.828476905822754,True
g8e,3,1.3874500367940699,2.828476905822754,True
h32b,3,0.6508805055983947,2.828476905822754,True
g31,3,0.27099280061492587,2.828476905822754,True
g28,3,1.4732643176245368,2.828476905822754,True
h36e,1,1.8721110449115923,2.828476905822754,True
h36h,3,1.1937603856733172,2.828476905822754,True
g10,2,0.851309756310234,2.828476905822754,True
h36i,3,1.4460359982132565,2.828476905822754,True
h17,2,0.4812013635973109,2.828476905822754,True
h24d,2,0.2998020433473585,2.828476905822754,True
h31,3,2.0993838378743392,2.828476905822754,True
h34c,3,2.778942735427058,2.828476905822754,True
i129,2,0.9102035246885587,2.828476905822754,True
i100d,2,-0.05202726550109012,2.828476905822754,True
i133a,2,0.7718844957433104,2.828476905822754,True
h38,2,1.1355296120338974,2.828476905822754,True
g8f,3,0.9302467606938463,2.828476905822754,True
h37b,3,-0.5387740827132059,2.828476905822754,True
h37a,2,-0.4412876962866012,2.828476905822754,True
i28a,2,0.7080964308396152,2.828476905822754,True
i37d,3,1.6437897720858232,2.828476905822754,True
i15a,3,0.4704531688818094,2.828476905822754,True
h9b,3,1.7399193361536966,2.828476905822754,True
i37e,2,1.5562414611773179,2.828476905822754,True
h7e,2,0.7550604413636198,2.828476905822754,True
h21a,2,0.6398806703106442,2.828476905822754,True
i132a,2,1.9022600564147574,2.828476905822754,True
h30,3,1.4159286719225215,2.828476905822754,True
g8c,2,0.9666013683413711,2.828476905822754,True
i55a,2,3.1992367066100402,2.828476905822754,False
i60a,3,-0.2824939352471656,2.828476905822754,True
i41a,2,2.4738520546445617,2.828476905822754,True
h24e,2,1.912584762126426,2.828476905822754,True
i59b3,2,1.3941578702751847,2.828476905822754,True
i5b,2,1.0736736188132343,2.828476905822754,True
h7f,3,1.090994219874129,2.828476905822754,True
i35a1,3,-0.03126385631767014,2.828476905822754,True
i47a,3,-0.2200619281514959,2.828476905822754,True
i74a,3,1.7755154281055276,2.828476905822754,True
i41b1,2,-0.8820030106668016,2.828476905822754,True
h8,3,1.4412241481387862,2.828476905822754,True
h55a,3,1.6020499313952703,2.828476905822754,True
i29,3,1.331770655050525,2.828476905822754,True
i82e,3,0.610564204577274,2.828476905822754,True
i82f,1,0.10256870863846679,2.828476905822754,True
i61a,2,0.5180342257002559,2.828476905822754,True
i81a1,3,0.9883223917536267,2.828476905822754,True
i55b,2,-1.126997236649979,2.828476905822754,True
i5a,2,0.5337955630151938,2.828476905822754,True
i8h,3,1.4228035352822272,2.828476905822754,True
i82g,3,2.278023723712081,2.828476905822754,True
j12c,2,1.4289693875307043,2.828476905822754,True
i67,3,1.356762801590944,2.828476905822754,True
i46b,3,0.7560362687402383,2.828476905822754,True
i71,3,0.8943061193648006,2.828476905822754,True
j12a,1,0.05054449918227403,2.828476905822754,True
j22c,3,1.4256506799866444,2.828476905822754,True
j12k,2,1.1514462751531696,2.828476905822754,True
j12l,3,0.03350373000687136,2.828476905822754,True
j25b,2,0.15186676502072194,2.828476905822754,True
i4c,3,-0.38808271804111827,2.828476905822754,True
i81a,3,0.40164364216195825,2.828476905822754,True
h50,3,0.644190051142139,2.828476905822754,True
i86a,2,1.3632604917857756,2.828476905822754,True
j36,2,0.7719148968731411,2.828476905822754,True
i86,3,1.4428455779999445,2.828476905822754,True
i114,3,0.5744963401762004,2.828476905822754,True
j35,2,1.2047580863542444,2.828476905822754,True
j12m,3,-1.1172645129425225,2.828476905822754,True
j15b,2,1.7061153439535057,2.828476905822754,True
j10,3,0.5016303092481839,2.828476905822754,True
j33a,3,1.2262650994413717,2.828476905822754,True
j22d,1,-1.6091165456191894,2.828476905822754,True
j3,3,1.446990843950622,2.828476905822754,True
j18a,3,0.8637992887047002,2.828476905822754,True
j56a,2,1.4535140653614578,2.828476905822754,True
j19b,2,1.3181659421601342,2.828476905822754,True
j50a,3,1.3914629588512835,2.828476905822754,True
j51b,2,0.7780726981232108,2.828476905822754,True
j23a,2,-1.33768812915511,2.828476905822754,True
j19a,2,0.37488549296334234,2.828476905822754,True
j41a,3,-0.9186753864869384,2.828476905822754,True
j6a,2,1.1722669532912349,2.828476905822754,True
j32b,3,1.8272547556718148,2.828476905822754,True
j49,2,0.41945425537720993,2.828476905822754,True
k108a,2,-0.593571051314163,2.828476905822754,True
j68,1,0.2978088533944625,2.828476905822754,True
k10h,3,0.4100146851895671,2.828476905822754,True
j47a,3,1.6572240981059216,2.828476905822754,True
k13d,2,1.037125803612006,2.828476905822754,True
j8,3,0.574421267634347,2.828476905822754,True
k10d,3,0.40760341850493714,2.828476905822754,True
j62b,3,-1.222460134973843,2.828476905822754,True
j59b,3,0.8198960297458745,2.828476905822754,True
k105,1,0.8599996984857357,2.828476905822754,True
k149,3,1.1707250170891892,2.828476905822754,True
k11b,1,-1.0934169047458326,2.828476905822754,True
k10i,1,1.3269497636781997,2.828476905822754,True
k111,3,-2.242465218220964,2.828476905822754,True
k132a,2,-0.44705345409852526,2.828476905822754,True
k16a,3,0.6351204939181117,2.828476905822754,True
j67,3,0.44141268278100587,2.828476905822754,True
k123b,3,0.9447181491611271,2.828476905822754,True
k19f,2,1.6569193786426826,2.828476905822754,True
k27ll,1,-1.111288183295218,2.828476905822754,True
k1g,3,1.7297617280799447,2.828476905822754,True
k13b,2,1.5730122995892604,2.828476905822754,True
k10c,3,0.969064587095353,2.828476905822754,True
k15c,3,1.00390499122063,2.828476905822754,True
k22aa,2,-0.10967703689014954,2.828476905822754,True
k124,2,-0.2803999290818973,2.828476905822754,True
k19d,1,0.8328338654949862,2.828476905822754,True
k133,3,0.2378069301418637,2.828476905822754,True
k147a,2,-0.20997769704481276,2.828476905822754,True
k25a3,2,-1.5003573597723572,2.828476905822754,True
k27v2,1,0.7045213004316851,2.828476905822754,True
k1d,3,-0.5575736844033169,2.828476905822754,True
k32c,3,-2.2772524148122284,2.828476905822754,True
k140,3,1.6536174099944851,2.828476905822754,True
k15,3,1.0088530788351795,2.828476905822754,True
k27z2,3,1.51983104369505,2.828476905822754,True
k27h,3,1.4673764257426356,2.828476905822754,True
k25a2,2,-0.552516452450357,2.828476905822754,True
k25c,3,-0.8405826575005884,2.828476905822754,True
k27l1,3,1.0546277094797212,2.828476905822754,True
k27z2e,3,0.6863295037944281,2.828476905822754,True
k37c,3,1.0864311618823728,2.828476905822754,True
k27q1,1,0.4262757485402374,2.828476905822754,True
k30a,2,1.7016553051912862,2.828476905822754,True
k27z2a,3,1.1637388262163786,2.828476905822754,True
k35a2,2,0.06395535384864748,2.828476905822754,True
k47d,3,2.0286409115661255,2.828476905822754,True
k27v3,3,1.2440487890470953,2.828476905822754,True
k32f,2,1.2664818765473467,2.828476905822754,True
k48a,2,1.2297146963289645,2.828476905822754,True
k47c,2,1.9322894002400512,2.828476905822754,True
k56a1,2,1.1112161185600464,2.828476905822754,True
k27v,3,-0.518803577355477,2.828476905822754,True
k27u2,2,1.7425383843552127,2.828476905822754,True
k38f3,2,-0.5186389579838501,2.828476905822754,True
k27y1,3,0.6050087376959526,2.828476905822754,True
k52b,2,-2.713786453748692,2.828476905822754,True
k38b2,3,0.5638985320325715,2.828476905822754,True
k27zz2,3,3.3406325478049492,2.828476905822754,False
k52c1,2,0.41030841113204997,2.828476905822754,True
k51a,3,-2.538598949217175,2.828476905822754,True
k38b3,3,0.8367702572147944,2.828476905822754,True
k37d,2,1.2669945132831548,2.828476905822754,True
k38b1,3,0.12379327960315095,2.828476905822754,True
k7,2,1.3405669283456325,2.828476905822754,True
k43c,3,-0.24646335132895353,2.828476905822754,True
k55,3,-0.4237385821403841,2.828476905822754,True
k56a3,3,0.13968519032246385,2.828476905822754,True
k56d,3,0.12761204645421695,2.828476905822754,True
k35a5,3,1.6679488597235734,2.828476905822754,True
k56a8a,3,0.3520050479044056,2.828476905822754,True
k56a2b,3,0.28283261734886367,2.828476905822754,True
k56a5b,3,2.2555801827173183,2.828476905822754,True
k56ab,3,-0.41468089147780923,2.828476905822754,True
k8b,3,-2.2534458300617564,2.828476905822754,True
k56a4a,2,-0.2915455981145686,2.828476905822754,True
k71,3,0.6361536502031123,2.828476905822754,True
k76d,2,-0.34000191507216365,2.828476905822754,True
k68,2,-0.5442708052239923,2.828476905822754,True
k87b,3,0.230963155226646,2.828476905822754,True
k80a3,1,0.953897666906267,2.828476905822754,True
k8c2,3,-0.09878793819465959,2.828476905822754,True
l110b,3,-0.23696928618235982,2.828476905822754,True
k89d,3,1.6460434676887035,2.828476905822754,True
k85c,2,-0.6014630064688886,2.828476905822754,True
l108g,1,0.11110852793327496,2.828476905822754,True
k9a,3,-0.08315296963805825,2.828476905822754,True
l108f,1,-0.26033185126913505,2.828476905822754,True
l119,2,1.458152108190452,2.828476905822754,True
l12,1,0.21990074327477788,2.828476905822754,True
k85a,3,1.215419486622861,2.828476905822754,True
k85b,2,0.08453660056810881,2.828476905822754,True
k90b,3,0.1356078719516328,2.828476905822754,True
l117,3,2.7707467947100595,2.828476905822754,True
l110c,3,1.6189080628309458,2.828476905822754,True
l115,2,-0.4255976295020281,2.828476905822754,True
l122a,3,0.4689566646233085,2.828476905822754,True
k70,3,-0.1487729493989954,2.828476905822754,True
l122,3,-0.2873213649245335,2.828476905822754,True
l121a,2,1.778770899316062,2.828476905822754,True
l127,3,1.3016261999565124,2.828476905822754,True
l15b1,3,-0.44780521840595133,2.828476905822754,True
l15e1,2,0.9557440463505247,2.828476905822754,True
l1d,1,0.4524086165614109,2.828476905822754,True
l120a,3,-0.8129167787583785,2.828476905822754,True
l121,3,2.7308984680662123,2.828476905822754,True
l1e,2,1.5368124851475304,2.828476905822754,True
l1c,2,1.052218653458272,2.828476905822754,True
l124,3,-0.7643007761025352,2.828476905822754,True
l33d,3,1.062242882724272,2.828476905822754,True
l26,3,0.8494265137991537,2.828476905822754,True
l23a,3,-0.4037898348755284,2.828476905822754,True
l39a,2,2.550980027984471,2.828476905822754,True
l1f,3,1.1866109622265975,2.828476905822754,True
l41b,3,2.1628699367635185,2.828476905822754,True
l27a,2,0.7649099157169374,2.828476905822754,True
l3a,1,-1.2997155945194963,2.828476905822754,True
l20,3,1.5841791479501977,2.828476905822754,True
l20a,3,2.9122566170212303,2.828476905822754,False
l42h,2,1.1569533437490256,2.828476905822754,True
l71,3,0.004481604507045939,2.828476905822754,True
l23b,3,-0.695728658406049,2.828476905822754,True
l5g,3,2.413276512509626,2.828476905822754,True
l7b,1,0.3947338636272059,2.828476905822754,True
l65c,3,0.3473180049759911,2.828476905822754,True
l42g2,3,1.0028023372594403,2.828476905822754,True
l60,3,0.9437208655689706,2.828476905822754,True
l57b,3,0.4765826346031043,2.828476905822754,True
l42j,1,-0.8005710841200038,2.828476905822754,True
l42i1,2,0.46590759674750437,2.828476905822754,True
l83,3,1.080526190294906,2.828476905822754,True
l91,1,0.09811854371050485,2.828476905822754,True
l42i,2,0.21143534997396674,2.828476905822754,True
l80,3,0.7982642469075116,2.828476905822754,True
l88,2,0.06876483144264159,2.828476905822754,True
l82,2,1.4690463718340958,2.828476905822754,True
l85d,3,0.7035095166592614,2.828476905822754,True
l5h,1,-0.081830657902585,2.828476905822754,True
l72e,3,-0.20346818465749641,2.828476905822754,True
m109c,3,1.170495795731717,2.828476905822754,True
m109d,1,-0.5034967419341947,2.828476905822754,True
l75,2,0.0723644823734654,2.828476905822754,True
m101,3,0.4701266265366349,2.828476905822754,True
m102,3,1.3178639853935323,2.828476905822754,True
m113a,2,-0.2077457056304113,2.828476905822754,True
l90a,3,-0.5334549336046185,2.828476905822754,True
m11b,3,0.7858993886905473,2.828476905822754,True
m106c,2,1.1345093540811637,2.828476905822754,True
l97,3,-0.07079370031562393,2.828476905822754,True
l9c,2,0.19675206884702337,2.828476905822754,True
m116b,2,-0.45016735594754004,2.828476905822754,True
m114d1,3,0.9636168093389914,2.828476905822754,True
m132,2,1.8672240604146926,2.828476905822754,True
m114e,2,-0.8011378153581087,2.828476905822754,True
m123b,2,0.6303089045920032,2.828476905822754,True
m114g,3,2.102907862547949,2.828476905822754,True
m111,3,1.4827733847735916,2.828476905822754,True
m114f,2,0.22265266840438816,2.828476905822754,True
m132a,2,1.6589279400279606,2.828476905822754,True
m147a,3,0.4181010401722298,2.828476905822754,True
m139,2,0.704942074346188,2.828476905822754,True
l76,2,0.6270376679579496,2.828476905822754,True
m168a,2,0.19438378881128884,2.828476905822754,True
m123,3,-1.621853617011399,2.828476905822754,True
m123c,3,-2.3989447143095934,2.828476905822754,True
m141a,3,0.6106160657802142,2.828476905822754,True
m152d,3,0.6506521682819149,2.828476905822754,True
m168b,3,-0.3999299343474952,2.828476905822754,True
m144a,2,-0.22812328859865474,2.828476905822754,True
m173,2,2.1122266479114002,2.828476905822754,True
m179b,2,-0.45324714794035714,2.828476905822754,True
m162a,3,-0.6649260126422625,2.828476905822754,True
m15,1,-0.6947872319188493,2.828476905822754,True
m180a,2,1.3794717332358606,2.828476905822754,True
m175,3,1.0755857315201631,2.828476905822754,True
m162b,1,0.46222624564479703,2.828476905822754,True
m157a5,3,1.576272710434883,2.828476905822754,True
m123d,3,-2.3378767440913433,2.828476905822754,True
m190,3,-1.1146522664049472,2.828476905822754,True
m195b,3,2.043937307595464,2.828476905822754,True
m144,3,1.1025143825499764,2.828476905822754,True
m199d1,3,2.5902779002366754,2.828476905822754,True
m181b,3,0.6195803543018898,2.828476905822754,True
l77,2,1.6061695977316934,2.828476905822754,True
m182a,3,-0.5056811603435191,2.828476905822754,True
m181,3,2.845365263802263,2.828476905822754,False
m182a1,3,-0.5415048127702957,2.828476905822754,True
m199c1,3,0.607004891668534,2.828476905822754,True
m23a,2,1.2120278257780885,2.828476905822754,True
m199g2,1,0.3219462371448686,2.828476905822754,True
m1a,2,1.158838326563739,2.828476905822754,True
m198a2,3,1.9104227183898075,2.828476905822754,True
m198b3,3,-0.11874280276273931,2.828476905822754,True
m29d,3,-0.9745200384890429,2.828476905822754,True
m29qq,2,1.274561752059007,2.828476905822754,True
m29nn,3,1.2092727843118798,2.828476905822754,True
m29j,3,-0.5569029927675382,2.828476905822754,True
m29y,3,-0.7123511093739259,2.828476905822754,True
m20,3,-1.3574967505003368,2.828476905822754,True
m38d5,2,0.6494186905157286,2.828476905822754,True
m37,3,1.30633268003503,2.828476905822754,True
m26,3,-0.3903140867321615,2.828476905822754,True
m38d4,2,1.9715153070917386,2.828476905822754,True
m38e,3,1.5371135996361553,2.828476905822754,True
m2,3,1.2615616081615113,2.828476905822754,True
m199h,3,1.0567885798709118,2.828476905822754,True
m199j,3,0.4306273892339982,2.828476905822754,True
m27,3,1.2843919390216476,2.828476905822754,True
m32a,3,-0.37134440220366505,2.828476905822754,True
m39a5,2,1.147264297606866,2.828476905822754,True
m53a,3,-1.7971774069923476,2.828476905822754,True
m55,3,0.6484504240057848,2.828476905822754,True
m39a3a,3,3.223552305339175,2.828476905822754,False
m48,3,-0.5356194353363607,2.828476905822754,True
m39b,2,-0.46313223547728183,2.828476905822754,True
m39a4b,2,0.39674473036067687,2.828476905822754,True
m39a5a1,2,0.25852708814334,2.828476905822754,True
m56c,2,1.709764476423861,2.828476905822754,True
m53e,2,-0.0494157707215488,2.828476905822754,True
m61a2,1,1.2741919264413006,2.828476905822754,True
m54,3,-0.10588217860853552,2.828476905822754,True
m42c,2,1.7598183964876484,2.828476905822754,True
m61a3,3,-0.5033518038179776,2.828476905822754,True
m57d4,2,0.9907799901650586,2.828476905822754,True
m61a1,3,-1.6218639017278504,2.828476905822754,True
m61a,3,-1.6432461070773192,2.828476905822754,True
m62e,1,1.3113222186426614,2.828476905822754,True
m67,2,-0.24041155367486963,2.828476905822754,True
m56b,2,1.5942972001723184,2.828476905822754,True
m76,3,1.6123253090225171,2.828476905822754,True
m62d,1,1.4083131496055037,2.828476905822754,True
m62f,3,1.5096106044232898,2.828476905822754,True
m6,3,1.8488296928896915,2.828476905822754,True
m56d,3,1.5141640760687176,2.828476905822754,True
m89a,3,2.342725031697589,2.828476905822754,True
m5a,2,1.1513594661037714,2.828476905822754,True
m74ab,3,-0.7202487519772399,2.828476905822754,True
m8b,3,1.3184134391008013,2.828476905822754,True
m82a,1,-1.3379679301002856,2.828476905822754,True
m75a,3,0.013641225723004514,2.828476905822754,True
m84d,3,0.18607222694110026,2.828476905822754,True
m9a,2,1.627923733999603,2.828476905822754,True
m7,3,1.3577967230828054,2.828476905822754,True
m88,2,-0.42497800204294983,2.828476905822754,True
m8c,3,1.819361718982687,2.828476905822754,True
m75b3,3,1.242528786501881,2.828476905822754,True
m96,3,1.6698099313318195,2.828476905822754,True
m7a,3,0.9910510974442054,2.828476905822754,True
m92,2,-1.7355328317210827,2.828476905822754,True
m81a,2,-1.3319287402079287,2.828476905822754,True
n26,2,-0.3264834963171799,2.828476905822754,True
n25,2,-0.4706098562954374,2.828476905822754,True
m99a1,3,0.5697611383940601,2.828476905822754,True
m90c,3,-0.11946900385625468,2.828476905822754,True
m9,3,0.3077847755180407,2.828476905822754,True
m8d,3,1.2442413316103667,2.828476905822754,True
n12,3,1.0753541852286783,2.828476905822754,True
n7,3,2.061526310740786,2.828476905822754,True
n24,3,1.1593355857481769,2.828476905822754,True
n9,2,-0.4325434937837979,2.828476905822754,True
b114,2,2.597961128249248,2.828476905822754,True
d2a,2,1.4215082475823844,2.828476905822754,True
k25a5,3,1.9837950663566295,2.828476905822754,True
m112b,3,1.8469784588965779,2.828476905822754,True
f54c,2,0.8918413035352666,2.828476905822754,True
k104,3,1.1772402806503912,2.828476905822754,True
m53f,2,1.425335397427675,2.828476905822754,True
b105,3,1.3978740260366216,2.828476905822754,True
m120c,3,0.6797917787999613,2.828476905822754,True
m123a,2,-1.7443080284752785,2.828476905822754,True
l33g,2,1.1524737915748828,2.828476905822754,True
k145,4,0.5979066032526824,2.828476905822754,True
a12a,12,1.1263202240452108,2.828476905822754,True
i97,9,2.2165435779511107,2.828476905822754,True
e9i,10,0.5114066848825283,2.828476905822754,True
l15e,9,1.774635941999777,2.828476905822754,True
e9f,4,1.048976308040536,2.828476905822754,True
m39a3,10,0.33922711769153285,2.828476905822754,True
b40,11,1.1424293753076729,2.828476905822754,True
m42,11,1.1898697938309821,2.828476905822754,True
f80a,9,0.9162654914335668,2.828476905822754,True
i85a,9,0.5168831267111593,2.828476905822754,True
k8a,14,,2.828476905822754,False
k61e,4,0.7955166673810042,2.828476905822754,True
c31,4,0.684794472750783,2.828476905822754,True
b7a,5,2.0881507357564213,2.828476905822754,True
k27n,14,,2.828476905822754,False
m199d,8,2.859412070727235,2.828476905822754,False
k117c,7,1.298738430348672,2.828476905822754,True
k27z6,7,2.012914304652258,2.828476905822754,True
k25a1,12,0.06622510127590348,2.828476905822754,True
m39a5a,13,,2.828476905822754,False
i20,13,,2.828476905822754,False
l114c,10,1.979854424843075,2.828476905822754,True
k33e,7,0.3612394350581876,2.828476905822754,True
m83b,10,3.069783972028448,2.828476905822754,False
j58,10,1.8796387954747529,2.828476905822754,True
i49,7,-0.1966145703145787,2.828476905822754,True
h34d1,5,2.009877417062558,2.828476905822754,True
l81a2,7,0.3397055060520843,2.828476905822754,True
m198a4,6,0.20618768169217427,2.828476905822754,True
b33d,5,2.4231014800001622,2.828476905822754,True
h44,4,0.6472662736340967,2.828476905822754,True
m171a,14,,2.828476905822754,False
l103b,5,0.3271114352738822,2.828476905822754,True
f17,8,1.359498889712882,2.828476905822754,True
i46,12,2.4995332466353166,2.828476905822754,True
i81,5,0.07790266297612061,2.828476905822754,True
k25,14,,2.828476905822754,False
e32,11,1.7290286731692903,2.828476905822754,True
k100f,5,1.4567771092015258,2.828476905822754,True
m83c,4,1.0637733014550979,2.828476905822754,True
h51,10,-0.2893633682559627,2.828476905822754,True
m53b,5,1.548582079112849,2.828476905822754,True
k135,12,5.64886509831159,2.828476905822754,False
k16,12,4.855590375827883,2.828476905822754,False
m29q,4,1.0642952592773987,2.828476905822754,True
k27z8,11,3.1205155812443497,2.828476905822754,False
f98,4,0.7331268262865643,2.828476905822754,True
k1e,10,0.9679392595877578,2.828476905822754,True
b46d,6,0.3717320600720421,2.828476905822754,True
a38a,4,0.911837595533942,2.828476905822754,True
m29f,5,-1.7499665044935433,2.828476905822754,True
i110a,8,2.218474638825689,2.828476905822754,True
m46b,5,1.322573692046765,2.828476905822754,True
k91,9,0.7139706324967006,2.828476905822754,True
l11,10,1.927245308311828,2.828476905822754,True
h7b,8,1.030473991091839,2.828476905822754,True
l40,13,,2.828476905822754,False
b100,6,1.1637934208533227,2.828476905822754,True
e15,7,1.1344787065548014,2.828476905822754,True
m29o,7,0.942172072208233,2.828476905822754,True
i73,7,0.8413160037086153,2.828476905822754,True
m157a3,11,0.8731711438159959,2.828476905822754,True
k14c,10,1.113096611347767,2.828476905822754,True
b29,11,0.5293939784276502,2.828476905822754,True
l63,5,1.1889759678653282,2.828476905822754,True
m114h,6,2.149765322279405,2.828476905822754,True
m29h,7,1.528721869967494,2.828476905822754,True
d4l,10,1.5963917565425367,2.828476905822754,True
m134a,4,2.356577407832139,2.828476905822754,True
m39a5b,6,1.301567323273021,2.828476905822754,True
i51a,12,0.02475918337674276,2.828476905822754,True
k116,5,1.5098898374689633,2.828476905822754,True
b15,9,0.7477981834086774,2.828476905822754,True
i30,5,0.8273278699400932,2.828476905822754,True
k56c,8,0.40138006205973525,2.828476905822754,True
m100,8,-0.0872141816662112,2.828476905822754,True
l90,9,1.1452287696180132,2.828476905822754,True
h24b,7,2.2913901460030615,2.828476905822754,True
k80a4,5,1.5603344667693357,2.828476905822754,True
b60,10,0.9292227183520545,2.828476905822754,True
b33g,4,-0.2751009905801225,2.828476905822754,True
h34e,6,1.0861893525088302,2.828476905822754,True
m39a6b,4,0.17146420367941143,2.828476905822754,True
m127c,6,1.3826211924612386,2.828476905822754,True
c5b,9,1.5776904567465102,2.828476905822754,True
f65a,9,1.231916309055008,2.828476905822754,True
m51,9,0.9144949182450236,2.828476905822754,True
m39i,7,-0.8819753418210295,2.828476905822754,True
m128,5,0.057758883286033125,2.828476905822754,True
b86,9,2.33329062728825,2.828476905822754,True
h35,6,1.207751681067648,2.828476905822754,True
m64,4,2.923993917698902,2.828476905822754,False
k27n3c,9,0.9243668690633065,2.828476905822754,True
l125,9,1.0532230456092515,2.828476905822754,True
k157,9,1.695052297860593,2.828476905822754,True
m84b,10,0.1515355217522282,2.828476905822754,True
j54,10,1.5536053781715085,2.828476905822754,True
l87,8,1.5154401774923085,2.828476905822754,True
m149,11,1.4089108578484504,2.828476905822754,True
m60a1,6,0.5071507653958347,2.828476905822754,True
k147,6,2.0983862152912844,2.828476905822754,True
i76a,7,0.8013460057722173,2.828476905822754,True
k10e,5,0.2573396359171175,2.828476905822754,True
k65,6,3.3717048404880297,2.828476905822754,False
m199g1,6,-0.1691087795225431,2.828476905822754,True
m154b,7,0.8723331410554603,2.828476905822754,True
i18,7,1.124178699810377,2.828476905822754,True
k2,14,,2.828476905822754,False
m46d,5,1.1874043195900477,2.828476905822754,True
m59,5,0.34057929689509686,2.828476905822754,True
b72,5,-1.3412530218210663,2.828476905822754,True
k35c,5,3.289820772751332,2.828476905822754,False
h55,10,1.2716435903451646,2.828476905822754,True
m159,7,1.6839839237798522,2.828476905822754,True
k157a,8,1.5956552454426167,2.828476905822754,True
i85c,5,1.3064245235838803,2.828476905822754,True
l72g,8,0.49743786465368006,2.828476905822754,True
h14,5,0.8981686137988987,2.828476905822754,True
m91c1,14,,2.828476905822754,False
b52a,6,0.4311200568294077,2.828476905822754,True
i22b,9,1.5765950042559485,2.828476905822754,True
k98,11,2.336158038666035,2.828476905822754,True
i45b,12,0.427229553624009,2.828476905822754,True
m39d,9,1.0019721208146357,2.828476905822754,True
k69,5,-0.13129952653631285,2.828476905822754,True
c10a,4,0.5571987141072183,2.828476905822754,True
k66a,6,-0.013120807262474436,2.828476905822754,True
j7,8,1.427057584467813,2.828476905822754,True
h37,8,1.30883441093639,2.828476905822754,True
m153a,9,1.1152359328673815,2.828476905822754,True
m57c,12,1.0167474645639272,2.828476905822754,True
h45,8,1.5738028179152919,2.828476905822754,True
k100d,4,-0.9072707039576688,2.828476905822754,True
k82a,6,1.5417332640004626,2.828476905822754,True
m91,14,,2.828476905822754,False
i20a,4,0.9826629018520122,2.828476905822754,True
k23a,4,1.3159857917077082,2.828476905822754,True
d4a,14,,2.828476905822754,False
m38c,7,0.2889103773674928,2.828476905822754,True
j61,6,0.48730691665375486,2.828476905822754,True
a16,8,1.2683625384749972,2.828476905822754,True
m138,6,0.7982194220292724,2.828476905822754,True
e1d,5,0.035194818030537624,2.828476905822754,True
i32a,6,1.6535612430289968,2.828476905822754,True
d13i1,8,1.0943124993011695,2.828476905822754,True
l42c,5,-1.3035247346280727,2.828476905822754,True
e9,14,,2.828476905822754,False
k131a,4,-0.8563016575450749,2.828476905822754,True
m120a,4,0.4033875517012939,2.828476905822754,True
k100b,10,2.404234777739835,2.828476905822754,True
k36,12,1.227160595600579,2.828476905822754,True
n15,7,0.9801081368156683,2.828476905822754,True
m57d1,8,1.246979467042007,2.828476905822754,True
k10g,6,0.3685407215760646,2.828476905822754,True
h24f,4,1.2522391820041754,2.828476905822754,True
k38f1,9,1.5506546505059413,2.828476905822754,True
m29x,6,3.072135736820088,2.828476905822754,False
a4,13,,2.828476905822754,False
b59,7,1.2264936520408944,2.828476905822754,True
k148,6,1.1061410562513814,2.828476905822754,True
k99a1,9,0.9884311488152633,2.828476905822754,True
c1,6,0.5079995275519009,2.828476905822754,True
m199e,4,-1.9976984234851702,2.828476905822754,True
m65a,4,1.013730619937488,2.828476905822754,True
d12,9,6.276129052851911,2.828476905822754,False
m116,9,2.610328240427737,2.828476905822754,True
i108,13,,2.828476905822754,False
i9,10,5.351539289132915,2.828476905822754,False
j52,8,1.7245943571806024,2.828476905822754,True
j27,8,1.788373118294502,2.828476905822754,True
d7,8,1.9622391864711695,2.828476905822754,True
b35,4,0.287007970019367,2.828476905822754,True
m29c,4,-1.080855553681688,2.828476905822754,True
i17,12,8.371962055554294,2.828476905822754,False
l49,7,0.7319761309987444,2.828476905822754,True
k27o,11,13.796850410743199,2.828476905822754,False
f14,4,0.7956279326082044,2.828476905822754,True
h18b,8,0.5179060011143365,2.828476905822754,True
k122,8,0.43625095245067136,2.828476905822754,True
i27,13,,2.828476905822754,False
l19b,14,,2.828476905822754,False
h18,12,1.8580627759205912,2.828476905822754,True
m90,10,2.609812545932303,2.828476905822754,True
a12f,6,0.8398926505205718,2.828476905822754,True
j42,13,,2.828476905822754,False
i98a,10,1.8371872331418948,2.828476905822754,True
m199i,8,1.394927526064783,2.828476905822754,True
l28a,4,0.956872054317403,2.828476905822754,True
k58,5,1.973626656401178,2.828476905822754,True
h40,9,1.4258660357533757,2.828476905822754,True
l37c,5,0.3208138310685146,2.828476905822754,True
m59a,5,-0.18593849182391192,2.828476905822754,True
m82,5,0.04640702940602632,2.828476905822754,True
f94,4,1.276386228691268,2.828476905822754,True
d1,12,3.1659734326389364,2.828476905822754,False
k17,12,-0.5504668168280149,2.828476905822754,True
l17a,10,0.983381712021803,2.828476905822754,True
i37g,4,1.9650298321268536,2.828476905822754,True
k77bb,8,1.2798502165611698,2.828476905822754,True
i82a,12,0.3940410960188123,2.828476905822754,True
a37a,5,2.119291570627123,2.828476905822754,True
m157c,4,1.161603459351942,2.828476905822754,True
k32j,4,1.787779066788715,2.828476905822754,True
m184,8,1.013158584305719,2.828476905822754,True
k118,11,9.414483474932542,2.828476905822754,False
e9d,13,,2.828476905822754,False
m158,11,1.5541424857968684,2.828476905822754,True
i106,9,0.6899036166210839,2.828476905822754,True
k27x3,13,,2.828476905822754,False
b71,5,5.648565960078224,2.828476905822754,False
m71,4,0.5161060699130727,2.828476905822754,True
i4,5,-0.09782150698720453,2.828476905822754,True
h34b,6,0.8115006322753009,2.828476905822754,True
f79,5,1.368981790956357,2.828476905822754,True
c2,13,,2.828476905822754,False
g13,4,1.7518625277845958,2.828476905822754,True
a32d,12,1.6886372073513813,2.828476905822754,True
k100a,10,1.8066269113171989,2.828476905822754,True
d4j,7,1.4222185184485925,2.828476905822754,True
j32,10,0.6823741585800355,2.828476905822754,True
d4e,10,0.9636506916589609,2.828476905822754,True
c36,6,1.2544843508430228,2.828476905822754,True
h32a,9,2.016847304473364,2.828476905822754,True
b41,10,0.9482629197889318,2.828476905822754,True
i22,14,,2.828476905822754,False
e26,4,1.6050922998014214,2.828476905822754,True
k27d,7,0.2617301139830163,2.828476905822754,True
a2c,6,0.6360853796111314,2.828476905822754,True
l103,12,2.1060531177794855,2.828476905822754,True
h36b,6,1.4728219827289393,2.828476905822754,True
k52c,5,-0.49918720916191295,2.828476905822754,True
b45,7,1.516445844864914,2.828476905822754,True
m198a,12,2.306581885894118,2.828476905822754,True
h7a,9,1.6618336140244965,2.828476905822754,True
j50,8,1.4034018040439797,2.828476905822754,True
a11a,7,0.7023440852923957,2.828476905822754,True
f89,4,0.3208007344222253,2.828476905822754,True
l1c2,6,1.5712769289998711,2.828476905822754,True
h6b,9,0.7781809876669645,2.828476905822754,True
f65b,7,-0.45961127605245344,2.828476905822754,True
b77a,11,0.49779765037622187,2.828476905822754,True
l98,10,0.3360968760766611,2.828476905822754,True
i87a2,7,1.831076395798578,2.828476905822754,True
m133,4,0.35326871773899415,2.828476905822754,True
b51a,5,0.08698507172707325,2.828476905822754,True
l73,10,2.1718795734668435,2.828476905822754,True
i50a,7,-0.31613973221129543,2.828476905822754,True
l45,5,2.230318356216701,2.828476905822754,True
m39e2,5,0.057293729812722585,2.828476905822754,True
m43,8,0.7108158128746545,2.828476905822754,True
b46a1,6,0.08067043958650166,2.828476905822754,True
h24,13,,2.828476905822754,False
k101b,4,0.26034831400025543,2.828476905822754,True
k22b,10,0.45188675636024533,2.828476905822754,True
e31,9,2.744858642297569,2.828476905822754,True
b27,8,1.0233058125850565,2.828476905822754,True
k100c,6,1.6200828666154812,2.828476905822754,True
k58a,4,0.02937303147201352,2.828476905822754,True
h16,13,,2.828476905822754,False
k60c,6,1.3954576907255172,2.828476905822754,True
a35,14,,2.828476905822754,False
m182,9,4.623272038210218,2.828476905822754,False
i35,10,0.8694651923775332,2.828476905822754,True
m29n,5,2.2419671790281166,2.828476905822754,True
i13a,13,,2.828476905822754,False
e33,6,0.4359816276818048,2.828476905822754,True
k159,6,1.066939814530316,2.828476905822754,True
m94a,5,0.6537645128745805,2.828476905822754,True
j58b,4,0.8356121305673032,2.828476905822754,True
b42n,12,0.6367423126717388,2.828476905822754,True
i87b,7,1.1363031603981701,2.828476905822754,True
m152b,6,1.368605696279895,2.828476905822754,True
m26a,4,-1.5829894532972324,2.828476905822754,True
k32b1,6,-0.06158439588145796,2.828476905822754,True
l42e,10,2.3203688144397363,2.828476905822754,True
l74,7,0.5312694671443465,2.828476905822754,True
k56a8,6,2.052962394779411,2.828476905822754,True
l100d,12,5.926292590484809,2.828476905822754,False
m39a6d,11,1.042831530476303,2.828476905822754,True
f10,11,-0.21630777018299582,2.828476905822754,True
k32h1,5,2.4183972514096044,2.828476905822754,True
m199b,9,0.44402818226735136,2.828476905822754,True
i38a,8,2.4239016035419603,2.828476905822754,True
k19a,7,1.572221431396236,2.828476905822754,True
k22c,6,1.3644499747789332,2.828476905822754,True
h1c,7,1.746700983879056,2.828476905822754,True
j37,6,0.9434328244428002,2.828476905822754,True
l65b,12,7.587558347981046,2.828476905822754,False
k153,12,1.5119549534019112,2.828476905822754,True
c16,6,0.7200428053380037,2.828476905822754,True
k123a,9,2.032490291998082,2.828476905822754,True
k27z2d,5,0.6480835550280938,2.828476905822754,True
k60a,10,3.0260881074820443,2.828476905822754,False
m65,4,0.37231823727130087,2.828476905822754,True
k74a,11,0.6204369410423258,2.828476905822754,True
h36f,10,0.9690855901689166,2.828476905822754,True
b78,5,-1.2122095824012884,2.828476905822754,True
e5,4,0.2028890909207553,2.828476905822754,True
c26,8,3.4157945430367778,2.828476905822754,False
i82d,8,1.3884580479994233,2.828476905822754,True
e11,14,,2.828476905822754,False
l66,5,-0.3611749874784559,2.828476905822754,True
g3,5,0.5634042794886172,2.828476905822754,True
m39b1,4,1.3966193108700102,2.828476905822754,True
m106,13,,2.828476905822754,False
h34g,9,0.42233806095860604,2.828476905822754,True
f7,13,,2.828476905822754,False
k101,10,1.9430618618375801,2.828476905822754,True
m81b,4,0.7318359493909969,2.828476905822754,True
m90a,11,1.3857131050170965,2.828476905822754,True
a32h,12,5.284278569725374,2.828476905822754,False
h34h,6,1.3947359056018485,2.828476905822754,True
m29m,4,1.239729754954927,2.828476905822754,True
f16,11,1.387968498553052,2.828476905822754,True
i45c,6,1.5772805609819542,2.828476905822754,True
l109,4,1.5781926983027896,2.828476905822754,True
m90b,4,1.3502407425089842,2.828476905822754,True
h29,4,1.8062982378401666,2.828476905822754,True
f31,4,0.7150824673554382,2.828476905822754,True
a13a1,5,-2.854686257726322,2.828476905822754,True
k136b,7,3.2412916785808004,2.828476905822754,False
e9h,10,1.319055191801068,2.828476905822754,True
i44,12,0.7504628806568354,2.828476905822754,True
m114,11,1.0484657388139595,2.828476905822754,True
k73c,8,1.9246407082937858,2.828476905822754,True
i77,5,0.9711472483084577,2.828476905822754,True
j64,9,3.690396038594083,2.828476905822754,False
g17,7,1.944987495476223,2.828476905822754,True
m198b,11,8.460745887972456,2.828476905822754,False
c25c,6,1.3989657450821276,2.828476905822754,True
m70,5,1.3025962693561208,2.828476905822754,True
l37a2,6,1.6764482474908862,2.828476905822754,True
l85b,4,-0.30636361887879093,2.828476905822754,True
b1b,5,0.9989314095393164,2.828476905822754,True
k61c1,7,0.6374221717563899,2.828476905822754,True
m112a,4,1.381576009598639,2.828476905822754,True
b97,5,-1.2774488279051404,2.828476905822754,True
l33c,5,4.197325411884602,2.828476905822754,False
k84,11,3.3562595097369985,2.828476905822754,False
k67,6,0.842633936967579,2.828476905822754,True
a2a,10,1.8690465847917321,2.828476905822754,True
k96,13,,2.828476905822754,False
j53,6,1.1845502082562211,2.828476905822754,True
f9f1,8,1.0573696142799527,2.828476905822754,True
j56,6,1.270810139172713,2.828476905822754,True
m94b,3,-0.3127192673099567,2.828476905822754,True
i41b,8,0.6674851522104724,2.828476905822754,True
m189,5,0.5116950387269377,2.828476905822754,True
m113,9,0.5287694005177259,2.828476905822754,True
b48a,9,2.4738855286886254,2.828476905822754,True
k44a,9,0.8561782540378001,2.828476905822754,True
m18,8,1.6358997925807388,2.828476905822754,True
k113,12,3.4914992931407927,2.828476905822754,False
b44e,11,-0.20418369816073617,2.828476905822754,True
m17,6,1.3168146289194596,2.828476905822754,True
n20,4,0.6823009946285667,2.828476905822754,True
i35a,6,2.480979518359384,2.828476905822754,True
i4a,7,1.1074975506711267,2.828476905822754,True
c12b,8,0.8313903205435712,2.828476905822754,True
k80a,12,2.0327777220469496,2.828476905822754,True
i127,5,1.731437270134685,2.828476905822754,True
b48,10,0.9125239293538733,2.828476905822754,True
e7,6,-0.5059299189950291,2.828476905822754,True
k27l,5,0.6490885776673184,2.828476905822754,True
l15d,14,,2.828476905822754,False
k12,13,,2.828476905822754,False
b109,7,1.5985887725678518,2.828476905822754,True
k89,4,2.331841771038898,2.828476905822754,True
a44,9,1.8730836195070149,2.828476905822754,True
d2,4,1.1309245253052433,2.828476905822754,True
m185,10,1.7488024643060143,2.828476905822754,True
l100a,4,1.6745405519488195,2.828476905822754,True
l51,5,2.212114159927856,2.828476905822754,True
k100g,12,4.6231589009560246,2.828476905822754,False
b28d,4,1.991964938762015,2.828476905822754,True
k76f,4,0.38170484821046,2.828476905822754,True
b40a,13,,2.828476905822754,False
n19,7,1.0704814704591414,2.828476905822754,True
k19b,9,1.146529976823125,2.828476905822754,True
l29,6,0.6036534455126493,2.828476905822754,True
f2,14,,2.828476905822754,False
j26a,4,-0.15624795901491517,2.828476905822754,True
i74,8,1.217790448176114,2.828476905822754,True
k101a,5,0.7799185989897627,2.828476905822754,True
i57,10,0.9024343377235231,2.828476905822754,True
g23a,8,2.2725043325609695,2.828476905822754,True
b72b,4,1.4084709019399433,2.828476905822754,True
k160,7,1.3868956442582894,2.828476905822754,True
i4b,6,1.5859827208523214,2.828476905822754,True
l1b,4,0.044640990718946505,2.828476905822754,True
k46,4,0.4534159318823139,2.828476905822754,True
m106e,8,2.8975919983170155,2.828476905822754,False
j30,10,1.3703589936415392,2.828476905822754,True
m16a,5,0.12402741490686825,2.828476905822754,True
b2b,9,1.6917289968353566,2.828476905822754,True
k102a,8,2.698777003948895,2.828476905822754,True
m118b,5,1.8894613994626595,2.828476905822754,True
f20,9,2.8852754789511956,2.828476905822754,False
m24a,5,0.9706488151753287,2.828476905822754,True
k76e,4,-0.6671636138765545,2.828476905822754,True
b42q,7,1.7126342060972675,2.828476905822754,True
a38c,4,0.07402206613017774,2.828476905822754,True
k33h,13,,2.828476905822754,False
m49,12,2.2937078935043647,2.828476905822754,True
m106a,7,2.3254303399007705,2.828476905822754,True
g8a,7,1.3757334630727696,2.828476905822754,True
l24,9,0.6761299552337341,2.828476905822754,True
a12e,4,1.8558966863892385,2.828476905822754,True
i8i,10,2.8228598508187397,2.828476905822754,True
i59b2,4,1.144075824760415,2.828476905822754,True
b2a,13,,2.828476905822754,False
m130c,10,1.7758338601496293,2.828476905822754,True
k65b,11,0.6361945928335635,2.828476905822754,True
l116a,7,0.8572018294298998,2.828476905822754,True
k27b,5,1.3028812114861203,2.828476905822754,True
h36j,4,0.15005653523212925,2.828476905822754,True
b18,8,1.5657466241457674,2.828476905822754,True
k56f1,5,-0.18331427327749172,2.828476905822754,True
k27z2c,4,2.035622868519872,2.828476905822754,True
b38e,4,0.21270592440323915,2.828476905822754,True
f70e2,4,2.6065634616768123,2.828476905822754,True
b36a,7,0.9291376697390296,2.828476905822754,True
k1j,4,-0.619437766808011,2.828476905822754,True
l39c,4,0.3812189966837652,2.828476905822754,True
b51,7,0.8572204319998123,2.828476905822754,True
j15a,4,1.2517526857255974,2.828476905822754,True
i32,11,1.778021938864026,2.828476905822754,True
i6a,5,1.790233441938575,2.828476905822754,True
k33g,13,,2.828476905822754,False
k24,14,,2.828476905822754,False
k137,6,-0.012553260439574446,2.828476905822754,True
f32,4,1.5268803683280106,2.828476905822754,True
l39,11,0.4851557948357536,2.828476905822754,True
l15b,6,0.40518663041161357,2.828476905822754,True
k27zz,9,1.8378061024706622,2.828476905822754,True
m5,10,2.473392740126697,2.828476905822754,True
m126,5,1.8553263511532987,2.828476905822754,True
l103a,4,0.22430428955468584,2.828476905822754,True
h10,8,2.096641351557081,2.828476905822754,True
m93,6,-0.3698105511031627,2.828476905822754,True
k59,7,0.6012872143266157,2.828476905822754,True
k38b,9,1.1281387452276668,2.828476905822754,True
h7d,7,1.6414074707581892,2.828476905822754,True
k88,12,2.5661992324043106,2.828476905822754,True
m120,11,1.0116082978927112,2.828476905822754,True
k56a2a,8,1.9657896958361558,2.828476905822754,True
m193,7,1.6713234610850511,2.828476905822754,True
l116,6,2.2627290028575886,2.828476905822754,True
a22,9,1.4774116848654295,2.828476905822754,True
a37,11,1.6475496283550128,2.828476905822754,True
i69,13,,2.828476905822754,False
i80a,6,0.7270963143013426,2.828476905822754,True
k27m,10,2.3015130189353616,2.828476905822754,True
b79,9,1.4259299704139594,2.828476905822754,True
m114b,11,3.5102298928632854,2.828476905822754,False
l31b,6,0.9341291150241501,2.828476905822754,True
k12a,8,0.2824289587234853,2.828476905822754,True
l61,9,1.7704117853431065,2.828476905822754,True
b44b,7,-0.27811846010833996,2.828476905822754,True
b33,9,0.5733898136724818,2.828476905822754,True
m70a,6,0.920043903827726,2.828476905822754,True
i70,4,1.1731501235639643,2.828476905822754,True
c35,4,0.3673798445753411,2.828476905822754,True
l100e,6,1.167542407293273,2.828476905822754,True
l5f,10,1.3663459942945586,2.828476905822754,True
k20,8,0.988752212863608,2.828476905822754,True
l111,6,1.7769023991338695,2.828476905822754,True
j23,12,1.15030913305528,2.828476905822754,True
i15,9,0.5746946941214993,2.828476905822754,True
c25b,8,2.1532072291833955,2.828476905822754,True
h19,6,-0.19643556602791343,2.828476905822754,True
j5,9,0.863880004295001,2.828476905822754,True
c6c1,4,-1.0318740872326686,2.828476905822754,True
k93b1,5,0.30726403558035864,2.828476905822754,True
f64,9,1.1001460740159963,2.828476905822754,True
m39a1,13,,2.828476905822754,False
m57b,8,2.2094746624486494,2.828476905822754,True
d4c,5,-0.48686839175289504,2.828476905822754,True
m39a2,6,1.294073699123421,2.828476905822754,True
k27y,8,-1.0010171285554914,2.828476905822754,True
f47,6,1.1543657709935322,2.828476905822754,True
j39,4,0.34561012355571846,2.828476905822754,True
k100,12,1.737991362620612,2.828476905822754,True
k125,9,2.6231248555711457,2.828476905822754,True
m171b,7,2.5617803103927117,2.828476905822754,True
b89,7,1.312624527546321,2.828476905822754,True
m53,8,0.07808252485272674,2.828476905822754,True
l42a,4,1.7690915643615854,2.828476905822754,True
k27z4,7,0.7614520672364261,2.828476905822754,True
k35b,9,0.820511253643298,2.828476905822754,True
i59,8,1.5470132667499112,2.828476905822754,True
i87a,7,0.6227497943336633,2.828476905822754,True
b52b,6,0.6519604426374497,2.828476905822754,True
a32c,8,1.5988918706164768,2.828476905822754,True
g16,4,0.7726305914961104,2.828476905822754,True
k75,13,,2.828476905822754,False
m38d1,6,1.2601521813223169,2.828476905822754,True
l100g,7,1.8373010408515267,2.828476905822754,True
g29,8,2.42104688070752,2.828476905822754,True
k128a,4,1.5289449624333755,2.828476905822754,True
m39c,9,1.2673941930813815,2.828476905822754,True
k32e,5,3.087787735749496,2.828476905822754,False
k90,8,0.4603730894281883,2.828476905822754,True
l22a,6,1.7476816138747286,2.828476905822754,True
f70e1,5,1.5346311362659069,2.828476905822754,True
l9d,6,2.291286688994602,2.828476905822754,True
b115,6,0.21058568798631955,2.828476905822754,True
k33a1,6,1.5946671195949917,2.828476905822754,True
a42,6,0.5149853716492362,2.828476905822754,True
j29,5,1.006752095963631,2.828476905822754,True
m39e1a,6,0.4852503097376288,2.828476905822754,True
k2a,12,4.008077066998947,2.828476905822754,False
k27z2b,9,1.3513263666017732,2.828476905822754,True
k33d1,6,1.106303650276402,2.828476905822754,True
d4o,7,1.996223505619229,2.828476905822754,True
k61c,7,1.3747495086861756,2.828476905822754,True
l30,5,0.7921398371089562,2.828476905822754,True
k44b,4,0.9355765102639144,2.828476905822754,True
m153,8,1.2532186899541382,2.828476905822754,True
k56aa,4,1.8728324517123933,2.828476905822754,True
k26a,7,1.5688088184888798,2.828476905822754,True
m116a,7,3.2190669275373076,2.828476905822754,False
b85,6,1.3281607353194915,2.828476905822754,True
k80c2,10,0.9596045719925252,2.828476905822754,True
b69,9,1.4201194100925996,2.828476905822754,True
m41,8,-0.07299756654080335,2.828476905822754,True
j63,5,1.3747945718605916,2.828476905822754,True
l37a,14,,2.828476905822754,False
a37b,4,1.979489808537714,2.828476905822754,True
l84,4,1.8020642465858376,2.828476905822754,True
m137,9,0.36597728231183935,2.828476905822754,True
k93a,11,0.503409885534652,2.828476905822754,True
m177,9,1.3207687269508686,2.828476905822754,True
h36g,7,0.4625058391936162,2.828476905822754,True
m39a6,9,1.3324553986400924,2.828476905822754,True
k21,5,0.7949821172895062,2.828476905822754,True
i50b,4,-0.4907920624003176,2.828476905822754,True
m99,9,0.5098765608016869,2.828476905822754,True
l48,8,0.7987582470190758,2.828476905822754,True
b1c,6,1.197288144549119,2.828476905822754,True
m141b,11,2.3093329879122817,2.828476905822754,True
l72a,10,0.5387072504285244,2.828476905822754,True
a7,10,2.3198437972132595,2.828476905822754,True
h4,11,0.854045221047971,2.828476905822754,True
j12,11,7.766377810947235,2.828476905822754,False
a5,14,,2.828476905822754,False
m117,4,0.5431634774211844,2.828476905822754,True
b48b,5,0.21702151972398728,2.828476905822754,True
l15g,5,0.7395263200431264,2.828476905822754,True
i16,12,1.2841630600261844,2.828476905822754,True
b2e,11,1.1594003011480678,2.828476905822754,True
a19a,4,1.2164812074715523,2.828476905822754,True
a36,9,2.259988689496389,2.828476905822754,True
m136a,6,2.205974075017974,2.828476905822754,True
i31,5,0.8378237648933935,2.828476905822754,True
j66,10,2.0250166793197812,2.828476905822754,True
a43,7,0.592242245517828,2.828476905822754,True
k102,12,18.922508613578085,2.828476905822754,False
k87a,4,1.2316579234829403,2.828476905822754,True
m39a4,7,1.3260107682127915,2.828476905822754,True
i101,6,2.2985294862108203,2.828476905822754,True
e38a,5,0.563082056713683,2.828476905822754,True
m148,5,1.6437564910278784,2.828476905822754,True
f28d,4,1.9546916745910463,2.828476905822754,True
b36,10,0.8828531300938199,2.828476905822754,True
h9a,5,1.1468577001070959,2.828476905822754,True
i72,13,,2.828476905822754,False
c18,13,,2.828476905822754,False
l54,7,0.7896751202758179,2.828476905822754,True
m39f,8,0.1563292367134993,2.828476905822754,True
m42b,5,0.5658718227163395,2.828476905822754,True
i54,5,1.457328112797347,2.828476905822754,True
b42p,6,0.25313391427745097,2.828476905822754,True
b3,5,0.3722876688855834,2.828476905822754,True
h11,7,1.380156881365555,2.828476905822754,True
k61b,6,0.768383197648808,2.828476905822754,True
l130,4,0.8055291955491571,2.828476905822754,True
b41a,7,1.1525286730858013,2.828476905822754,True
k138,6,0.70904909840729,2.828476905822754,True
i1,14,,2.828476905822754,False
k4,13,,2.828476905822754,False
c9a,4,1.8494185748115128,2.828476905822754,True
e29,4,0.37166395123369006,2.828476905822754,True
k116b,9,0.577141038246902,2.828476905822754,True
b26,8,1.3582471851900062,2.828476905822754,True
b47,6,1.3875768130992125,2.828476905822754,True
k120a3,4,1.3370732093107298,2.828476905822754,True
l72b,7,-0.41415806025976143,2.828476905822754,True
m11c,12,4.4692999840982806,2.828476905822754,False
h28,13,,2.828476905822754,False
n21,4,1.2798460244148895,2.828476905822754,True
k67b,12,6.447804935152466,2.828476905822754,False
m104,10,6.633633503688743,2.828476905822754,False
k38e,8,-0.7070638494026256,2.828476905822754,True
a32,14,,2.828476905822754,False
m127a,10,-0.11883338611377973,2.828476905822754,True
m38d6,6,2.431418641711664,2.828476905822754,True
h34d,5,1.4311301741179072,2.828476905822754,True
m56a,5,0.721191378499579,2.828476905822754,True
m164,10,1.6188112024539902,2.828476905822754,True
l7,9,1.0514998947673468,2.828476905822754,True
h22,4,1.6443284982866133,2.828476905822754,True
m171,14,,2.828476905822754,False
k44,9,4.087512666050759,2.828476905822754,False
k35,10,0.801649094872076,2.828476905822754,True
e12,4,-0.25730937702685824,2.828476905822754,True
f42,4,1.9660038363738193,2.828476905822754,True
m57d3,5,2.492961836319415,2.828476905822754,True
m191,6,-1.7279456895503142,2.828476905822754,True
m38d,10,0.8179886740085573,2.828476905822754,True
k42,4,0.3437006583371354,2.828476905822754,True
k102a2,10,1.7371394337689827,2.828476905822754,True
m191a,8,2.1808358583200564,2.828476905822754,True
m114d,6,-0.09731964306629974,2.828476905822754,True
l28,8,1.8194963295469235,2.828476905822754,True
d4d,5,1.9344655402871307,2.828476905822754,True
k109,4,0.3589457238784652,2.828476905822754,True
m14a,5,2.3148506639010122,2.828476905822754,True
l114b1,4,0.5085406156666432,2.828476905822754,True
m39a6a,7,0.9638190613978724,2.828476905822754,True
e9c,8,1.2282892291116296,2.828476905822754,True
j31,10,3.1237092489027534,2.828476905822754,False
j16,7,1.8799546163561904,2.828476905822754,True
j34,5,0.350950457341146,2.828476905822754,True
k80b,9,2.8649039104915937,2.828476905822754,False
a38d,4,0.637567502284857,2.828476905822754,True
m195a,6,3.40655371581326,2.828476905822754,False
d9,10,0.6292770293182572,2.828476905822754,True
b75a,7,0.7728631805755094,2.828476905822754,True
m29x1,4,0.8306666827496906,2.828476905822754,True
b37,13,,2.828476905822754,False
m120b,7,1.8164123592857335,2.828476905822754,True
k27r,9,1.0694324958835013,2.828476905822754,True
l96,12,1.8207939617334845,2.828476905822754,True
k22a,10,1.4749305306642484,2.828476905822754,True
k38d,10,0.5494823416950152,2.828476905822754,True
f47b,5,0.6296176646183238,2.828476905822754,True
k102a1,5,0.5597178118524072,2.828476905822754,True
l107,10,0.9607497778444539,2.828476905822754,True
l85c,4,-0.17800439721995956,2.828476905822754,True
m3,9,1.7325334502434442,2.828476905822754,True
l93a,13,,2.828476905822754,False
m197f,4,-0.11312292348039546,2.828476905822754,True
l102,4,0.23835400952039265,2.828476905822754,True
m83a,5,0.5707032992925362,2.828476905822754,True
i109,8,-0.08259895914937788,2.828476905822754,True
m112,11,2.2314782821280064,2.828476905822754,True
k117b,11,2.3774196067154416,2.828476905822754,True
m90a2,5,1.1887162742122515,2.828476905822754,True
m74aa,9,3.472338159920161,2.828476905822754,False
b16c,10,1.0897672488043053,2.828476905822754,True
b5b,11,1.0586412897687492,2.828476905822754,True
m78,13,,2.828476905822754,False
m79,4,0.1849135519754032,2.828476905822754,True
k43b,4,-1.4572415318153662,2.828476905822754,True
l105,7,0.24544553468378824,2.828476905822754,True
m39h,10,0.7947231914673577,2.828476905822754,True
b42h,7,0.3577996466378272,2.828476905822754,True
l93,7,0.42059615044896137,2.828476905822754,True
m188,7,0.9980748526265577,2.828476905822754,True
m84,11,-2.789913944048561,2.828476905822754,True
m44b,11,2.4680726874532644,2.828476905822754,True
k121,7,1.3639263880652008,2.828476905822754,True
k150,6,-1.0368705115294623,2.828476905822754,True
m39a6f,6,0.7879312248895872,2.828476905822754,True
f18d,5,1.1762713817599715,2.828476905822754,True
l118,10,1.1931555709153332,2.828476905822754,True
k10f,6,0.18470687939339642,2.828476905822754,True
m30c,7,0.11370351219000772,2.828476905822754,True
m39a6c,7,1.865665533849903,2.828476905822754,True
m94,6,1.8717777986400899,2.828476905822754,True
f1,10,1.8300790170687056,2.828476905822754,True
b77,14,,2.828476905822754,False
l33a,4,1.0191154768601334,2.828476905822754,True
m78a,6,0.24339909257355744,2.828476905822754,True
f70,12,9.389172436991783,2.828476905822754,False
k32i,7,1.2429804119772716,2.828476905822754,True
k24b,6,1.298235924704182,2.828476905822754,True
l4,9,0.8647803861877694,2.828476905822754,True
n4,5,1.412867776018224,2.828476905822754,True
f71,12,4.262570877700129,2.828476905822754,False
k117a,9,2.3706131913590878,2.828476905822754,True
h54,7,1.4287675525108825,2.828476905822754,True
m118a,9,2.4861082029805637,2.828476905822754,True
f25,7,1.0443813524479093,2.828476905822754,True
m105,8,1.9963795079044624,2.828476905822754,True
b10,10,0.40046220882994393,2.828476905822754,True
l23,7,2.1529823450778136,2.828476905822754,True
b94,6,2.156929793187082,2.828476905822754,True
c6,14,,2.828476905822754,False
k37,13,,2.828476905822754,False
a40,4,1.2478804386360944,2.828476905822754,True
e36,7,2.9700818300972704,2.828476905822754,False
m95,7,1.2944512285504894,2.828476905822754,True
b79a,7,1.1064046922538557,2.828476905822754,True
k10b,4,1.6467841042222384,2.828476905822754,True
k81,12,1.9068165778965813,2.828476905822754,True
f70b,11,1.9654051864379454,2.828476905822754,True
k129a,5,0.8037405691077557,2.828476905822754,True
h9,9,0.6358328502593147,2.828476905822754,True
k97,7,0.5872199234964643,2.828476905822754,True
g7,4,0.2787122647869436,2.828476905822754,True
l86,7,0.5081292190381327,2.828476905822754,True
i85,10,1.1611602664086758,2.828476905822754,True
k47b,10,2.1216625904261317,2.828476905822754,True
c32,8,-1.1522977439602529,2.828476905822754,True
i51b,9,0.6304840206315039,2.828476905822754,True
b3e,10,0.8786621229161763,2.828476905822754,True
m98,9,0.5511581862022973,2.828476905822754,True
k72,11,2.494423413748659,2.828476905822754,True
a32e,12,1.2481951397818616,2.828476905822754,True
m192,4,1.1378230881780536,2.828476905822754,True
k22,11,4.894050587535998,2.828476905822754,False
k27t,4,-0.9763414812212127,2.828476905822754,True
k116a,6,0.3184735573335457,2.828476905822754,True
k131,12,15.263284482645897,2.828476905822754,False
m39a,8,0.1995053633578227,2.828476905822754,True
m46c,4,1.9581923963418224,2.828476905822754,True
m38d2,8,4.377784858934657,2.828476905822754,False
h7c,7,-0.6155695234247988,2.828476905822754,True
i87aa,4,1.6714541369942375,2.828476905822754,True
f41,5,0.11775599738732259,2.828476905822754,True
k27z4a,5,1.8073182782202222,2.828476905822754,True
l9e,6,0.1594006984627824,2.828476905822754,True
a2b1,5,1.8064985770423707,2.828476905822754,True
c4,4,2.726543754962627,2.828476905822754,True
e5d,7,0.23616241912166566,2.828476905822754,True
e31c,10,0.8230240531049969,2.828476905822754,True
c6b,7,-0.04135431297580839,2.828476905822754,True
l33b,6,2.6220466644151887,2.828476905822754,True
l40b,6,1.1412386359598794,2.828476905822754,True
m60a,9,1.1587418953604454,2.828476905822754,True
c6f,5,0.5413628540579662,2.828476905822754,True
m29u,6,1.1095084245874731,2.828476905822754,True
e5a,13,,2.828476905822754,False
j11,4,0.4592349808027736,2.828476905822754,True
e9b,4,0.5422236939954834,2.828476905822754,True
c6d,12,0.7278167666270803,2.828476905822754,True
m196,10,1.1025585545987382,2.828476905822754,True
m62c,4,2.240170027209831,2.828476905822754,True
k27x1,6,2.0870283770304696,2.828476905822754,True
l106,5,1.599615297237987,2.828476905822754,True
m12,11,0.14365846718697403,2.828476905822754,True
m29k,12,7.529287537724471,2.828476905822754,False
k45,4,-0.31664940937957087,2.828476905822754,True
k99,10,1.7156685419013682,2.828476905822754,True
m3a,8,1.982922385751025,2.828476905822754,True
b17,9,1.0026852030346762,2.828476905822754,True
f27,9,1.7314311633101669,2.828476905822754,True
d5a,5,0.2485218884051174,2.828476905822754,True
b116a,4,4.613801556393299,2.828476905822754,False
j57,7,0.8253492543044129,2.828476905822754,True
h6bb,10,0.8547274632110073,2.828476905822754,True
i14a,6,1.3015736450698112,2.828476905822754,True
l41a,12,1.0717849051130024,2.828476905822754,True
i80,8,1.6558949265386118,2.828476905822754,True
m38a,12,1.3013796958362103,2.828476905822754,True
k31,4,0.8334989500718357,2.828476905822754,True
b33c,5,2.7784586971998193,2.828476905822754,True
d13hh,5,0.27617692526945775,2.828476905822754,True
m173a,8,0.8496443348403991,2.828476905822754,True
j28a,4,0.6332353192149829,2.828476905822754,True
g26,6,1.0449023500836927,2.828476905822754,True
m198,13,,2.828476905822754,False
m118,11,0.8448255663707332,2.828476905822754,True
b33a1,4,-0.2627382780047115,2.828476905822754,True
h2,10,0.8235320376152443,2.828476905822754,True
a38,11,0.026617342581822283,2.828476905822754,True
h49,11,0.41718615255758884,2.828476905822754,True
k103,13,,2.828476905822754,False
k33b,5,1.4146254082783531,2.828476905822754,True
k32d,9,1.051901286188198,2.828476905822754,True
m68,5,0.14422840487126348,2.828476905822754,True
d4b,5,0.6434979203690047,2.828476905822754,True
i35a2,4,2.1628205934982274,2.828476905822754,True
g5,5,1.0954356561958496,2.828476905822754,True
b44a,11,1.317730391867871,2.828476905822754,True
m197c,6,0.6494834513843414,2.828476905822754,True
m75b2,5,0.35940625031646956,2.828476905822754,True
k108,13,,2.828476905822754,False
k38c,10,-0.05428929905217037,2.828476905822754,True
k100e,6,0.6326443985104473,2.828476905822754,True
m29a,10,0.5324334595410608,2.828476905822754,True
l106a,5,1.689169267039174,2.828476905822754,True
c38,5,0.12664887824286875,2.828476905822754,True
a1,9,1.4775896264435204,2.828476905822754,True
i88,6,1.901085915710491,2.828476905822754,True
k15b,6,0.21305274850750036,2.828476905822754,True
h36g1,5,0.8389097235969882,2.828476905822754,True
k56a,8,0.8943071788574221,2.828476905822754,True
i10b,5,1.7319933242052223,2.828476905822754,True
i134,4,1.1403059485269782,2.828476905822754,True
m130b,5,0.9781284854800459,2.828476905822754,True
m164a,5,0.33152569558660944,2.828476905822754,True
l72d,5,0.3977816999130933,2.828476905822754,True
m91c2,14,,2.828476905822754,False
f8,8,0.5874980132188676,2.828476905822754,True
m74b,9,3.0364249424702927,2.828476905822754,False
k130,8,1.851889282458391,2.828476905822754,True
m185a,12,0.9157931010651785,2.828476905822754,True
l92,8,0.7328368716026465,2.828476905822754,True
k120a4,8,1.5091772438753488,2.828476905822754,True
l46,11,3.9215156056653404,2.828476905822754,False
m167a,5,0.9569474684675081,2.828476905822754,True
i87c,4,0.5790881516570316,2.828476905822754,True
f53,7,1.526267650768661,2.828476905822754,True
a15,6,1.2007405529398512,2.828476905822754,True
k129,11,1.449471467436307,2.828476905822754,True
f76,6,1.107029074464165,2.828476905822754,True
h46,6,1.5318345940789182,2.828476905822754,True
b9,7,2.2637050579112863,2.828476905822754,True
i4d,4,1.3665131364531649,2.828476905822754,True
d4h,4,0.41226676290898334,2.828476905822754,True
m114k,4,0.2183468858179778,2.828476905822754,True
l10a,6,2.477558502372149,2.828476905822754,True
k25d,9,1.323848449181338,2.828476905822754,True
k37a,9,0.6050640759900392,2.828476905822754,True
b31,9,2.327430859292418,2.828476905822754,True
k56,13,,2.828476905822754,False
l96b,6,1.0885341984036334,2.828476905822754,True
k89c,4,2.1806823916464113,2.828476905822754,True
l120,4,-0.6534968222308835,2.828476905822754,True
k95,11,0.9059964598253133,2.828476905822754,True
i3,13,,2.828476905822754,False
h25,8,1.5645752700707096,2.828476905822754,True
l94a,6,0.7197334529360486,2.828476905822754,True
k27n1,13,,2.828476905822754,False
j27b,4,0.9179610548942343,2.828476905822754,True
b2f,4,1.152347648263134,2.828476905822754,True
i7,12,3.9187001606911935,2.828476905822754,False
j25,12,6.757513134074101,2.828476905822754,False
f83,5,-0.16440605196632813,2.828476905822754,True
f35,11,0.5702204889181538,2.828476905822754,True
k27u,12,1.6907101416546337,2.828476905822754,True
d11,5,1.403172982797155,2.828476905822754,True
i50,8,0.11287188364063366,2.828476905822754,True
k107c,12,0.9291837313805023,2.828476905822754,True
k146,6,0.984249789009658,2.828476905822754,True
k76c,5,1.4821045953396557,2.828476905822754,True
m28,11,0.09623403262771806,2.828476905822754,True
k27z3,9,3.2338242262439834,2.828476905822754,False
l110,12,0.7809009556235444,2.828476905822754,True
k34,10,6.371306906070021,2.828476905822754,False
k8c1,6,0.5519065654048013,2.828476905822754,True
f80,7,2.356346801509656,2.828476905822754,True
m49a,6,2.169451899151153,2.828476905822754,True
b42f,6,1.7026574395242056,2.828476905822754,True
l106b,10,0.7590253652532054,2.828476905822754,True
m4,5,-0.02994133805295684,2.828476905822754,True
g8b,11,0.9308970146953465,2.828476905822754,True
k80a1,9,2.3392085927834927,2.828476905822754,True
k27z1,7,-0.7102716632467613,2.828476905822754,True
l114a,9,2.8469713546564246,2.828476905822754,False
m29v,4,1.2829758539890928,2.828476905822754,True
a41,5,1.011312573944405,2.828476905822754,True
j22e,5,1.5972220654235916,2.828476905822754,True
n11,5,0.8040683292440511,2.828476905822754,True
k102b,6,2.189521640798976,2.828476905822754,True
l5d,4,1.3568648991903016,2.828476905822754,True
l33f,4,1.0024826855405162,2.828476905822754,True
m60a2,5,0.13687666998803671,2.828476905822754,True
m39a4a,9,2.228118937959788,2.828476905822754,True
k88a,6,1.605465068933473,2.828476905822754,True
k56b,14,,2.828476905822754,False
h26,6,1.054936178264967,2.828476905822754,True
j18,7,1.8907450755561706,2.828476905822754,True
l33,8,2.1025690637834016,2.828476905822754,True
k27r1,7,2.6094368445982066,2.828476905822754,True
l42b,11,0.8830041599964995,2.828476905822754,True
m106g,6,0.24051490375883422,2.828476905822754,True
i2,10,0.7163608557344218,2.828476905822754,True
d4g,7,1.4477845787914416,2.828476905822754,True
m81c,6,1.0840691224785974,2.828476905822754,True
f44,8,1.2625993043098576,2.828476905822754,True
e27,4,1.433620811374759,2.828476905822754,True
m152,12,1.242825014845789,2.828476905822754,True
j46,14,,2.828476905822754,False
k65c,10,2.370208523960203,2.828476905822754,True
m60,11,-0.008682294564871521,2.828476905822754,True
m84c,8,1.3244574659451926,2.828476905822754,True
f39,12,0.6906337259728562,2.828476905822754,True
b57,8,0.9328170187182961,2.828476905822754,True
k27u1,6,2.3535947351700512,2.828476905822754,True
a32c1,8,0.5358907509531369,2.828476905822754,True
m171c,6,0.6283430815029896,2.828476905822754,True
h6c,8,1.0287426322657993,2.828476905822754,True
f64b,6,-0.18718608756115043,2.828476905822754,True
i42,9,2.9754141296305994,2.828476905822754,False
k39,10,0.8637529519826092,2.828476905822754,True
m141,4,-1.3680074757447587,2.828476905822754,True
k119a,12,0.4833442813797841,2.828476905822754,True
i94,6,2.4287003600094033,2.828476905822754,True
m65b,5,-0.11189592498747154,2.828476905822754,True
i14,12,6.432521532977275,2.828476905822754,False
l43,8,0.5116782481526244,2.828476905822754,True
f51b,7,0.1991906077275786,2.828476905822754,True
g18,5,3.151793496724993,2.828476905822754,False
h56,5,1.5164712977522856,2.828476905822754,True
k32g,10,2.4159631853920445,2.828476905822754,True
i82i,7,1.911718760570687,2.828476905822754,True
a45,7,0.7487343587975612,2.828476905822754,True
c3,7,0.191110487007182,2.828476905822754,True
m85,11,2.0929863041657333,2.828476905822754,True
k43a,6,3.4266749276566384,2.828476905822754,False
k18c,4,0.17720926585180555,2.828476905822754,True
b38,11,0.4529054993241102,2.828476905822754,True
m130,6,0.3339674059415854,2.828476905822754,True
k51,7,0.7775761886293243,2.828476905822754,True
l65a,10,1.836038417971118,2.828476905822754,True
f18a,5,1.7308152720452246,2.828476905822754,True
c5a,14,,2.828476905822754,False
m29b1,10,1.3505185347060924,2.828476905822754,True
l18,14,,2.828476905822754,False
j19,7,2.5863378542233377,2.828476905822754,True
m45a,8,2.7288208880973572,2.828476905822754,True
k54,5,-1.5064148219267544,2.828476905822754,True
b92,5,0.13616929594886157,2.828476905822754,True
m180,11,1.3051506334800194,2.828476905822754,True
k106,11,1.5164960739113615,2.828476905822754,True
m30b,6,0.8907222692062332,2.828476905822754,True
j44,11,2.056274481598591,2.828476905822754,True
k48,6,1.5842934054238753,2.828476905822754,True
b80,4,0.2875302198864948,2.828476905822754,True
c10,6,0.49626191056822544,2.828476905822754,True
m199c,7,-1.3675273361483555,2.828476905822754,True
a34,7,0.6135093852487403,2.828476905822754,True
m34,5,0.8830115304668982,2.828476905822754,True
k142,10,0.7668415158341758,2.828476905822754,True
f40a,7,0.8669719524763869,2.828476905822754,True
g6,14,,2.828476905822754,False
j40,8,2.31919094602805,2.828476905822754,True
k8c,12,1.4243516033051897,2.828476905822754,True
a38b,5,2.6937165672846377,2.828476905822754,True
m146,6,1.4487480820989662,2.828476905822754,True
m172,4,3.964305980710974,2.828476905822754,False
m57d,13,,2.828476905822754,False
l81a,6,1.0015566555938757,2.828476905822754,True
b64,4,-0.9706176706295396,2.828476905822754,True
i21,9,2.967015464959787,2.828476905822754,False
i58,5,0.10417281885110014,2.828476905822754,True
k19e,4,-0.38128007021137855,2.828476905822754,True
m38b2,4,1.12272895332766,2.828476905822754,True
k77b1,11,8.388764868287282,2.828476905822754,False
l123,5,0.7990313135473074,2.828476905822754,True
n13,6,0.5552932317225489,2.828476905822754,True
d8,9,1.452703672399034,2.828476905822754,True
k128,7,-0.13362261548048832,2.828476905822754,True
b68,5,1.4183438833191773,2.828476905822754,True
k92,12,1.2574426057100523,2.828476905822754,True
k27z5,7,2.399153144623968,2.828476905822754,True
m38,13,,2.828476905822754,False
k119,13,,2.828476905822754,False
k152,8,0.5214429401020676,2.828476905822754,True
e4,6,1.4658523683382054,2.828476905822754,True
k14,14,,2.828476905822754,False
m30,13,,2.828476905822754,False
k27p1,9,2.9283470247050225,2.828476905822754,False
i87,4,0.8606576680664167,2.828476905822754,True
l70,12,0.6639056303547327,2.828476905822754,True
m134c,8,4.068241046875493,2.828476905822754,False
k93,12,1.6720184429955136,2.828476905822754,True
i38,10,0.7915903839599484,2.828476905822754,True
l9b,7,0.45057041300078554,2.828476905822754,True
m106b,6,2.979159174813463,2.828476905822754,False
n14,9,2.3483739574174485,2.828476905822754,True
k27n3a,9,0.24950214202069101,2.828476905822754,True
m53d,4,-0.17173128828764514,2.828476905822754,True
a35c,6,1.2915389728947055,2.828476905822754,True
m197d,5,0.9476620191413406,2.828476905822754,True
l42g,13,,2.828476905822754,False
l112,4,0.7708603470458656,2.828476905822754,True
a13b,4,1.4713623677601761,2.828476905822754,True
m29w3,11,2.1014454977456323,2.828476905822754,True
m170,12,1.1085506263208362,2.828476905822754,True
m29r,5,0.824274543160735,2.828476905822754,True
k27v1,6,1.323773356809435,2.828476905822754,True
k14e,10,2.260113918643784,2.828476905822754,True
i92,6,2.087027643379533,2.828476905822754,True
j51a,4,0.23018914869369453,2.828476905822754,True
m109a,4,0.5557061207631898,2.828476905822754,True
m29i,8,0.349614294713068,2.828476905822754,True
c33a,4,0.4894693880513056,2.828476905822754,True
i78,12,2.831741116156605,2.828476905822754,False
m8a,10,0.7122649101110423,2.828476905822754,True
j54b,5,2.093582414914634,2.828476905822754,True
f54a,4,2.267145693590378,2.828476905822754,True
k56a4,4,1.8041224534557398,2.828476905822754,True
i34,5,1.850670478586991,2.828476905822754,True
f43,7,1.4347821468994915,2.828476905822754,True
a32dd,4,1.4067411437491872,2.828476905822754,True
h24c,6,0.9339635296122399,2.828476905822754,True
m171d,5,1.075666536389383,2.828476905822754,True
m155,4,0.9926852710103904,2.828476905822754,True
c29,8,1.2764054926429016,2.828476905822754,True
k19g,5,-0.7405626618555233,2.828476905822754,True
m57a,13,,2.828476905822754,False
k57a,5,0.5004528925524512,2.828476905822754,True
m130a,6,0.41410024271244356,2.828476905822754,True
a22c,7,1.1277903057098648,2.828476905822754,True
l9a,7,0.8352584587107147,2.828476905822754,True
e23,5,1.0123669086242002,2.828476905822754,True
k27zz3,4,1.17326336879209,2.828476905822754,True
b52c,5,0.48149939851824836,2.828476905822754,True
m196a,5,0.9450696195882772,2.828476905822754,True
l37a1,6,1.7763811686045439,2.828476905822754,True
b70,5,1.9055885005810267,2.828476905822754,True
h49b,6,1.0150819146310182,2.828476905822754,True
l5c,13,,2.828476905822754,False
g13a,6,3.3433452839068045,2.828476905822754,False
a12b,6,0.873710388701474,2.828476905822754,True
e14a,4,2.7808169738242032,2.828476905822754,True
m100a,3,0.5541560827405095,2.828476905822754,True
k35a1,5,0.9415742888405741,2.828476905822754,True
m167,9,1.6752670849371953,2.828476905822754,True
l57,9,1.2424523306373416,2.828476905822754,True
k83,13,,2.828476905822754,False
k127a,6,0.5109857568096756,2.828476905822754,True
a31,12,2.2582985662866557,2.828476905822754,True
m136c,12,2.8862660741891593,2.828476905822754,False
m106f,10,0.2899047279827092,2.828476905822754,True
l93b,8,2.5921043886693185,2.828476905822754,True
a25,4,2.954963796150619,2.828476905822754,False
j12j,4,-0.710555787920913,2.828476905822754,True
k66b,6,0.4421306669611835,2.828476905822754,True
m197,11,2.500621004166285,2.828476905822754,True
m153b,6,0.7511109324559302,2.828476905822754,True
f70c,4,2.5306202841817576,2.828476905822754,True
j55,8,1.2829624115109066,2.828476905822754,True
k65f,5,-0.3614574023035043,2.828476905822754,True
l15i,5,1.8649557608655745,2.828476905822754,True
b43,8,0.38276093256070637,2.828476905822754,True
k74,11,0.46826713280285465,2.828476905822754,True
k1i,7,0.7915122275509888,2.828476905822754,True
i25a,11,3.6165683900667447,2.828476905822754,False
h13,10,1.3436342954338456,2.828476905822754,True
k62a,7,1.0963908543772736,2.828476905822754,True
k113a,10,1.9726226068988097,2.828476905822754,True
i7a,5,1.3453022578817193,2.828476905822754,True
k75a,8,0.6367776144588445,2.828476905822754,True
k112,5,1.7212016713374316,2.828476905822754,True
k27c,8,-0.14440045963862846,2.828476905822754,True
b42t,8,0.38069756901579527,2.828476905822754,True
l38a,7,1.1818527273254202,2.828476905822754,True
m156,13,,2.828476905822754,False
k139,5,0.4864320871273276,2.828476905822754,True
k27hh,12,0.42074059142954123,2.828476905822754,True
i81b,5,0.4825546318194384,2.828476905822754,True
b44c,11,0.2117154101690339,2.828476905822754,True
k80,11,22.74742212901184,2.828476905822754,False
m170a,4,0.5184583972993062,2.828476905822754,True
m93a,5,-1.8274027608685273,2.828476905822754,True
k27z7,5,0.9170809422282045,2.828476905822754,True
h36d,4,1.5596698526917743,2.828476905822754,True
l100,9,4.121367922005164,2.828476905822754,False
k18d,7,-0.19847063555160602,2.828476905822754,True
l68,9,1.4130657025405502,2.828476905822754,True
b87,11,2.1164423038252416,2.828476905822754,True
k24a,10,0.4515240997974284,2.828476905822754,True
k60b,13,,2.828476905822754,False
m40,12,1.815956075485818,2.828476905822754,True
e39,5,2.0418970801987206,2.828476905822754,True
j54a,4,1.7297382659189247,2.828476905822754,True
h1d,4,1.2943259334262138,2.828476905822754,True
k27n3b,10,1.2330741020859954,2.828476905822754,True
m24,4,0.21618045007439882,2.828476905822754,True
e31a1,11,0.8849627593012471,2.828476905822754,True
d4e1,9,1.8899441205433143,2.828476905822754,True
h6a,9,0.6956140062950028,2.828476905822754,True
i87ab,4,0.7974647471328509,2.828476905822754,True
m53c,4,-0.37392600670837933,2.828476905822754,True
m38b,5,1.376243320957683,2.828476905822754,True
l96a,5,1.869357935991257,2.828476905822754,True
e22,4,0.9592148719406869,2.828476905822754,True
l44,9,0.7395022521408376,2.828476905822754,True
b2d,13,,2.828476905822754,False
l100f,8,1.522458723035433,2.828476905822754,True
a18,6,1.1766807944469238,2.828476905822754,True
m135,5,1.463837629115357,2.828476905822754,True
k77b,10,3.095049678003804,2.828476905822754,False
m198b1,4,1.1023803481530445,2.828476905822754,True
l81a1,4,1.691172537429635,2.828476905822754,True
l89,6,1.062095846068997,2.828476905822754,True
l13,13,,2.828476905822754,False
j59a,7,0.9998501605606862,2.828476905822754,True
l57a,9,2.9478364595101105,2.828476905822754,False
k136c,7,0.973386666060685,2.828476905822754,True
m8,12,-0.06298096624217374,2.828476905822754,True
m129,4,1.561984162556974,2.828476905822754,True
c13,9,2.932057503387359,2.828476905822754,False
f21,4,1.7204573433663397,2.828476905822754,True
k76,12,6.297505074609528,2.828476905822754,False
n29,6,1.1505580443928642,2.828476905822754,True
c31a,4,1.3173837429471684,2.828476905822754,True
e5c,13,,2.828476905822754,False
k27ss,6,2.699693796336706,2.828476905822754,True
m150,11,1.4266631162184582,2.828476905822754,True
a23b,8,0.9339464899887008,2.828476905822754,True
b42b,10,2.4029652767021226,2.828476905822754,True
m52,8,0.98430740037104,2.828476905822754,True
k64b,4,-0.22130848889041063,2.828476905822754,True
b84,5,0.41544750301333305,2.828476905822754,True
b38c,5,-1.4528472001225565,2.828476905822754,True
k56a4b,6,2.614696421272439,2.828476905822754,True
k88b,8,1.758459364755956,2.828476905822754,True
m18b,6,0.5069936933189019,2.828476905822754,True
b1a,5,0.8818324347513042,2.828476905822754,True
m29l,4,1.3851055342098901,2.828476905822754,True
m121,4,1.1669940632060471,2.828476905822754,True
a33,5,1.317067208371083,2.828476905822754,True
m152c,5,0.4156886089620699,2.828476905822754,True
g23,14,,2.828476905822754,False
k107a,8,-1.4131233647208121,2.828476905822754,True
b73,5,-0.3014888002073613,2.828476905822754,True
k161,9,0.9218032807439015,2.828476905822754,True
k57,13,,2.828476905822754,False
l37b,13,,2.828476905822754,False
k132,11,0.2022897302972782,2.828476905822754,True
i5,11,1.3487717457114679,2.828476905822754,True
h28a,5,-0.39093152512616003,2.828476905822754,True
i46a,9,-0.5914996384213682,2.828476905822754,True
k56f2,4,0.5156479072035253,2.828476905822754,True
e5aa,7,2.863012203146751,2.828476905822754,False
m39a6h,7,2.6671461398993346,2.828476905822754,True
m198a1,5,1.2191065792352411,2.828476905822754,True
b98,12,0.5625793611170334,2.828476905822754,True
a24,13,,2.828476905822754,False
k33c,10,1.4134463210002797,2.828476905822754,True
i48,9,0.9680346451512398,2.828476905822754,True
c23,5,1.6030491469170274,2.828476905822754,True
k35c1,5,1.0337389859738164,2.828476905822754,True
k61a,9,0.77954084321554,2.828476905822754,True
e38b,4,1.5064141169346805,2.828476905822754,True
m101a,9,1.1528140643319371,2.828476905822754,True
a32f,9,2.0531080177256804,2.828476905822754,True
e35,8,1.390201820791043,2.828476905822754,True
e30,5,2.992105663754854,2.828476905822754,False
n10a,4,-1.5077296711424724,2.828476905822754,True
m179a,9,1.5291211567287197,2.828476905822754,True
i96,6,1.503145107262899,2.828476905822754,True
m72,5,0.8452928399227708,2.828476905822754,True
h53,4,-0.7201982988241106,2.828476905822754,True
d4aa,6,0.07575866735035308,2.828476905822754,True
f64a,7,1.1188613698086554,2.828476905822754,True
j9,6,2.6263657943025325,2.828476905822754,True
b116b,4,0.9469122934206098,2.828476905822754,True
h52,6,0.2788693967558527,2.828476905822754,True
k29c,6,1.0739135109357794,2.828476905822754,True
k126,8,-1.5617211828822941,2.828476905822754,True
n18,7,1.7314479317597053,2.828476905822754,True
m23,13,,2.828476905822754,False
b3b,14,,2.828476905822754,False
a2d,6,1.4043226128900714,2.828476905822754,True
k38e1,5,-1.5108464013980254,2.828476905822754,True
l69,5,1.1115525063629148,2.828476905822754,True
k61f,5,1.053686010610456,2.828476905822754,True
b54,8,2.127771872084648,2.828476905822754,True
m81f,5,2.577442831422914,2.828476905822754,True
i117,9,1.1907262182032528,2.828476905822754,True
b90,4,-0.5028910809343016,2.828476905822754,True
h33,8,0.9355786878616935,2.828476905822754,True
a22a,5,1.7935294604408305,2.828476905822754,True
l14,12,2.6130235264299073,2.828476905822754,True
h41,11,1.4130203473571346,2.828476905822754,True
f100,4,2.1649043767613656,2.828476905822754,True
l59a,4,0.5751263090485068,2.828476905822754,True
k67c,8,0.9669962210691226,2.828476905822754,True
l42g1,7,0.4741817993080962,2.828476905822754,True
k107b,5,0.6891261740076616,2.828476905822754,True
b28,10,1.9311388118291348,2.828476905822754,True
m46a,9,0.2788208727997131,2.828476905822754,True
m161,10,-0.6233596370565693,2.828476905822754,True
g8d,7,1.7505647862432208,2.828476905822754,True
b50,10,1.1393547292582493,2.828476905822754,True
l62,4,1.4318838186387561,2.828476905822754,True
h20a,5,1.1431107734592745,2.828476905822754,True
m168,6,0.4892981683959586,2.828476905822754,True
f9e,5,1.3882294568089746,2.828476905822754,True
m45,10,1.1081662846726708,2.828476905822754,True
f95,4,0.901907757661266,2.828476905822754,True
l108b,6,2.7268302369103012,2.828476905822754,True
b7b,8,1.6773620403122982,2.828476905822754,True
k18,12,0.28369757778365534,2.828476905822754,True
e16,5,0.6022886478392582,2.828476905822754,True
m39a6g,10,1.9609394972236056,2.828476905822754,True
m35,5,1.0755102251334285,2.828476905822754,True
a2b,10,2.7914489182517808,2.828476905822754,True
m166,12,1.9303971203822123,2.828476905822754,True
f50,5,1.446748331091622,2.828476905822754,True
m157b,10,2.1652295536289143,2.828476905822754,True
e2,10,1.5765989936353164,2.828476905822754,True
b49,7,1.5901895484408408,2.828476905822754,True
e1a,5,0.9189046120269,2.828476905822754,True
k56a6,7,1.5596035289911256,2.828476905822754,True
l42d,4,2.1034521028302353,2.828476905822754,True
f88,7,1.2480231410062164,2.828476905822754,True
k131b,10,1.7679164586496403,2.828476905822754,True
k35a4,6,-0.0856809940874431,2.828476905822754,True
d13f,5,1.1361555006049873,2.828476905822754,True
m58,4,0.7856590190265844,2.828476905822754,True
i84,4,1.405297118613309,2.828476905822754,True
c30a,8,1.1156227273956998,2.828476905822754,True
m44c,9,1.2602737688288443,2.828476905822754,True
i8f,13,,2.828476905822754,False
c27,5,1.8459648938062814,2.828476905822754,True
k26,12,430.5064165397175,2.828476905822754,False
m199a,5,1.192288138396671,2.828476905822754,True
i98b,4,-0.661234223992153,2.828476905822754,True
l65d,5,0.7146325550115327,2.828476905822754,True
m131,9,2.5554954454268803,2.828476905822754,True
k120a2,8,1.951336121056791,2.828476905822754,True
k33a,10,1.5280698710477296,2.828476905822754,True
l81b,5,1.7628909736774254,2.828476905822754,True
e31a2,5,1.2002688819525764,2.828476905822754,True
m84a,6,2.056619393505985,2.828476905822754,True
k80d,9,1.193584030910968,2.828476905822754,True
i33,8,1.0155541082693178,2.828476905822754,True
m109b,9,1.0000597342475483,2.828476905822754,True
k82,10,3.398731645401273,2.828476905822754,False
f45,14,,2.828476905822754,False
l1c1,5,0.5800386452489796,2.828476905822754,True
k110,6,1.0110216233795482,2.828476905822754,True
i35b,6,1.725440387957826,2.828476905822754,True
n16,7,0.7888089398060056,2.828476905822754,True
b13a,6,0.7728799118871194,2.828476905822754,True
a13a,4,2.0320101017154704,2.828476905822754,True
k10a,7,1.2135702899513263,2.828476905822754,True
i26,7,2.1258930539381096,2.828476905822754,True
m19,5,0.8213199140115719,2.828476905822754,True
k32g1,7,2.293887572187628,2.828476905822754,True
m57d2,6,0.6407434712839337,2.828476905822754,True
k27nn,12,136.6691291154094,2.828476905822754,False
k27x,6,0.12781994097715618,2.828476905822754,True
i62,13,,2.828476905822754,False
m91b,12,1.219755034286827,2.828476905822754,True
i102,5,1.450531112802014,2.828476905822754,True
i128,4,2.8647832263979955,2.828476905822754,False
b116,10,0.36517490457633967,2.828476905822754,True
l81a3,4,2.0560728141120754,2.828476905822754,True
j2,5,0.8727814240477598,2.828476905822754,True
i59b4,4,0.7859831866763737,2.828476905822754,True
k77a,14,,2.828476905822754,False
k18b,6,0.8950250491383909,2.828476905822754,True
j20,5,0.05051117430481006,2.828476905822754,True
m44a,4,1.7397626252517744,2.828476905822754,True
k61d,6,0.5159021038393723,2.828476905822754,True
h36ff,11,1.7429456005431825,2.828476905822754,True
k11a,7,0.944047965891222,2.828476905822754,True
m66,4,-0.6709942031248237,2.828476905822754,True
e3,5,1.177470249992437,2.828476905822754,True
m21,14,,2.828476905822754,False
m174,4,1.4223838343388777,2.828476905822754,True
e31a,13,,2.828476905822754,False
b81,4,0.9873562471984078,2.828476905822754,True
k155,4,0.5398838966341856,2.828476905822754,True
k47a,10,0.23903737926908086,2.828476905822754,True
h34a,12,6.849980741996955,2.828476905822754,False
k80a2,7,0.5618179176506372,2.828476905822754,True
k30,11,3.57830309505014,2.828476905822754,False
c6a,11,0.9826162396191387,2.828476905822754,True
l35,4,1.9518347890071766,2.828476905822754,True
b95,4,1.2588791308976994,2.828476905822754,True
l10,5,-0.6279405558494345,2.828476905822754,True
a35a,5,0.11071687326121041,2.828476905822754,True
j50b,4,0.7653284567737119,2.828476905822754,True
m109a1,5,0.3295290590617334,2.828476905822754,True
b2c,4,0.9281181969203581,2.828476905822754,True
m103,5,1.0681181936197777,2.828476905822754,True
h12,14,,2.828476905822754,False
m81e1,7,4.131653719058461,2.828476905822754,False
j43,4,1.0762212933884048,2.828476905822754,True
k35a,11,1.2967121016801948,2.828476905822754,True
h21,4,1.8535021346351057,2.828476905822754,True
k67a,10,1.1554020342080382,2.828476905822754,True
i8e,14,,2.828476905822754,False
j22b,4,-0.02987412999580543,2.828476905822754,True
m1b,4,1.330257004839129,2.828476905822754,True
f62,6,1.261235942264352,2.828476905822754,True
m13a,4,-0.5020092069187798,2.828476905822754,True
d4n,5,-1.1590844975039303,2.828476905822754,True
b75b,4,0.25459609555745344,2.828476905822754,True
k80c1,5,1.2892570997216706,2.828476905822754,True
m80,5,-0.13471711758455748,2.828476905822754,True
l52,8,1.0202590877173248,2.828476905822754,True
b62,4,0.18790562517725196,2.828476905822754,True
l15h,9,0.1179867623669704,2.828476905822754,True
h43aa,7,-2.054033087125563,2.828476905822754,True
l33e,5,1.0455771284814366,2.828476905822754,True
f3,7,2.3072413373789393,2.828476905822754,True
k56d1,4,0.31604170925363845,2.828476905822754,True
l72c,8,1.7184015771774817,2.828476905822754,True
m91b1,12,2.415090730385964,2.828476905822754,True
h46a,8,0.7584076539676697,2.828476905822754,True
j17,12,0.5108940434314072,2.828476905822754,True
h3,5,1.3724930017337933,2.828476905822754,True
c8b,4,0.4533532928815046,2.828476905822754,True
e9e,8,0.6724027685441365,2.828476905822754,True
e5e,5,1.9268112819865342,2.828476905822754,True
k66,13,,2.828476905822754,False
k141,5,0.8785793338947012,2.828476905822754,True
a12d,10,0.5182756298482067,2.828476905822754,True
a27,9,0.9616144584321187,2.828476905822754,True
k27g1,4,-0.9938117985948742,2.828476905822754,True
m188a,4,0.7647378581214861,2.828476905822754,True
j52a,6,0.2305225141884583,2.828476905822754,True
k73a1,5,1.9436629692738856,2.828476905822754,True
k29a,12,4.699873458590574,2.828476905822754,False
m198a3,8,1.135626119134211,2.828476905822754,True
i13d,6,-0.03716904291239619,2.828476905822754,True
b5a,9,2.166696056728882,2.828476905822754,True
k27yy,7,1.369285502387913,2.828476905822754,True
m125,7,0.62527188088007,2.828476905822754,True
k99b,9,1.2009881568433074,2.828476905822754,True
j12d,7,0.4098765429828246,2.828476905822754,True
m154,12,2.5230684865019324,2.828476905822754,True
f97,9,1.3807389799462952,2.828476905822754,True
e37,4,0.7753027641222285,2.828476905822754,True
g23b,9,1.2468760405910762,2.828476905822754,True
i41,13,,2.828476905822754,False
k27f,12,1.990704240447674,2.828476905822754,True
h22a,6,0.2528874403961895,2.828476905822754,True
i65,12,0.0823129767193821,2.828476905822754,True
k56e,9,1.0296696934200638,2.828476905822754,True
k103a,8,1.4099791644515993,2.828476905822754,True
k14d,9,1.6160421481260507,2.828476905822754,True
i93,7,0.4249343556441222,2.828476905822754,True
k15a,10,0.7206621368747252,2.828476905822754,True
l44b,4,1.4467018973663177,2.828476905822754,True
k40,7,0.7041790412354542,2.828476905822754,True
k18a,4,1.0893184321931704,2.828476905822754,True
j60,4,0.803797748545439,2.828476905822754,True
b33a,7,2.863243098432639,2.828476905822754,False
k78,9,1.64615290765241,2.828476905822754,True
j32a,9,1.6878798888630564,2.828476905822754,True
c19,12,0.42459839647431186,2.828476905822754,True
i85b,8,0.7017159767139701,2.828476905822754,True
l72f,5,-0.39357414755327363,2.828476905822754,True
a4a,7,0.7461076845838499,2.828476905822754,True
f46,6,0.719464819899181,2.828476905822754,True
l50,8,1.673218978152702,2.828476905822754,True
k8aa,4,1.162119099598447,2.828476905822754,True
m101b,5,0.645160430990477,2.828476905822754,True
k56a9,6,2.5579317031938857,2.828476905822754,True
b77b1,5,-1.7039010561387773,2.828476905822754,True
m39e,9,1.612829421150832,2.828476905822754,True
b7c,6,0.7516874810804361,2.828476905822754,True
a4b,4,0.5496792395905443,2.828476905822754,True
b79a1,8,1.6714100961913283,2.828476905822754,True
l110a,4,0.15375373171210555,2.828476905822754,True
m38d3,5,0.9020249251878207,2.828476905822754,True
f49,9,1.025254420245755,2.828476905822754,True
j26,13,,2.828476905822754,False
m10,5,1.487765906546495,2.828476905822754,True
k14b,4,3.271900939319839,2.828476905822754,False
g15,7,3.3623902812735644,2.828476905822754,False
b97a,5,-1.4080975468194221,2.828476905822754,True
k163,10,2.172518445452348,2.828476905822754,True
k63,6,0.22181119828351223,2.828476905822754,True
e10,5,1.1648981512524255,2.828476905822754,True
k49,12,181.71800949323847,2.828476905822754,False
j14,6,1.6368865728149153,2.828476905822754,True
b40b,4,2.1291996738423378,2.828476905822754,True
b102,5,0.25487203985357026,2.828476905822754,True
e6,5,0.8672053578963312,2.828476905822754,True
g1,8,2.9830887624108144,2.828476905822754,False
k93b2,10,1.0269204783253283,2.828476905822754,True
k64a,10,2.165323895225927,2.828476905822754,True
k127,10,1.3687338782459473,2.828476905822754,True
m29b,13,,2.828476905822754,False
a12,14,,2.828476905822754,False
i13b,6,0.43804207534097844,2.828476905822754,True
k27g,8,2.6934186910751907,2.828476905822754,True
b8,9,0.21525164490468227,2.828476905822754,True
m39a6i,7,0.5839188792552479,2.828476905822754,True
m38a1,9,1.4910077459328595,2.828476905822754,True
h36hh,7,1.1400826250069362,2.828476905822754,True
h27a,6,-0.21540230089570525,2.828476905822754,True
j51,12,2.799713961891429,2.828476905822754,True
l100d1,4,0.8684349055619315,2.828476905822754,True
h47,9,1.6380952497542534,2.828476905822754,True
b87a,4,0.24993928241904384,2.828476905822754,True
k27k,7,1.6458978647397036,2.828476905822754,True
m199f,6,0.041910317730250383,2.828476905822754,True
m145,10,0.8251427965823006,2.828476905822754,True
k162,4,0.8454315288850625,2.828476905822754,True
m115,8,1.3052569371140696,2.828476905822754,True
m105a,7,1.475379984916791,2.828476905822754,True
k35a3,7,0.30160503299007174,2.828476905822754,True
m176,9,0.5787011880709519,2.828476905822754,True
f53a,8,0.874987873763893,2.828476905822754,True
l108e,5,0.8962561196314061,2.828476905822754,True
k136a,10,6.375300088769206,2.828476905822754,False
m140a,4,1.4467118956955622,2.828476905822754,True
l108c,6,1.0870064755461786,2.828476905822754,True
m31,4,1.4267746528180505,2.828476905822754,True
b42,12,3.0170315330163673,2.828476905822754,False
k32h,7,1.0256875899761202,2.828476905822754,True
m198b2,7,1.2097104221311976,2.828476905822754,True
m39e1,10,1.280877405570699,2.828476905822754,True
m147b,5,-0.44422801443158855,2.828476905822754,True
g6a,7,-0.14604364567576072,2.828476905822754,True
j48,4,1.3719188294241011,2.828476905822754,True
f70a,11,2.3912887254742947,2.828476905822754,True
m89,10,3.6883411275778686,2.828476905822754,False
j52b,6,0.7384502088472695,2.828476905822754,True
l79,5,0.29502884765914733,2.828476905822754,True
i11,10,0.1676425596126033,2.828476905822754,True
k56a7,4,1.5713979936106723,2.828476905822754,True
a46,6,2.5890223297797994,2.828476905822754,True
l6a,8,1.0861423966288763,2.828476905822754,True
m163,11,2.5403054667920855,2.828476905822754,True
i76b,5,-0.19080565697977817,2.828476905822754,True
m90a3,4,1.2113702797643842,2.828476905822754,True
m16,6,1.0998987306251398,2.828476905822754,True
f77a,6,1.228094056889807,2.828476905822754,True
i46c,4,0.32279347353684734,2.828476905822754,True
k27e,12,1.113983115749333,2.828476905822754,True
b46,9,0.4785719544808367,2.828476905822754,True
j62,13,,2.828476905822754,False
l56,10,3.246750081000735,2.828476905822754,False
l95,8,0.0010744496781226551,2.828476905822754,True
k28,14,,2.828476905822754,False
b46c,10,0.16811411474840357,2.828476905822754,True
k89b,4,2.4633220705959715,2.828476905822754,True
m30d,6,0.6951502771952563,2.828476905822754,True
k27x2,10,0.3188270790226671,2.828476905822754,True
i95,5,1.562029215297797,2.828476905822754,True
l114,11,0.48476536231283734,2.828476905822754,True
l59,6,0.18420193486634936,2.828476905822754,True
l85,13,,2.828476905822754,False
d1b,13,,2.828476905822754,False
m187,7,1.2149865281286887,2.828476905822754,True
i27a,7,0.8416849686718623,2.828476905822754,True
i104,10,1.3989083772019435,2.828476905822754,True
h42,10,1.2986822651080863,2.828476905822754,True
l100c,6,0.7893897280043978,2.828476905822754,True
k165,5,0.2598799208161013,2.828476905822754,True
k99a,8,1.4884412962962394,2.828476905822754,True
k32a,9,0.7129882963479623,2.828476905822754,True
a17,10,0.586068825256271,2.828476905822754,True
a32g,6,-1.2741864879738038,2.828476905822754,True
m47,5,0.9599370272919435,2.828476905822754,True
m181a,4,3.132926193842149,2.828476905822754,False
m134,12,2.4786763185278966,2.828476905822754,True
k38a,5,0.30483280697290066,2.828476905822754,True
l37b1,7,-0.22764300886197053,2.828476905822754,True
i46e,5,0.95199263312583,2.828476905822754,True
b16a,7,1.9693888173584495,2.828476905822754,True
k1c,7,0.8741141870142607,2.828476905822754,True
k56a2,7,1.244007433212851,2.828476905822754,True
m124,12,3.762487479215793,2.828476905822754,False
i121,12,3.887468668228946,2.828476905822754,False
k32b,4,2.450771089602237,2.828476905822754,True
b45b,5,0.8207319803837251,2.828476905822754,True
k27s,12,-0.9681535666543114,2.828476905822754,True
k33f,5,1.3324385100485447,2.828476905822754,True
l74a,5,-0.32848903390046774,2.828476905822754,True
c6e,5,0.6110214140917792,2.828476905822754,True
i25,12,4.3538571428767945,2.828476905822754,False
k29d,4,1.8406071753228155,2.828476905822754,True
l94,13,,2.828476905822754,False
h20,10,0.08729845192089443,2.828476905822754,True
k92b,9,2.167919501280548,2.828476905822754,True
h5,12,1.7921629793890326,2.828476905822754,True
b93,5,1.159324418430998,2.828476905822754,True
k52,4,-1.6022112402827744,2.828476905822754,True
e20,4,0.7863194226999191,2.828476905822754,True
l53,13,,2.828476905822754,False
m119,7,2.228008127037257,2.828476905822754,True
i119,5,2.5651197990114687,2.828476905822754,True
l32,6,0.7295323437017601,2.828476905822754,True
m194,4,0.49419511895443186,2.828476905822754,True
m60b,10,0.31423636894359736,2.828476905822754,True
i55,8,1.0728514165638658,2.828476905822754,True
m81e2,2,-1.189086889484567,2.828476905822754,True
l95a,6,1.4007945971188744,2.828476905822754,True
k8e,9,1.1288575340512756,2.828476905822754,True
m127,8,2.690681619642963,2.828476905822754,True
c11,5,1.453656145254694,2.828476905822754,True
h34f,8,1.0383272584770848,2.828476905822754,True
b42c,4,2.316484848125431,2.828476905822754,True
i56,8,3.043904671530202,2.828476905822754,False
g27,4,1.702908690953935,2.828476905822754,True
i6,8,0.5722247509578727,2.828476905822754,True
m162,9,0.9579722109260276,2.828476905822754,True
k27f1,8,1.174394707821131,2.828476905822754,True
n5,5,-0.5576072266660685,2.828476905822754,True
b69a,4,0.48459636068285233,2.828476905822754,True
c24,6,0.5967835186359401,2.828476905822754,True
i10a,8,1.6167800048758068,2.828476905822754,True
h24a,5,3.0578379982542243,2.828476905822754,False
b74,4,0.19944632116249872,2.828476905822754,True
l55,6,0.7140870765078559,2.828476905822754,True
i91,5,0.9844690605391456,2.828476905822754,True
h6d,4,1.6728845222453308,2.828476905822754,True
i28,13,,2.828476905822754,False
b3d,5,1.9734268320636275,2.828476905822754,True
l113,9,2.048299202777043,2.828476905822754,True
e8,9,1.330147885471301,2.828476905822754,True
k6,5,1.1402264218965232,2.828476905822754,True
b42o,4,0.8976153319091341,2.828476905822754,True
h18a,4,0.6382204386631567,2.828476905822754,True
m32,10,4.638551947259991,2.828476905822754,False
i59b1,5,2.226776122759927,2.828476905822754,True
m81d,7,1.0973410481689105,2.828476905822754,True
f9g,11,1.3680459304957473,2.828476905822754,True
l67,5,0.7266993608603478,2.828476905822754,True
k27p,9,1.6884829278633267,2.828476905822754,True
b82,13,,2.828476905822754,False
m165,7,1.6505462703409244,2.828476905822754,True
m91a,11,3.0966765639968057,2.828476905822754,False
j41c,6,1.4421301959655006,2.828476905822754,True
j51a1,4,0.3756180181704326,2.828476905822754,True
b77b,8,1.0408734716025685,2.828476905822754,True
l38,10,2.4968067834943866,2.828476905822754,True
m157a2,13,,2.828476905822754,False
n17,7,1.6053586285475594,2.828476905822754,True
k99a2,4,2.8085538339443197,2.828476905822754,True
l15f,7,2.613990486693665,2.828476905822754,True
m154a,7,2.871103362835652,2.828476905822754,False
i64a,6,0.854571602730649,2.828476905822754,True
b106,4,0.8867810540977762,2.828476905822754,True
m183,12,-1.9818534740012366,2.828476905822754,True
b73b,7,1.2176196255972858,2.828476905822754,True
m109,10,0.7922017355975728,2.828476905822754,True
m81,12,1.9488044885612925,2.828476905822754,True
l41,13,,2.828476905822754,False
i22a,10,1.6821980207209164,2.828476905822754,True
k38e2,5,1.5697694266088478,2.828476905822754,True
h43a,5,1.559061251418347,2.828476905822754,True
j6,6,1.652146741643093,2.828476905822754,True
m114j,6,4.158458330325973,2.828476905822754,False
f38,10,0.6070724346857835,2.828476905822754,True
m29w1,10,1.5927336976648558,2.828476905822754,True
m29p,4,-0.5631682060597363,2.828476905822754,True
h27,13,,2.828476905822754,False
k38f,12,2.8941480455614426,2.828476905822754,False
b76,6,1.7890648741623871,2.828476905822754,True
f45a,6,0.33460377440134575,2.828476905822754,True
l114b,10,3.4357774898746483,2.828476905822754,False
l17,7,0.8993411855441338,2.828476905822754,True
g22,4,1.355837748998524,2.828476905822754,True
e25,5,1.3025443757690622,2.828476905822754,True
b46a,8,0.9024599087987885,2.828476905822754,True
m108a,5,-0.7103577196779883,2.828476905822754,True
m99a,6,0.32499658307738355,2.828476905822754,True
j28b,9,2.7807538218111407,2.828476905822754,True
f28a1,4,1.6699717116539319,2.828476905822754,True
k156,13,,2.828476905822754,False
j59,11,3.3424147526065147,2.828476905822754,False
f65c,6,0.16160517480773895,2.828476905822754,True
i116,4,0.07455209836557541,2.828476905822754,True
k41,10,0.5245434888739475,2.828476905822754,True
l72,14,,2.828476905822754,False
m74a,8,1.8609234045875627,2.828476905822754,True
f52,5,1.3986858543979754,2.828476905822754,True
i53,7,1.2769432252127453,2.828476905822754,True
i43b,8,1.1200433420006979,2.828476905822754,True
k158,6,1.1458302800272666,2.828476905822754,True
k50,5,0.30106740336540133,2.828476905822754,True
j62a,7,0.6045178688400635,2.828476905822754,True
j41b,4,0.08436810545753944,2.828476905822754,True
i24,7,1.534549948438394,2.828476905822754,True
k29b,7,0.8018383503258822,2.828476905822754,True
l104,12,4.068712684009674,2.828476905822754,False
i66,7,0.9884125171679827,2.828476905822754,True
m75c,7,1.9914127216384996,2.828476905822754,True
i52,11,0.9946428432507974,2.828476905822754,True
l99,6,0.6982688292252295,2.828476905822754,True
k100f1,7,-0.14225648824209378,2.828476905822754,True
l7a,6,1.655847778295499,2.828476905822754,True
l108,12,5.664550904063714,2.828476905822754,False
k115,12,3.661393736818165,2.828476905822754,False
k1h,7,0.7297357410742598,2.828476905822754,True
b85a,4,0.2976448541839726,2.828476905822754,True
m127b,7,0.02116453312233066,2.828476905822754,True
j41,4,-0.6994336554665338,2.828476905822754,True
h23,4,2.230243576891902,2.828476905822754,True
j25a,9,1.3787351786711808,2.828476905822754,True
g9a,4,0.9506276674847359,2.828476905822754,True
c14,10,1.0550664349481094,2.828476905822754,True
k38f2,5,1.9084769860169164,2.828476905822754,True
k134,7,0.5967618889647271,2.828476905822754,True
f51,13,,2.828476905822754,False
m186,3,-0.8872097927070582,2.828476905822754,True
a19b,5,1.834997415440663,2.828476905822754,True
k85,5,-0.5687679956711964,2.828476905822754,True
a7a,8,1.8909662609356002,2.828476905822754,True
l85b1,4,1.852837886521933,2.828476905822754,True
m136,7,-2.02701557078552,2.828476905822754,True
b42k,4,1.264771586883927,2.828476905822754,True
k65a,6,1.2007565616719416,2.828476905822754,True
i60,7,1.2927689086241012,2.828476905822754,True
k120,9,1.0533913441258607,2.828476905822754,True
