word_en,class_en,word_ru,class_ru
,,взрослый,животное
,,взрослого,животное
,,взрослому,животное
,,взрослым,животное
,,взрослые,животное
,,взрослых,животное
,,аллигатор,рептилия
,,аллигатора,рептилия
,,аллигатору,рептилия
,,аллигатором,рептилия
,,аллигаторы,рептилия
,,аллигаторов,рептилия
,,амазон,птица
,,амазона,птица
,,амазоны,птица
,,амазонов,птица
,,животные,животное
,,животных,животное
,,животным,животное
,,животными,животное
,,муравей,насекомое
,,муравья,насекомое
,,муравью,насекомое
,,муравьём,насекомое
,,муравье,насекомое
,,муравьед,млекопитающее
,,муравьеда,млекопитающее
,,муравьеду,млекопитающее
,,муравьедом,млекопитающее
,,муравьеды,млекопитающее
,,муравьедов,млекопитающее
,,муравьи,насекомое
,,муравьёв,насекомое
,,муравьям,насекомое
,,муравьями,насекомое
,,яблоко,дерево
,,яблока,дерево
,,яблоку,дерево
,,яблоком,дерево
,,яблоке,дерево
,,яблоки,дерево
,,яблок,дерево
,,яблокам,дерево
,,яблоками,дерево
,,водный,растение
,,водного,растение
,,водные,растение
,,водных,растение
,,броненосец,млекопитающее
,,броненосца,млекопитающее
,,броненосцу,млекопитающее
,,броненосцем,млекопитающее
,,броненосцы,млекопитающее
,,броненосцев,млекопитающее
,,ясень,дерево
,,ясеня,дерево
,,ясеню,дерево
,,ясенем,дерево
,,ясени,дерево
,,ясеней,дерево
,,младенцы,животное
,,младенцев,животное
,,младенцам,животное
,,детёныши,животное
,,детёнышей,животное
,,младенец,животное
,,младенца,животное
,,младенцу,животное
,,детёныш,животное
,,детёныша,животное
,,летучая мышь,млекопитающее
,,летучей мыши,млекопитающее
,,летучую мышь,млекопитающее
,,летучие мыши,млекопитающее
,,медведь,млекопитающее
,,медведя,млекопитающее
,,медведю,млекопитающее
,,медведем,млекопитающее
,,медведе,млекопитающее
,,медведи,млекопитающее
,,медведей,млекопитающее
,,медведям,млекопитающее
,,медведями,млекопитающее
,,зверь,животное
,,зверя,животное
,,зверю,животное
,,зверем,животное
,,звере,животное
,,звери,животное
,,зверей,животное
,,зверям,животное
,,зверями,животное
,,пчела,насекомое
,,пчелы,насекомое
,,пчеле,насекомое
,,пчелу,насекомое
,,пчелой,насекомое
,,пчёлы,насекомое
,,пчёл,насекомое
,,пчёлам,насекомое
,,пчёлами,насекомое
,,птицы,птица
,,птиц,птица
,,птицам,птица
,,птицами,птица
,,птицах,птица
,,сука,млекопитающее
,,суки,млекопитающее
,,суке,млекопитающее
,,суку,млекопитающее
,,сукой,млекопитающее
,,самшит,растение
,,самшита,растение
,,самшиту,растение
,,самшитом,растение
,,метла,растение
,,метлы,растение
,,метле,растение
,,метлу,растение
,,метлой,растение
,,буйвол,млекопитающее
,,буйвола,млекопитающее
,,буйволу,млекопитающее
,,буйволом,млекопитающее
,,буйволы,млекопитающее
,,буйволов,млекопитающее
,,бык,млекопитающее
,,быка,млекопитающее
,,быку,млекопитающее
,,быком,млекопитающее
,,быке,млекопитающее
,,куст,растение
,,куста,растение
,,кусту,растение
,,кустом,растение
,,кусте,растение
,,кусты,растение
,,кайман,рептилия
,,каймана,рептилия
,,кайману,рептилия
,,кайманом,рептилия
,,кайманы,рептилия
,,кайманов,рептилия
,,телёнок,животное
,,телёнка,животное
,,телёнку,животное
,,телёнком,животное
,,телята,животное
,,верблюд,млекопитающее
,,верблюда,млекопитающее
,,верблюду,млекопитающее
,,верблюдом,млекопитающее
,,верблюды,млекопитающее
,,верблюдов,млекопитающее
,,кардинал,птица
,,кардинала,птица
,,кардиналу,птица
,,кардиналом,птица
,,кардиналы,птица
,,кот,млекопитающее
,,кота,млекопитающее
,,коту,млекопитающее
,,котом,млекопитающее
,,коте,млекопитающее
,,кошка,млекопитающее
,,кошки,млекопитающее
,,кошке,млекопитающее
,,кошку,млекопитающее
,,скот,млекопитающее
,,скота,млекопитающее
,,скоту,млекопитающее
,,скотом,млекопитающее
,,скоте,млекопитающее
,,злак,растение
,,злака,растение
,,злаки,растение
,,злаков,растение
,,злакам,растение
,,хамелеон,рептилия
,,хамелеона,рептилия
,,хамелеону,рептилия
,,хамелеоном,рептилия
,,хамелеоны,рептилия
,,хамелеонов,рептилия
,,курица,птица
,,курицы,птица
,,курице,птица
,,курицу,птица
,,курицей,птица
,,куры,птица
,,кур,птица
,,курам,птица
,,курами,птица
,,бурундук,млекопитающее
,,бурундука,млекопитающее
,,бурундуку,млекопитающее
,,бурундуком,млекопитающее
,,бурундуки,млекопитающее
,,бурундуков,млекопитающее
,,петух,птица
,,петуха,птица
,,петуху,птица
,,петухом,птица
,,петухе,птица
,,жеребята,животное
,,жеребят,животное
,,жеребятам,животное
,,жеребёнок,животное
,,жеребёнка,животное
,,кизил,дерево
,,кизила,дерево
,,кизилу,дерево
,,кизилом,дерево
,,кизиле,дерево
,,корова,млекопитающее
,,коровы,млекопитающее
,,корове,млекопитающее
,,корову,млекопитающее
,,коровой,млекопитающее
,,коров,млекопитающее
,,коровам,млекопитающее
,,коровами,млекопитающее
,,койот,млекопитающее
,,койота,млекопитающее
,,койоту,млекопитающее
,,койотом,млекопитающее
,,койоты,млекопитающее
,,койотов,млекопитающее
,,краб,ракообразное
,,краба,ракообразное
,,крабу,ракообразное
,,крабом,ракообразное
,,крабы,ракообразное
,,крабов,ракообразное
,,журавль,птица
,,журавля,птица
,,журавлю,птица
,,журавлём,птица
,,журавле,птица
,,существо,животное
,,существа,животное
,,существу,животное
,,существом,животное
,,существе,животное
,,существ,животное
,,существам,животное
,,существами,животное
,,крокодил,рептилия
,,крокодила,рептилия
,,крокодилу,рептилия
,,крокодилом,рептилия
,,крокодилы,рептилия
,,крокодилов,рептилия
,,урожай,растение
,,урожая,растение
,,урожаю,растение
,,урожаем,растение
,,посевы,растение
,,ворона,птица
,,вороны,птица
,,вороне,птица
,,ворону,птица
,,вороной,птица
,,кукушка,птица
,,кукушки,птица
,,кукушке,птица
,,кукушку,птица
,,кукушкой,птица
,,олень,млекопитающее
,,оленя,млекопитающее
,,оленю,млекопитающее
,,оленем,млекопитающее
,,олене,млекопитающее
,,олени,млекопитающее
,,оленей,млекопитающее
,,оляпка,птица
,,оляпки,птица
,,оляпке,птица
,,оляпку,птица
,,оляпкой,птица
,,самка,млекопитающее
,,самки,млекопитающее
,,самке,млекопитающее
,,самку,млекопитающее
,,самкой,млекопитающее
,,собака,млекопитающее
,,собаки,млекопитающее
,,собаке,млекопитающее
,,собаку,млекопитающее
,,собакой,млекопитающее
,,пёс,млекопитающее
,,пса,млекопитающее
,,собак,млекопитающее
,,собакам,млекопитающее
,,собаками,млекопитающее
,,осёл,млекопитающее
,,осла,млекопитающее
,,ослу,млекопитающее
,,ослом,млекопитающее
,,осле,млекопитающее
,,голубь,птица
,,голубя,птица
,,голубю,птица
,,голубем,птица
,,голубе,птица
,,дракон,рептилия
,,дракона,рептилия
,,дракону,рептилия
,,драконом,рептилия
,,драконе,рептилия
,,драконы,рептилия
,,драконов,рептилия
,,утка,птица
,,утки,птица
,,утке,птица
,,утку,птица
,,уткой,птица
,,уток,птица
,,уткам,птица
,,утками,птица
,,орлы,птица
,,орлов,птица
,,орлам,птица
,,орлами,птица
,,орёл,птица
,,орла,птица
,,угорь,рыба
,,угря,рыба
,,угрю,рыба
,,угрём,рыба
,,угре,рыба
,,бузина,растение
,,бузины,растение
,,бузине,растение
,,бузину,растение
,,бузиной,растение
,,слон,млекопитающее
,,слона,млекопитающее
,,слону,млекопитающее
,,слоном,млекопитающее
,,слоне,млекопитающее
,,лось,млекопитающее
,,лося,млекопитающее
,,лосю,млекопитающее
,,лосем,млекопитающее
,,лосе,млекопитающее
,,зародыш,растение
,,зародыша,растение
,,зародышу,растение
,,зародыши,растение
,,зародышей,растение
,,кошачий,млекопитающее
,,кошачьего,млекопитающее
,,кошачьи,млекопитающее
,,кошачьих,млекопитающее
,,самок,животное
,,самкам,животное
,,самками,животное
,,рыбы,рыба
,,рыб,рыба
,,рыбам,рыба
,,рыбами,рыба
,,рыба,рыба
,,рыбу,рыба
,,блоха,насекомое
,,блохи,насекомое
,,блохе,насекомое
,,блоху,насекомое
,,блохой,насекомое
,,блох,насекомое
,,блохам,насекомое
,,блохами,насекомое
,,мухи,насекомое
,,мух,насекомое
,,мухам,насекомое
,,мухами,насекомое
,,цветы,цветок
,,цветов,цветок
,,цветам,цветок
,,цветами,цветок
,,цветах,цветок
,,муха,насекомое
,,мухе,насекомое
,,муху,насекомое
,,мухой,насекомое
,,лиса,млекопитающее
,,лисы,млекопитающее
,,лисе,млекопитающее
,,лису,млекопитающее
,,лисой,млекопитающее
,,лисица,млекопитающее
,,лисицы,млекопитающее
,,лис,млекопитающее
,,лисам,млекопитающее
,,лисами,млекопитающее
,,лягушка,амфибия
,,лягушки,амфибия
,,лягушке,амфибия
,,лягушку,амфибия
,,лягушкой,амфибия
,,лягушек,амфибия
,,лягушкам,амфибия
,,лягушками,амфибия
,,гуси,птица
,,гусей,птица
,,гусям,птица
,,гусями,птица
,,великан,животное
,,великана,животное
,,великану,животное
,,великаном,животное
,,великане,животное
,,великаны,животное
,,великанов,животное
,,великанам,животное
,,великанами,животное
,,коза,млекопитающее
,,козы,млекопитающее
,,козе,млекопитающее
,,козу,млекопитающее
,,козой,млекопитающее
,,козёл,млекопитающее
,,козла,млекопитающее
,,гусь,птица
,,гуся,птица
,,гусю,птица
,,гусем,птица
,,гусе,птица
,,тыква,растение
,,тыквы,растение
,,тыкве,растение
,,тыкву,растение
,,тыквой,растение
,,трава,растение
,,травы,растение
,,траве,растение
,,траву,растение
,,травой,растение
,,кузнечик,насекомое
,,кузнечика,насекомое
,,кузнечику,насекомое
,,кузнечиком,насекомое
,,кузнечики,насекомое
,,кузнечиков,насекомое
,,тетерев,птица
,,тетерева,птица
,,тетереву,птица
,,тетеревом,птица
,,тетереве,птица
,,заяц,млекопитающее
,,зайца,млекопитающее
,,зайцу,млекопитающее
,,зайцем,млекопитающее
,,зайце,млекопитающее
,,ястреб,птица
,,ястреба,птица
,,ястребу,птица
,,ястребом,птица
,,ястребе,птица
,,ёж,млекопитающее
,,ежа,млекопитающее
,,ежу,млекопитающее
,,ежом,млекопитающее
,,еже,млекопитающее
,,цапля,птица
,,цапли,птица
,,цапле,птица
,,цаплю,птица
,,цаплей,птица
,,лошадь,млекопитающее
,,лошади,млекопитающее
,,лошадью,млекопитающее
,,конь,млекопитающее
,,коня,млекопитающее
,,коню,млекопитающее
,,конём,млекопитающее
,,лошадей,млекопитающее
,,лошадям,млекопитающее
,,лошадями,млекопитающее
,,кони,млекопитающее
,,коней,млекопитающее
,,человек,млекопитающее
,,человека,млекопитающее
,,человеку,млекопитающее
,,человеком,млекопитающее
,,человеке,млекопитающее
,,человечество,млекопитающее
,,человечества,млекопитающее
,,человечеству,млекопитающее
,,человечеством,млекопитающее
,,люди,млекопитающее
,,людей,млекопитающее
,,людям,млекопитающее
,,людьми,млекопитающее
,,гиена,млекопитающее
,,гиены,млекопитающее
,,гиене,млекопитающее
,,гиену,млекопитающее
,,гиеной,млекопитающее
,,насекомые,насекомое
,,насекомых,насекомое
,,насекомым,насекомое
,,насекомыми,насекомое
,,шакал,млекопитающее
,,шакала,млекопитающее
,,шакалу,млекопитающее
,,шакалом,млекопитающее
,,шакалы,млекопитающее
,,шакалов,млекопитающее
,,ягуар,млекопитающее
,,ягуара,млекопитающее
,,ягуару,млекопитающее
,,ягуаром,млекопитающее
,,ягуары,млекопитающее
,,ягуаров,млекопитающее
,,козлята,млекопитающее
,,козлят,млекопитающее
,,козлёнок,млекопитающее
,,козлёнка,млекопитающее
,,леопард,млекопитающее
,,леопарда,млекопитающее
,,леопарду,млекопитающее
,,леопардом,млекопитающее
,,леопарды,млекопитающее
,,леопардов,млекопитающее
,,вши,насекомое
,,вшей,насекомое
,,вшам,насекомое
,,вшами,насекомое
,,лев,млекопитающее
,,льва,млекопитающее
,,льву,млекопитающее
,,львом,млекопитающее
,,льве,млекопитающее
,,ящерица,рептилия
,,ящерицы,рептилия
,,ящерице,рептилия
,,ящерицу,рептилия
,,ящерицей,рептилия
,,гагара,птица
,,гагары,птица
,,гагаре,птица
,,гагару,птица
,,гагарой,птица
,,вошь,насекомое
,,вошью,насекомое
,,самец,животное
,,самца,животное
,,самцу,животное
,,самцом,животное
,,самце,животное
,,самцы,животное
,,самцов,животное
,,самцам,животное
,,самцами,животное
,,млекопитающие,млекопитающее
,,млекопитающих,млекопитающее
,,млекопитающим,млекопитающее
,,млекопитающими,млекопитающее
,,мужчина,млекопитающее
,,мужчины,млекопитающее
,,мужчине,млекопитающее
,,мужчину,млекопитающее
,,мужчиной,млекопитающее
,,кобыла,млекопитающее
,,кобылы,млекопитающее
,,кобыле,млекопитающее
,,кобылу,млекопитающее
,,кобылой,млекопитающее
,,дыня,растение
,,дыни,растение
,,дыне,растение
,,дыню,растение
,,дыней,растение
,,мужчин,млекопитающее
,,мужчинам,млекопитающее
,,мужчинами,млекопитающее
,,мыши,млекопитающее
,,мышей,млекопитающее
,,мышам,млекопитающее
,,мышами,млекопитающее
,,крот,млекопитающее
,,крота,млекопитающее
,,кроту,млекопитающее
,,кротом,млекопитающее
,,кроте,млекопитающее
,,обезьяна,млекопитающее
,,обезьяны,млекопитающее
,,обезьяне,млекопитающее
,,обезьяну,млекопитающее
,,обезьяной,млекопитающее
,,чудовище,животное
,,чудовища,животное
,,чудовищу,животное
,,чудовищем,животное
,,монстр,животное
,,монстра,животное
,,чудовищ,животное
,,чудовищам,животное
,,чудовищами,животное
,,монстры,животное
,,комары,насекомое
,,комаров,насекомое
,,комарам,насекомое
,,комарами,насекомое
,,комар,насекомое
,,комара,насекомое
,,мышь,млекопитающее
,,мышью,млекопитающее
,,птенец,животное
,,птенца,животное
,,птенцу,животное
,,птенцом,животное
,,птенце,животное
,,птенцы,животное
,,птенцов,животное
,,птенцам,животное
,,птенцами,животное
,,опоссум,млекопитающее
,,опоссума,млекопитающее
,,опоссуму,млекопитающее
,,опоссумом,млекопитающее
,,опоссумы,млекопитающее
,,опоссумов,млекопитающее
,,сова,птица
,,совы,птица
,,сове,птица
,,сову,птица
,,совой,птица
,,устрица,моллюск
,,устрицы,моллюск
,,устрице,моллюск
,,устрицу,моллюск
,,устрицей,моллюск
,,пальма,дерево
,,пальмы,дерево
,,пальме,дерево
,,пальму,дерево
,,пальмой,дерево
,,попугайчик,птица
,,попугайчика,птица
,,попугайчику,птица
,,попугайчиком,птица
,,попугайчики,птица
,,попугай,птица
,,попугая,птица
,,попугаю,птица
,,попугаем,птица
,,попугае,птица
,,куропатка,птица
,,куропатки,птица
,,куропатке,птица
,,куропатку,птица
,,куропаткой,птица
,,питомец,животное
,,питомца,животное
,,питомцу,животное
,,питомцем,животное
,,питомце,животное
,,питомцы,животное
,,питомцев,животное
,,питомцам,животное
,,питомцами,животное
,,свинья,млекопитающее
,,свиньи,млекопитающее
,,свинье,млекопитающее
,,свинью,млекопитающее
,,свиньёй,млекопитающее
,,свиней,млекопитающее
,,свиньям,млекопитающее
,,свиньями,млекопитающее
,,щука,рыба
,,щуки,рыба
,,щуке,рыба
,,щуку,рыба
,,щукой,рыба
,,растения,растение
,,растений,растение
,,растениям,растение
,,растениями,растение
,,дикобраз,млекопитающее
,,дикобраза,млекопитающее
,,дикобразу,млекопитающее
,,дикобразом,млекопитающее
,,дикобразы,млекопитающее
,,дикобразов,млекопитающее
,,хищник,животное
,,хищника,животное
,,хищнику,животное
,,хищником,животное
,,хищнике,животное
,,хищники,животное
,,хищников,животное
,,хищникам,животное
,,хищниками,животное
,,добыча,животное
,,добычи,животное
,,добыче,животное
,,добычу,животное
,,добычей,животное
,,пума,млекопитающее
,,пумы,млекопитающее
,,пуме,млекопитающее
,,пуму,млекопитающее
,,пумой,млекопитающее
,,щенок,животное
,,щенка,животное
,,щенку,животное
,,щенком,животное
,,щенке,животное
,,щенки,млекопитающее
,,щенков,млекопитающее
,,щенкам,млекопитающее
,,щенками,млекопитающее
,,матка,насекомое
,,матки,насекомое
,,матке,насекомое
,,матку,насекомое
,,маткой,насекомое
,,кролик,млекопитающее
,,кролика,млекопитающее
,,кролику,млекопитающее
,,кроликом,млекопитающее
,,кролике,млекопитающее
,,енот,млекопитающее
,,енота,млекопитающее
,,еноту,млекопитающее
,,енотом,млекопитающее
,,еноты,млекопитающее
,,енотов,млекопитающее
,,баран,млекопитающее
,,барана,млекопитающее
,,барану,млекопитающее
,,бараном,млекопитающее
,,баране,млекопитающее
,,бараны,млекопитающее
,,баранов,млекопитающее
,,баранам,млекопитающее
,,баранами,млекопитающее
,,крыса,млекопитающее
,,крысы,млекопитающее
,,крысе,млекопитающее
,,крысу,млекопитающее
,,крысой,млекопитающее
,,ворон,птица
,,вороном,птица
,,тростник,растение
,,тростника,растение
,,тростнику,растение
,,тростником,растение
,,тростнике,растение
,,тростники,растение
,,тростников,растение
,,камыши,растение
,,камышей,растение
,,рептилии,рептилия
,,рептилий,рептилия
,,рептилиям,рептилия
,,рептилиями,рептилия
,,нанду,птица
,,роза,растение
,,розы,растение
,,розе,растение
,,розу,растение
,,розой,растение
,,камыш,растение
,,камыша,растение
,,камышу,растение
,,камышом,растение
,,камыше,растение
,,змей,рептилия
,,змея,рептилия
,,змею,рептилия
,,змеем,рептилия
,,змее,рептилия
,,овца,млекопитающее
,,овцы,млекопитающее
,,овце,млекопитающее
,,овцу,млекопитающее
,,овцой,млекопитающее
,,скунс,млекопитающее
,,скунса,млекопитающее
,,скунсу,млекопитающее
,,скунсом,млекопитающее
,,скунсы,млекопитающее
,,скунсов,млекопитающее
,,улитка,моллюск
,,улитки,моллюск
,,улитке,моллюск
,,улитку,моллюск
,,улиткой,моллюск
,,змеи,рептилия
,,змеёй,рептилия
,,змеям,рептилия
,,змеями,рептилия
,,паук,паукообразное
,,паука,паукообразное
,,пауку,паукообразное
,,пауком,паукообразное
,,пауке,паукообразное
,,белка,млекопитающее
,,белки,млекопитающее
,,белке,млекопитающее
,,белку,млекопитающее
,,белкой,млекопитающее
,,ласточка,птица
,,ласточки,птица
,,ласточке,птица
,,ласточку,птица
,,ласточкой,птица
,,ласточек,птица
,,ласточкам,птица
,,ласточками,птица
,,лебедь,птица
,,лебедя,птица
,,лебедю,птица
,,лебедем,птица
,,лебеде,птица
,,лебеди,птица
,,лебедей,птица
,,лебедям,птица
,,лебедями,птица
,,тапир,млекопитающее
,,тапира,млекопитающее
,,тапиру,млекопитающее
,,тапиром,млекопитающее
,,тапиры,млекопитающее
,,тапиров,млекопитающее
,,тигр,млекопитающее
,,тигра,млекопитающее
,,тигру,млекопитающее
,,тигром,млекопитающее
,,тигре,млекопитающее
,,жаба,амфибия
,,жабы,амфибия
,,жабе,амфибия
,,жабу,амфибия
,,жабой,амфибия
,,черепаха,рептилия
,,черепахи,рептилия
,,черепахе,рептилия
,,черепаху,рептилия
,,черепахой,рептилия
,,деревья,дерево
,,деревьев,дерево
,,деревьям,дерево
,,деревьями,дерево
,,копытное,млекопитающее
,,копытного,млекопитающее
,,копытному,млекопитающее
,,копытным,млекопитающее
,,копытные,млекопитающее
,,копытных,млекопитающее
,,лоза,растение
,,лозы,растение
,,лозе,растение
,,лозу,растение
,,лозой,растение
,,лоз,растение
,,лозам,растение
,,лозами,растение
,,гриф,птица
,,грифа,птица
,,грифу,птица
,,грифом,птица
,,грифе,птица
,,грифы,птица
,,грифов,птица
,,грифам,птица
,,грифами,птица
,,оса,насекомое
,,осы,насекомое
,,осе,насекомое
,,осу,насекомое
,,осой,насекомое
,,кит,млекопитающее
,,кита,млекопитающее
,,киту,млекопитающее
,,китом,млекопитающее
,,ките,млекопитающее
,,пшеница,растение
,,пшеницы,растение
,,пшенице,растение
,,пшеницу,растение
,,пшеницей,растение
,,волк,млекопитающее
,,волка,млекопитающее
,,волку,млекопитающее
,,волком,млекопитающее
,,волке,млекопитающее
,,росомаха,млекопитающее
,,росомахи,млекопитающее
,,росомахе,млекопитающее
,,росомаху,млекопитающее
,,росомахой,млекопитающее
,,волки,млекопитающее
,,волков,млекопитающее
,,волкам,млекопитающее
,,волками,млекопитающее
,,дятел,птица
,,дятла,птица
,,дятлу,птица
,,дятлом,птица
,,дятле,птица
,,черви,червь
,,червей,червь
,,червям,червь
,,червями,червь
,,детёнышу,животное
,,детёнышем,животное
,,гиен,млекопитающее
,,верблюдами,млекопитающее
,,дельфина,млекопитающее
,,жирафов,млекопитающее
,,дельфинам,млекопитающее
,,жирафа,млекопитающее
,,моржа,млекопитающее
,,мамонтах,млекопитающее
,,китами,млекопитающее
,,моржей,млекопитающее
,,морже,млекопитающее
,,тапире,млекопитающее
,,мамонты,млекопитающее
,,жирафам,млекопитающее
,,дельфин,млекопитающее
,,тапирами,млекопитающее
,,оленями,млекопитающее
,,гиенами,млекопитающее
,,моржам,млекопитающее
,,тюленю,млекопитающее
,,тюлене,млекопитающее
,,китам,млекопитающее
,,мамонту,млекопитающее
,,мамонт,млекопитающее
,,коала,млекопитающее
,,тюленем,млекопитающее
,,тюленей,млекопитающее
,,белухи,млекопитающее
,,белух,млекопитающее
,,китов,млекопитающее
,,белухам,млекопитающее
,,мамонта,млекопитающее
,,дельфинами,млекопитающее
,,жирафы,млекопитающее
,,белухе,млекопитающее
,,моржи,млекопитающее
,,жирафе,млекопитающее
,,дельфины,млекопитающее
,,жирафу,млекопитающее
,,коалой,млекопитающее
,,белухами,млекопитающее
,,коале,млекопитающее
,,гиенах,млекопитающее
,,обезьяною,млекопитающее
,,китах,млекопитающее
,,мамонтом,млекопитающее
,,тюленями,млекопитающее
,,обезьян,млекопитающее
,,жирафами,млекопитающее
,,киты,млекопитающее
,,белухой,млекопитающее
,,верблюдам,млекопитающее
,,оленям,млекопитающее
,,морж,млекопитающее
,,дельфинах,млекопитающее
,,кенгуру,млекопитающее
,,обезьянах,млекопитающее
,,белухою,млекопитающее
,,дельфину,млекопитающее
,,верблюдах,млекопитающее
,,тюлени,млекопитающее
,,мамонте,млекопитающее
,,белуха,млекопитающее
,,дельфине,млекопитающее
,,дельфином,млекопитающее
,,моржом,млекопитающее
,,тюлень,млекопитающее
,,белухах,млекопитающее
,,мамонтам,млекопитающее
,,жирафом,млекопитающее
,,коалы,млекопитающее
,,гиенам,млекопитающее
,,жираф,млекопитающее
,,тапирам,млекопитающее
,,оленях,млекопитающее
,,верблюде,млекопитающее
,,мамонтами,млекопитающее
,,белуху,млекопитающее
,,мамонтов,млекопитающее
,,обезьянами,млекопитающее
,,тапирах,млекопитающее
,,тюленях,млекопитающее
,,обезьянам,млекопитающее
,,моржами,млекопитающее
,,дельфинов,млекопитающее
,,гиеною,млекопитающее
,,тюленям,млекопитающее
,,жирафах,млекопитающее
,,моржах,млекопитающее
,,коалу,млекопитающее
,,тюленя,млекопитающее
,,моржу,млекопитающее
,,пираньою,рыба
,,лосося,рыба
,,белугами,рыба
,,сёмги,рыба
,,семгой,рыба
,,семгами,рыба
,,тунцах,рыба
,,пираньами,рыба
,,семги,рыба
,,акулам,рыба
,,тунцам,рыба
,,пираньы,рыба
,,тунца,рыба
,,лососе,рыба
,,семгах,рыба
,,лососи,рыба
,,сёмге,рыба
,,тунцом,рыба
,,лососями,рыба
,,пираньах,рыба
,,сёмгу,рыба
,,сёмг,рыба
,,семге,рыба
,,белуге,рыба
,,семгу,рыба
,,пиранья,рыба
,,сёмгой,рыба
,,лососям,рыба
,,пираньу,рыба
,,семгам,рыба
,,акула,рыба
,,тунцу,рыба
,,тунец,рыба
,,лососей,рыба
,,лососем,рыба
,,семга,рыба
,,акулы,рыба
,,белуга,рыба
,,лососях,рыба
,,акулу,рыба
,,акулах,рыба
,,семгою,рыба
,,белугам,рыба
,,белуг,рыба
,,тунцами,рыба
,,акулою,рыба
,,белугах,рыба
,,белугу,рыба
,,пираньам,рыба
,,акулами,рыба
,,акул,рыба
,,пирань,рыба
,,лосось,рыба
,,сёмгою,рыба
,,тунцов,рыба
,,сёмга,рыба
,,семг,рыба
,,сёмгами,рыба
,,белуги,рыба
,,белугою,рыба
,,лососю,рыба
,,пиранье,рыба
,,акулой,рыба
,,белугой,рыба
,,сёмгах,рыба
,,акуле,рыба
,,тунцы,рыба
,,пираньой,рыба
,,сёмгам,рыба
,,тунце,рыба
,,игуан,рептилия
,,игуаны,рептилия
,,питоном,рептилия
,,питонов,рептилия
,,питона,рептилия
,,игуанах,рептилия
,,игуанам,рептилия
,,питон,рептилия
,,игуана,рептилия
,,гадюка,рептилия
,,гадюках,рептилия
,,кобра,рептилия
,,игуаною,рептилия
,,кобру,рептилия
,,хамелеонами,рептилия
,,питоне,рептилия
,,крокодилам,рептилия
,,питонах,рептилия
,,игуанами,рептилия
,,кобры,рептилия
,,хамелеонах,рептилия
,,питоны,рептилия
,,питонами,рептилия
,,игуану,рептилия
,,коброю,рептилия
,,крокодиле,рептилия
,,питонам,рептилия
,,гадюкой,рептилия
,,кобрам,рептилия
,,кобрах,рептилия
,,коброй,рептилия
,,игуане,рептилия
,,гадюк,рептилия
,,гадюке,рептилия
,,гадюку,рептилия
,,гадюкою,рептилия
,,хамелеоне,рептилия
,,гадюками,рептилия
,,крокодилах,рептилия
,,гадюки,рептилия
,,гадюкам,рептилия
,,игуаной,рептилия
,,крокодилами,рептилия
,,питону,рептилия
,,кобре,рептилия
,,кобр,рептилия
,,кобрами,рептилия
,,хамелеонам,рептилия
,,тукане,птица
,,страусах,птица
,,туканом,птица
,,страуса,птица
,,страусу,птица
,,попугаев,птица
,,туканам,птица
,,страусов,птица
,,колибри,птица
,,пингвинах,птица
,,попугаями,птица
,,пингвинами,птица
,,страусе,птица
,,тукана,птица
,,страусом,птица
,,тукану,птица
,,туканами,птица
,,пингвины,птица
,,туканы,птица
,,страусам,птица
,,попугаям,птица
,,туканах,птица
,,попугаи,птица
,,пингвину,птица
,,пингвинов,птица
,,фламинго,птица
,,пингвинам,птица
,,туканов,птица
,,тукан,птица
,,попугаях,птица
,,пингвин,птица
,,страус,птица
,,пингвином,птица
,,пингвине,птица
,,страусы,птица
,,пингвина,птица
,,страусами,птица
,,скорпиона,насекомое
,,скорпионы,насекомое
,,цикад,насекомое
,,скорпионе,насекомое
,,термита,насекомое
,,скорпионов,насекомое
,,москит,насекомое
,,москита,насекомое
,,москиты,насекомое
,,москитам,насекомое
,,скорпионом,насекомое
,,москитом,насекомое
,,скорпионами,насекомое
,,скорпионах,насекомое
,,термитами,насекомое
,,термит,насекомое
,,термиту,насекомое
,,цикадах,насекомое
,,термитов,насекомое
,,цикаду,насекомое
,,цикадам,насекомое
,,москитах,насекомое
,,цикадой,насекомое
,,термиты,насекомое
,,термитам,насекомое
,,цикада,насекомое
,,цикады,насекомое
,,цикадою,насекомое
,,скорпион,насекомое
,,цикаде,насекомое
,,цикадами,насекомое
,,термите,насекомое
,,термитом,насекомое
,,москитами,насекомое
,,москиту,насекомое
,,скорпионам,насекомое
,,скорпиону,насекомое
,,моските,насекомое
,,москитов,насекомое
,,термитах,насекомое
,,баобаба,дерево
,,секвойях,дерево
,,бамбуков,дерево
,,эвкалиптам,дерево
,,баобабам,дерево
,,секвойями,дерево
,,пальмами,дерево
,,акациях,дерево
,,секвойей,дерево
,,баобабов,дерево
,,баобабу,дерево
,,бамбуки,дерево
,,баобабами,дерево
,,баобабах,дерево
,,эвкалиптах,дерево
,,бамбукам,дерево
,,бамбуками,дерево
,,баобабом,дерево
,,эвкалиптом,дерево
,,эвкалипт,дерево
,,бамбуком,дерево
,,эвкалипты,дерево
,,акаций,дерево
,,акациями,дерево
,,пальмам,дерево
,,эвкалипта,дерево
,,секвойи,дерево
,,пальмою,дерево
,,бамбуку,дерево
,,акациею,дерево
,,акацией,дерево
,,эвкалиптов,дерево
,,секвойе,дерево
,,секвойям,дерево
,,акациям,дерево
,,бамбук,дерево
,,секвойю,дерево
,,эвкалипте,дерево
,,акация,дерево
,,эвкалиптами,дерево
,,бамбука,дерево
,,акацию,дерево
,,баобаб,дерево
,,бамбуке,дерево
,,секвойя,дерево
,,эвкалипту,дерево
,,пальм,дерево
,,акации,дерево
,,секвой,дерево
,,бамбуках,дерево
,,баобабе,дерево
,,пальмах,дерево
,,баобабы,дерево
,,бананам,растение
,,ананасу,растение
,,папай,растение
,,юкками,растение
,,агаву,растение
,,агавою,растение
,,лианам,растение
,,кокосе,растение
,,ананасы,растение
,,кокосы,растение
,,юккою,растение
,,юккой,растение
,,агавой,растение
,,юкка,растение
,,банане,растение
,,лианах,растение
,,папайями,растение
,,юкк,растение
,,юккам,растение
,,ананасами,растение
,,бананами,растение
,,лиану,растение
,,кокос,растение
,,папайям,растение
,,юкках,растение
,,лианы,растение
,,кокоса,растение
,,лианами,растение
,,банан,растение
,,ананасе,растение
,,кокосов,растение
,,лиане,растение
,,ананаса,растение
,,банану,растение
,,бананы,растение
,,кокосах,растение
,,ананас,растение
,,папайи,растение
,,папайей,растение
,,лианой,растение
,,юкке,растение
,,агавами,растение
,,агаве,растение
,,лиан,растение
,,манго,растение
,,кокосам,растение
,,юкку,растение
,,агавах,растение
,,ананасом,растение
,,бананах,растение
,,агавам,растение
,,бананом,растение
,,агав,растение
,,кокосу,растение
,,папайю,растение
,,агавы,растение
,,ананасов,растение
,,папайях,растение
,,кокосами,растение
,,банана,растение
,,кокосом,растение
,,бананов,растение
,,ананасам,растение
,,ананасах,растение
,,юкки,растение
,,агава,растение
,,лианою,растение
,,лиана,растение
,,папайя,растение
,,папайе,растение
,,медвежьего,млекопитающее
,,медвежьем,млекопитающее
,,медвежьи,млекопитающее
,,медвежьим,млекопитающее
,,медвежонке,млекопитающее
,,медвежатах,млекопитающее
,,медвежья,млекопитающее
,,медвежьему,млекопитающее
,,медвежонка,млекопитающее
,,медвежьей,млекопитающее
,,медвежатами,млекопитающее
,,медвежьих,млекопитающее
,,медвежонку,млекопитающее
,,медвежью,млекопитающее
,,медвежьими,млекопитающее
,,медвежат,млекопитающее
,,медвежонок,млекопитающее
,,медвежата,млекопитающее
,,медвежье,млекопитающее
,,медвежий,млекопитающее
,,медвежатам,млекопитающее
,,медвежонком,млекопитающее
,,волчата,млекопитающее
,,волчьим,млекопитающее
,,волчьей,млекопитающее
,,волчонка,млекопитающее
,,волчатах,млекопитающее
,,волчья,млекопитающее
,,волчонок,млекопитающее
,,волчий,млекопитающее
,,волчьему,млекопитающее
,,волчатами,млекопитающее
,,волчьими,млекопитающее
,,волчонком,млекопитающее
,,волчьем,млекопитающее
,,волчьего,млекопитающее
,,волчью,млекопитающее
,,волчонку,млекопитающее
,,волчьи,млекопитающее
,,волчат,млекопитающее
,,волчатам,млекопитающее
,,волчонке,млекопитающее
,,волчьих,млекопитающее
,,волчье,млекопитающее
,,лисёнок,млекопитающее
,,лисятах,млекопитающее
,,лисёнком,млекопитающее
,,лисьего,млекопитающее
,,лисята,млекопитающее
,,лисьим,млекопитающее
,,лисьем,млекопитающее
,,лисятам,млекопитающее
,,лисьему,млекопитающее
,,лисёнку,млекопитающее
,,лисий,млекопитающее
,,лисьими,млекопитающее
,,лисьих,млекопитающее
,,лисью,млекопитающее
,,лисьи,млекопитающее
,,лисья,млекопитающее
,,лисёнке,млекопитающее
,,лисятами,млекопитающее
,,лисят,млекопитающее
,,лисьей,млекопитающее
,,лисёнка,млекопитающее
,,лисье,млекопитающее
,,зайчата,млекопитающее
,,зайчонком,млекопитающее
,,зайчатам,млекопитающее
,,заяья,млекопитающее
,,заяьем,млекопитающее
,,заяьи,млекопитающее
,,заяьего,млекопитающее
,,заяий,млекопитающее
,,зайчатах,млекопитающее
,,заяьим,млекопитающее
,,заяьими,млекопитающее
,,заяье,млекопитающее
,,зайчонку,млекопитающее
,,зайчонок,млекопитающее
,,заяьему,млекопитающее
,,зайчонке,млекопитающее
,,заяью,млекопитающее
,,заяьей,млекопитающее
,,зайчонка,млекопитающее
,,зайчат,млекопитающее
,,зайчатами,млекопитающее
,,заяьих,млекопитающее
,,бельчонком,млекопитающее
,,беличьим,млекопитающее
,,беличьего,млекопитающее
,,беличий,млекопитающее
,,бельчат,млекопитающее
,,беличьими,млекопитающее
,,бельчонке,млекопитающее
,,беличьих,млекопитающее
,,беличья,млекопитающее
,,беличьи,млекопитающее
,,бельчонок,млекопитающее
,,беличьем,млекопитающее
,,бельчатами,млекопитающее
,,бельчата,млекопитающее
,,беличьей,млекопитающее
,,беличьему,млекопитающее
,,бельчонку,млекопитающее
,,бельчатам,млекопитающее
,,беличью,млекопитающее
,,бельчонка,млекопитающее
,,беличье,млекопитающее
,,бельчатах,млекопитающее
,,оленному,млекопитающее
,,оленятами,млекопитающее
,,оленёнком,млекопитающее
,,оленные,млекопитающее
,,оленной,млекопитающее
,,оленёнку,млекопитающее
,,оленными,млекопитающее
,,оленный,млекопитающее
,,оленных,млекопитающее
,,оленёнок,млекопитающее
,,оленная,млекопитающее
,,оленята,млекопитающее
,,оленятах,млекопитающее
,,оленятам,млекопитающее
,,оленною,млекопитающее
,,оленят,млекопитающее
,,оленное,млекопитающее
,,оленёнка,млекопитающее
,,оленным,млекопитающее
,,оленного,млекопитающее
,,оленёнке,млекопитающее
,,оленную,млекопитающее
,,лосий,млекопитающее
,,лосьи,млекопитающее
,,лосятах,млекопитающее
,,лосята,млекопитающее
,,лосьем,млекопитающее
,,лосьей,млекопитающее
,,лосёнку,млекопитающее
,,лосью,млекопитающее
,,лосье,млекопитающее
,,лосятами,млекопитающее
,,лосьему,млекопитающее
,,лосёнок,млекопитающее
,,лосят,млекопитающее
,,лосьим,млекопитающее
,,лосьими,млекопитающее
,,лосья,млекопитающее
,,лосёнком,млекопитающее
,,лосьего,млекопитающее
,,лосьих,млекопитающее
,,лосёнка,млекопитающее
,,лосёнке,млекопитающее
,,лосятам,млекопитающее
,,кабанят,млекопитающее
,,кабанёнок,млекопитающее
,,кабанный,млекопитающее
,,кабанную,млекопитающее
,,кабанному,млекопитающее
,,кабанятах,млекопитающее
,,кабанная,млекопитающее
,,кабанёнка,млекопитающее
,,кабанных,млекопитающее
,,кабанным,млекопитающее
,,кабанятам,млекопитающее
,,кабанного,млекопитающее
,,кабанятами,млекопитающее
,,кабанёнке,млекопитающее
,,кабанёнком,млекопитающее
,,кабанята,млекопитающее
,,кабанные,млекопитающее
,,кабанёнку,млекопитающее
,,кабанное,млекопитающее
,,кабанной,млекопитающее
,,кабанною,млекопитающее
,,кабанными,млекопитающее
,,рысёнка,млекопитающее
,,рысий,млекопитающее
,,рысьем,млекопитающее
,,рысьих,млекопитающее
,,рысятами,млекопитающее
,,рысёнком,млекопитающее
,,рысьи,млекопитающее
,,рысятах,млекопитающее
,,рысьим,млекопитающее
,,рысью,млекопитающее
,,рысьей,млекопитающее
,,рысят,млекопитающее
,,рысята,млекопитающее
,,рысья,млекопитающее
,,рысье,млекопитающее
,,рысятам,млекопитающее
,,рысёнке,млекопитающее
,,рысёнку,млекопитающее
,,рысьему,млекопитающее
,,рысёнок,млекопитающее
,,рысьего,млекопитающее
,,рысьими,млекопитающее
,,куничьими,млекопитающее
,,куничонке,млекопитающее
,,куничонка,млекопитающее
,,куничья,млекопитающее
,,куничью,млекопитающее
,,куничонком,млекопитающее
,,куничонок,млекопитающее
,,куничьи,млекопитающее
,,куничьей,млекопитающее
,,куничьем,млекопитающее
,,куничьим,млекопитающее
,,куничонку,млекопитающее
,,куничий,млекопитающее
,,куничьего,млекопитающее
,,куничьих,млекопитающее
,,куничьему,млекопитающее
,,куничат,млекопитающее
,,куничье,млекопитающее
,,куничатах,млекопитающее
,,куничата,млекопитающее
,,куничатам,млекопитающее
,,куничатами,млекопитающее
,,соболью,млекопитающее
,,соболёнку,млекопитающее
,,соболятами,млекопитающее
,,соболята,млекопитающее
,,соболёнке,млекопитающее
,,собольих,млекопитающее
,,соболье,млекопитающее
,,собольими,млекопитающее
,,соболий,млекопитающее
,,соболёнком,млекопитающее
,,соболёнок,млекопитающее
,,собольи,млекопитающее
,,соболёнка,млекопитающее
,,соболятам,млекопитающее
,,собольей,млекопитающее
,,собольего,млекопитающее
,,соболья,млекопитающее
,,соболят,млекопитающее
,,собольему,млекопитающее
,,соболятах,млекопитающее
,,собольим,млекопитающее
,,собольем,млекопитающее
,,барсучья,млекопитающее
,,барсучат,млекопитающее
,,барсучье,млекопитающее
,,барсучонком,млекопитающее
,,барсучонке,млекопитающее
,,барсучьим,млекопитающее
,,барсучатам,млекопитающее
,,барсучий,млекопитающее
,,барсучьих,млекопитающее
,,барсучьей,млекопитающее
,,барсучатах,млекопитающее
,,барсучью,млекопитающее
,,барсучьего,млекопитающее
,,барсучьими,млекопитающее
,,барсучьи,млекопитающее
,,барсучата,млекопитающее
,,барсучатами,млекопитающее
,,барсучьему,млекопитающее
,,барсучьем,млекопитающее
,,барсучонку,млекопитающее
,,барсучонка,млекопитающее
,,барсучонок,млекопитающее
,,бобрье,млекопитающее
,,бобрий,млекопитающее
,,бобрятам,млекопитающее
,,бобрёнке,млекопитающее
,,бобрятах,млекопитающее
,,бобрёнка,млекопитающее
,,бобрья,млекопитающее
,,бобрёнок,млекопитающее
,,бобрьем,млекопитающее
,,бобрят,млекопитающее
,,бобрьим,млекопитающее
,,бобрята,млекопитающее
,,бобрёнком,млекопитающее
,,бобрёнку,млекопитающее
,,бобрятами,млекопитающее
,,бобрьих,млекопитающее
,,бобрьего,млекопитающее
,,бобрью,млекопитающее
,,бобрьей,млекопитающее
,,бобрьими,млекопитающее
,,бобрьи,млекопитающее
,,бобрьему,млекопитающее
,,выдрьих,млекопитающее
,,выдрят,млекопитающее
,,выдрятами,млекопитающее
,,выдрёнке,млекопитающее
,,выдрьего,млекопитающее
,,выдрий,млекопитающее
,,выдрьем,млекопитающее
,,выдрёнка,млекопитающее
,,выдрьей,млекопитающее
,,выдрьи,млекопитающее
,,выдрёнком,млекопитающее
,,выдрью,млекопитающее
,,выдрья,млекопитающее
,,выдрятам,млекопитающее
,,выдрёнок,млекопитающее
,,выдрьими,млекопитающее
,,выдрьему,млекопитающее
,,выдрятах,млекопитающее
,,выдрёнку,млекопитающее
,,выдрье,млекопитающее
,,выдрята,млекопитающее
,,выдрьим,млекопитающее
,,ёжатах,млекопитающее
,,ежовий,млекопитающее
,,ёжонком,млекопитающее
,,ёжонок,млекопитающее
,,ежовье,млекопитающее
,,ежовьего,млекопитающее
,,ежовья,млекопитающее
,,ёжонку,млекопитающее
,,ежовьему,млекопитающее
,,ежовьей,млекопитающее
,,ёжонка,млекопитающее
,,ежовьи,млекопитающее
,,ежовьими,млекопитающее
,,ежовьем,млекопитающее
,,ежовьих,млекопитающее
,,ёжат,млекопитающее
,,ежовью,млекопитающее
,,ёжонке,млекопитающее
,,ёжата,млекопитающее
,,ёжатами,млекопитающее
,,ежовьим,млекопитающее
,,ёжатам,млекопитающее
,,ежат,млекопитающее
,,ежата,млекопитающее
,,ежатам,млекопитающее
,,ежатами,млекопитающее
,,ежатах,млекопитающее
,,ежонок,млекопитающее
,,ежонку,млекопитающее
,,ежонке,млекопитающее
,,ежонком,млекопитающее
,,ежонка,млекопитающее
,,кошьему,млекопитающее
,,кошьей,млекопитающее
,,кошьим,млекопитающее
,,кошьи,млекопитающее
,,кошью,млекопитающее
,,котят,млекопитающее
,,котёнком,млекопитающее
,,коший,млекопитающее
,,кошьих,млекопитающее
,,котёнок,млекопитающее
,,кошье,млекопитающее
,,кошьем,млекопитающее
,,котятах,млекопитающее
,,котята,млекопитающее
,,кошья,млекопитающее
,,кошьими,млекопитающее
,,котятам,млекопитающее
,,котёнка,млекопитающее
,,котёнке,млекопитающее
,,кошьего,млекопитающее
,,котёнку,млекопитающее
,,котятами,млекопитающее
,,кошонка,млекопитающее
,,кошаьих,млекопитающее
,,кошаьего,млекопитающее
,,кошаий,млекопитающее
,,кошаьей,млекопитающее
,,кошатах,млекопитающее
,,кошаья,млекопитающее
,,кошаью,млекопитающее
,,кошаье,млекопитающее
,,кошонок,млекопитающее
,,кошаьем,млекопитающее
,,кошата,млекопитающее
,,кошонком,млекопитающее
,,кошат,млекопитающее
,,кошаьему,млекопитающее
,,кошаьими,млекопитающее
,,кошатами,млекопитающее
,,кошатам,млекопитающее
,,кошаьи,млекопитающее
,,кошонке,млекопитающее
,,кошаьим,млекопитающее
,,кошонку,млекопитающее
,,собачийьими,млекопитающее
,,собачатами,млекопитающее
,,собачийьей,млекопитающее
,,собачатах,млекопитающее
,,собачата,млекопитающее
,,собачонке,млекопитающее
,,собачонок,млекопитающее
,,собачонком,млекопитающее
,,собачийью,млекопитающее
,,собачийьего,млекопитающее
,,собачийьих,млекопитающее
,,собачийья,млекопитающее
,,собачийий,млекопитающее
,,собачийье,млекопитающее
,,собачийьим,млекопитающее
,,собачат,млекопитающее
,,собачийьи,млекопитающее
,,собачонка,млекопитающее
,,собачийьему,млекопитающее
,,собачатам,млекопитающее
,,собачонку,млекопитающее
,,собачийьем,млекопитающее
,,пёсьего,млекопитающее
,,пёсята,млекопитающее
,,пёсьему,млекопитающее
,,пёсью,млекопитающее
,,пёсёнком,млекопитающее
,,пёсья,млекопитающее
,,пёсят,млекопитающее
,,пёсье,млекопитающее
,,пёсьих,млекопитающее
,,пёсьими,млекопитающее
,,пёсёнок,млекопитающее
,,пёсятам,млекопитающее
,,пёсьи,млекопитающее
,,пёсьем,млекопитающее
,,пёсятах,млекопитающее
,,пёсьим,млекопитающее
,,пёсёнку,млекопитающее
,,пёсий,млекопитающее
,,пёсьей,млекопитающее
,,пёсятами,млекопитающее
,,пёсёнка,млекопитающее
,,пёсёнке,млекопитающее
,,конный,млекопитающее
,,конёнке,млекопитающее
,,конного,млекопитающее
,,конёнка,млекопитающее
,,конёнку,млекопитающее
,,конят,млекопитающее
,,конята,млекопитающее
,,конному,млекопитающее
,,конных,млекопитающее
,,конною,млекопитающее
,,конным,млекопитающее
,,конёнком,млекопитающее
,,конятам,млекопитающее
,,конное,млекопитающее
,,конёнок,млекопитающее
,,конную,млекопитающее
,,конными,млекопитающее
,,конятами,млекопитающее
,,конные,млекопитающее
,,конятах,млекопитающее
,,конной,млекопитающее
,,конная,млекопитающее
,,лошадятами,млекопитающее
,,лошадёнке,млекопитающее
,,лошадятах,млекопитающее
,,лошадьими,млекопитающее
,,лошадьи,млекопитающее
,,лошадят,млекопитающее
,,лошадятам,млекопитающее
,,лошадьей,млекопитающее
,,лошадьему,млекопитающее
,,лошадёнку,млекопитающее
,,лошадий,млекопитающее
,,лошадёнка,млекопитающее
,,лошадье,млекопитающее
,,лошадята,млекопитающее
,,лошадьим,млекопитающее
,,лошадьих,млекопитающее
,,лошадьем,млекопитающее
,,лошадья,млекопитающее
,,лошадьего,млекопитающее
,,лошадёнок,млекопитающее
,,лошадёнком,млекопитающее
,,коровьими,млекопитающее
,,коровёнок,млекопитающее
,,коровёнку,млекопитающее
,,коровьего,млекопитающее
,,коровий,млекопитающее
,,коровьем,млекопитающее
,,коровьему,млекопитающее
,,коровёнком,млекопитающее
,,коровёнка,млекопитающее
,,коровьи,млекопитающее
,,коровья,млекопитающее
,,коровью,млекопитающее
,,коровятам,млекопитающее
,,коровятами,млекопитающее
,,коровятах,млекопитающее
,,коровёнке,млекопитающее
,,коровят,млекопитающее
,,коровята,млекопитающее
,,коровьим,млекопитающее
,,коровьей,млекопитающее
,,коровье,млекопитающее
,,коровьих,млекопитающее
,,бычьему,млекопитающее
,,бычонке,млекопитающее
,,бычьего,млекопитающее
,,бычьими,млекопитающее
,,бычатах,млекопитающее
,,бычонком,млекопитающее
,,бычью,млекопитающее
,,бычонка,млекопитающее
,,бычатам,млекопитающее
,,бычонку,млекопитающее
,,бычата,млекопитающее
,,бычьих,млекопитающее
,,бычьем,млекопитающее
,,бычий,млекопитающее
,,бычья,млекопитающее
,,бычат,млекопитающее
,,бычье,млекопитающее
,,бычьей,млекопитающее
,,бычонок,млекопитающее
,,бычатами,млекопитающее
,,бычьи,млекопитающее
,,бычьим,млекопитающее
,,баранятам,млекопитающее
,,баранные,млекопитающее
,,баранною,млекопитающее
,,баранята,млекопитающее
,,баранному,млекопитающее
,,баранёнка,млекопитающее
,,баранёнок,млекопитающее
,,баранного,млекопитающее
,,баранёнком,млекопитающее
,,баранят,млекопитающее
,,баранным,млекопитающее
,,баранное,млекопитающее
,,баранятами,млекопитающее
,,баранёнку,млекопитающее
,,баранную,млекопитающее
,,баранных,млекопитающее
,,баранятах,млекопитающее
,,баранная,млекопитающее
,,баранной,млекопитающее
,,баранными,млекопитающее
,,баранёнке,млекопитающее
,,баранный,млекопитающее
,,овечья,млекопитающее
,,овечьими,млекопитающее
,,овечонок,млекопитающее
,,овечата,млекопитающее
,,овечий,млекопитающее
,,овечонке,млекопитающее
,,овечью,млекопитающее
,,овечьей,млекопитающее
,,овечатами,млекопитающее
,,овечонком,млекопитающее
,,овечат,млекопитающее
,,овечьи,млекопитающее
,,овечьего,млекопитающее
,,овечьих,млекопитающее
,,овечьим,млекопитающее
,,овечонка,млекопитающее
,,овечатам,млекопитающее
,,овечьему,млекопитающее
,,овечье,млекопитающее
,,овечонку,млекопитающее
,,овечатах,млекопитающее
,,овечьем,млекопитающее
,,свинёнка,млекопитающее
,,свинёнке,млекопитающее
,,свинное,млекопитающее
,,свинной,млекопитающее
,,свинным,млекопитающее
,,свинятах,млекопитающее
,,свинными,млекопитающее
,,свинёнком,млекопитающее
,,свинята,млекопитающее
,,свинят,млекопитающее
,,свинного,млекопитающее
,,свинная,млекопитающее
,,свинный,млекопитающее
,,свинных,млекопитающее
,,свинною,млекопитающее
,,свинёнок,млекопитающее
,,свинные,млекопитающее
,,свинятами,млекопитающее
,,свинную,млекопитающее
,,свинятам,млекопитающее
,,свинному,млекопитающее
,,свинёнку,млекопитающее
,,козьему,млекопитающее
,,козье,млекопитающее
,,козьем,млекопитающее
,,козьи,млекопитающее
,,козлятами,млекопитающее
,,козлятах,млекопитающее
,,козья,млекопитающее
,,козлёнком,млекопитающее
,,козий,млекопитающее
,,козью,млекопитающее
,,козлятам,млекопитающее
,,козьих,млекопитающее
,,козьим,млекопитающее
,,козьего,млекопитающее
,,козлёнке,млекопитающее
,,козьими,млекопитающее
,,козьей,млекопитающее
,,козлёнку,млекопитающее
,,козльи,млекопитающее
,,козльими,млекопитающее
,,козльего,млекопитающее
,,козльем,млекопитающее
,,козлья,млекопитающее
,,козльему,млекопитающее
,,козлий,млекопитающее
,,козлью,млекопитающее
,,козльих,млекопитающее
,,козльей,млекопитающее
,,козльим,млекопитающее
,,козлье,млекопитающее
,,тигрьей,млекопитающее
,,тигрят,млекопитающее
,,тигрятам,млекопитающее
,,тигрьи,млекопитающее
,,тигрьем,млекопитающее
,,тигрьих,млекопитающее
,,тигрёнка,млекопитающее
,,тигрятах,млекопитающее
,,тигрёнок,млекопитающее
,,тигрёнку,млекопитающее
,,тигрьими,млекопитающее
,,тигрьим,млекопитающее
,,тигрья,млекопитающее
,,тигрятами,млекопитающее
,,тигрий,млекопитающее
,,тигрята,млекопитающее
,,тигрёнке,млекопитающее
,,тигрьему,млекопитающее
,,тигрью,млекопитающее
,,тигрёнком,млекопитающее
,,тигрьего,млекопитающее
,,тигрье,млекопитающее
,,львью,млекопитающее
,,львьем,млекопитающее
,,львёнку,млекопитающее
,,львьими,млекопитающее
,,львьи,млекопитающее
,,львьего,млекопитающее
,,львёнка,млекопитающее
,,львёнком,млекопитающее
,,львья,млекопитающее
,,львье,млекопитающее
,,львьим,млекопитающее
,,львятах,млекопитающее
,,львёнок,млекопитающее
,,львьему,млекопитающее
,,львьей,млекопитающее
,,львятами,млекопитающее
,,львята,млекопитающее
,,львятам,млекопитающее
,,львёнке,млекопитающее
,,львьих,млекопитающее
,,львий,млекопитающее
,,львят,млекопитающее
,,леопардятах,млекопитающее
,,леопардёнок,млекопитающее
,,леопардёнку,млекопитающее
,,леопардий,млекопитающее
,,леопардьими,млекопитающее
,,леопардёнком,млекопитающее
,,леопардёнке,млекопитающее
,,леопардьего,млекопитающее
,,леопардью,млекопитающее
,,леопардята,млекопитающее
,,леопардятам,млекопитающее
,,леопардьей,млекопитающее
,,леопардьему,млекопитающее
,,леопардьем,млекопитающее
,,леопардятами,млекопитающее
,,леопардят,млекопитающее
,,леопардьи,млекопитающее
,,леопардёнка,млекопитающее
,,леопардье,млекопитающее
,,леопардьим,млекопитающее
,,леопардьих,млекопитающее
,,леопардья,млекопитающее
,,слонного,млекопитающее
,,слонное,млекопитающее
,,слонятам,млекопитающее
,,слонною,млекопитающее
,,слонёнке,млекопитающее
,,слонят,млекопитающее
,,слонная,млекопитающее
,,слонята,млекопитающее
,,слонёнком,млекопитающее
,,слонный,млекопитающее
,,слонёнку,млекопитающее
,,слонные,млекопитающее
,,слонятами,млекопитающее
,,слонной,млекопитающее
,,слонятах,млекопитающее
,,слонным,млекопитающее
,,слонных,млекопитающее
,,слонную,млекопитающее
,,слонными,млекопитающее
,,слонному,млекопитающее
,,слонёнка,млекопитающее
,,слонёнок,млекопитающее
,,обезьянное,млекопитающее
,,обезьянят,млекопитающее
,,обезьянную,млекопитающее
,,обезьянные,млекопитающее
,,обезьянному,млекопитающее
,,обезьянной,млекопитающее
,,обезьянный,млекопитающее
,,обезьянёнку,млекопитающее
,,обезьянных,млекопитающее
,,обезьянятам,млекопитающее
,,обезьянною,млекопитающее
,,обезьянным,млекопитающее
,,обезьянята,млекопитающее
,,обезьянёнком,млекопитающее
,,обезьянятами,млекопитающее
,,обезьянными,млекопитающее
,,обезьянёнке,млекопитающее
,,обезьянёнка,млекопитающее
,,обезьянёнок,млекопитающее
,,обезьянного,млекопитающее
,,обезьянятах,млекопитающее
,,обезьянная,млекопитающее
,,гиенную,млекопитающее
,,гиенятам,млекопитающее
,,гиенят,млекопитающее
,,гиенные,млекопитающее
,,гиенёнку,млекопитающее
,,гиенного,млекопитающее
,,гиенными,млекопитающее
,,гиенёнка,млекопитающее
,,гиенною,млекопитающее
,,гиенной,млекопитающее
,,гиенных,млекопитающее
,,гиенята,млекопитающее
,,гиенёнке,млекопитающее
,,гиенёнок,млекопитающее
,,гиенный,млекопитающее
,,гиенному,млекопитающее
,,гиенятами,млекопитающее
,,гиенятах,млекопитающее
,,гиенным,млекопитающее
,,гиенная,млекопитающее
,,гиенное,млекопитающее
,,гиенёнком,млекопитающее
,,жирафятами,млекопитающее
,,жирафьих,млекопитающее
,,жирафёнку,млекопитающее
,,жирафят,млекопитающее
,,жирафье,млекопитающее
,,жирафёнок,млекопитающее
,,жирафятах,млекопитающее
,,жирафья,млекопитающее
,,жирафьи,млекопитающее
,,жирафята,млекопитающее
,,жирафятам,млекопитающее
,,жирафий,млекопитающее
,,жирафьем,млекопитающее
,,жирафьего,млекопитающее
,,жирафёнке,млекопитающее
,,жирафьему,млекопитающее
,,жирафьей,млекопитающее
,,жирафёнка,млекопитающее
,,жирафьими,млекопитающее
,,жирафьим,млекопитающее
,,жирафёнком,млекопитающее
,,жирафью,млекопитающее
,,ягуарий,млекопитающее
,,ягуарята,млекопитающее
,,ягуарятам,млекопитающее
,,ягуарят,млекопитающее
,,ягуарьих,млекопитающее
,,ягуарёнке,млекопитающее
,,ягуарье,млекопитающее
,,ягуарёнка,млекопитающее
,,ягуарью,млекопитающее
,,ягуарёнок,млекопитающее
,,ягуарёнку,млекопитающее
,,ягуарятах,млекопитающее
,,ягуарьем,млекопитающее
,,ягуарьему,млекопитающее
,,ягуарьими,млекопитающее
,,ягуарятами,млекопитающее
,,ягуарьим,млекопитающее
,,ягуарья,млекопитающее
,,ягуарёнком,млекопитающее
,,ягуарьи,млекопитающее
,,ягуарьей,млекопитающее
,,ягуарьего,млекопитающее
,,пумий,млекопитающее
,,пумьему,млекопитающее
,,пумьих,млекопитающее
,,пумьего,млекопитающее
,,пумятах,млекопитающее
,,пумят,млекопитающее
,,пумёнок,млекопитающее
,,пумья,млекопитающее
,,пумёнке,млекопитающее
,,пумятам,млекопитающее
,,пумьим,млекопитающее
,,пумье,млекопитающее
,,пумята,млекопитающее
,,пумёнком,млекопитающее
,,пумёнку,млекопитающее
,,пумятами,млекопитающее
,,пумёнка,млекопитающее
,,пумьи,млекопитающее
,,пумьей,млекопитающее
,,пумью,млекопитающее
,,пумьими,млекопитающее
,,пумьем,млекопитающее
,,орлинною,птица
,,орлинное,птица
,,орлинных,птица
,,орлятах,птица
,,орлинные,птица
,,орлинным,птица
,,орлёнке,птица
,,орлинная,птица
,,орлинными,птица
,,орлят,птица
,,орлинному,птица
,,орлинную,птица
,,орлинной,птица
,,орлинный,птица
,,орлята,птица
,,орлёнку,птица
,,орлёнком,птица
,,орлятами,птица
,,орлятам,птица
,,орлинного,птица
,,орлёнка,птица
,,орлёнок,птица
,,соколёнок,птица
,,соколье,птица
,,сокольи,птица
,,соколёнком,птица
,,соколятами,птица
,,сокольим,птица
,,соколятах,птица
,,соколью,птица
,,соколий,птица
,,соколята,птица
,,соколёнку,птица
,,соколья,птица
,,сокольих,птица
,,сокольему,птица
,,сокольей,птица
,,сокольими,птица
,,сокольего,птица
,,сокольем,птица
,,соколёнке,птица
,,соколятам,птица
,,соколёнка,птица
,,соколят,птица
,,ястребинной,птица
,,ястребёнок,птица
,,ястребинною,птица
,,ястребят,птица
,,ястребинный,птица
,,ястребинное,птица
,,ястребятами,птица
,,ястребёнку,птица
,,ястребинного,птица
,,ястребёнке,птица
,,ястребятам,птица
,,ястребинную,птица
,,ястребёнка,птица
,,ястребинными,птица
,,ястребёнком,птица
,,ястребинным,птица
,,ястребинные,птица
,,ястребята,птица
,,ястребинных,птица
,,ястребинная,птица
,,ястребятах,птица
,,ястребинному,птица
,,воронийьему,птица
,,воронёнка,птица
,,воронийьей,птица
,,воронийьими,птица
,,воронийий,птица
,,воронятами,птица
,,воронёнке,птица
,,воронёнку,птица
,,воронят,птица
,,воронийьего,птица
,,воронийьи,птица
,,воронийьем,птица
,,воронёнком,птица
,,воронятам,птица
,,воронийьим,птица
,,воронятах,птица
,,воронийью,птица
,,воронийья,птица
,,воронийьих,птица
,,воронийье,птица
,,воронята,птица
,,воронёнок,птица
,,воронною,птица
,,воронными,птица
,,воронного,птица
,,воронное,птица
,,воронную,птица
,,воронному,птица
,,воронная,птица
,,воронный,птица
,,воронные,птица
,,воронной,птица
,,воронных,птица
,,воронным,птица
,,сорочатёнку,птица
,,сорочийьи,птица
,,сорочийья,птица
,,сорочийьего,птица
,,сорочийий,птица
,,сорочийью,птица
,,сорочийьей,птица
,,сорочийьими,птица
,,сорочатятах,птица
,,сорочатятами,птица
,,сорочатята,птица
,,сорочийьих,птица
,,сорочийьим,птица
,,сорочатят,птица
,,сорочийьем,птица
,,сорочатёнок,птица
,,сорочийьему,птица
,,сорочатёнком,птица
,,сорочатёнке,птица
,,сорочатёнка,птица
,,сорочатятам,птица
,,сорочийье,птица
,,кукушкинной,птица
,,кукушкинное,птица
,,кукушкинная,птица
,,кукушонком,птица
,,кукушкинные,птица
,,кукушкинною,птица
,,кукушатами,птица
,,кукушонке,птица
,,кукушкинного,птица
,,кукушатах,птица
,,кукушкинным,птица
,,кукушонок,птица
,,кукушонку,птица
,,кукушкинному,птица
,,кукушкинных,птица
,,кукушатам,птица
,,кукушат,птица
,,кукушкинными,птица
,,кукушкинную,птица
,,кукушата,птица
,,кукушонка,птица
,,кукушкинный,птица
,,соловьинными,птица
,,соловьинной,птица
,,соловьинное,птица
,,соловьятята,птица
,,соловьятёнка,птица
,,соловьинным,птица
,,соловьятёнком,птица
,,соловьятят,птица
,,соловьинных,птица
,,соловьинный,птица
,,соловьятятам,птица
,,соловьинною,птица
,,соловьинному,птица
,,соловьинные,птица
,,соловьятёнке,птица
,,соловьятятах,птица
,,соловьинного,птица
,,соловьятятами,птица
,,соловьятёнку,птица
,,соловьинную,птица
,,соловьятёнок,птица
,,соловьинная,птица
,,воробьятёнку,птица
,,воробьинной,птица
,,воробьинное,птица
,,воробьинную,птица
,,воробьинною,птица
,,воробьинному,птица
,,воробьинным,птица
,,воробьятятах,птица
,,воробьятятам,птица
,,воробьятёнком,птица
,,воробьинная,птица
,,воробьятёнка,птица
,,воробьинного,птица
,,воробьятята,птица
,,воробьинный,птица
,,воробьятёнке,птица
,,воробьинные,птица
,,воробьятятами,птица
,,воробьинных,птица
,,воробьинными,птица
,,воробьятёнок,птица
,,воробьятят,птица
,,совятёнка,птица
,,совятятами,птица
,,совятёнку,птица
,,совинные,птица
,,совинное,птица
,,совинным,птица
,,совинными,птица
,,совятята,птица
,,совятёнком,птица
,,совинную,птица
,,совятёнке,птица
,,совинная,птица
,,совинный,птица
,,совятёнок,птица
,,совинному,птица
,,совинного,птица
,,совятятах,птица
,,совинных,птица
,,совятят,птица
,,совятятам,птица
,,совинной,птица
,,совинною,птица
,,филинное,птица
,,филинёнку,птица
,,филинёнком,птица
,,филинного,птица
,,филинятах,птица
,,филинят,птица
,,филинную,птица
,,филинята,птица
,,филинных,птица
,,филинному,птица
,,филинятами,птица
,,филинёнок,птица
,,филинною,птица
,,филинные,птица
,,филинёнке,птица
,,филинная,птица
,,филинный,птица
,,филинятам,птица
,,филинёнка,птица
,,филинными,птица
,,филинным,птица
,,филинной,птица
,,ласточекёнку,птица
,,ласточкинной,птица
,,ласточекятах,птица
,,ласточекятами,птица
,,ласточекята,птица
,,ласточкинному,птица
,,ласточкинным,птица
,,ласточкинных,птица
,,ласточекят,птица
,,ласточкинного,птица
,,ласточекёнком,птица
,,ласточкинною,птица
,,ласточкинный,птица
,,ласточкинная,птица
,,ласточекятам,птица
,,ласточекёнок,птица
,,ласточкинными,птица
,,ласточекёнка,птица
,,ласточкинное,птица
,,ласточкинные,птица
,,ласточкинную,птица
,,ласточекёнке,птица
,,утинною,птица
,,утёнку,птица
,,утёнком,птица
,,утятах,птица
,,утинным,птица
,,утинные,птица
,,утинному,птица
,,утинную,птица
,,утята,птица
,,утинная,птица
,,утинное,птица
,,утёнке,птица
,,утинного,птица
,,утятам,птица
,,утятами,птица
,,утёнка,птица
,,утинной,птица
,,утёнок,птица
,,утинный,птица
,,утинных,птица
,,утят,птица
,,утинными,птица
,,гусинною,птица
,,гусятами,птица
,,гусята,птица
,,гусятам,птица
,,гусинная,птица
,,гусёнке,птица
,,гусинному,птица
,,гусёнка,птица
,,гусинных,птица
,,гусёнком,птица
,,гусинного,птица
,,гусятах,птица
,,гусинными,птица
,,гусёнку,птица
,,гусят,птица
,,гусёнок,птица
,,гусинной,птица
,,гусинное,птица
,,гусинный,птица
,,гусинные,птица
,,гусинную,птица
,,гусинным,птица
,,лебединные,птица
,,лебединный,птица
,,лебединного,птица
,,лебединную,птица
,,лебедятах,птица
,,лебедята,птица
,,лебединной,птица
,,лебедятами,птица
,,лебедёнке,птица
,,лебедёнку,птица
,,лебедёнком,птица
,,лебединная,птица
,,лебединным,птица
,,лебедёнок,птица
,,лебединному,птица
,,лебединное,птица
,,лебединными,птица
,,лебедёнка,птица
,,лебедят,птица
,,лебедятам,птица
,,лебединною,птица
,,лебединных,птица
,,куринной,птица
,,курятам,птица
,,куринное,птица
,,куринными,птица
,,курятах,птица
,,куринная,птица
,,курята,птица
,,куринные,птица
,,курёнке,птица
,,куринный,птица
,,курёнок,птица
,,куринному,птица
,,курёнком,птица
,,куринную,птица
,,куринным,птица
,,курят,птица
,,куринного,птица
,,курёнку,птица
,,курятами,птица
,,курёнка,птица
,,куринною,птица
,,куринных,птица
,,петушьего,птица
,,петушьему,птица
,,петушонке,птица
,,петушатах,птица
,,петушатами,птица
,,петушонку,птица
,,петушью,птица
,,петушат,птица
,,петушьих,птица
,,петушьей,птица
,,петушонок,птица
,,петушата,птица
,,петушьим,птица
,,петушонком,птица
,,петушье,птица
,,петушьем,птица
,,петушьи,птица
,,петушатам,птица
,,петушья,птица
,,петушьими,птица
,,петуший,птица
,,петушонка,птица
,,журавлинные,птица
,,журавлинному,птица
,,журавлята,птица
,,журавлинными,птица
,,журавлёнку,птица
,,журавлёнком,птица
,,журавлинный,птица
,,журавлинная,птица
,,журавлятами,птица
,,журавлёнок,птица
,,журавлинную,птица
,,журавлёнка,птица
,,журавлятах,птица
,,журавлят,птица
,,журавлинным,птица
,,журавлинною,птица
,,журавлинной,птица
,,журавлинного,птица
,,журавлинных,птица
,,журавлёнке,птица
,,журавлинное,птица
,,журавлятам,птица
,,дятелёнку,птица
,,дятелята,птица
,,дятловье,птица
,,дятелятам,птица
,,дятловьего,птица
,,дятелят,птица
,,дятловьи,птица
,,дятловью,птица
,,дятелятами,птица
,,дятловьему,птица
,,дятелёнком,птица
,,дятелёнка,птица
,,дятелятах,птица
,,дятловьем,птица
,,дятелёнке,птица
,,дятловьих,птица
,,дятловьими,птица
,,дятловьей,птица
,,дятелёнок,птица
,,дятловий,птица
,,дятловьим,птица
,,дятловья,птица
,,попугайят,птица
,,попугайьего,птица
,,попугайятам,птица
,,попугайятами,птица
,,попугайёнка,птица
,,попугайьему,птица
,,попугайьем,птица
,,попугайьими,птица
,,попугайье,птица
,,попугайёнком,птица
,,попугайёнке,птица
,,попугайята,птица
,,попугайёнок,птица
,,попугайёнку,птица
,,попугайий,птица
,,попугайью,птица
,,попугайьих,птица
,,попугайья,птица
,,попугайьим,птица
,,попугайьей,птица
,,попугайьи,птица
,,попугайятах,птица
,,павлинятами,птица
,,павлинных,птица
,,павлинного,птица
,,павлинные,птица
,,павлинную,птица
,,павлинный,птица
,,павлинёнком,птица
,,павлинятах,птица
,,павлинной,птица
,,павлинят,птица
,,павлинёнку,птица
,,павлинное,птица
,,павлинятам,птица
,,павлинёнке,птица
,,павлинёнка,птица
,,павлинному,птица
,,павлинным,птица
,,павлинными,птица
,,павлинною,птица
,,павлинёнок,птица
,,павлинята,птица
,,павлинная,птица
,,змеинным,рептилия
,,змеинными,рептилия
,,змейёнке,рептилия
,,змеинная,рептилия
,,змеинные,рептилия
,,змейятах,рептилия
,,змеинной,рептилия
,,змейят,рептилия
,,змеинную,рептилия
,,змеинное,рептилия
,,змейёнку,рептилия
,,змеинному,рептилия
,,змеинных,рептилия
,,змейёнок,рептилия
,,змейятами,рептилия
,,змейятам,рептилия
,,змеинною,рептилия
,,змейёнка,рептилия
,,змеинного,рептилия
,,змеинный,рептилия
,,змейята,рептилия
,,змейёнком,рептилия
,,ужинной,рептилия
,,ужонятами,рептилия
,,ужинными,рептилия
,,ужонят,рептилия
,,ужонёнке,рептилия
,,ужонятам,рептилия
,,ужинное,рептилия
,,ужинною,рептилия
,,ужинная,рептилия
,,ужинному,рептилия
,,ужонята,рептилия
,,ужинного,рептилия
,,ужонятах,рептилия
,,ужинным,рептилия
,,ужинный,рептилия
,,ужинную,рептилия
,,ужонёнку,рептилия
,,ужинные,рептилия
,,ужинных,рептилия
,,ужонёнок,рептилия
,,ужонёнка,рептилия
,,ужонёнком,рептилия
,,гадюкью,рептилия
,,гадюкёнком,рептилия
,,гадюкятам,рептилия
,,гадюкёнок,рептилия
,,гадюкьему,рептилия
,,гадюкий,рептилия
,,гадюкёнке,рептилия
,,гадюкьем,рептилия
,,гадюкьим,рептилия
,,гадюкье,рептилия
,,гадюкёнка,рептилия
,,гадюкьими,рептилия
,,гадюкятами,рептилия
,,гадюкьи,рептилия
,,гадюкья,рептилия
,,гадюкьей,рептилия
,,гадюкята,рептилия
,,гадюкят,рептилия
,,гадюкьих,рептилия
,,гадюкёнку,рептилия
,,гадюкьего,рептилия
,,гадюкятах,рептилия
,,крокодилёнок,рептилия
,,крокодилёнка,рептилия
,,крокодилят,рептилия
,,крокодилятами,рептилия
,,крокодилёнке,рептилия
,,крокодильих,рептилия
,,крокодилье,рептилия
,,крокодилятам,рептилия
,,крокодилья,рептилия
,,крокодильи,рептилия
,,крокодильими,рептилия
,,крокодилёнком,рептилия
,,крокодилью,рептилия
,,крокодильем,рептилия
,,крокодилята,рептилия
,,крокодилий,рептилия
,,крокодильего,рептилия
,,крокодильему,рептилия
,,крокодилятах,рептилия
,,крокодилёнку,рептилия
,,крокодильей,рептилия
,,крокодильим,рептилия
,,ящерицьим,рептилия
,,ящерицьей,рептилия
,,ящериций,рептилия
,,ящерицатами,рептилия
,,ящерицатам,рептилия
,,ящерицата,рептилия
,,ящерицьих,рептилия
,,ящерицью,рептилия
,,ящерицонку,рептилия
,,ящерицатах,рептилия
,,ящерицонок,рептилия
,,ящерицьем,рептилия
,,ящерицонком,рептилия
,,ящерицонка,рептилия
,,ящерицья,рептилия
,,ящерицонке,рептилия
,,ящерицат,рептилия
,,ящерицьими,рептилия
,,ящерицьи,рептилия
,,ящерицье,рептилия
,,ящерицьего,рептилия
,,ящерицьему,рептилия
,,черепашьего,рептилия
,,черепашьими,рептилия
,,черепахёнку,рептилия
,,черепашьей,рептилия
,,черепашьих,рептилия
,,черепашью,рептилия
,,черепахёнке,рептилия
,,черепашья,рептилия
,,черепахятам,рептилия
,,черепаший,рептилия
,,черепашьем,рептилия
,,черепахёнок,рептилия
,,черепахёнка,рептилия
,,черепашьему,рептилия
,,черепахят,рептилия
,,черепахятами,рептилия
,,черепахята,рептилия
,,черепашьим,рептилия
,,черепахятах,рептилия
,,черепашье,рептилия
,,черепашьи,рептилия
,,черепахёнком,рептилия
,,щучатами,рыба
,,щучью,рыба
,,щучонка,рыба
,,щучатах,рыба
,,щучат,рыба
,,щучонку,рыба
,,щучьей,рыба
,,щучьих,рыба
,,щучье,рыба
,,щучьим,рыба
,,щучонком,рыба
,,щучий,рыба
,,щучьего,рыба
,,щучонок,рыба
,,щучья,рыба
,,щучьими,рыба
,,щучатам,рыба
,,щучьи,рыба
,,щучьему,рыба
,,щучонке,рыба
,,щучьем,рыба
,,щучата,рыба
,,карпята,рыба
,,карповьей,рыба
,,карпёнок,рыба
,,карповье,рыба
,,карповьего,рыба
,,карповьих,рыба
,,карповья,рыба
,,карповий,рыба
,,карповьем,рыба
,,карпёнке,рыба
,,карпёнком,рыба
,,карпёнка,рыба
,,карпятами,рыба
,,карпёнку,рыба
,,карповью,рыба
,,карповьи,рыба
,,карповьим,рыба
,,карпятам,рыба
,,карпятах,рыба
,,карпят,рыба
,,карповьими,рыба
,,карповьему,рыба
,,сомёнка,рыба
,,сомёнку,рыба
,,сомята,рыба
,,сомёнке,рыба
,,сомовье,рыба
,,сомятах,рыба
,,сомовьим,рыба
,,сомёнок,рыба
,,сомовий,рыба
,,сомовьими,рыба
,,сомовьих,рыба
,,сомовьей,рыба
,,сомовьем,рыба
,,сомовью,рыба
,,сомовьему,рыба
,,сомовьего,рыба
,,сомятами,рыба
,,сомят,рыба
,,сомовья,рыба
,,сомовьи,рыба
,,сомёнком,рыба
,,сомятам,рыба
,,осетровьими,рыба
,,осетровье,рыба
,,осетровий,рыба
,,осетровья,рыба
,,осётрята,рыба
,,осетровьего,рыба
,,осетровьей,рыба
,,осетровьему,рыба
,,осётрёнку,рыба
,,осётрёнком,рыба
,,осетровью,рыба
,,осетровьим,рыба
,,осетровьих,рыба
,,осётрят,рыба
,,осетровьи,рыба
,,осётрёнке,рыба
,,осетровьем,рыба
,,осётрёнка,рыба
,,осётрятах,рыба
,,осётрятам,рыба
,,осётрёнок,рыба
,,осётрятами,рыба
,,окуневьих,рыба
,,окуневьим,рыба
,,окуневьего,рыба
,,окуневьей,рыба
,,окунёнка,рыба
,,окунята,рыба
,,окунятах,рыба
,,окунятам,рыба
,,окунёнок,рыба
,,окуневью,рыба
,,окунёнку,рыба
,,окунёнком,рыба
,,окуневьему,рыба
,,окуневьими,рыба
,,окуневье,рыба
,,окунятами,рыба
,,окунёнке,рыба
,,окуневья,рыба
,,окуневьи,рыба
,,окуневий,рыба
,,окуневьем,рыба
,,окунят,рыба
,,форельей,рыба
,,форельего,рыба
,,форелье,рыба
,,форелятам,рыба
,,форелёнком,рыба
,,форельи,рыба
,,форелья,рыба
,,форелёнка,рыба
,,форелятами,рыба
,,форелёнке,рыба
,,форелёнку,рыба
,,форелят,рыба
,,форельем,рыба
,,форелью,рыба
,,форелята,рыба
,,форелий,рыба
,,форельему,рыба
,,форельими,рыба
,,форелятах,рыба
,,форельих,рыба
,,форельим,рыба
,,форелёнок,рыба
,,лягушачье,амфибия
,,лягушачьими,амфибия
,,лягушачью,амфибия
,,лягушачьим,амфибия
,,лягушонку,амфибия
,,лягушатам,амфибия
,,лягушатами,амфибия
,,лягушачьем,амфибия
,,лягушачий,амфибия
,,лягушатах,амфибия
,,лягушачьей,амфибия
,,лягушачья,амфибия
,,лягушонок,амфибия
,,лягушачьи,амфибия
,,лягушачьего,амфибия
,,лягушонка,амфибия
,,лягушачьих,амфибия
,,лягушонком,амфибия
,,лягушачьему,амфибия
,,лягушата,амфибия
,,лягушат,амфибия
,,лягушонке,амфибия
,,жабийья,амфибия
,,жабёнка,амфибия
,,жабёнок,амфибия
,,жабёнке,амфибия
,,жабятами,амфибия
,,жабийьих,амфибия
,,жабятам,амфибия
,,жабийье,амфибия
,,жабийьей,амфибия
,,жабёнком,амфибия
,,жабийьими,амфибия
,,жабятах,амфибия
,,жабийьего,амфибия
,,жабята,амфибия
,,жабёнку,амфибия
,,жабийьим,амфибия
,,жабийьи,амфибия
,,жабийьему,амфибия
,,жабийьем,амфибия
,,жабийью,амфибия
,,жабят,амфибия
,,жабийий,амфибия
,,песецом,млекопитающее
,,песеце,млекопитающее
,,песеца,млекопитающее
,,песецам,млекопитающее
,,песецах,млекопитающее
,,песец,млекопитающее
,,песецов,млекопитающее
,,песецами,млекопитающее
,,песецы,млекопитающее
,,песецу,млекопитающее
,,росомахам,млекопитающее
,,росомахами,млекопитающее
,,росомахою,млекопитающее
,,росомахах,млекопитающее
,,нарвалами,млекопитающее
,,нарвалом,млекопитающее
,,нарвал,млекопитающее
,,нарвалов,млекопитающее
,,нарвале,млекопитающее
,,нарвалах,млекопитающее
,,нарвалу,млекопитающее
,,нарвалы,млекопитающее
,,нарвала,млекопитающее
,,нарвалам,млекопитающее
,,горностай,млекопитающее
,,горностайов,млекопитающее
,,горностайу,млекопитающее
,,горностайах,млекопитающее
,,горностайы,млекопитающее
,,горностайе,млекопитающее
,,горностайа,млекопитающее
,,горностайам,млекопитающее
,,горностайами,млекопитающее
,,горностайом,млекопитающее
,,леммингах,млекопитающее
,,леммингами,млекопитающее
,,леммингам,млекопитающее
,,леммингом,млекопитающее
,,лемминге,млекопитающее
,,леммингу,млекопитающее
,,лемминга,млекопитающее
,,леммингы,млекопитающее
,,леммингов,млекопитающее
,,лемминг,млекопитающее
,,касатку,млекопитающее
,,касатках,млекопитающее
,,касатке,млекопитающее
,,касатками,млекопитающее
,,касаткой,млекопитающее
,,касаткою,млекопитающее
,,касатки,млекопитающее
,,касатка,млекопитающее
,,касаткам,млекопитающее
,,соболями,млекопитающее
,,соболе,млекопитающее
,,соболя,млекопитающее
,,соболей,млекопитающее
,,соболь,млекопитающее
,,соболям,млекопитающее
,,соболем,млекопитающее
,,соболю,млекопитающее
,,соболях,млекопитающее
,,соболи,млекопитающее
,,глухарях,птица
,,глухарем,птица
,,глухарю,птица
,,глухарей,птица
,,глухарям,птица
,,глухаря,птица
,,глухари,птица
,,глухаре,птица
,,глухарь,птица
,,глухарями,птица
,,тетеревов,птица
,,тетеревам,птица
,,тетеревами,птица
,,тетеревы,птица
,,тетеревах,птица
,,рябчиками,птица
,,рябчикы,птица
,,рябчике,птица
,,рябчикам,птица
,,рябчику,птица
,,рябчиков,птица
,,рябчика,птица
,,рябчиком,птица
,,рябчик,птица
,,рябчиках,птица
,,куница,млекопитающее
,,куницу,млекопитающее
,,куницой,млекопитающее
,,куницою,млекопитающее
,,куницами,млекопитающее
,,куницах,млекопитающее
,,кунице,млекопитающее
,,куницам,млекопитающее
,,куницы,млекопитающее
,,кедре,дерево
,,кедров,дерево
,,кедрами,дерево
,,кедр,дерево
,,кедрах,дерево
,,кедра,дерево
,,кедру,дерево
,,кедры,дерево
,,кедрам,дерево
,,кедром,дерево
,,пихта,дерево
,,пихтами,дерево
,,пихту,дерево
,,пихте,дерево
,,пихтой,дерево
,,пихтах,дерево
,,пихты,дерево
,,пихтою,дерево
,,пихтам,дерево
,,лиственницу,дерево
,,лиственницой,дерево
,,лиственница,дерево
,,лиственницою,дерево
,,лиственницам,дерево
,,лиственницами,дерево
,,лиственнице,дерево
,,лиственницы,дерево
,,лиственницах,дерево
,,левов,млекопитающее
,,лева,млекопитающее
,,левами,млекопитающее
,,левы,млекопитающее
,,леву,млекопитающее
,,левах,млекопитающее
,,леве,млекопитающее
,,левом,млекопитающее
,,левам,млекопитающее
,,леопардах,млекопитающее
,,леопардами,млекопитающее
,,леопарде,млекопитающее
,,леопардам,млекопитающее
,,гепарде,млекопитающее
,,гепарда,млекопитающее
,,гепарду,млекопитающее
,,гепардами,млекопитающее
,,гепардом,млекопитающее
,,гепардам,млекопитающее
,,гепардах,млекопитающее
,,гепард,млекопитающее
,,гепарды,млекопитающее
,,гепардов,млекопитающее
,,гиппопотаме,млекопитающее
,,гиппопотамами,млекопитающее
,,гиппопотамах,млекопитающее
,,гиппопотамов,млекопитающее
,,гиппопотамы,млекопитающее
,,гиппопотама,млекопитающее
,,гиппопотамам,млекопитающее
,,гиппопотам,млекопитающее
,,гиппопотаму,млекопитающее
,,гиппопотамом,млекопитающее
,,бегемотах,млекопитающее
,,бегемотами,млекопитающее
,,бегемоты,млекопитающее
,,бегемотам,млекопитающее
,,бегемот,млекопитающее
,,бегемоту,млекопитающее
,,бегемотом,млекопитающее
,,бегемотов,млекопитающее
,,бегемота,млекопитающее
,,бегемоте,млекопитающее
,,носорогам,млекопитающее
,,носорога,млекопитающее
,,носорогы,млекопитающее
,,носорогов,млекопитающее
,,носорогом,млекопитающее
,,носороге,млекопитающее
,,носорогами,млекопитающее
,,носорогах,млекопитающее
,,носорог,млекопитающее
,,носорогу,млекопитающее
,,зебра,млекопитающее
,,зебрах,млекопитающее
,,зебрами,млекопитающее
,,зеброю,млекопитающее
,,зебры,млекопитающее
,,зеброй,млекопитающее
,,зебрам,млекопитающее
,,зебре,млекопитающее
,,зебру,млекопитающее
,,антилопами,млекопитающее
,,антилопой,млекопитающее
,,антилопам,млекопитающее
,,антилопу,млекопитающее
,,антилопою,млекопитающее
,,антилопа,млекопитающее
,,антилопе,млекопитающее
,,антилопы,млекопитающее
,,антилопах,млекопитающее
,,газель,млекопитающее
,,газелями,млекопитающее
,,газелях,млекопитающее
,,газеля,млекопитающее
,,газелю,млекопитающее
,,газеле,млекопитающее
,,газели,млекопитающее
,,газелей,млекопитающее
,,газелем,млекопитающее
,,газелям,млекопитающее
,,буйволе,млекопитающее
,,буйволами,млекопитающее
,,буйволах,млекопитающее
,,буйволам,млекопитающее
,,гориллы,млекопитающее
,,гориллам,млекопитающее
,,гориллах,млекопитающее
,,горилла,млекопитающее
,,горилле,млекопитающее
,,гориллой,млекопитающее
,,гориллами,млекопитающее
,,гориллою,млекопитающее
,,гориллу,млекопитающее
,,шимпанзе,млекопитающее
,,павианы,млекопитающее
,,павиан,млекопитающее
,,павианам,млекопитающее
,,павиана,млекопитающее
,,павианов,млекопитающее
,,павианах,млекопитающее
,,павиане,млекопитающее
,,павиану,млекопитающее
,,павианами,млекопитающее
,,павианом,млекопитающее
,,сурикату,млекопитающее
,,сурикат,млекопитающее
,,сурикатов,млекопитающее
,,сурикатам,млекопитающее
,,сурикате,млекопитающее
,,суриката,млекопитающее
,,сурикатах,млекопитающее
,,сурикатом,млекопитающее
,,сурикатами,млекопитающее
,,сурикаты,млекопитающее
,,термитникы,насекомое
,,термитников,насекомое
,,термитниках,насекомое
,,термитника,насекомое
,,термитниками,насекомое
,,термитнике,насекомое
,,термитникам,насекомое
,,термитником,насекомое
,,термитник,насекомое
,,термитнику,насекомое
,,ягуаре,млекопитающее
,,ягуарах,млекопитающее
,,ягуарам,млекопитающее
,,ягуарами,млекопитающее
,,анаконды,рептилия
,,анаконде,рептилия
,,анакондами,рептилия
,,анакондах,рептилия
,,анаконда,рептилия
,,анаконду,рептилия
,,анакондою,рептилия
,,анакондой,рептилия
,,анакондам,рептилия
,,капибарой,млекопитающее
,,капибара,млекопитающее
,,капибаре,млекопитающее
,,капибарам,млекопитающее
,,капибарах,млекопитающее
,,капибары,млекопитающее
,,капибарою,млекопитающее
,,капибару,млекопитающее
,,капибарами,млекопитающее
,,ленивецам,млекопитающее
,,ленивецов,млекопитающее
,,ленивецу,млекопитающее
,,ленивецом,млекопитающее
,,ленивец,млекопитающее
,,ленивеца,млекопитающее
,,ленивеце,млекопитающее
,,ленивецы,млекопитающее
,,ленивецами,млекопитающее
,,ленивецах,млекопитающее
,,броненосецов,млекопитающее
,,броненосеце,млекопитающее
,,броненосецу,млекопитающее
,,броненосецам,млекопитающее
,,броненосеца,млекопитающее
,,броненосецы,млекопитающее
,,броненосецом,млекопитающее
,,броненосецах,млекопитающее
,,броненосецами,млекопитающее
,,муравьедам,млекопитающее
,,муравьедах,млекопитающее
,,муравьеде,млекопитающее
,,муравьедами,млекопитающее
,,пекари,млекопитающее
,,ара,птица
,,туканoом,птица
,,туканoе,птица
,,туканoа,птица
,,туканoы,птица
,,туканoах,птица
,,туканoов,птица
,,туканoу,птица
,,туканo,птица
,,туканoами,птица
,,туканoам,птица
,,кайманами,рептилия
,,кайманам,рептилия
,,каймане,рептилия
,,кайманах,рептилия
,,какао,растение
,,маниок,растение
,,маниоками,растение
,,маниоках,растение
,,маниоком,растение
,,маниокам,растение
,,маниоке,растение
,,маниокы,растение
,,маниоков,растение
,,маниоку,растение
,,маниока,растение
,,эму,птица
,,динго,млекопитающее
,,утконосе,млекопитающее
,,утконоса,млекопитающее
,,утконосам,млекопитающее
,,утконосы,млекопитающее
,,утконосах,млекопитающее
,,утконосами,млекопитающее
,,утконосу,млекопитающее
,,утконосом,млекопитающее
,,утконос,млекопитающее
,,утконосов,млекопитающее
,,ехидны,млекопитающее
,,ехиднах,млекопитающее
,,ехиднами,млекопитающее
,,ехидну,млекопитающее
,,ехидной,млекопитающее
,,ехиднам,млекопитающее
,,ехидне,млекопитающее
,,ехидна,млекопитающее
,,ехидною,млекопитающее
,,вомбату,млекопитающее
,,вомбате,млекопитающее
,,вомбатах,млекопитающее
,,вомбатам,млекопитающее
,,вомбаты,млекопитающее
,,вомбат,млекопитающее
,,вомбатом,млекопитающее
,,вомбатами,млекопитающее
,,вомбата,млекопитающее
,,вомбатов,млекопитающее
,,коалою,млекопитающее
,,коалам,млекопитающее
,,коалах,млекопитающее
,,коалами,млекопитающее
,,какаду,птица
,,таро,растение
,,кава,растение
,,каве,растение
,,кавами,растение
,,кавой,растение
,,кавах,растение
,,каву,растение
,,кавою,растение
,,кавам,растение
,,кавы,растение
,,хлебное,дерево
,,оливе,дерево
,,оливам,дерево
,,оливою,дерево
,,олива,дерево
,,оливой,дерево
,,оливами,дерево
,,оливах,дерево
,,оливы,дерево
,,оливу,дерево
,,оливки,дерево
,,оливками,дерево
,,оливка,дерево
,,оливкою,дерево
,,оливке,дерево
,,оливках,дерево
,,оливку,дерево
,,оливкой,дерево
,,оливкам,дерево
,,оливковый,дерево
,,кипарис,дерево
,,кипарисами,дерево
,,кипарисом,дерево
,,кипарисе,дерево
,,кипарисы,дерево
,,кипариса,дерево
,,кипарисах,дерево
,,кипарисам,дерево
,,кипарису,дерево
,,кипарисов,дерево
,,инжирах,растение
,,инжиром,растение
,,инжирами,растение
,,инжир,растение
,,инжиру,растение
,,инжирам,растение
,,инжира,растение
,,инжиры,растение
,,инжире,растение
,,инжиров,растение
,,гранаты,растение
,,гранатам,растение
,,гранате,растение
,,гранат,растение
,,гранатах,растение
,,гранатом,растение
,,гранату,растение
,,граната,растение
,,гранатами,растение
,,гранатов,растение
,,миндалю,дерево
,,миндале,дерево
,,миндаля,дерево
,,миндалем,дерево
,,миндалями,дерево
,,миндалях,дерево
,,миндалей,дерево
,,миндаль,дерево
,,миндалям,дерево
,,миндали,дерево
,,маслинам,дерево
,,маслине,дерево
,,маслина,дерево
,,маслинами,дерево
,,маслиною,дерево
,,маслинах,дерево
,,маслиной,дерево
,,маслину,дерево
,,маслины,дерево
,,сайгаках,млекопитающее
,,сайгаке,млекопитающее
,,сайгаку,млекопитающее
,,сайгак,млекопитающее
,,сайгаками,млекопитающее
,,сайгакы,млекопитающее
,,сайгаков,млекопитающее
,,сайгакам,млекопитающее
,,сайгаком,млекопитающее
,,сайгака,млекопитающее
,,сурока,млекопитающее
,,сурок,млекопитающее
,,суроком,млекопитающее
,,суроку,млекопитающее
,,сурокы,млекопитающее
,,сурокам,млекопитающее
,,суроками,млекопитающее
,,суроков,млекопитающее
,,суроках,млекопитающее
,,суроке,млекопитающее
,,тушканчикы,млекопитающее
,,тушканчике,млекопитающее
,,тушканчиках,млекопитающее
,,тушканчика,млекопитающее
,,тушканчику,млекопитающее
,,тушканчикам,млекопитающее
,,тушканчиками,млекопитающее
,,тушканчик,млекопитающее
,,тушканчиков,млекопитающее
,,тушканчиком,млекопитающее
,,джейрана,млекопитающее
,,джейране,млекопитающее
,,джейраны,млекопитающее
,,джейранов,млекопитающее
,,джейран,млекопитающее
,,джейрану,млекопитающее
,,джейраном,млекопитающее
,,джейранам,млекопитающее
,,джейранах,млекопитающее
,,джейранами,млекопитающее
,,фенекам,млекопитающее
,,фенек,млекопитающее
,,фенека,млекопитающее
,,фенеку,млекопитающее
,,фенеках,млекопитающее
,,фенеке,млекопитающее
,,фенекы,млекопитающее
,,фенеками,млекопитающее
,,фенеков,млекопитающее
,,фенеком,млекопитающее
,,сусликы,млекопитающее
,,сусликах,млекопитающее
,,суслике,млекопитающее
,,суслик,млекопитающее
,,сусликам,млекопитающее
,,сусликов,млекопитающее
,,сусликом,млекопитающее
,,сусликами,млекопитающее
,,суслику,млекопитающее
,,суслика,млекопитающее
,,ящером,рептилия
,,ящерам,рептилия
,,ящера,рептилия
,,ящерах,рептилия
,,ящеру,рептилия
,,ящеров,рептилия
,,ящере,рептилия
,,ящеры,рептилия
,,ящер,рептилия
,,ящерами,рептилия
,,варану,рептилия
,,вараны,рептилия
,,варанах,рептилия
,,варана,рептилия
,,вараном,рептилия
,,варанам,рептилия
,,варанов,рептилия
,,варан,рептилия
,,варанами,рептилия
,,варане,рептилия
,,гризли,млекопитающее
,,заячий,млекопитающее
,,заячья,млекопитающее
,,заячье,млекопитающее
,,заячьи,млекопитающее
,,заячьего,млекопитающее
,,заячьей,млекопитающее
,,заячьему,млекопитающее
,,заячьим,млекопитающее
,,заячьих,млекопитающее
,,заячьими,млекопитающее
,,оленья,млекопитающее
,,оленье,млекопитающее
,,олений,млекопитающее
,,оленьи,млекопитающее
,,оленьего,млекопитающее
,,оленьей,млекопитающее
,,оленьему,млекопитающее
,,оленьим,млекопитающее
,,оленьих,млекопитающее
,,оленьими,млекопитающее
,,ослиный,млекопитающее
,,ослиная,млекопитающее
,,ослиное,млекопитающее
,,ослиные,млекопитающее
,,ослы,млекопитающее
,,ослов,млекопитающее
,,кабан,млекопитающее
,,кабана,млекопитающее
,,кабану,млекопитающее
,,кабаном,млекопитающее
,,кабане,млекопитающее
,,кабаны,млекопитающее
,,кабанов,млекопитающее
,,кабанам,млекопитающее
,,кабанами,млекопитающее
,,кабанах,млекопитающее
,,кабаний,млекопитающее
,,кабанья,млекопитающее
,,кабанье,млекопитающее
,,кабаньи,млекопитающее
,,кабаньего,млекопитающее
,,кабаньей,млекопитающее
,,песца,млекопитающее
,,песцу,млекопитающее
,,песцом,млекопитающее
,,песце,млекопитающее
,,песцы,млекопитающее
,,песцов,млекопитающее
,,песцам,млекопитающее
,,песцами,млекопитающее
,,песцах,млекопитающее
,,песцовый,млекопитающее
,,соболиный,млекопитающее
,,соболиная,млекопитающее
,,соболиное,млекопитающее
,,соболиные,млекопитающее
,,полярный,климат
,,ежовый,млекопитающее
,,ежиный,млекопитающее
,,козленок,млекопитающее
,,ягнёнок,млекопитающее
,,ягнята,млекопитающее
,,куриный,птица
,,куриная,птица
,,куриное,птица
,,куриные,птица
,,цыплёнок,птица
,,цыплята,птица
,,совёнок,птица
,,совята,птица
,,дельфиний,млекопитающее
,,дельфинья,млекопитающее
,,ламы,млекопитающее
,,лама,млекопитающее
,,ламу,млекопитающее
,,ламой,млекопитающее
,,альпака,млекопитающее
,,альпаки,млекопитающее
,,викунья,млекопитающее
,,гуанако,млекопитающее
,,змеиный,рептилия
,,змеиная,рептилия
,,змеиное,рептилия
,,змеиные,рептилия
,,оленьи рога,млекопитающее
,,моржовый,млекопитающее
,,моржовые,млекопитающее
,,тюлений,млекопитающее
,,тюленья,млекопитающее
,,китовый,млекопитающее
,,китовая,млекопитающее
,,китовые,млекопитающее
,,рыбий,рыба
,,рыбья,рыба
,,рыбье,рыба
,,рыбьи,рыба
,,пчелиный,насекомое
,,пчелиная,насекомое
,,пчелиное,насекомое
,,пчелиные,насекомое
,,осиный,насекомое
,,осиное,насекомое
,,муравьиный,насекомое
,,муравьиная,насекомое
,,комариный,насекомое
,,дубовый,дерево
,,дубовая,дерево
,,дубовое,дерево
,,дубовые,дерево
,,сосновый,дерево
,,сосновая,дерево
,,сосновое,дерево
,,сосновые,дерево
,,еловый,дерево
,,еловая,дерево
,,еловое,дерево
,,еловые,дерево
,,берёзовый,дерево
,,берёзовая,дерево
,,берёзовое,дерево
,,берёзовые,дерево
,,ивовый,дерево
,,ивовая,дерево
,,ивовое,дерево
,,ивовые,дерево
,,кленовый,дерево
,,кленовая,дерево
,,кленовое,дерево
,,кленовые,дерево
,,кедровый,дерево
,,кедровая,дерево
,,кедровое,дерево
,,кедровые,дерево
,,пальмовый,дерево
,,пальмовая,дерево
,,пальмовое,дерево
,,пальмовые,дерево
,,бамбуковый,дерево
,,бамбуковая,дерево
,,бамбуковое,дерево
,,бамбуковые,дерево
,,медведица,млекопитающее
,,медведицы,млекопитающее
,,медведице,млекопитающее
,,медведицу,млекопитающее
,,медведицей,млекопитающее
,,медведиц,млекопитающее
,,медведицам,млекопитающее
,,медведицами,млекопитающее
,,медведицах,млекопитающее
,,волчица,млекопитающее
,,волчицы,млекопитающее
,,волчице,млекопитающее
,,волчицу,млекопитающее
,,волчицей,млекопитающее
,,волчиц,млекопитающее
,,волчицам,млекопитающее
,,волчицами,млекопитающее
,,волчицах,млекопитающее
,,львица,млекопитающее
,,львицы,млекопитающее
,,львице,млекопитающее
,,львицу,млекопитающее
,,львицей,млекопитающее
,,львиц,млекопитающее
,,львицам,млекопитающее
,,львицами,млекопитающее
,,львицах,млекопитающее
,,тигрица,млекопитающее
,,тигрицы,млекопитающее
,,тигрице,млекопитающее
,,тигрицу,млекопитающее
,,тигрицей,млекопитающее
,,тигриц,млекопитающее
,,тигрицам,млекопитающее
,,тигрицами,млекопитающее
,,тигрицах,млекопитающее
,,ослица,млекопитающее
,,ослицы,млекопитающее
,,ослице,млекопитающее
,,ослицу,млекопитающее
,,ослицей,млекопитающее
,,ослиц,млекопитающее
,,ослицам,млекопитающее
,,ослицами,млекопитающее
,,ослицах,млекопитающее
,,слониха,млекопитающее
,,слонихи,млекопитающее
,,слонихе,млекопитающее
,,слониху,млекопитающее
,,слонихой,млекопитающее
,,слонихою,млекопитающее
,,слоних,млекопитающее
,,слонихам,млекопитающее
,,слонихами,млекопитающее
,,слонихах,млекопитающее
,,медведиха,млекопитающее
,,медведихи,млекопитающее
,,медведихе,млекопитающее
,,медведиху,млекопитающее
,,медведихой,млекопитающее
,,медведихою,млекопитающее
,,медведих,млекопитающее
,,медведихам,млекопитающее
,,медведихами,млекопитающее
,,медведихах,млекопитающее
,,оленуха,млекопитающее
,,оленухи,млекопитающее
,,оленухе,млекопитающее
,,оленуху,млекопитающее
,,оленухой,млекопитающее
,,оленухою,млекопитающее
,,оленух,млекопитающее
,,оленухам,млекопитающее
,,оленухами,млекопитающее
,,оленухах,млекопитающее
,,оленица,млекопитающее
,,оленицы,млекопитающее
,,оленице,млекопитающее
,,оленицу,млекопитающее
,,оленицей,млекопитающее
,,олениц,млекопитающее
,,оленицам,млекопитающее
,,оленицами,млекопитающее
,,оленицах,млекопитающее
,,лосиха,млекопитающее
,,лосихи,млекопитающее
,,лосихе,млекопитающее
,,лосиху,млекопитающее
,,лосихой,млекопитающее
,,лосихою,млекопитающее
,,лосих,млекопитающее
,,лосихам,млекопитающее
,,лосихами,млекопитающее
,,лосихах,млекопитающее
,,лошадиха,млекопитающее
,,лошадихи,млекопитающее
,,лошадихе,млекопитающее
,,лошадиху,млекопитающее
,,лошадихой,млекопитающее
,,лошадихою,млекопитающее
,,лошадих,млекопитающее
,,лошадихам,млекопитающее
,,лошадихами,млекопитающее
,,лошадихах,млекопитающее
,,барануха,млекопитающее
,,баранухи,млекопитающее
,,баранухе,млекопитающее
,,барануху,млекопитающее
,,баранухой,млекопитающее
,,баранухою,млекопитающее
,,баранух,млекопитающее
,,баранухам,млекопитающее
,,баранухами,млекопитающее
,,баранухах,млекопитающее
,,козлица,млекопитающее
,,козлицы,млекопитающее
,,козлице,млекопитающее
,,козлицу,млекопитающее
,,козлицей,млекопитающее
,,козлиц,млекопитающее
,,козлицам,млекопитающее
,,козлицами,млекопитающее
,,козлицах,млекопитающее
,,крольчиха,млекопитающее
,,крольчихи,млекопитающее
,,крольчихе,млекопитающее
,,крольчиху,млекопитающее
,,крольчихой,млекопитающее
,,крольчихою,млекопитающее
,,крольчих,млекопитающее
,,крольчихам,млекопитающее
,,крольчихами,млекопитающее
,,крольчихах,млекопитающее
,,зайчиха,млекопитающее
,,зайчихи,млекопитающее
,,зайчихе,млекопитающее
,,зайчиху,млекопитающее
,,зайчихой,млекопитающее
,,зайчихою,млекопитающее
,,зайчих,млекопитающее
,,зайчихам,млекопитающее
,,зайчихами,млекопитающее
,,зайчихах,млекопитающее
,,лисице,млекопитающее
,,лисицу,млекопитающее
,,лисицей,млекопитающее
,,лисиц,млекопитающее
,,лисицам,млекопитающее
,,лисицами,млекопитающее
,,лисицах,млекопитающее
,,волчиха,млекопитающее
,,волчихи,млекопитающее
,,волчихе,млекопитающее
,,волчиху,млекопитающее
,,волчихой,млекопитающее
,,волчихою,млекопитающее
,,волчих,млекопитающее
,,волчихам,млекопитающее
,,волчихами,млекопитающее
,,волчихах,млекопитающее
,,береза,дерево
,,берёз,дерево
,,берёза,дерево
,,берёзам,дерево
,,берёзами,дерево
,,берёзах,дерево
,,берёзе,дерево
,,берёзой,дерево
,,берёзу,дерево
,,берёзы,дерево
,,сосен,дерево
,,сосна,дерево
,,соснам,дерево
,,соснами,дерево
,,соснах,дерево
,,сосне,дерево
,,сосной,дерево
,,сосну,дерево
,,сосны,дерево
,,елей,дерево
,,ели,дерево
,,ель,дерево
,,елью,дерево
,,елям,дерево
,,елями,дерево
,,елях,дерево
,,осин,дерево
,,осина,дерево
,,осинам,дерево
,,осинами,дерево
,,осинах,дерево
,,осине,дерево
,,осиной,дерево
,,осину,дерево
,,осины,дерево
,,ив,дерево
,,ива,дерево
,,ивам,дерево
,,ивами,дерево
,,ивах,дерево
,,иве,дерево
,,ивой,дерево
,,иву,дерево
,,ивы,дерево
,,лиственниц,дерево
,,лиственницей,дерево
,,верб,дерево
,,верба,дерево
,,вербам,дерево
,,вербами,дерево
,,вербах,дерево
,,вербе,дерево
,,вербой,дерево
,,вербу,дерево
,,вербы,дерево
,,тальник,дерево
,,тальника,дерево
,,тальникам,дерево
,,тальниками,дерево
,,тальниках,дерево
,,тальнике,дерево
,,тальники,дерево
,,тальников,дерево
,,тальником,дерево
,,тальнику,дерево
,,пихт,дерево
,,тополе,дерево
,,тополей,дерево
,,тополем,дерево
,,тополь,дерево
,,тополю,дерево
,,тополя,дерево
,,тополям,дерево
,,тополями,дерево
,,тополях,дерево
,,бук,дерево
,,бука,дерево
,,букам,дерево
,,буками,дерево
,,буках,дерево
,,буке,дерево
,,буки,дерево
,,буков,дерево
,,буком,дерево
,,буку,дерево
,,ольх,дерево
,,ольха,дерево
,,ольхам,дерево
,,ольхами,дерево
,,ольхах,дерево
,,ольхе,дерево
,,ольхи,дерево
,,ольхой,дерево
,,ольху,дерево
,,вяз,дерево
,,вязли,дерево
,,вязнувшего,дерево
,,вязнувшем,дерево
,,вязнувшему,дерево
,,вязнувшие,дерево
,,вязнувший,дерево
,,вязнувшим,дерево
,,вязнувшими,дерево
,,вязнувших,дерево
,,ясене,дерево
,,ясеням,дерево
,,ясенями,дерево
,,ясенях,дерево
,,клен,дерево
,,клён,дерево
,,клёна,дерево
,,клёнам,дерево
,,клёнами,дерево
,,клёнах,дерево
,,клёне,дерево
,,клёнов,дерево
,,клёном,дерево
,,клёну,дерево
,,клёны,дерево
,,рябин,дерево
,,рябина,дерево
,,рябинам,дерево
,,рябинами,дерево
,,рябинах,дерево
,,рябине,дерево
,,рябиной,дерево
,,рябину,дерево
,,рябины,дерево
,,яблоне,дерево
,,яблоней,дерево
,,яблони,дерево
,,яблонь,дерево
,,яблоню,дерево
,,яблоня,дерево
,,яблоням,дерево
,,яблонями,дерево
,,яблонях,дерево
,,груш,дерево
,,груша,дерево
,,грушам,дерево
,,грушами,дерево
,,грушах,дерево
,,груше,дерево
,,грушей,дерево
,,груши,дерево
,,грушу,дерево
,,вишен,дерево
,,вишне,дерево
,,вишней,дерево
,,вишни,дерево
,,вишню,дерево
,,вишня,дерево
,,вишням,дерево
,,вишнями,дерево
,,вишнях,дерево
,,слив,дерево
,,слива,дерево
,,сливам,дерево
,,сливами,дерево
,,сливах,дерево
,,сливе,дерево
,,сливой,дерево
,,сливу,дерево
,,сливы,дерево
,,виноград,дерево
,,винограда,дерево
,,виноградам,дерево
,,виноградами,дерево
,,виноградах,дерево
,,винограде,дерево
,,виноградов,дерево
,,виноградом,дерево
,,винограду,дерево
,,винограды,дерево
,,виноградник,дерево
,,виноградника,дерево
,,виноградникам,дерево
,,виноградниками,дерево
,,виноградниках,дерево
,,винограднике,дерево
,,виноградники,дерево
,,виноградников,дерево
,,виноградником,дерево
,,винограднику,дерево
,,виноградная,дерево
,,виноградной,дерево
,,виноградную,дерево
,,виноградные,дерево
,,виноградным,дерево
,,виноградными,дерево
,,виноградных,дерево
,,дуб,дерево
,,дуба,дерево
,,дубам,дерево
,,дубами,дерево
,,дубах,дерево
,,дубе,дерево
,,дубов,дерево
,,дубом,дерево
,,дубу,дерево
,,дубы,дерево
,,лип,дерево
,,липа,дерево
,,липам,дерево
,,липами,дерево
,,липах,дерево
,,липе,дерево
,,липой,дерево
,,липу,дерево
,,липы,дерево
,,черемуха,дерево
,,черёмух,дерево
,,черёмуха,дерево
,,черёмухам,дерево
,,черёмухами,дерево
,,черёмухах,дерево
,,черёмухе,дерево
,,черёмухи,дерево
,,черёмухой,дерево
,,черёмуху,дерево
,,финик,дерево
,,финика,дерево
,,финикам,дерево
,,финиками,дерево
,,финиках,дерево
,,финике,дерево
,,финики,дерево
,,фиников,дерево
,,фиником,дерево
,,финику,дерево
,,финиковая,дерево
,,финиковой,дерево
,,финиковую,дерево
,,финиковые,дерево
,,финиковым,дерево
,,финиковыми,дерево
,,финиковых,дерево
,,оливок,дерево
,,пальмового,дерево
,,пальмовом,дерево
,,пальмовому,дерево
,,пальмовым,дерево
,,пальмовыми,дерево
,,пальмовых,дерево
,,кокосового,дерево
,,кокосовом,дерево
,,кокосовому,дерево
,,кокосовые,дерево
,,кокосовый,дерево
,,кокосовым,дерево
,,кокосовыми,дерево
,,кокосовых,дерево
,,баньян,дерево
,,баньяна,дерево
,,баньянам,дерево
,,баньянами,дерево
,,баньянах,дерево
,,баньяне,дерево
,,баньянов,дерево
,,баньяном,дерево
,,баньяну,дерево
,,баньяны,дерево
,,тамаринд,дерево
,,тамаринда,дерево
,,тамариндам,дерево
,,тамариндами,дерево
,,тамариндах,дерево
,,тамаринде,дерево
,,тамариндов,дерево
,,тамариндом,дерево
,,тамаринду,дерево
,,тамаринды,дерево
,,сандал,дерево
,,сандала,дерево
,,сандалам,дерево
,,сандалами,дерево
,,сандалах,дерево
,,сандале,дерево
,,сандалов,дерево
,,сандалом,дерево
,,сандалу,дерево
,,сандалы,дерево
,,сандалового,дерево
,,сандаловом,дерево
,,сандаловому,дерево
,,сандаловые,дерево
,,сандаловый,дерево
,,сандаловым,дерево
,,сандаловыми,дерево
,,сандаловых,дерево
,,арек,дерево
,,арека,дерево
,,арекам,дерево
,,ареками,дерево
,,ареках,дерево
,,ареке,дерево
,,ареки,дерево
,,ареков,дерево
,,ареком,дерево
,,ареку,дерево
,,арекового,дерево
,,арековом,дерево
,,арековому,дерево
,,арековые,дерево
,,арековый,дерево
,,арековым,дерево
,,арековыми,дерево
,,арековых,дерево
,,пипавшего,дерево
,,пипавшем,дерево
,,пипавшему,дерево
,,пипавшие,дерево
,,пипавший,дерево
,,пипавшим,дерево
,,пипавшими,дерево
,,пипавших,дерево
,,пипал,дерево
,,пипали,дерево
,,mahua,дерево
,,сейб,дерево
,,сейба,дерево
,,сейбам,дерево
,,сейбами,дерево
,,сейбах,дерево
,,сейбе,дерево
,,сейбой,дерево
,,сейбу,дерево
,,сейбы,дерево
,,хлебное дерева,дерево
,,хлебное дереве,дерево
,,хлебное дерево,дерево
,,хлебное деревом,дерево
,,хлебное дереву,дерево
,,хлебное деревьев,дерево
,,хлебное деревья,дерево
,,хлебное деревьям,дерево
,,хлебное деревьями,дерево
,,хлебное деревьях,дерево
,,сахарный тростник,дерево
,,сахарный тростника,дерево
,,сахарный тростникам,дерево
,,сахарный тростниками,дерево
,,сахарный тростниках,дерево
,,сахарный тростнике,дерево
,,сахарный тростники,дерево
,,сахарный тростников,дерево
,,сахарный тростником,дерево
,,сахарный тростнику,дерево
,,сахарное растение,дерево
,,сахарное растением,дерево
,,сахарное растении,дерево
,,сахарное растений,дерево
,,сахарное растению,дерево
,,сахарное растения,дерево
,,сахарное растениям,дерево
,,сахарное растениями,дерево
,,сахарное растениях,дерево
,,бразильский орех,дерево
,,бразильский ореха,дерево
,,бразильский орехам,дерево
,,бразильский орехами,дерево
,,бразильский орехах,дерево
,,бразильский орехе,дерево
,,бразильский орехи,дерево
,,бразильский орехов,дерево
,,бразильский орехом,дерево
,,бразильский ореху,дерево
,,ореховое дерева,дерево
,,ореховое дереве,дерево
,,ореховое дерево,дерево
,,ореховое деревом,дерево
,,ореховое дереву,дерево
,,ореховое деревьев,дерево
,,ореховое деревья,дерево
,,ореховое деревьям,дерево
,,ореховое деревьями,дерево
,,ореховое деревьях,дерево
,,красное дерева,дерево
,,красное дереве,дерево
,,красное дерево,дерево
,,красное деревом,дерево
,,красное дереву,дерево
,,красное деревьев,дерево
,,красное деревья,дерево
,,красное деревьям,дерево
,,красное деревьями,дерево
,,красное деревьях,дерево
,,коричного,дерево
,,коричное,дерево
,,коричном,дерево
,,коричному,дерево
,,коричные,дерево
,,коричным,дерево
,,коричными,дерево
,,коричных,дерево
,,камфарного,дерево
,,камфарное,дерево
,,камфарном,дерево
,,камфарному,дерево
,,камфарные,дерево
,,камфарным,дерево
,,камфарными,дерево
,,камфарных,дерево
,,смоковниц,дерево
,,смоковница,дерево
,,смоковницам,дерево
,,смоковницами,дерево
,,смоковницах,дерево
,,смоковнице,дерево
,,смоковницей,дерево
,,смоковницу,дерево
,,смоковницы,дерево
,,капка,дерево
,,капкам,дерево
,,капками,дерево
,,капках,дерево
,,капке,дерево
,,капки,дерево
,,капков,дерево
,,капком,дерево
,,капку,дерево
,,капок,дерево
,,карандаш,дерево
,,карандаша,дерево
,,карандашам,дерево
,,карандашами,дерево
,,карандашах,дерево
,,карандаше,дерево
,,карандашей,дерево
,,карандаши,дерево
,,карандашом,дерево
,,карандашу,дерево
,,carand,дерево
,,кебрачо,дерево
,,бурити,дерево
,,пашиуба,дерево
,,пашиубе,дерево
,,пашиубой,дерево
,,пашиубу,дерево
,,пашиубы,дерево
,,ашок,дерево
,,ашока,дерево
,,ашокам,дерево
,,ашоками,дерево
,,ашоках,дерево
,,ашоке,дерево
,,ашоки,дерево
,,ашоков,дерево
,,ашоком,дерево
,,ашоку,дерево
,,макассар,дерево
,,макассара,дерево
,,макассарам,дерево
,,макассарами,дерево
,,макассарах,дерево
,,макассаре,дерево
,,макассаров,дерево
,,макассаром,дерево
,,макассару,дерево
,,макассары,дерево
,,генипа,дерево
,,генипе,дерево
,,генипой,дерево
,,генипу,дерево
,,генипы,дерево
,,урук,дерево
,,урука,дерево
,,урукам,дерево
,,уруками,дерево
,,уруках,дерево
,,уруке,дерево
,,уруки,дерево
,,урукой,дерево
,,уруку,дерево
,,мистоль,дерево
,,женьшене,дерево
,,женьшеней,дерево
,,женьшенем,дерево
,,женьшени,дерево
,,женьшень,дерево
,,женьшеню,дерево
,,женьшеня,дерево
,,женьшеням,дерево
,,женьшенями,дерево
,,женьшенях,дерево
,,табак,дерево
,,табака,дерево
,,табакам,дерево
,,табаками,дерево
,,табаках,дерево
,,табаке,дерево
,,табаки,дерево
,,табаков,дерево
,,табаком,дерево
,,табаку,дерево
,,лотос,дерево
,,лотоса,дерево
,,лотосам,дерево
,,лотосами,дерево
,,лотосах,дерево
,,лотосе,дерево
,,лотосов,дерево
,,лотосом,дерево
,,лотосу,дерево
,,лотосы,дерево
,,хурм,дерево
,,хурма,дерево
,,хурмам,дерево
,,хурмами,дерево
,,хурмах,дерево
,,хурме,дерево
,,хурмой,дерево
,,хурму,дерево
,,хурмы,дерево
,,ginseng,дерево
,,кукуруз,растение
,,кукуруза,растение
,,кукурузам,растение
,,кукурузами,растение
,,кукурузах,растение
,,кукурузе,растение
,,кукурузой,растение
,,кукурузу,растение
,,кукурузы,растение
,,маис,растение
,,маиса,растение
,,маисам,растение
,,маисами,растение
,,маисах,растение
,,маисе,растение
,,маисов,растение
,,маисом,растение
,,маису,растение
,,маисы,растение
,,рис,растение
,,риса,растение
,,рисам,растение
,,рисами,растение
,,рисах,растение
,,рисе,растение
,,рисов,растение
,,рисом,растение
,,рису,растение
,,рисы,растение
,,рисового,растение
,,рисовом,растение
,,рисовому,растение
,,рисовые,растение
,,рисовый,растение
,,рисовым,растение
,,рисовыми,растение
,,рисовых,растение
,,перец,растение
,,перца,растение
,,перцам,растение
,,перцами,растение
,,перцах,растение
,,перце,растение
,,перцев,растение
,,перцем,растение
,,перцу,растение
,,перцы,растение
,,перчик,растение
,,перчика,растение
,,перчикам,растение
,,перчиками,растение
,,перчиках,растение
,,перчике,растение
,,перчики,растение
,,перчиков,растение
,,перчиком,растение
,,перчику,растение
,,арахис,растение
,,арахиса,растение
,,арахисам,растение
,,арахисами,растение
,,арахисах,растение
,,арахисе,растение
,,арахисов,растение
,,арахисом,растение
,,арахису,растение
,,арахисы,растение
,,фисташек,растение
,,фисташка,растение
,,фисташкам,растение
,,фисташками,растение
,,фисташках,растение
,,фисташке,растение
,,фисташки,растение
,,фисташкой,растение
,,фисташку,растение
,,проса,растение
,,просе,растение
,,просо,растение
,,просом,растение
,,просу,растение
,,пшена,растение
,,пшене,растение
,,пшено,растение
,,пшеном,растение
,,пшену,растение
,,фасолей,растение
,,фасоли,растение
,,фасоль,растение
,,фасолью,растение
,,фасолям,растение
,,фасолями,растение
,,фасолях,растение
,,боб,растение
,,боба,растение
,,бобам,растение
,,бобами,растение
,,бобах,растение
,,бобе,растение
,,бобов,растение
,,бобом,растение
,,бобу,растение
,,бобы,растение
,,хлопка,растение
,,хлопкам,растение
,,хлопками,растение
,,хлопках,растение
,,хлопке,растение
,,хлопки,растение
,,хлопков,растение
,,хлопком,растение
,,хлопку,растение
,,хлопок,растение
,,хлопкового,растение
,,хлопковом,растение
,,хлопковому,растение
,,хлопковые,растение
,,хлопковый,растение
,,хлопковым,растение
,,хлопковыми,растение
,,хлопковых,растение
,,ячмене,растение
,,ячменей,растение
,,ячмени,растение
,,ячмень,растение
,,ячменю,растение
,,ячменя,растение
,,ячменям,растение
,,ячменями,растение
,,ячменях,растение
,,ячменём,растение
,,ячменного,растение
,,ячменном,растение
,,ячменному,растение
,,ячменные,растение
,,ячменный,растение
,,ячменным,растение
,,ячменными,растение
,,ячменных,растение
,,батат,растение
,,батата,растение
,,бататам,растение
,,бататами,растение
,,бататах,растение
,,батате,растение
,,бататов,растение
,,бататом,растение
,,батату,растение
,,бататы,растение
,,гречих,растение
,,гречиха,растение
,,гречихам,растение
,,гречихами,растение
,,гречихах,растение
,,гречихе,растение
,,гречихи,растение
,,гречихой,растение
,,гречиху,растение
,,гречек,растение
,,гречка,растение
,,гречкам,растение
,,гречками,растение
,,гречках,растение
,,гречке,растение
,,гречки,растение
,,гречкой,растение
,,гречку,растение
,,реп,растение
,,репа,растение
,,репам,растение
,,репами,растение
,,репах,растение
,,репе,растение
,,репой,растение
,,репу,растение
,,репы,растение
,,редек,растение
,,редька,растение
,,редькам,растение
,,редьками,растение
,,редьках,растение
,,редьке,растение
,,редьки,растение
,,редькой,растение
,,редьку,растение
,,картофеле,растение
,,картофелей,растение
,,картофелем,растение
,,картофели,растение
,,картофель,растение
,,картофелю,растение
,,картофеля,растение
,,картофелям,растение
,,картофелями,растение
,,картофелях,растение
,,картошек,растение
,,картошка,растение
,,картошкам,растение
,,картошками,растение
,,картошках,растение
,,картошке,растение
,,картошки,растение
,,картошкой,растение
,,картошку,растение
,,каучук,растение
,,каучука,растение
,,каучукам,растение
,,каучуками,растение
,,каучуках,растение
,,каучуке,растение
,,каучуки,растение
,,каучуков,растение
,,каучуком,растение
,,каучуку,растение
,,каучукового,растение
,,каучуковом,растение
,,каучуковому,растение
,,каучуковые,растение
,,каучуковый,растение
,,каучуковым,растение
,,каучуковыми,растение
,,каучуковых,растение
,,каучуконос,растение
,,каучуконоса,растение
,,каучуконосам,растение
,,каучуконосами,растение
,,каучуконосах,растение
,,каучуконосе,растение
,,каучуконосов,растение
,,каучуконосом,растение
,,каучуконосу,растение
,,каучуконосы,растение
,,льна,растение
,,льнам,растение
,,льнами,растение
,,льнах,растение
,,льне,растение
,,льнов,растение
,,льном,растение
,,льну,растение
,,льны,растение
,,лён,растение
,,льняного,растение
,,льняной,растение
,,льняном,растение
,,льняному,растение
,,льняные,растение
,,льняным,растение
,,льняными,растение
,,льняных,растение
,,ржам,растение
,,ржами,растение
,,ржах,растение
,,ржей,растение
,,ржи,растение
,,рожь,растение
,,рожью,растение
,,ржаного,растение
,,ржаной,растение
,,ржаном,растение
,,ржаному,растение
,,ржаные,растение
,,ржаным,растение
,,ржаными,растение
,,ржаных,растение
,,овса,растение
,,овсам,растение
,,овсами,растение
,,овсах,растение
,,овсе,растение
,,овсов,растение
,,овсом,растение
,,овсу,растение
,,овсы,растение
,,овёс,растение
,,овсяного,растение
,,овсяном,растение
,,овсяному,растение
,,овсяные,растение
,,овсяный,растение
,,овсяным,растение
,,овсяными,растение
,,овсяных,растение
,,сорго,растение
,,фонио,растение
,,элевсин,растение
,,элевсина,растение
,,элевсинам,растение
,,элевсинами,растение
,,элевсинах,растение
,,элевсине,растение
,,элевсинов,растение
,,элевсином,растение
,,элевсину,растение
,,элевсины,растение
,,нут,растение
,,нута,растение
,,нутам,растение
,,нутами,растение
,,нутах,растение
,,нуте,растение
,,нутов,растение
,,нутом,растение
,,нуту,растение
,,нуты,растение
,,горох,растение
,,гороха,растение
,,горохам,растение
,,горохами,растение
,,горохах,растение
,,горохе,растение
,,горохи,растение
,,горохов,растение
,,горохом,растение
,,гороху,растение
,,маниоки,растение
,,маниокового,растение
,,маниоковом,растение
,,маниоковому,растение
,,маниоковые,растение
,,маниоковый,растение
,,маниоковым,растение
,,маниоковыми,растение
,,маниоковых,растение
,,yams,растение
,,ямс,растение
,,ямса,растение
,,ямсам,растение
,,ямсами,растение
,,ямсах,растение
,,ямсе,растение
,,ямсов,растение
,,ямсом,растение
,,ямсу,растение
,,ямсы,растение
,,сахар,растение
,,сахара,растение
,,сахарам,растение
,,сахарами,растение
,,сахарах,растение
,,сахаре,растение
,,сахаров,растение
,,сахаром,растение
,,сахару,растение
,,сахарного,растение
,,сахарном,растение
,,сахарному,растение
,,сахарные,растение
,,сахарный,растение
,,сахарным,растение
,,сахарными,растение
,,сахарных,растение
,,сахарная,растение
,,сахарной,растение
,,сахарную,растение
,,чикадей,птица
,,чикади,птица
,,чикадь,птица
,,чикадью,птица
,,чикадям,птица
,,чикадями,птица
,,чикадях,птица
,,малиновка,птица
,,малиновкам,птица
,,малиновками,птица
,,малиновках,птица
,,малиновке,птица
,,малиновки,птица
,,малиновкой,птица
,,малиновку,птица
,,малиновок,птица
,,робин,птица
,,робина,птица
,,робинам,птица
,,робинами,птица
,,робинах,птица
,,робине,птица
,,робинов,птица
,,робином,птица
,,робину,птица
,,робины,птица
,,голубая соек,птица
,,голубая сойка,птица
,,голубая сойкам,птица
,,голубая сойками,птица
,,голубая сойках,птица
,,голубая сойке,птица
,,голубая сойки,птица
,,голубая сойкой,птица
,,голубая сойку,птица
,,соек,птица
,,сойка,птица
,,сойкам,птица
,,сойками,птица
,,сойках,птица
,,сойке,птица
,,сойки,птица
,,сойкой,птица
,,сойку,птица
,,сорок,птица
,,сорока,птица
,,орлах,птица
,,орле,птица
,,орлом,птица
,,орлу,птица
,,орел,птица
,,орлан,птица
,,орлана,птица
,,орланам,птица
,,орланами,птица
,,орланах,птица
,,орлане,птица
,,орланов,птица
,,орланом,птица
,,орлану,птица
,,орланы,птица
,,беркут,птица
,,беркута,птица
,,беркутам,птица
,,беркутами,птица
,,беркутах,птица
,,беркуте,птица
,,беркутов,птица
,,беркутом,птица
,,беркуту,птица
,,беркуты,птица
,,ястребам,птица
,,ястребами,птица
,,ястребах,птица
,,ястребов,птица
,,чаек,птица
,,чайка,птица
,,чайкам,птица
,,чайками,птица
,,чайках,птица
,,чайке,птица
,,чайки,птица
,,чайкой,птица
,,чайку,птица
,,гусях,птица
,,гусыне,птица
,,гусыней,птица
,,гусыни,птица
,,гусынь,птица
,,гусыню,птица
,,гусыня,птица
,,гусыням,птица
,,гусынями,птица
,,гусынях,птица
,,утках,птица
,,лебедях,птица
,,журавлей,птица
,,журавли,птица
,,журавлям,птица
,,журавлями,птица
,,журавлях,птица
,,цапель,птица
,,цаплям,птица
,,цаплями,птица
,,цаплях,птица
,,аист,птица
,,аиста,птица
,,аистам,птица
,,аистами,птица
,,аистах,птица
,,аисте,птица
,,аистов,птица
,,аистом,птица
,,аисту,птица
,,аисты,птица
,,стерх,птица
,,стерха,птица
,,стерхам,птица
,,стерхами,птица
,,стерхах,птица
,,стерхе,птица
,,стерхи,птица
,,стерхов,птица
,,стерхом,птица
,,стерху,птица
,,пеликан,птица
,,пеликана,птица
,,пеликанам,птица
,,пеликанами,птица
,,пеликанах,птица
,,пеликане,птица
,,пеликанов,птица
,,пеликаном,птица
,,пеликану,птица
,,пеликаны,птица
,,баклан,птица
,,баклана,птица
,,бакланам,птица
,,бакланами,птица
,,бакланах,птица
,,баклане,птица
,,бакланов,птица
,,бакланом,птица
,,баклану,птица
,,бакланы,птица
,,дятлам,птица
,,дятлами,птица
,,дятлах,птица
,,дятлов,птица
,,дятлы,птица
,,сов,птица
,,совам,птица
,,совами,птица
,,совах,птица
,,филин,птица
,,филина,птица
,,филинам,птица
,,филинами,птица
,,филинах,птица
,,филине,птица
,,филинов,птица
,,филином,птица
,,филину,птица
,,филины,птица
,,куропаткам,птица
,,куропатками,птица
,,куропатках,птица
,,куропаток,птица
,,глухарём,птица
,,рябчики,птица
,,тетёрка,птица
,,тетёркам,птица
,,тетёрками,птица
,,тетёрках,птица
,,тетёрке,птица
,,тетёрки,птица
,,тетёркой,птица
,,тетёрку,птица
,,тетёрок,птица
,,крапивник,птица
,,крапивника,птица
,,крапивникам,птица
,,крапивниками,птица
,,крапивниках,птица
,,крапивнике,птица
,,крапивники,птица
,,крапивников,птица
,,крапивником,птица
,,крапивнику,птица
,,снегире,птица
,,снегирей,птица
,,снегири,птица
,,снегирь,птица
,,снегирю,птица
,,снегиря,птица
,,снегирям,птица
,,снегирями,птица
,,снегирях,птица
,,снегирём,птица
,,клеста,птица
,,клестам,птица
,,клестами,птица
,,клестах,птица
,,клесте,птица
,,клестов,птица
,,клестом,птица
,,клесту,птица
,,клесты,птица
,,клёст,птица
,,клест,птица
,,вьюрка,птица
,,вьюркам,птица
,,вьюрками,птица
,,вьюрках,птица
,,вьюрке,птица
,,вьюрки,птица
,,вьюрков,птица
,,вьюрком,птица
,,вьюрку,птица
,,вьюрок,птица
,,щегла,птица
,,щеглам,птица
,,щеглами,птица
,,щеглах,птица
,,щегле,птица
,,щеглов,птица
,,щеглом,птица
,,щеглу,птица
,,щеглы,птица
,,щегол,птица
,,жаворонка,птица
,,жаворонкам,птица
,,жаворонками,птица
,,жаворонках,птица
,,жаворонке,птица
,,жаворонки,птица
,,жаворонков,птица
,,жаворонком,птица
,,жаворонку,птица
,,жаворонок,птица
,,воробей,птица
,,воробье,птица
,,воробьи,птица
,,воробью,птица
,,воробья,птица
,,воробьям,птица
,,воробьями,птица
,,воробьях,птица
,,воробьёв,птица
,,воробьём,птица
,,ласточках,птица
,,мухоловка,птица
,,мухоловкам,птица
,,мухоловками,птица
,,мухоловках,птица
,,мухоловке,птица
,,мухоловки,птица
,,мухоловкой,птица
,,мухоловку,птица
,,мухоловок,птица
,,дрозд,птица
,,дрозда,птица
,,дроздам,птица
,,дроздами,птица
,,дроздах,птица
,,дрозде,птица
,,дроздов,птица
,,дроздом,птица
,,дрозду,птица
,,дрозды,птица
,,иволг,птица
,,иволга,птица
,,иволгам,птица
,,иволгами,птица
,,иволгах,птица
,,иволге,птица
,,иволги,птица
,,иволгой,птица
,,иволгу,птица
,,удод,птица
,,удода,птица
,,удодам,птица
,,удодами,птица
,,удодах,птица
,,удоде,птица
,,удодов,птица
,,удодом,птица
,,удоду,птица
,,удоды,птица
,,кукушек,птица
,,кукушкам,птица
,,кукушками,птица
,,кукушках,птица
,,поганка,птица
,,поганкам,птица
,,поганками,птица
,,поганках,птица
,,поганке,птица
,,поганки,птица
,,поганкой,птица
,,поганку,птица
,,поганок,птица
,,чирка,птица
,,чиркам,птица
,,чирками,птица
,,чирках,птица
,,чирке,птица
,,чирки,птица
,,чирков,птица
,,чирком,птица
,,чирку,птица
,,чирок,птица
,,бекас,птица
,,бекаса,птица
,,бекасам,птица
,,бекасами,птица
,,бекасах,птица
,,бекасе,птица
,,бекасов,птица
,,бекасом,птица
,,бекасу,птица
,,бекасы,птица
,,кроншнеп,птица
,,кроншнепа,птица
,,кроншнепам,птица
,,кроншнепами,птица
,,кроншнепах,птица
,,кроншнепе,птица
,,кроншнепов,птица
,,кроншнепом,птица
,,кроншнепу,птица
,,кроншнепы,птица
,,голубей,птица
,,голуби,птица
,,голубям,птица
,,голубями,птица
,,голубях,птица
,,голубка,птица
,,голубкам,птица
,,голубками,птица
,,голубках,птица
,,голубке,птица
,,голубки,птица
,,голубкой,птица
,,голубку,птица
,,голубок,птица
,,фазан,птица
,,фазана,птица
,,фазанам,птица
,,фазанами,птица
,,фазанах,птица
,,фазане,птица
,,фазанов,птица
,,фазаном,птица
,,фазану,птица
,,фазаны,птица
,,павлин,птица
,,павлина,птица
,,павлинам,птица
,,павлинами,птица
,,павлинах,птица
,,павлине,птица
,,павлинов,птица
,,павлином,птица
,,павлину,птица
,,павлины,птица
,,индюк,птица
,,индюка,птица
,,индюкам,птица
,,индюками,птица
,,индюках,птица
,,индюке,птица
,,индюки,птица
,,индюков,птица
,,индюком,птица
,,индюку,птица
,,индюшек,птица
,,индюшка,птица
,,индюшкам,птица
,,индюшками,птица
,,индюшках,птица
,,индюшке,птица
,,индюшки,птица
,,индюшкой,птица
,,индюшку,птица
,,перепел,птица
,,перепела,птица
,,перепелам,птица
,,перепелами,птица
,,перепелах,птица
,,перепеле,птица
,,перепелов,птица
,,перепелом,птица
,,перепелу,птица
,,перепёлка,птица
,,перепёлкам,птица
,,перепёлками,птица
,,перепёлках,птица
,,перепёлке,птица
,,перепёлки,птица
,,перепёлкой,птица
,,перепёлку,птица
,,перепёлок,птица
,,сокол,птица
,,сокола,птица
,,соколам,птица
,,соколами,птица
,,соколах,птица
,,соколе,птица
,,соколов,птица
,,соколом,птица
,,соколу,птица
,,соколы,птица
,,коршун,птица
,,коршуна,птица
,,коршунам,птица
,,коршунами,птица
,,коршунах,птица
,,коршуне,птица
,,коршунов,птица
,,коршуном,птица
,,коршуну,птица
,,коршуны,птица
,,стервятник,птица
,,стервятника,птица
,,стервятникам,птица
,,стервятниками,птица
,,стервятниках,птица
,,стервятнике,птица
,,стервятники,птица
,,стервятников,птица
,,стервятником,птица
,,стервятнику,птица
,,канюк,птица
,,канюка,птица
,,канюкам,птица
,,канюками,птица
,,канюках,птица
,,канюке,птица
,,канюки,птица
,,канюков,птица
,,канюком,птица
,,канюку,птица
,,марабу,птица
,,арар,птица
,,арара,птица
,,арарам,птица
,,арарами,птица
,,арарах,птица
,,араре,птица
,,арарой,птица
,,арару,птица
,,арары,птица
,,трогон,птица
,,трогона,птица
,,трогонам,птица
,,трогонами,птица
,,трогонах,птица
,,трогоне,птица
,,трогонов,птица
,,трогоном,птица
,,трогону,птица
,,трогоны,птица
,,казуар,птица
,,казуара,птица
,,казуарам,птица
,,казуарами,птица
,,казуарах,птица
,,казуаре,птица
,,казуаров,птица
,,казуаром,птица
,,казуару,птица
,,казуары,птица
,,эм,птица
,,эма,птица
,,эмам,птица
,,эмами,птица
,,эмах,птица
,,эме,птица
,,эмой,птица
,,эмы,птица
,,зимородка,птица
,,зимородкам,птица
,,зимородками,птица
,,зимородках,птица
,,зимородке,птица
,,зимородки,птица
,,зимородков,птица
,,зимородком,птица
,,зимородку,птица
,,зимородок,птица
,,птиц-секретарей,птица
,,птица-секретарь,птица
,,птицам-секретарям,птица
,,птицами-секретарями,птица
,,птицах-секретарях,птица
,,птице-секретаре,птица
,,птице-секретарю,птица
,,птицей-секретарём,птица
,,птицу-секретаря,птица
,,птицы-секретари,птица
,,птицы-секретаря,птица
,,инамб,птица
,,инамба,птица
,,инамбам,птица
,,инамбами,птица
,,инамбах,птица
,,инамбе,птица
,,инамбов,птица
,,инамбом,птица
,,инамбу,птица
,,инамбы,птица
,,тинаму,птица
,,франколин,птица
,,франколина,птица
,,франколинам,птица
,,франколинами,птица
,,франколинах,птица
,,франколине,птица
,,франколинов,птица
,,франколином,птица
,,франколину,птица
,,франколины,птица
,,цесарка,птица
,,цесаркам,птица
,,цесарками,птица
,,цесарках,птица
,,цесарке,птица
,,цесарки,птица
,,цесаркой,птица
,,цесарку,птица
,,цесарок,птица
,,феникс,птица
,,феникса,птица
,,фениксам,птица
,,фениксами,птица
,,фениксах,птица
,,фениксе,птица
,,фениксов,птица
,,фениксом,птица
,,фениксу,птица
,,фениксы,птица
,,Чайка,птица
,,Орёл,птица
,,Орел,птица
,,Снегирь,птица
,,Зимородок,птица
,,Попугаиха,птица
,,попугаиха,птица
,,попугаихе,птица
,,попугаихи,птица
,,попугаихой,птица
,,попугаиху,птица
,,бизон,млекопитающее
,,бизона,млекопитающее
,,бизонам,млекопитающее
,,бизонами,млекопитающее
,,бизонах,млекопитающее
,,бизоне,млекопитающее
,,бизонов,млекопитающее
,,бизоном,млекопитающее
,,бизону,млекопитающее
,,бизоны,млекопитающее
,,зубр,млекопитающее
,,зубра,млекопитающее
,,зубрам,млекопитающее
,,зубрами,млекопитающее
,,зубрах,млекопитающее
,,зубре,млекопитающее
,,зубров,млекопитающее
,,зубром,млекопитающее
,,зубру,млекопитающее
,,зубры,млекопитающее
,,кариб,млекопитающее
,,кариба,млекопитающее
,,карибам,млекопитающее
,,карибами,млекопитающее
,,карибах,млекопитающее
,,карибе,млекопитающее
,,карибов,млекопитающее
,,карибом,млекопитающее
,,карибу,млекопитающее
,,карибы,млекопитающее
,,лосей,млекопитающее
,,лоси,млекопитающее
,,лосям,млекопитающее
,,лосями,млекопитающее
,,лосях,млекопитающее
,,оленин,млекопитающее
,,оленина,млекопитающее
,,оленинам,млекопитающее
,,оленинами,млекопитающее
,,оленинах,млекопитающее
,,оленине,млекопитающее
,,олениной,млекопитающее
,,оленину,млекопитающее
,,оленины,млекопитающее
,,косуле,млекопитающее
,,косулей,млекопитающее
,,косули,млекопитающее
,,косуль,млекопитающее
,,косулю,млекопитающее
,,косуля,млекопитающее
,,косулям,млекопитающее
,,косулями,млекопитающее
,,косулях,млекопитающее
,,марал,млекопитающее
,,марала,млекопитающее
,,маралам,млекопитающее
,,маралами,млекопитающее
,,маралах,млекопитающее
,,марале,млекопитающее
,,маралов,млекопитающее
,,маралом,млекопитающее
,,маралу,млекопитающее
,,маралы,млекопитающее
,,тур,млекопитающее
,,тура,млекопитающее
,,турам,млекопитающее
,,турами,млекопитающее
,,турах,млекопитающее
,,туре,млекопитающее
,,туров,млекопитающее
,,туром,млекопитающее
,,туру,млекопитающее
,,туры,млекопитающее
,,сайгаки,млекопитающее
,,газелью,млекопитающее
,,медведях,млекопитающее
,,белый медведей,млекопитающее
,,белый медведи,млекопитающее
,,белый медведь,млекопитающее
,,белый медведью,млекопитающее
,,белый медведям,млекопитающее
,,белый медведями,млекопитающее
,,белый медведях,млекопитающее
,,тиграм,млекопитающее
,,тиграми,млекопитающее
,,тиграх,млекопитающее
,,тигров,млекопитающее
,,тигры,млекопитающее
,,львам,млекопитающее
,,львами,млекопитающее
,,львах,млекопитающее
,,львов,млекопитающее
,,львы,млекопитающее
,,ягуарих,млекопитающее
,,ягуариха,млекопитающее
,,ягуарихам,млекопитающее
,,ягуарихами,млекопитающее
,,ягуарихах,млекопитающее
,,ягуарихе,млекопитающее
,,ягуарихи,млекопитающее
,,ягуарихой,млекопитающее
,,ягуариху,млекопитающее
,,пантер,млекопитающее
,,пантера,млекопитающее
,,пантерам,млекопитающее
,,пантерами,млекопитающее
,,пантерах,млекопитающее
,,пантере,млекопитающее
,,пантерой,млекопитающее
,,пантеру,млекопитающее
,,пантеры,млекопитающее
,,пум,млекопитающее
,,пумам,млекопитающее
,,пумами,млекопитающее
,,пумах,млекопитающее
,,рыси,млекопитающее
,,рысь,млекопитающее
,,слонам,млекопитающее
,,слонами,млекопитающее
,,слонах,млекопитающее
,,слонов,млекопитающее
,,слоны,млекопитающее
,,слоновий,млекопитающее
,,слоновьего,млекопитающее
,,слоновьем,млекопитающее
,,слоновьему,млекопитающее
,,слоновьи,млекопитающее
,,слоновьим,млекопитающее
,,слоновьими,млекопитающее
,,слоновьих,млекопитающее
,,носороги,млекопитающее
,,зебр,млекопитающее
,,верблюжатин,млекопитающее
,,верблюжатина,млекопитающее
,,верблюжатинам,млекопитающее
,,верблюжатинами,млекопитающее
,,верблюжатинах,млекопитающее
,,верблюжатине,млекопитающее
,,верблюжатиной,млекопитающее
,,верблюжатину,млекопитающее
,,верблюжатины,млекопитающее
,,горный козла,млекопитающее
,,горный козлам,млекопитающее
,,горный козлами,млекопитающее
,,горный козлах,млекопитающее
,,горный козле,млекопитающее
,,горный козлов,млекопитающее
,,горный козлом,млекопитающее
,,горный козлу,млекопитающее
,,горный козлы,млекопитающее
,,горный козёл,млекопитающее
,,горный козел,млекопитающее
,,горный баран,млекопитающее
,,горный барана,млекопитающее
,,горный баранам,млекопитающее
,,горный баранами,млекопитающее
,,горный баранах,млекопитающее
,,горный баране,млекопитающее
,,горный баранов,млекопитающее
,,горный бараном,млекопитающее
,,горный барану,млекопитающее
,,горный бараны,млекопитающее
,,коне,млекопитающее
,,коням,млекопитающее
,,конями,млекопитающее
,,конях,млекопитающее
,,лошадьми,млекопитающее
,,лошадях,млекопитающее
,,лошадка,млекопитающее
,,лошадкам,млекопитающее
,,лошадками,млекопитающее
,,лошадках,млекопитающее
,,лошадке,млекопитающее
,,лошадки,млекопитающее
,,лошадкой,млекопитающее
,,лошадку,млекопитающее
,,лошадок,млекопитающее
,,стадо лошадей,млекопитающее
,,стадо лошади,млекопитающее
,,стадо лошадь,млекопитающее
,,стадо лошадью,млекопитающее
,,стадо лошадям,млекопитающее
,,стадо лошадями,млекопитающее
,,стадо лошадях,млекопитающее
,,коровах,млекопитающее
,,быкам,млекопитающее
,,быками,млекопитающее
,,быках,млекопитающее
,,быки,млекопитающее
,,быков,млекопитающее
,,ишак,млекопитающее
,,ишака,млекопитающее
,,ишакам,млекопитающее
,,ишаками,млекопитающее
,,ишаках,млекопитающее
,,ишаке,млекопитающее
,,ишаки,млекопитающее
,,ишаков,млекопитающее
,,ишаком,млекопитающее
,,ишаку,млекопитающее
,,ослам,млекопитающее
,,ослами,млекопитающее
,,ослах,млекопитающее
,,осевшего,млекопитающее
,,осевшем,млекопитающее
,,осевшему,млекопитающее
,,осевшие,млекопитающее
,,осевший,млекопитающее
,,осевшим,млекопитающее
,,осевшими,млекопитающее
,,осевших,млекопитающее
,,осел,млекопитающее
,,осели,млекопитающее
,,коз,млекопитающее
,,козам,млекопитающее
,,козами,млекопитающее
,,козах,млекопитающее
,,козлам,млекопитающее
,,козлами,млекопитающее
,,козлах,млекопитающее
,,козле,млекопитающее
,,козлов,млекопитающее
,,козлом,млекопитающее
,,козлу,млекопитающее
,,козлы,млекопитающее
,,овец,млекопитающее
,,овцам,млекопитающее
,,овцами,млекопитающее
,,овцах,млекопитающее
,,барашек,млекопитающее
,,барашка,млекопитающее
,,барашкам,млекопитающее
,,барашками,млекопитающее
,,барашках,млекопитающее
,,барашке,млекопитающее
,,барашки,млекопитающее
,,барашков,млекопитающее
,,барашком,млекопитающее
,,барашку,млекопитающее
,,баранах,млекопитающее
,,ламантин,млекопитающее
,,ламантина,млекопитающее
,,ламантинам,млекопитающее
,,ламантинами,млекопитающее
,,ламантинах,млекопитающее
,,ламантине,млекопитающее
,,ламантинов,млекопитающее
,,ламантином,млекопитающее
,,ламантину,млекопитающее
,,ламантины,млекопитающее
,,морской бобр,млекопитающее
,,морской боброго,млекопитающее
,,морской бобром,млекопитающее
,,морской боброму,млекопитающее
,,морской бобры,млекопитающее
,,морской бобрые,млекопитающее
,,морской бобрый,млекопитающее
,,морской бобрым,млекопитающее
,,морской бобрыми,млекопитающее
,,морской бобрых,млекопитающее
,,калан,млекопитающее
,,калана,млекопитающее
,,каланам,млекопитающее
,,каланами,млекопитающее
,,каланах,млекопитающее
,,калане,млекопитающее
,,каланов,млекопитающее
,,каланом,млекопитающее
,,калану,млекопитающее
,,каланы,млекопитающее
,,нерп,млекопитающее
,,нерпа,млекопитающее
,,нерпам,млекопитающее
,,нерпами,млекопитающее
,,нерпах,млекопитающее
,,нерпе,млекопитающее
,,нерпой,млекопитающее
,,нерпу,млекопитающее
,,нерпы,млекопитающее
,,котик,млекопитающее
,,котика,млекопитающее
,,котикам,млекопитающее
,,котиками,млекопитающее
,,котиках,млекопитающее
,,котике,млекопитающее
,,котики,млекопитающее
,,котиков,млекопитающее
,,котиком,млекопитающее
,,котику,млекопитающее
,,касаток,млекопитающее
,,косатка,млекопитающее
,,косаткам,млекопитающее
,,косатками,млекопитающее
,,косатках,млекопитающее
,,косатке,млекопитающее
,,косатки,млекопитающее
,,косаткой,млекопитающее
,,косатку,млекопитающее
,,косаток,млекопитающее
,,вепре,млекопитающее
,,вепрей,млекопитающее
,,вепрем,млекопитающее
,,вепри,млекопитающее
,,вепрь,млекопитающее
,,вепрю,млекопитающее
,,вепря,млекопитающее
,,вепрям,млекопитающее
,,вепрями,млекопитающее
,,вепрях,млекопитающее
,,бабуин,млекопитающее
,,бабуина,млекопитающее
,,бабуинам,млекопитающее
,,бабуинами,млекопитающее
,,бабуинах,млекопитающее
,,бабуине,млекопитающее
,,бабуинов,млекопитающее
,,бабуином,млекопитающее
,,бабуину,млекопитающее
,,бабуины,млекопитающее
,,макак,млекопитающее
,,макака,млекопитающее
,,макакам,млекопитающее
,,макаками,млекопитающее
,,макаках,млекопитающее
,,макаке,млекопитающее
,,макаки,млекопитающее
,,макакой,млекопитающее
,,макаку,млекопитающее
,,мартышек,млекопитающее
,,мартышка,млекопитающее
,,мартышкам,млекопитающее
,,мартышками,млекопитающее
,,мартышках,млекопитающее
,,мартышке,млекопитающее
,,мартышки,млекопитающее
,,мартышкой,млекопитающее
,,мартышку,млекопитающее
,,гверец,млекопитающее
,,гвереца,млекопитающее
,,гверецам,млекопитающее
,,гверецами,млекопитающее
,,гверецах,млекопитающее
,,гвереце,млекопитающее
,,гверецов,млекопитающее
,,гверецом,млекопитающее
,,гверецу,млекопитающее
,,гверецы,млекопитающее
,,гиббон,млекопитающее
,,гиббона,млекопитающее
,,гиббонам,млекопитающее
,,гиббонами,млекопитающее
,,гиббонах,млекопитающее
,,гиббоне,млекопитающее
,,гиббонов,млекопитающее
,,гиббоном,млекопитающее
,,гиббону,млекопитающее
,,гиббоны,млекопитающее
,,горилл,млекопитающее
,,барсук,млекопитающее
,,барсука,млекопитающее
,,барсукам,млекопитающее
,,барсуками,млекопитающее
,,барсуках,млекопитающее
,,барсуке,млекопитающее
,,барсуки,млекопитающее
,,барсуков,млекопитающее
,,барсуком,млекопитающее
,,барсуку,млекопитающее
,,лисах,млекопитающее
,,волках,млекопитающее
,,норка,млекопитающее
,,норкам,млекопитающее
,,норками,млекопитающее
,,норках,млекопитающее
,,норке,млекопитающее
,,норки,млекопитающее
,,норкой,млекопитающее
,,норку,млекопитающее
,,норок,млекопитающее
,,бобр,млекопитающее
,,бобра,млекопитающее
,,бобрам,млекопитающее
,,бобрами,млекопитающее
,,бобрах,млекопитающее
,,бобре,млекопитающее
,,бобров,млекопитающее
,,бобром,млекопитающее
,,бобру,млекопитающее
,,бобры,млекопитающее
,,бобёр,млекопитающее
,,выдр,млекопитающее
,,выдра,млекопитающее
,,выдрам,млекопитающее
,,выдрами,млекопитающее
,,выдрах,млекопитающее
,,выдре,млекопитающее
,,выдрой,млекопитающее
,,выдру,млекопитающее
,,выдры,млекопитающее
,,горностае,млекопитающее
,,горностаев,млекопитающее
,,горностаем,млекопитающее
,,горностаи,млекопитающее
,,горностаю,млекопитающее
,,горностая,млекопитающее
,,горностаям,млекопитающее
,,горностаями,млекопитающее
,,горностаях,млекопитающее
,,ласка,млекопитающее
,,ласкам,млекопитающее
,,ласками,млекопитающее
,,ласках,млекопитающее
,,ласке,млекопитающее
,,ласки,млекопитающее
,,лаской,млекопитающее
,,ласку,млекопитающее
,,ласок,млекопитающее
,,куниц,млекопитающее
,,куницей,млекопитающее
,,хорька,млекопитающее
,,хорькам,млекопитающее
,,хорьками,млекопитающее
,,хорьках,млекопитающее
,,хорьке,млекопитающее
,,хорьки,млекопитающее
,,хорьков,млекопитающее
,,хорьком,млекопитающее
,,хорьку,млекопитающее
,,хорёк,млекопитающее
,,хорек,млекопитающее
,,белкам,млекопитающее
,,белками,млекопитающее
,,белках,млекопитающее
,,белков,млекопитающее
,,белком,млекопитающее
,,белок,млекопитающее
,,колонка,млекопитающее
,,колонкам,млекопитающее
,,колонками,млекопитающее
,,колонках,млекопитающее
,,колонке,млекопитающее
,,колонки,млекопитающее
,,колонкой,млекопитающее
,,колонку,млекопитающее
,,колонок,млекопитающее
,,ондатр,млекопитающее
,,ондатра,млекопитающее
,,ондатрам,млекопитающее
,,ондатрами,млекопитающее
,,ондатрах,млекопитающее
,,ондатре,млекопитающее
,,ондатрой,млекопитающее
,,ондатру,млекопитающее
,,ондатры,млекопитающее
,,сурка,млекопитающее
,,суркам,млекопитающее
,,сурками,млекопитающее
,,сурках,млекопитающее
,,сурке,млекопитающее
,,сурки,млекопитающее
,,сурков,млекопитающее
,,сурком,млекопитающее
,,сурку,млекопитающее
,,суслики,млекопитающее
,,землероек,млекопитающее
,,землеройка,млекопитающее
,,землеройкам,млекопитающее
,,землеройками,млекопитающее
,,землеройках,млекопитающее
,,землеройке,млекопитающее
,,землеройки,млекопитающее
,,землеройкой,млекопитающее
,,землеройку,млекопитающее
,,ежам,млекопитающее
,,ежами,млекопитающее
,,ежах,млекопитающее
,,ежей,млекопитающее
,,ежи,млекопитающее
,,еж,млекопитающее
,,кротам,млекопитающее
,,кротами,млекопитающее
,,кротах,млекопитающее
,,кротов,млекопитающее
,,кроты,млекопитающее
,,кроликам,млекопитающее
,,кроликами,млекопитающее
,,кроликах,млекопитающее
,,кролики,млекопитающее
,,кроликов,млекопитающее
,,зайцам,млекопитающее
,,зайцами,млекопитающее
,,зайцах,млекопитающее
,,зайцев,млекопитающее
,,зайцы,млекопитающее
,,пищух,млекопитающее
,,пищуха,млекопитающее
,,пищухам,млекопитающее
,,пищухами,млекопитающее
,,пищухах,млекопитающее
,,пищухе,млекопитающее
,,пищухи,млекопитающее
,,пищухой,млекопитающее
,,пищуху,млекопитающее
,,дикобразам,млекопитающее
,,дикобразами,млекопитающее
,,дикобразах,млекопитающее
,,дикобразе,млекопитающее
,,броненосцам,млекопитающее
,,броненосцами,млекопитающее
,,броненосцах,млекопитающее
,,броненосце,млекопитающее
,,армадилл,млекопитающее
,,армадилла,млекопитающее
,,армадиллам,млекопитающее
,,армадиллами,млекопитающее
,,армадиллах,млекопитающее
,,армадилле,млекопитающее
,,армадиллов,млекопитающее
,,армадиллом,млекопитающее
,,армадиллу,млекопитающее
,,армадиллы,млекопитающее
,,ленивца,млекопитающее
,,ленивцам,млекопитающее
,,ленивцами,млекопитающее
,,ленивцах,млекопитающее
,,ленивце,млекопитающее
,,ленивцев,млекопитающее
,,ленивцем,млекопитающее
,,ленивцу,млекопитающее
,,ленивцы,млекопитающее
,,опоссумам,млекопитающее
,,опоссумами,млекопитающее
,,опоссумах,млекопитающее
,,опоссуме,млекопитающее
,,поссум,млекопитающее
,,поссума,млекопитающее
,,поссумам,млекопитающее
,,поссумами,млекопитающее
,,поссумах,млекопитающее
,,поссуме,млекопитающее
,,поссумов,млекопитающее
,,поссумом,млекопитающее
,,поссуму,млекопитающее
,,поссумы,млекопитающее
,,анаконд,млекопитающее
,,удав,млекопитающее
,,удава,млекопитающее
,,удавам,млекопитающее
,,удавами,млекопитающее
,,удавах,млекопитающее
,,удаве,млекопитающее
,,удавов,млекопитающее
,,удавом,млекопитающее
,,удаву,млекопитающее
,,удавы,млекопитающее
,,коати,млекопитающее
,,коатившего,млекопитающее
,,коатившем,млекопитающее
,,коатившему,млекопитающее
,,коатившие,млекопитающее
,,коативший,млекопитающее
,,коатившим,млекопитающее
,,коатившими,млекопитающее
,,коативших,млекопитающее
,,коатившую,млекопитающее
,,коатите,млекопитающее
,,кинкажу,млекопитающее
,,агути,млекопитающее
,,пак,млекопитающее
,,пака,млекопитающее
,,пакам,млекопитающее
,,паками,млекопитающее
,,паках,млекопитающее
,,паке,млекопитающее
,,паки,млекопитающее
,,паков,млекопитающее
,,паком,млекопитающее
,,паку,млекопитающее
,,капибар,млекопитающее
,,капивар,млекопитающее
,,капивара,млекопитающее
,,капиварам,млекопитающее
,,капиварами,млекопитающее
,,капиварах,млекопитающее
,,капиваре,млекопитающее
,,капиваров,млекопитающее
,,капиваром,млекопитающее
,,капивару,млекопитающее
,,капивары,млекопитающее
,,пекаре,млекопитающее
,,пекарей,млекопитающее
,,пекарем,млекопитающее
,,пекарь,млекопитающее
,,пекарю,млекопитающее
,,пекаря,млекопитающее
,,пекарям,млекопитающее
,,пекарями,млекопитающее
,,пекарях,млекопитающее
,,оцелот,млекопитающее
,,оцелота,млекопитающее
,,оцелотам,млекопитающее
,,оцелотами,млекопитающее
,,оцелотах,млекопитающее
,,оцелоте,млекопитающее
,,оцелотов,млекопитающее
,,оцелотом,млекопитающее
,,оцелоту,млекопитающее
,,оцелоты,млекопитающее
,,ягуарунди,млекопитающее
,,крыс,млекопитающее
,,крысам,млекопитающее
,,крысами,млекопитающее
,,крысах,млекопитающее
,,мышах,млекопитающее
,,хомяк,млекопитающее
,,хомяка,млекопитающее
,,хомякам,млекопитающее
,,хомяками,млекопитающее
,,хомяках,млекопитающее
,,хомяке,млекопитающее
,,хомяки,млекопитающее
,,хомяков,млекопитающее
,,хомяком,млекопитающее
,,хомяку,млекопитающее
,,тальтус,млекопитающее
,,тальтуса,млекопитающее
,,тальтусам,млекопитающее
,,тальтусами,млекопитающее
,,тальтусах,млекопитающее
,,тальтусе,млекопитающее
,,тальтусов,млекопитающее
,,тальтусом,млекопитающее
,,тальтусу,млекопитающее
,,тальтусы,млекопитающее
,,вискача,млекопитающее
,,вискачем,млекопитающее
,,вискачущего,млекопитающее
,,вискачущем,млекопитающее
,,вискачущему,млекопитающее
,,вискачущие,млекопитающее
,,вискачущий,млекопитающее
,,вискачущим,млекопитающее
,,вискачущими,млекопитающее
,,вискачущих,млекопитающее
,,вискачущую,млекопитающее
,,мангуст,млекопитающее
,,мангуста,млекопитающее
,,мангустам,млекопитающее
,,мангустами,млекопитающее
,,мангустах,млекопитающее
,,мангусте,млекопитающее
,,мангустов,млекопитающее
,,мангустом,млекопитающее
,,мангусту,млекопитающее
,,мангусты,млекопитающее
,,шакалам,млекопитающее
,,шакалами,млекопитающее
,,шакалах,млекопитающее
,,шакале,млекопитающее
,,панд,млекопитающее
,,панда,млекопитающее
,,пандам,млекопитающее
,,пандами,млекопитающее
,,пандах,млекопитающее
,,панде,млекопитающее
,,пандой,млекопитающее
,,панду,млекопитающее
,,панды,млекопитающее
,,коал,млекопитающее
,,скунсам,млекопитающее
,,скунсами,млекопитающее
,,скунсах,млекопитающее
,,скунсе,млекопитающее
,,енотам,млекопитающее
,,енотами,млекопитающее
,,енотах,млекопитающее
,,еноте,млекопитающее
,,ракун,млекопитающее
,,ракуна,млекопитающее
,,ракунам,млекопитающее
,,ракунами,млекопитающее
,,ракунах,млекопитающее
,,ракуне,млекопитающее
,,ракунов,млекопитающее
,,ракуном,млекопитающее
,,ракуну,млекопитающее
,,ракуны,млекопитающее
,,афалин,млекопитающее
,,афалина,млекопитающее
,,афалинам,млекопитающее
,,афалинами,млекопитающее
,,афалинах,млекопитающее
,,афалине,млекопитающее
,,афалиной,млекопитающее
,,афалину,млекопитающее
,,афалины,млекопитающее
,,крылан,млекопитающее
,,крылана,млекопитающее
,,крыланам,млекопитающее
,,крыланами,млекопитающее
,,крыланах,млекопитающее
,,крылане,млекопитающее
,,крыланов,млекопитающее
,,крыланом,млекопитающее
,,крылану,млекопитающее
,,крыланы,млекопитающее
,,летучая мышам,млекопитающее
,,летучая мышами,млекопитающее
,,летучая мышах,млекопитающее
,,летучая мышей,млекопитающее
,,летучая мыши,млекопитающее
,,летучая мышью,млекопитающее
,,пландок,млекопитающее
,,пландока,млекопитающее
,,пландокам,млекопитающее
,,пландоками,млекопитающее
,,пландоках,млекопитающее
,,пландоке,млекопитающее
,,пландоки,млекопитающее
,,пландоков,млекопитающее
,,пландоком,млекопитающее
,,пландоку,млекопитающее
,,щук,рыба
,,щукам,рыба
,,щуками,рыба
,,щуках,рыба
,,форелей,рыба
,,форели,рыба
,,форель,рыба
,,форелям,рыба
,,форелями,рыба
,,форелях,рыба
,,налим,рыба
,,налима,рыба
,,налимам,рыба
,,налимами,рыба
,,налимах,рыба
,,налиме,рыба
,,налимов,рыба
,,налимом,рыба
,,налиму,рыба
,,налимы,рыба
,,осетра,рыба
,,осетрам,рыба
,,осетрами,рыба
,,осетрах,рыба
,,осетре,рыба
,,осетров,рыба
,,осетром,рыба
,,осетру,рыба
,,осетры,рыба
,,осётр,рыба
,,осетр,рыба
,,треск,рыба
,,треска,рыба
,,трескам,рыба
,,тресками,рыба
,,тресках,рыба
,,треске,рыба
,,трески,рыба
,,тресков,рыба
,,треском,рыба
,,треску,рыба
,,палтус,рыба
,,палтуса,рыба
,,палтусам,рыба
,,палтусами,рыба
,,палтусах,рыба
,,палтусе,рыба
,,палтусов,рыба
,,палтусом,рыба
,,палтусу,рыба
,,палтусы,рыба
,,окуне,рыба
,,окуней,рыба
,,окунем,рыба
,,окуни,рыба
,,окунь,рыба
,,окуню,рыба
,,окуня,рыба
,,окуням,рыба
,,окунями,рыба
,,окунях,рыба
,,судак,рыба
,,судака,рыба
,,судакам,рыба
,,судаками,рыба
,,судаках,рыба
,,судаке,рыба
,,судаки,рыба
,,судаков,рыба
,,судаком,рыба
,,судаку,рыба
,,сельдей,рыба
,,сельди,рыба
,,сельдь,рыба
,,сельдью,рыба
,,сельдям,рыба
,,сельдями,рыба
,,сельдях,рыба
,,сом,рыба
,,сома,рыба
,,сомам,рыба
,,сомами,рыба
,,сомах,рыба
,,соме,рыба
,,сомов,рыба
,,сомом,рыба
,,сому,рыба
,,сомы,рыба
,,карп,рыба
,,карпа,рыба
,,карпам,рыба
,,карпами,рыба
,,карпах,рыба
,,карпе,рыба
,,карпов,рыба
,,карпом,рыба
,,карпу,рыба
,,карпы,рыба
,,карасе,рыба
,,карасей,рыба
,,караси,рыба
,,карась,рыба
,,карасю,рыба
,,карася,рыба
,,карасям,рыба
,,карасями,рыба
,,карасях,рыба
,,карасём,рыба
,,сазан,рыба
,,сазана,рыба
,,сазанам,рыба
,,сазанами,рыба
,,сазанах,рыба
,,сазане,рыба
,,сазанов,рыба
,,сазаном,рыба
,,сазану,рыба
,,сазаны,рыба
,,плотва,рыба
,,плотве,рыба
,,плотвой,рыба
,,плотву,рыба
,,плотвы,рыба
,,ерша,рыба
,,ершам,рыба
,,ершами,рыба
,,ершах,рыба
,,ерше,рыба
,,ершей,рыба
,,ерши,рыба
,,ершом,рыба
,,ершу,рыба
,,ёрш,рыба
,,ерш,рыба
,,камбал,рыба
,,камбала,рыба
,,камбалам,рыба
,,камбалами,рыба
,,камбалах,рыба
,,камбале,рыба
,,камбалой,рыба
,,камбалу,рыба
,,камбалы,рыба
,,скумбрией,рыба
,,скумбрии,рыба
,,скумбрий,рыба
,,скумбрию,рыба
,,скумбрия,рыба
,,скумбриям,рыба
,,скумбриями,рыба
,,скумбриях,рыба
,,пираний,рыба
,,пираньей,рыба
,,пираньи,рыба
,,пиранью,рыба
,,пираньям,рыба
,,пираньями,рыба
,,пираньях,рыба
,,пирарук,рыба
,,пирарука,рыба
,,пирарукам,рыба
,,пираруками,рыба
,,пираруках,рыба
,,пираруке,рыба
,,пираруки,рыба
,,пирарукой,рыба
,,пираруку,рыба
,,кижуч,рыба
,,кижучего,рыба
,,кижучем,рыба
,,кижучему,рыба
,,кижучи,рыба
,,кижучие,рыба
,,кижучий,рыба
,,кижучим,рыба
,,кижучими,рыба
,,кижучих,рыба
,,горбуш,рыба
,,горбуша,рыба
,,горбушам,рыба
,,горбушами,рыба
,,горбушах,рыба
,,горбуше,рыба
,,горбушей,рыба
,,горбуши,рыба
,,горбушу,рыба
,,нерка,рыба
,,неркам,рыба
,,нерками,рыба
,,нерках,рыба
,,нерке,рыба
,,нерки,рыба
,,неркой,рыба
,,нерку,рыба
,,нерок,рыба
,,чавыча,рыба
,,чавычам,рыба
,,чавычами,рыба
,,чавычах,рыба
,,чавыче,рыба
,,чавычей,рыба
,,чавычи,рыба
,,чавычу,рыба
,,скат,рыба
,,ската,рыба
,,скатам,рыба
,,скатами,рыба
,,скатах,рыба
,,скате,рыба
,,скатов,рыба
,,скатом,рыба
,,скату,рыба
,,скаты,рыба
,,угрей,рыба
,,угри,рыба
,,угрям,рыба
,,угрями,рыба
,,угрях,рыба
,,электрический угоре,рыба
,,электрический угорей,рыба
,,электрический угорем,рыба
,,электрический угори,рыба
,,электрический угорь,рыба
,,электрический угорю,рыба
,,электрический угоря,рыба
,,электрический угорям,рыба
,,электрический угорями,рыба
,,электрический угорях,рыба
,,рыб-свеч,рыба
,,рыб-свечи,рыба
,,рыба-свеча,рыба
,,рыбам-свечам,рыба
,,рыбами-свечами,рыба
,,рыбах-свечах,рыба
,,рыбе-свече,рыба
,,рыбой-свечой,рыба
,,рыбу-свечу,рыба
,,рыбы-свечи,рыба
,,свеча-рыба,рыба
,,свечам-рыбам,рыба
,,свечами-рыбами,рыба
,,свечах-рыбах,рыба
,,свече-рыбе,рыба
,,свечей-рыб,рыба
,,свечи-рыб,рыба
,,свечи-рыбы,рыба
,,свечой-рыбой,рыба
,,свечу-рыбу,рыба
,,анчоус,рыба
,,анчоуса,рыба
,,анчоусам,рыба
,,анчоусами,рыба
,,анчоусах,рыба
,,анчоусе,рыба
,,анчоусов,рыба
,,анчоусом,рыба
,,анчоусу,рыба
,,анчоусы,рыба
,,сардин,рыба
,,сардина,рыба
,,сардинам,рыба
,,сардинами,рыба
,,сардинах,рыба
,,сардине,рыба
,,сардиной,рыба
,,сардину,рыба
,,сардины,рыба
,,мурен,рыба
,,мурена,рыба
,,муренам,рыба
,,муренами,рыба
,,муренах,рыба
,,мурене,рыба
,,муреной,рыба
,,мурену,рыба
,,мурены,рыба
,,сиг,рыба
,,сига,рыба
,,сигам,рыба
,,сигами,рыба
,,сигах,рыба
,,сиге,рыба
,,сиги,рыба
,,сигов,рыба
,,сигом,рыба
,,сигу,рыба
,,корюшек,рыба
,,корюшка,рыба
,,корюшкам,рыба
,,корюшками,рыба
,,корюшках,рыба
,,корюшке,рыба
,,корюшки,рыба
,,корюшкой,рыба
,,корюшку,рыба
,,голец,рыба
,,гольца,рыба
,,гольцам,рыба
,,гольцами,рыба
,,гольцах,рыба
,,гольце,рыба
,,гольцов,рыба
,,гольцом,рыба
,,гольцу,рыба
,,гольцы,рыба
,,хариус,рыба
,,хариуса,рыба
,,хариусам,рыба
,,хариусами,рыба
,,хариусах,рыба
,,хариусе,рыба
,,хариусов,рыба
,,хариусом,рыба
,,хариусу,рыба
,,хариусы,рыба
,,бычка,рыба
,,бычкам,рыба
,,бычками,рыба
,,бычках,рыба
,,бычке,рыба
,,бычки,рыба
,,бычков,рыба
,,бычком,рыба
,,бычку,рыба
,,бычок,рыба
,,сорог,рыба
,,сорога,рыба
,,сорогам,рыба
,,сорогами,рыба
,,сорогах,рыба
,,сороге,рыба
,,сороги,рыба
,,сорогой,рыба
,,сорогу,рыба
,,лине,рыба
,,линей,рыба
,,лини,рыба
,,линь,рыба
,,линю,рыба
,,линя,рыба
,,линям,рыба
,,линями,рыба
,,линях,рыба
,,линём,рыба
,,аллигаторам,рептилия
,,аллигаторами,рептилия
,,аллигаторах,рептилия
,,аллигаторе,рептилия
,,черепах,рептилия
,,черепахам,рептилия
,,черепахами,рептилия
,,черепахах,рептилия
,,змеях,рептилия
,,ящериц,рептилия
,,ящерицам,рептилия
,,ящерицами,рептилия
,,ящерицах,рептилия
,,тритон,амфибия
,,тритона,амфибия
,,тритонам,амфибия
,,тритонами,амфибия
,,тритонах,амфибия
,,тритоне,амфибия
,,тритонов,амфибия
,,тритоном,амфибия
,,тритону,амфибия
,,тритоны,амфибия
,,саламандр,амфибия
,,саламандра,амфибия
,,саламандрам,амфибия
,,саламандрами,амфибия
,,саламандрах,амфибия
,,саламандре,амфибия
,,саламандрой,амфибия
,,саламандру,амфибия
,,саламандры,амфибия
,,жаб,амфибия
,,жабам,амфибия
,,жабами,амфибия
,,жабах,амфибия
,,лягушках,амфибия
,,пчёлах,насекомое
,,ос,насекомое
,,осам,насекомое
,,осами,насекомое
,,осах,насекомое
,,шмеле,насекомое
,,шмелей,насекомое
,,шмели,насекомое
,,шмель,насекомое
,,шмелю,насекомое
,,шмеля,насекомое
,,шмелям,насекомое
,,шмелями,насекомое
,,шмелях,насекомое
,,шмелём,насекомое
,,муравьях,насекомое
,,комарах,насекомое
,,комаре,насекомое
,,комаром,насекомое
,,комару,насекомое
,,стрекоз,насекомое
,,стрекоза,насекомое
,,стрекозам,насекомое
,,стрекозами,насекомое
,,стрекозах,насекомое
,,стрекозе,насекомое
,,стрекозой,насекомое
,,стрекозу,насекомое
,,стрекозы,насекомое
,,шершень,насекомое
,,шершне,насекомое
,,шершней,насекомое
,,шершнем,насекомое
,,шершни,насекомое
,,шершню,насекомое
,,шершня,насекомое
,,шершням,насекомое
,,шершнями,насекомое
,,шершнях,насекомое
,,богомол,насекомое
,,богомола,насекомое
,,богомолам,насекомое
,,богомолами,насекомое
,,богомолах,насекомое
,,богомоле,насекомое
,,богомолов,насекомое
,,богомолом,насекомое
,,богомолу,насекомое
,,богомолы,насекомое
,,кузнечикам,насекомое
,,кузнечиками,насекомое
,,кузнечиках,насекомое
,,кузнечике,насекомое
,,сверчка,насекомое
,,сверчкам,насекомое
,,сверчками,насекомое
,,сверчках,насекомое
,,сверчке,насекомое
,,сверчки,насекомое
,,сверчков,насекомое
,,сверчком,насекомое
,,сверчку,насекомое
,,сверчок,насекомое
,,паукам,паукообразное
,,пауками,паукообразное
,,пауках,паукообразное
,,пауки,паукообразное
,,пауков,паукообразное
,,клещ,паукообразное
,,клеща,паукообразное
,,клещам,паукообразное
,,клещами,паукообразное
,,клещах,паукообразное
,,клеще,паукообразное
,,клещей,паукообразное
,,клещи,паукообразное
,,клещом,паукообразное
,,клещу,паукообразное
,,светлячка,насекомое
,,светлячкам,насекомое
,,светлячками,насекомое
,,светлячках,насекомое
,,светлячке,насекомое
,,светлячки,насекомое
,,светлячков,насекомое
,,светлячком,насекомое
,,светлячку,насекомое
,,светлячок,насекомое
